fold,crop_path,person_id,occlusion,lighting,det_score,pred_person,score,outcome
1,/home/tahmid/crops/p11/p11_cap_low_001.jpg,p11,cap,low,0.7079179286956787,p11,0.532870,correct
1,/home/tahmid/crops/p11/p11_cap_low_002.jpg,p11,cap,low,0.8019769191741943,p11,0.519907,correct
1,/home/tahmid/crops/p11/p11_cap_low_003.jpg,p11,cap,low,0.7562605142593384,p11,0.546976,correct
1,/home/tahmid/crops/p11/p11_cap_low_004.jpg,p11,cap,low,0.7168989777565002,p11,0.550613,correct
1,/home/tahmid/crops/p11/p11_cap_low_005.jpg,p11,cap,low,0.7993367910385132,p11,0.568065,correct
1,/home/tahmid/crops/p11/p11_cap_low_006.jpg,p11,cap,low,0.7362942695617676,p11,0.561538,correct
1,/home/tahmid/crops/p11/p11_cap_low_007.jpg,p11,cap,low,0.5882084965705872,p11,0.438676,correct
1,/home/tahmid/crops/p11/p11_cap_low_008.jpg,p11,cap,low,0.6691932678222656,p11,0.518479,correct
1,/home/tahmid/crops/p11/p11_cap_low_009.jpg,p11,cap,low,0.7982763051986694,p11,0.514277,correct
1,/home/tahmid/crops/p11/p11_cap_low_010.jpg,p11,cap,low,0.7451376914978027,p11,0.530619,correct
1,/home/tahmid/crops/p11/p11_cap_low_011.jpg,p11,cap,low,0.5972597002983093,p11,0.452228,correct
1,/home/tahmid/crops/p11/p11_cap_low_012.jpg,p11,cap,low,0.7423796057701111,p11,0.558801,correct
1,/home/tahmid/crops/p11/p11_cap_regular_001.jpg,p11,cap,regular,0.7770774960517883,p11,0.569812,correct
1,/home/tahmid/crops/p11/p11_cap_regular_002.jpg,p11,cap,regular,0.7462596893310547,p11,0.554391,correct
1,/home/tahmid/crops/p11/p11_cap_regular_003.jpg,p11,cap,regular,0.7609689235687256,p11,0.550378,correct
1,/home/tahmid/crops/p11/p11_cap_regular_004.jpg,p11,cap,regular,0.7158608436584473,p11,0.543165,correct
1,/home/tahmid/crops/p11/p11_cap_regular_005.jpg,p11,cap,regular,0.7471601366996765,p11,0.527990,correct
1,/home/tahmid/crops/p11/p11_cap_regular_006.jpg,p11,cap,regular,0.8226636648178101,p11,0.521840,correct
1,/home/tahmid/crops/p11/p11_cap_regular_007.jpg,p11,cap,regular,0.8128874897956848,p11,0.533101,correct
1,/home/tahmid/crops/p11/p11_cap_regular_008.jpg,p11,cap,regular,0.6883282661437988,p11,0.367150,correct
1,/home/tahmid/crops/p11/p11_cap_regular_009.jpg,p11,cap,regular,0.6312137842178345,p11,0.336565,correct
1,/home/tahmid/crops/p11/p11_clearglass_low_001.jpg,p11,clearglass,low,0.7702842950820923,p11,0.543611,correct
1,/home/tahmid/crops/p11/p11_clearglass_low_002.jpg,p11,clearglass,low,0.7805904150009155,p11,0.549744,correct
1,/home/tahmid/crops/p11/p11_clearglass_low_003.jpg,p11,clearglass,low,0.7873082160949707,p11,0.523884,correct
1,/home/tahmid/crops/p11/p11_clearglass_low_004.jpg,p11,clearglass,low,0.81226646900177,p11,0.527069,correct
1,/home/tahmid/crops/p11/p11_clearglass_low_005.jpg,p11,clearglass,low,0.8377690315246582,p11,0.501018,correct
1,/home/tahmid/crops/p11/p11_clearglass_low_006.jpg,p11,clearglass,low,0.8094279170036316,p11,0.530241,correct
1,/home/tahmid/crops/p11/p11_clearglass_low_007.jpg,p11,clearglass,low,0.7708039283752441,p11,0.533410,correct
1,/home/tahmid/crops/p11/p11_clearglass_low_008.jpg,p11,clearglass,low,0.7708039283752441,p11,0.533410,correct
1,/home/tahmid/crops/p11/p11_clearglass_low_009.jpg,p11,clearglass,low,0.8332832455635071,p11,0.517459,correct
1,/home/tahmid/crops/p11/p11_clearglass_low_010.jpg,p11,clearglass,low,0.6506383419036865,p11,0.478308,correct
1,/home/tahmid/crops/p11/p11_clearglass_low_011.jpg,p11,clearglass,low,0.7181292772293091,p11,0.514280,correct
1,/home/tahmid/crops/p11/p11_clearglass_low_012.jpg,p11,clearglass,low,0.6524538397789001,p11,0.526979,correct
1,/home/tahmid/crops/p11/p11_clearglass_regular_001.jpg,p11,clearglass,regular,0.8415924310684204,p11,0.527749,correct
1,/home/tahmid/crops/p11/p11_clearglass_regular_002.jpg,p11,clearglass,regular,0.8336607217788696,p11,0.510894,correct
1,/home/tahmid/crops/p11/p11_clearglass_regular_003.jpg,p11,clearglass,regular,0.8304774761199951,p11,0.557408,correct
1,/home/tahmid/crops/p11/p11_clearglass_regular_004.jpg,p11,clearglass,regular,0.8596950173377991,p11,0.550039,correct
1,/home/tahmid/crops/p11/p11_clearglass_regular_005.jpg,p11,clearglass,regular,0.7399423718452454,p11,0.494358,correct
1,/home/tahmid/crops/p11/p11_clearglass_regular_006.jpg,p11,clearglass,regular,0.7505893111228943,p11,0.503176,correct
1,/home/tahmid/crops/p11/p11_clearglass_regular_007.jpg,p11,clearglass,regular,0.8454840183258057,p11,0.526016,correct
1,/home/tahmid/crops/p11/p11_clearglass_regular_008.jpg,p11,clearglass,regular,0.8381406664848328,p11,0.516572,correct
1,/home/tahmid/crops/p11/p11_clearglass_regular_009.jpg,p11,clearglass,regular,0.6564746499061584,p11,0.464055,correct
1,/home/tahmid/crops/p11/p11_clearglass_regular_010.jpg,p11,clearglass,regular,0.6661376357078552,p11,0.461759,correct
1,/home/tahmid/crops/p11/p11_mask_clearglass_low_001.jpg,p11,mask_clearglass,low,0.72691810131073,p11,0.383059,correct
1,/home/tahmid/crops/p11/p11_mask_clearglass_low_002.jpg,p11,mask_clearglass,low,0.6763578057289124,p11,0.394341,correct
1,/home/tahmid/crops/p11/p11_mask_clearglass_low_003.jpg,p11,mask_clearglass,low,0.6701844334602356,p11,0.386845,correct
1,/home/tahmid/crops/p11/p11_mask_clearglass_low_004.jpg,p11,mask_clearglass,low,0.7787363529205322,p11,0.375269,correct
1,/home/tahmid/crops/p11/p11_mask_clearglass_low_005.jpg,p11,mask_clearglass,low,0.7350378036499023,p11,0.413009,correct
1,/home/tahmid/crops/p11/p11_mask_clearglass_low_006.jpg,p11,mask_clearglass,low,0.6101403832435608,p11,0.448285,correct
1,/home/tahmid/crops/p11/p11_mask_clearglass_low_007.jpg,p11,mask_clearglass,low,0.6831038594245911,p11,0.429520,correct
1,/home/tahmid/crops/p11/p11_mask_clearglass_low_008.jpg,p11,mask_clearglass,low,0.7101454734802246,p11,0.438424,correct
1,/home/tahmid/crops/p11/p11_mask_clearglass_low_009.jpg,p11,mask_clearglass,low,0.6905707716941833,p11,0.439789,correct
1,/home/tahmid/crops/p11/p11_mask_clearglass_low_010.jpg,p11,mask_clearglass,low,0.7293691635131836,p11,0.470746,correct
1,/home/tahmid/crops/p11/p11_mask_clearglass_low_011.jpg,p11,mask_clearglass,low,0.7293691635131836,p11,0.470746,correct
1,/home/tahmid/crops/p11/p11_mask_clearglass_regular_001.jpg,p11,mask_clearglass,regular,0.7339438199996948,p11,0.495444,correct
1,/home/tahmid/crops/p11/p11_mask_clearglass_regular_002.jpg,p11,mask_clearglass,regular,0.6903995275497437,p11,0.499834,correct
1,/home/tahmid/crops/p11/p11_mask_clearglass_regular_003.jpg,p11,mask_clearglass,regular,0.792949914932251,p11,0.462629,correct
1,/home/tahmid/crops/p11/p11_mask_clearglass_regular_004.jpg,p11,mask_clearglass,regular,0.7784926891326904,p11,0.433952,correct
1,/home/tahmid/crops/p11/p11_mask_clearglass_regular_005.jpg,p11,mask_clearglass,regular,0.7149061560630798,p11,0.436580,correct
1,/home/tahmid/crops/p11/p11_mask_clearglass_regular_006.jpg,p11,mask_clearglass,regular,0.7460895776748657,p11,0.459546,correct
1,/home/tahmid/crops/p11/p11_mask_clearglass_regular_007.jpg,p11,mask_clearglass,regular,0.795886754989624,p11,0.448948,correct
1,/home/tahmid/crops/p11/p11_mask_clearglass_regular_008.jpg,p11,mask_clearglass,regular,0.8123502135276794,p11,0.455185,correct
1,/home/tahmid/crops/p11/p11_mask_clearglass_regular_009.jpg,p11,mask_clearglass,regular,0.6980889439582825,p11,0.401967,correct
1,/home/tahmid/crops/p11/p11_mask_clearglass_regular_010.jpg,p11,mask_clearglass,regular,0.726985514163971,p11,0.418874,correct
1,/home/tahmid/crops/p11/p11_mask_low_001.jpg,p11,mask,low,0.7537403106689453,p11,0.517824,correct
1,/home/tahmid/crops/p11/p11_mask_low_002.jpg,p11,mask,low,0.7162938117980957,p11,0.512887,correct
1,/home/tahmid/crops/p11/p11_mask_low_003.jpg,p11,mask,low,0.6746217608451843,p11,0.506968,correct
1,/home/tahmid/crops/p11/p11_mask_low_004.jpg,p11,mask,low,0.7127043008804321,p11,0.508238,correct
1,/home/tahmid/crops/p11/p11_mask_low_005.jpg,p11,mask,low,0.7504253387451172,p11,0.523361,correct
1,/home/tahmid/crops/p11/p11_mask_low_006.jpg,p11,mask,low,0.68226158618927,p11,0.516593,correct
1,/home/tahmid/crops/p11/p11_mask_low_007.jpg,p11,mask,low,0.7063694596290588,p11,0.505667,correct
1,/home/tahmid/crops/p11/p11_mask_low_008.jpg,p11,mask,low,0.686184287071228,p11,0.500342,correct
1,/home/tahmid/crops/p11/p11_mask_low_009.jpg,p11,mask,low,0.6814177632331848,p11,0.508375,correct
1,/home/tahmid/crops/p11/p11_mask_low_010.jpg,p11,mask,low,0.6997928023338318,p11,0.502695,correct
1,/home/tahmid/crops/p11/p11_mask_low_011.jpg,p11,mask,low,0.7170202732086182,p11,0.495969,correct
1,/home/tahmid/crops/p11/p11_mask_low_012.jpg,p11,mask,low,0.6949677467346191,p11,0.494320,correct
1,/home/tahmid/crops/p11/p11_mask_low_013.jpg,p11,mask,low,0.6917451620101929,p11,0.509471,correct
1,/home/tahmid/crops/p11/p11_mask_regular_001.jpg,p11,mask,regular,0.6823979020118713,p11,0.556429,correct
1,/home/tahmid/crops/p11/p11_mask_regular_002.jpg,p11,mask,regular,0.6720794439315796,p11,0.534502,correct
1,/home/tahmid/crops/p11/p11_mask_regular_003.jpg,p11,mask,regular,0.6720794439315796,p11,0.534502,correct
1,/home/tahmid/crops/p11/p11_mask_regular_004.jpg,p11,mask,regular,0.7618401050567627,p11,0.493999,correct
1,/home/tahmid/crops/p11/p11_mask_regular_005.jpg,p11,mask,regular,0.7180430889129639,p11,0.506689,correct
1,/home/tahmid/crops/p11/p11_mask_regular_006.jpg,p11,mask,regular,0.7180430889129639,p11,0.506689,correct
1,/home/tahmid/crops/p11/p11_mask_regular_007.jpg,p11,mask,regular,0.7322685122489929,p11,0.565622,correct
1,/home/tahmid/crops/p11/p11_mask_regular_008.jpg,p11,mask,regular,0.7322685122489929,p11,0.565622,correct
1,/home/tahmid/crops/p11/p11_mask_regular_009.jpg,p11,mask,regular,0.7697840929031372,p11,0.563892,correct
1,/home/tahmid/crops/p11/p11_mask_regular_010.jpg,p11,mask,regular,0.7318145036697388,p11,0.530533,correct
1,/home/tahmid/crops/p11/p11_mask_regular_011.jpg,p11,mask,regular,0.7318145036697388,p11,0.530533,correct
1,/home/tahmid/crops/p11/p11_mask_regular_012.jpg,p11,mask,regular,0.747473955154419,p11,0.513503,correct
1,/home/tahmid/crops/p11/p11_mask_sunglass_low_001.jpg,p11,mask_sunglass,low,0.6023896932601929,p11,0.275945,rejected
1,/home/tahmid/crops/p11/p11_mask_sunglass_low_002.jpg,p11,mask_sunglass,low,0.5980594754219055,p11,0.271192,rejected
1,/home/tahmid/crops/p11/p11_mask_sunglass_low_003.jpg,p11,mask_sunglass,low,0.7099156975746155,p11,0.178548,rejected
1,/home/tahmid/crops/p11/p11_mask_sunglass_low_004.jpg,p11,mask_sunglass,low,0.6450034976005554,p05,0.132646,rejected
1,/home/tahmid/crops/p11/p11_mask_sunglass_low_005.jpg,p11,mask_sunglass,low,0.5436973571777344,p11,0.203694,rejected
1,/home/tahmid/crops/p11/p11_mask_sunglass_low_006.jpg,p11,mask_sunglass,low,0.680640697479248,p11,0.291066,rejected
1,/home/tahmid/crops/p11/p11_mask_sunglass_low_007.jpg,p11,mask_sunglass,low,0.691769003868103,p11,0.351256,correct
1,/home/tahmid/crops/p11/p11_mask_sunglass_low_008.jpg,p11,mask_sunglass,low,0.6708835959434509,p11,0.350217,correct
1,/home/tahmid/crops/p11/p11_mask_sunglass_low_009.jpg,p11,mask_sunglass,low,0.601006805896759,p11,0.362240,correct
1,/home/tahmid/crops/p11/p11_mask_sunglass_low_010.jpg,p11,mask_sunglass,low,0.6874117851257324,p11,0.384400,correct
1,/home/tahmid/crops/p11/p11_mask_sunglass_low_011.jpg,p11,mask_sunglass,low,0.6416504383087158,p11,0.322177,correct
1,/home/tahmid/crops/p11/p11_mask_sunglass_low_012.jpg,p11,mask_sunglass,low,0.7173484563827515,p11,0.348934,correct
1,/home/tahmid/crops/p11/p11_mask_sunglass_low_013.jpg,p11,mask_sunglass,low,0.7173484563827515,p11,0.348934,correct
1,/home/tahmid/crops/p11/p11_mask_sunglass_low_014.jpg,p11,mask_sunglass,low,0.702408492565155,p11,0.314157,correct
1,/home/tahmid/crops/p11/p11_mask_sunglass_low_015.jpg,p11,mask_sunglass,low,0.7016059160232544,p11,0.363597,correct
1,/home/tahmid/crops/p11/p11_mask_sunglass_regular_001.jpg,p11,mask_sunglass,regular,0.6795830726623535,p11,0.422763,correct
1,/home/tahmid/crops/p11/p11_mask_sunglass_regular_002.jpg,p11,mask_sunglass,regular,0.6442300081253052,p11,0.391300,correct
1,/home/tahmid/crops/p11/p11_mask_sunglass_regular_003.jpg,p11,mask_sunglass,regular,0.6232380867004395,p11,0.386355,correct
1,/home/tahmid/crops/p11/p11_mask_sunglass_regular_004.jpg,p11,mask_sunglass,regular,0.7327327728271484,p11,0.328610,correct
1,/home/tahmid/crops/p11/p11_mask_sunglass_regular_005.jpg,p11,mask_sunglass,regular,0.7214915752410889,p11,0.316242,correct
1,/home/tahmid/crops/p11/p11_mask_sunglass_regular_006.jpg,p11,mask_sunglass,regular,0.7793900370597839,p11,0.315142,correct
1,/home/tahmid/crops/p11/p11_mask_sunglass_regular_007.jpg,p11,mask_sunglass,regular,0.7816956639289856,p11,0.316192,correct
1,/home/tahmid/crops/p11/p11_mask_sunglass_regular_008.jpg,p11,mask_sunglass,regular,0.7801088094711304,p11,0.317830,correct
1,/home/tahmid/crops/p11/p11_mask_sunglass_regular_009.jpg,p11,mask_sunglass,regular,0.7652925252914429,p11,0.337659,correct
1,/home/tahmid/crops/p11/p11_mask_sunglass_regular_010.jpg,p11,mask_sunglass,regular,0.7876821160316467,p11,0.222048,rejected
1,/home/tahmid/crops/p11/p11_mask_sunglass_regular_011.jpg,p11,mask_sunglass,regular,0.7217394709587097,p11,0.240026,rejected
1,/home/tahmid/crops/p11/p11_mask_sunglass_regular_012.jpg,p11,mask_sunglass,regular,0.8112187385559082,p11,0.247285,rejected
1,/home/tahmid/crops/p11/p11_mask_sunglass_regular_013.jpg,p11,mask_sunglass,regular,0.7032683491706848,p11,0.290554,rejected
1,/home/tahmid/crops/p11/p11_mask_sunglass_regular_014.jpg,p11,mask_sunglass,regular,0.67757248878479,p11,0.330565,correct
1,/home/tahmid/crops/p11/p11_mask_sunglass_regular_015.jpg,p11,mask_sunglass,regular,0.6542897820472717,p11,0.262280,rejected
1,/home/tahmid/crops/p11/p11_none_low_001.jpg,p11,none,low,0.7362452149391174,p11,0.586472,correct
1,/home/tahmid/crops/p11/p11_none_low_002.jpg,p11,none,low,0.8045090436935425,p11,0.596967,correct
1,/home/tahmid/crops/p11/p11_none_low_003.jpg,p11,none,low,0.7990238666534424,p11,0.594021,correct
1,/home/tahmid/crops/p11/p11_none_low_004.jpg,p11,none,low,0.8146848082542419,p11,0.528716,correct
1,/home/tahmid/crops/p11/p11_none_low_005.jpg,p11,none,low,0.8076127767562866,p11,0.517250,correct
1,/home/tahmid/crops/p11/p11_none_low_006.jpg,p11,none,low,0.8145079612731934,p11,0.528120,correct
1,/home/tahmid/crops/p11/p11_none_low_007.jpg,p11,none,low,0.7874374985694885,p11,0.573216,correct
1,/home/tahmid/crops/p11/p11_none_low_008.jpg,p11,none,low,0.8013805150985718,p11,0.563480,correct
1,/home/tahmid/crops/p11/p11_none_low_009.jpg,p11,none,low,0.772864580154419,p11,0.567600,correct
1,/home/tahmid/crops/p11/p11_none_low_010.jpg,p11,none,low,0.7258551716804504,p11,0.593206,correct
1,/home/tahmid/crops/p11/p11_none_low_011.jpg,p11,none,low,0.7014052271842957,p11,0.569500,correct
1,/home/tahmid/crops/p11/p11_none_low_012.jpg,p11,none,low,0.7063797116279602,p11,0.539210,correct
1,/home/tahmid/crops/p11/p11_none_low_013.jpg,p11,none,low,0.6820128560066223,p11,0.436012,correct
1,/home/tahmid/crops/p11/p11_none_low_014.jpg,p11,none,low,0.6576775908470154,p11,0.440795,correct
1,/home/tahmid/crops/p11/p11_none_low_015.jpg,p11,none,low,0.7047129273414612,p11,0.477063,correct
1,/home/tahmid/crops/p11/p11_none_regular_001.jpg,p11,none,regular,0.7947427034378052,p11,0.548953,correct
1,/home/tahmid/crops/p11/p11_none_regular_002.jpg,p11,none,regular,0.7797098159790039,p11,0.537595,correct
1,/home/tahmid/crops/p11/p11_none_regular_003.jpg,p11,none,regular,0.8201572895050049,p11,0.538305,correct
1,/home/tahmid/crops/p11/p11_none_regular_007.jpg,p11,none,regular,0.7825818061828613,p11,0.574844,correct
1,/home/tahmid/crops/p11/p11_none_regular_008.jpg,p11,none,regular,0.7887415885925293,p11,0.559845,correct
1,/home/tahmid/crops/p11/p11_none_regular_009.jpg,p11,none,regular,0.8504433631896973,p11,0.571641,correct
1,/home/tahmid/crops/p11/p11_none_regular_010.jpg,p11,none,regular,0.8471106290817261,p11,0.577735,correct
1,/home/tahmid/crops/p11/p11_none_regular_011.jpg,p11,none,regular,0.8636842966079712,p11,0.578594,correct
1,/home/tahmid/crops/p11/p11_none_regular_012.jpg,p11,none,regular,0.8697143197059631,p11,0.579088,correct
1,/home/tahmid/crops/p11/p11_none_regular_013.jpg,p11,none,regular,0.7109270691871643,p11,0.456478,correct
1,/home/tahmid/crops/p11/p11_none_regular_014.jpg,p11,none,regular,0.7303512692451477,p11,0.435556,correct
1,/home/tahmid/crops/p11/p11_none_regular_015.jpg,p11,none,regular,0.717727541923523,p11,0.435554,correct
1,/home/tahmid/crops/p11/p11_scarf_low_001.jpg,p11,scarf,low,0.8503615856170654,p11,0.548803,correct
1,/home/tahmid/crops/p11/p11_scarf_low_002.jpg,p11,scarf,low,0.6993216872215271,p11,0.425909,correct
1,/home/tahmid/crops/p11/p11_scarf_low_003.jpg,p11,scarf,low,0.6853938102722168,p11,0.421504,correct
1,/home/tahmid/crops/p11/p11_scarf_low_004.jpg,p11,scarf,low,0.8679439425468445,p11,0.538809,correct
1,/home/tahmid/crops/p11/p11_scarf_low_005.jpg,p11,scarf,low,0.8689417839050293,p11,0.536237,correct
1,/home/tahmid/crops/p11/p11_scarf_low_006.jpg,p11,scarf,low,0.8144478797912598,p11,0.526321,correct
1,/home/tahmid/crops/p11/p11_scarf_low_007.jpg,p11,scarf,low,0.7994781732559204,p11,0.535360,correct
1,/home/tahmid/crops/p11/p11_scarf_low_008.jpg,p11,scarf,low,0.7756785154342651,p11,0.509655,correct
1,/home/tahmid/crops/p11/p11_scarf_low_009.jpg,p11,scarf,low,0.7095236778259277,p11,0.517451,correct
1,/home/tahmid/crops/p11/p11_scarf_low_010.jpg,p11,scarf,low,0.7080281972885132,p11,0.494229,correct
1,/home/tahmid/crops/p11/p11_scarf_low_011.jpg,p11,scarf,low,0.7277727723121643,p11,0.504887,correct
1,/home/tahmid/crops/p11/p11_scarf_regular_001.jpg,p11,scarf,regular,0.8380173444747925,p11,0.594107,correct
1,/home/tahmid/crops/p11/p11_scarf_regular_002.jpg,p11,scarf,regular,0.8433085680007935,p11,0.600471,correct
1,/home/tahmid/crops/p11/p11_scarf_regular_003.jpg,p11,scarf,regular,0.8058483004570007,p11,0.525367,correct
1,/home/tahmid/crops/p11/p11_scarf_regular_004.jpg,p11,scarf,regular,0.8063255548477173,p11,0.500491,correct
1,/home/tahmid/crops/p11/p11_scarf_regular_005.jpg,p11,scarf,regular,0.7235432863235474,p11,0.520609,correct
1,/home/tahmid/crops/p11/p11_scarf_regular_006.jpg,p11,scarf,regular,0.7304874658584595,p11,0.517140,correct
1,/home/tahmid/crops/p11/p11_scarf_regular_007.jpg,p11,scarf,regular,0.8466631174087524,p11,0.544730,correct
1,/home/tahmid/crops/p11/p11_scarf_regular_008.jpg,p11,scarf,regular,0.8515452146530151,p11,0.556530,correct
1,/home/tahmid/crops/p11/p11_scarf_regular_009.jpg,p11,scarf,regular,0.7133406400680542,p11,0.439277,correct
1,/home/tahmid/crops/p11/p11_scarf_regular_010.jpg,p11,scarf,regular,0.7438278198242188,p11,0.435518,correct
1,/home/tahmid/crops/p11/p11_sunglass_low_001.jpg,p11,sunglass,low,0.7088360786437988,p11,0.441641,correct
1,/home/tahmid/crops/p11/p11_sunglass_low_002.jpg,p11,sunglass,low,0.7013700604438782,p11,0.478882,correct
1,/home/tahmid/crops/p11/p11_sunglass_low_003.jpg,p11,sunglass,low,0.7432963848114014,p11,0.454739,correct
1,/home/tahmid/crops/p11/p11_sunglass_low_004.jpg,p11,sunglass,low,0.7703866958618164,p11,0.480950,correct
1,/home/tahmid/crops/p11/p11_sunglass_low_005.jpg,p11,sunglass,low,0.8234741687774658,p11,0.466607,correct
1,/home/tahmid/crops/p11/p11_sunglass_low_006.jpg,p11,sunglass,low,0.8268120884895325,p11,0.471719,correct
1,/home/tahmid/crops/p11/p11_sunglass_low_007.jpg,p11,sunglass,low,0.7877039909362793,p11,0.490779,correct
1,/home/tahmid/crops/p11/p11_sunglass_low_008.jpg,p11,sunglass,low,0.7010101675987244,p11,0.499401,correct
1,/home/tahmid/crops/p11/p11_sunglass_low_009.jpg,p11,sunglass,low,0.7247552275657654,p11,0.504933,correct
1,/home/tahmid/crops/p11/p11_sunglass_low_010.jpg,p11,sunglass,low,0.7547657489776611,p11,0.494335,correct
1,/home/tahmid/crops/p11/p11_sunglass_low_011.jpg,p11,sunglass,low,0.6789775490760803,p11,0.530026,correct
1,/home/tahmid/crops/p11/p11_sunglass_low_012.jpg,p11,sunglass,low,0.7569951415061951,p11,0.485041,correct
1,/home/tahmid/crops/p11/p11_sunglass_low_013.jpg,p11,sunglass,low,0.8221888542175293,p11,0.511676,correct
1,/home/tahmid/crops/p11/p11_sunglass_low_014.jpg,p11,sunglass,low,0.8290550112724304,p11,0.504769,correct
1,/home/tahmid/crops/p11/p11_sunglass_low_015.jpg,p11,sunglass,low,0.8182258605957031,p11,0.493493,correct
1,/home/tahmid/crops/p11/p11_sunglass_regular_001.jpg,p11,sunglass,regular,0.7562291622161865,p11,0.527132,correct
1,/home/tahmid/crops/p11/p11_sunglass_regular_002.jpg,p11,sunglass,regular,0.7562291622161865,p11,0.527132,correct
1,/home/tahmid/crops/p11/p11_sunglass_regular_003.jpg,p11,sunglass,regular,0.7434168457984924,p11,0.546024,correct
1,/home/tahmid/crops/p11/p11_sunglass_regular_004.jpg,p11,sunglass,regular,0.7612659931182861,p11,0.446276,correct
1,/home/tahmid/crops/p11/p11_sunglass_regular_005.jpg,p11,sunglass,regular,0.7612659931182861,p11,0.446276,correct
1,/home/tahmid/crops/p11/p11_sunglass_regular_006.jpg,p11,sunglass,regular,0.6735901236534119,p11,0.451778,correct
1,/home/tahmid/crops/p11/p11_sunglass_regular_007.jpg,p11,sunglass,regular,0.755138635635376,p11,0.466743,correct
1,/home/tahmid/crops/p11/p11_sunglass_regular_008.jpg,p11,sunglass,regular,0.755138635635376,p11,0.466743,correct
1,/home/tahmid/crops/p11/p11_sunglass_regular_009.jpg,p11,sunglass,regular,0.6653380393981934,p11,0.469102,correct
1,/home/tahmid/crops/p11/p11_sunglass_regular_010.jpg,p11,sunglass,regular,0.8237521648406982,p11,0.489409,correct
1,/home/tahmid/crops/p11/p11_sunglass_regular_011.jpg,p11,sunglass,regular,0.82546067237854,p11,0.496264,correct
1,/home/tahmid/crops/p11/p11_sunglass_regular_012.jpg,p11,sunglass,regular,0.82546067237854,p11,0.496264,correct
1,/home/tahmid/crops/p11/p11_sunglass_regular_013.jpg,p11,sunglass,regular,0.6890384554862976,p11,0.414715,correct
1,/home/tahmid/crops/p11/p11_sunglass_regular_014.jpg,p11,sunglass,regular,0.6890384554862976,p11,0.414715,correct
1,/home/tahmid/crops/p11/p11_sunglass_regular_015.jpg,p11,sunglass,regular,0.8015631437301636,p11,0.368132,correct
1,/home/tahmid/crops/p15/p15_cap_low_001.jpg,p15,cap,low,0.7496786713600159,p15,0.428798,correct
1,/home/tahmid/crops/p15/p15_cap_low_002.jpg,p15,cap,low,0.8285106420516968,p15,0.520231,correct
1,/home/tahmid/crops/p15/p15_cap_low_003.jpg,p15,cap,low,0.8255677223205566,p15,0.519533,correct
1,/home/tahmid/crops/p15/p15_cap_low_004.jpg,p15,cap,low,0.6978073716163635,p15,0.483653,correct
1,/home/tahmid/crops/p15/p15_cap_low_005.jpg,p15,cap,low,0.7302825450897217,p15,0.467756,correct
1,/home/tahmid/crops/p15/p15_cap_low_006.jpg,p15,cap,low,0.6032944917678833,p15,0.499801,correct
1,/home/tahmid/crops/p15/p15_cap_low_007.jpg,p15,cap,low,0.6936582922935486,p15,0.523592,correct
1,/home/tahmid/crops/p15/p15_cap_low_008.jpg,p15,cap,low,0.7579778432846069,p15,0.497983,correct
1,/home/tahmid/crops/p15/p15_cap_low_009.jpg,p15,cap,low,0.7501447200775146,p15,0.504835,correct
1,/home/tahmid/crops/p15/p15_cap_low_010.jpg,p15,cap,low,0.7670024633407593,p15,0.470238,correct
1,/home/tahmid/crops/p15/p15_cap_low_011.jpg,p15,cap,low,0.706233024597168,p15,0.454740,correct
1,/home/tahmid/crops/p15/p15_cap_regular_001.jpg,p15,cap,regular,0.8672257661819458,p15,0.550859,correct
1,/home/tahmid/crops/p15/p15_cap_regular_002.jpg,p15,cap,regular,0.8281717300415039,p15,0.550438,correct
1,/home/tahmid/crops/p15/p15_cap_regular_003.jpg,p15,cap,regular,0.8239495754241943,p15,0.465990,correct
1,/home/tahmid/crops/p15/p15_cap_regular_004.jpg,p15,cap,regular,0.7911181449890137,p15,0.485088,correct
1,/home/tahmid/crops/p15/p15_cap_regular_005.jpg,p15,cap,regular,0.8395974636077881,p15,0.531395,correct
1,/home/tahmid/crops/p15/p15_cap_regular_006.jpg,p15,cap,regular,0.8251932859420776,p15,0.528409,correct
1,/home/tahmid/crops/p15/p15_cap_regular_007.jpg,p15,cap,regular,0.7726272344589233,p15,0.537947,correct
1,/home/tahmid/crops/p15/p15_cap_regular_008.jpg,p15,cap,regular,0.7790647745132446,p15,0.535468,correct
1,/home/tahmid/crops/p15/p15_cap_regular_009.jpg,p15,cap,regular,0.7587515115737915,p15,0.437314,correct
1,/home/tahmid/crops/p15/p15_cap_regular_010.jpg,p15,cap,regular,0.7003402709960938,p15,0.435050,correct
1,/home/tahmid/crops/p15/p15_clearglass_low_001.jpg,p15,clearglass,low,0.7611793875694275,p15,0.522469,correct
1,/home/tahmid/crops/p15/p15_clearglass_low_002.jpg,p15,clearglass,low,0.6740459203720093,p15,0.511375,correct
1,/home/tahmid/crops/p15/p15_clearglass_low_003.jpg,p15,clearglass,low,0.7100645899772644,p15,0.493451,correct
1,/home/tahmid/crops/p15/p15_clearglass_low_004.jpg,p15,clearglass,low,0.7295523285865784,p15,0.482550,correct
1,/home/tahmid/crops/p15/p15_clearglass_low_005.jpg,p15,clearglass,low,0.8036472797393799,p15,0.537928,correct
1,/home/tahmid/crops/p15/p15_clearglass_low_006.jpg,p15,clearglass,low,0.8062870502471924,p15,0.537598,correct
1,/home/tahmid/crops/p15/p15_clearglass_low_007.jpg,p15,clearglass,low,0.7298130393028259,p15,0.495805,correct
1,/home/tahmid/crops/p15/p15_clearglass_low_008.jpg,p15,clearglass,low,0.7414668798446655,p15,0.488193,correct
1,/home/tahmid/crops/p15/p15_clearglass_low_009.jpg,p15,clearglass,low,0.7436797618865967,p15,0.511481,correct
1,/home/tahmid/crops/p15/p15_clearglass_low_010.jpg,p15,clearglass,low,0.7225449681282043,p15,0.507553,correct
1,/home/tahmid/crops/p15/p15_clearglass_regular_001.jpg,p15,clearglass,regular,0.8742986917495728,p15,0.545717,correct
1,/home/tahmid/crops/p15/p15_clearglass_regular_002.jpg,p15,clearglass,regular,0.8322995901107788,p15,0.554522,correct
1,/home/tahmid/crops/p15/p15_clearglass_regular_003.jpg,p15,clearglass,regular,0.8278634548187256,p15,0.504070,correct
1,/home/tahmid/crops/p15/p15_clearglass_regular_004.jpg,p15,clearglass,regular,0.8385236263275146,p15,0.519035,correct
1,/home/tahmid/crops/p15/p15_clearglass_regular_005.jpg,p15,clearglass,regular,0.8600784540176392,p15,0.540111,correct
1,/home/tahmid/crops/p15/p15_clearglass_regular_006.jpg,p15,clearglass,regular,0.8689950704574585,p15,0.526376,correct
1,/home/tahmid/crops/p15/p15_clearglass_regular_007.jpg,p15,clearglass,regular,0.7884271144866943,p15,0.509045,correct
1,/home/tahmid/crops/p15/p15_clearglass_regular_008.jpg,p15,clearglass,regular,0.7876688241958618,p15,0.502937,correct
1,/home/tahmid/crops/p15/p15_clearglass_regular_009.jpg,p15,clearglass,regular,0.8496826887130737,p15,0.513200,correct
1,/home/tahmid/crops/p15/p15_clearglass_regular_010.jpg,p15,clearglass,regular,0.8283063769340515,p15,0.522986,correct
1,/home/tahmid/crops/p15/p15_mask_clearglass_low_001.jpg,p15,mask_clearglass,low,0.673112154006958,p15,0.333143,correct
1,/home/tahmid/crops/p15/p15_mask_clearglass_low_002.jpg,p15,mask_clearglass,low,0.6386350989341736,p15,0.349651,correct
1,/home/tahmid/crops/p15/p15_mask_clearglass_low_003.jpg,p15,mask_clearglass,low,0.5417710542678833,p15,0.306744,correct
1,/home/tahmid/crops/p15/p15_mask_clearglass_low_004.jpg,p15,mask_clearglass,low,0.5753387808799744,p15,0.278787,rejected
1,/home/tahmid/crops/p15/p15_mask_clearglass_low_005.jpg,p15,mask_clearglass,low,0.7052938938140869,p15,0.271674,rejected
1,/home/tahmid/crops/p15/p15_mask_clearglass_low_006.jpg,p15,mask_clearglass,low,0.7106797695159912,p15,0.263011,rejected
1,/home/tahmid/crops/p15/p15_mask_clearglass_low_007.jpg,p15,mask_clearglass,low,0.7285844683647156,p15,0.269286,rejected
1,/home/tahmid/crops/p15/p15_mask_clearglass_low_008.jpg,p15,mask_clearglass,low,0.7455055117607117,p15,0.264242,rejected
1,/home/tahmid/crops/p15/p15_mask_clearglass_low_009.jpg,p15,mask_clearglass,low,0.5787349343299866,p15,0.303636,correct
1,/home/tahmid/crops/p15/p15_mask_clearglass_low_010.jpg,p15,mask_clearglass,low,0.4979497492313385,p15,0.308265,correct
1,/home/tahmid/crops/p15/p15_mask_clearglass_regular_001.jpg,p15,mask_clearglass,regular,0.8050408363342285,p15,0.383204,correct
1,/home/tahmid/crops/p15/p15_mask_clearglass_regular_002.jpg,p15,mask_clearglass,regular,0.7978253364562988,p15,0.372909,correct
1,/home/tahmid/crops/p15/p15_mask_clearglass_regular_003.jpg,p15,mask_clearglass,regular,0.7586277723312378,p07,0.250174,rejected
1,/home/tahmid/crops/p15/p15_mask_clearglass_regular_004.jpg,p15,mask_clearglass,regular,0.7730664014816284,p15,0.290002,rejected
1,/home/tahmid/crops/p15/p15_mask_clearglass_regular_005.jpg,p15,mask_clearglass,regular,0.7739377617835999,p15,0.337523,correct
1,/home/tahmid/crops/p15/p15_mask_clearglass_regular_006.jpg,p15,mask_clearglass,regular,0.7721235752105713,p15,0.350500,correct
1,/home/tahmid/crops/p15/p15_mask_clearglass_regular_007.jpg,p15,mask_clearglass,regular,0.7651302814483643,p15,0.280745,rejected
1,/home/tahmid/crops/p15/p15_mask_clearglass_regular_008.jpg,p15,mask_clearglass,regular,0.7453728914260864,p15,0.300391,correct
1,/home/tahmid/crops/p15/p15_mask_clearglass_regular_009.jpg,p15,mask_clearglass,regular,0.7390926480293274,p15,0.299194,rejected
1,/home/tahmid/crops/p15/p15_mask_clearglass_regular_010.jpg,p15,mask_clearglass,regular,0.7415298819541931,p15,0.269323,rejected
1,/home/tahmid/crops/p15/p15_mask_low_001.jpg,p15,mask,low,0.7041207551956177,p15,0.414691,correct
1,/home/tahmid/crops/p15/p15_mask_low_002.jpg,p15,mask,low,0.702073335647583,p15,0.408591,correct
1,/home/tahmid/crops/p15/p15_mask_low_003.jpg,p15,mask,low,0.747178852558136,p15,0.405962,correct
1,/home/tahmid/crops/p15/p15_mask_low_004.jpg,p15,mask,low,0.684834897518158,p15,0.349434,correct
1,/home/tahmid/crops/p15/p15_mask_low_005.jpg,p15,mask,low,0.6859966516494751,p15,0.363377,correct
1,/home/tahmid/crops/p15/p15_mask_low_006.jpg,p15,mask,low,0.7080278396606445,p15,0.363694,correct
1,/home/tahmid/crops/p15/p15_mask_low_007.jpg,p15,mask,low,0.6950191855430603,p15,0.411660,correct
1,/home/tahmid/crops/p15/p15_mask_low_008.jpg,p15,mask,low,0.7277803421020508,p15,0.424921,correct
1,/home/tahmid/crops/p15/p15_mask_low_009.jpg,p15,mask,low,0.6696572303771973,p15,0.405114,correct
1,/home/tahmid/crops/p15/p15_mask_low_010.jpg,p15,mask,low,0.7579290270805359,p15,0.379748,correct
1,/home/tahmid/crops/p15/p15_mask_low_011.jpg,p15,mask,low,0.7840081453323364,p15,0.363684,correct
1,/home/tahmid/crops/p15/p15_mask_low_012.jpg,p15,mask,low,0.767261266708374,p15,0.346962,correct
1,/home/tahmid/crops/p15/p15_mask_low_013.jpg,p15,mask,low,0.5431891679763794,p15,0.358974,correct
1,/home/tahmid/crops/p15/p15_mask_low_014.jpg,p15,mask,low,0.5801329612731934,p15,0.346845,correct
1,/home/tahmid/crops/p15/p15_mask_low_015.jpg,p15,mask,low,0.5678647756576538,p15,0.327182,correct
1,/home/tahmid/crops/p15/p15_mask_regular_001.jpg,p15,mask,regular,0.8436061143875122,p15,0.429893,correct
1,/home/tahmid/crops/p15/p15_mask_regular_002.jpg,p15,mask,regular,0.8570871353149414,p15,0.400948,correct
1,/home/tahmid/crops/p15/p15_mask_regular_003.jpg,p15,mask,regular,0.8656737208366394,p15,0.432777,correct
1,/home/tahmid/crops/p15/p15_mask_regular_004.jpg,p15,mask,regular,0.8077040910720825,p15,0.422179,correct
1,/home/tahmid/crops/p15/p15_mask_regular_005.jpg,p15,mask,regular,0.8231304883956909,p15,0.431311,correct
1,/home/tahmid/crops/p15/p15_mask_regular_006.jpg,p15,mask,regular,0.7938113212585449,p15,0.434708,correct
1,/home/tahmid/crops/p15/p15_mask_regular_007.jpg,p15,mask,regular,0.8223844766616821,p15,0.404105,correct
1,/home/tahmid/crops/p15/p15_mask_regular_008.jpg,p15,mask,regular,0.7862125635147095,p15,0.411321,correct
1,/home/tahmid/crops/p15/p15_mask_regular_009.jpg,p15,mask,regular,0.7987632751464844,p15,0.421366,correct
1,/home/tahmid/crops/p15/p15_mask_regular_010.jpg,p15,mask,regular,0.7608288526535034,p15,0.323386,correct
1,/home/tahmid/crops/p15/p15_mask_regular_011.jpg,p15,mask,regular,0.8042389750480652,p15,0.341013,correct
1,/home/tahmid/crops/p15/p15_mask_regular_012.jpg,p15,mask,regular,0.7857056856155396,p15,0.327030,correct
1,/home/tahmid/crops/p15/p15_mask_regular_013.jpg,p15,mask,regular,0.7549764513969421,p15,0.333656,correct
1,/home/tahmid/crops/p15/p15_mask_regular_014.jpg,p15,mask,regular,0.7415811419487,p15,0.336270,correct
1,/home/tahmid/crops/p15/p15_mask_regular_015.jpg,p15,mask,regular,0.7287948131561279,p15,0.334978,correct
1,/home/tahmid/crops/p15/p15_mask_sunglass_low_001.jpg,p15,mask_sunglass,low,0.7102515697479248,p15,0.221718,rejected
1,/home/tahmid/crops/p15/p15_mask_sunglass_low_002.jpg,p15,mask_sunglass,low,0.6874246597290039,p15,0.212075,rejected
1,/home/tahmid/crops/p15/p15_mask_sunglass_low_003.jpg,p15,mask_sunglass,low,0.7050390243530273,p15,0.196372,rejected
1,/home/tahmid/crops/p15/p15_mask_sunglass_low_004.jpg,p15,mask_sunglass,low,0.4332461357116699,p06,0.215143,rejected
1,/home/tahmid/crops/p15/p15_mask_sunglass_low_005.jpg,p15,mask_sunglass,low,0.3995842933654785,p06,0.211474,rejected
1,/home/tahmid/crops/p15/p15_mask_sunglass_low_006.jpg,p15,mask_sunglass,low,0.49672579765319824,p17,0.170020,rejected
1,/home/tahmid/crops/p15/p15_mask_sunglass_low_007.jpg,p15,mask_sunglass,low,0.615434467792511,p15,0.242274,rejected
1,/home/tahmid/crops/p15/p15_mask_sunglass_low_008.jpg,p15,mask_sunglass,low,0.5911124348640442,p15,0.243574,rejected
1,/home/tahmid/crops/p15/p15_mask_sunglass_low_009.jpg,p15,mask_sunglass,low,0.6425505876541138,p15,0.189043,rejected
1,/home/tahmid/crops/p15/p15_mask_sunglass_low_010.jpg,p15,mask_sunglass,low,0.6374311447143555,p14,0.172047,rejected
1,/home/tahmid/crops/p15/p15_mask_sunglass_low_011.jpg,p15,mask_sunglass,low,0.6371845006942749,p15,0.148858,rejected
1,/home/tahmid/crops/p15/p15_mask_sunglass_low_012.jpg,p15,mask_sunglass,low,0.6387941241264343,p14,0.219753,rejected
1,/home/tahmid/crops/p15/p15_mask_sunglass_low_013.jpg,p15,mask_sunglass,low,0.4715796113014221,p15,0.212993,rejected
1,/home/tahmid/crops/p15/p15_mask_sunglass_low_014.jpg,p15,mask_sunglass,low,0.5146989822387695,p15,0.228032,rejected
1,/home/tahmid/crops/p15/p15_mask_sunglass_low_015.jpg,p15,mask_sunglass,low,0.42968204617500305,p14,0.224263,rejected
1,/home/tahmid/crops/p15/p15_mask_sunglass_regular_001.jpg,p15,mask_sunglass,regular,0.7738503217697144,p15,0.361206,correct
1,/home/tahmid/crops/p15/p15_mask_sunglass_regular_002.jpg,p15,mask_sunglass,regular,0.8035058975219727,p15,0.326862,correct
1,/home/tahmid/crops/p15/p15_mask_sunglass_regular_003.jpg,p15,mask_sunglass,regular,0.7817267179489136,p15,0.325327,correct
1,/home/tahmid/crops/p15/p15_mask_sunglass_regular_004.jpg,p15,mask_sunglass,regular,0.7139394283294678,p15,0.319840,correct
1,/home/tahmid/crops/p15/p15_mask_sunglass_regular_005.jpg,p15,mask_sunglass,regular,0.7025880813598633,p15,0.316290,correct
1,/home/tahmid/crops/p15/p15_mask_sunglass_regular_006.jpg,p15,mask_sunglass,regular,0.714570164680481,p15,0.329487,correct
1,/home/tahmid/crops/p15/p15_mask_sunglass_regular_007.jpg,p15,mask_sunglass,regular,0.7579638957977295,p15,0.310864,correct
1,/home/tahmid/crops/p15/p15_mask_sunglass_regular_008.jpg,p15,mask_sunglass,regular,0.7671518325805664,p15,0.310528,correct
1,/home/tahmid/crops/p15/p15_mask_sunglass_regular_009.jpg,p15,mask_sunglass,regular,0.7217801809310913,p15,0.367286,correct
1,/home/tahmid/crops/p15/p15_mask_sunglass_regular_010.jpg,p15,mask_sunglass,regular,0.6422781944274902,p14,0.242506,rejected
1,/home/tahmid/crops/p15/p15_mask_sunglass_regular_011.jpg,p15,mask_sunglass,regular,0.6891396641731262,p14,0.272057,rejected
1,/home/tahmid/crops/p15/p15_mask_sunglass_regular_012.jpg,p15,mask_sunglass,regular,0.6358556747436523,p14,0.242033,rejected
1,/home/tahmid/crops/p15/p15_mask_sunglass_regular_013.jpg,p15,mask_sunglass,regular,0.7410699725151062,p15,0.318569,correct
1,/home/tahmid/crops/p15/p15_mask_sunglass_regular_014.jpg,p15,mask_sunglass,regular,0.6899663805961609,p15,0.299583,rejected
1,/home/tahmid/crops/p15/p15_mask_sunglass_regular_015.jpg,p15,mask_sunglass,regular,0.7203713655471802,p15,0.314111,correct
1,/home/tahmid/crops/p15/p15_none_low_001.jpg,p15,none,low,0.8212530016899109,p15,0.533202,correct
1,/home/tahmid/crops/p15/p15_none_low_002.jpg,p15,none,low,0.8577364087104797,p15,0.530618,correct
1,/home/tahmid/crops/p15/p15_none_low_003.jpg,p15,none,low,0.8645216226577759,p15,0.532582,correct
1,/home/tahmid/crops/p15/p15_none_low_004.jpg,p15,none,low,0.49339085817337036,p15,0.475148,correct
1,/home/tahmid/crops/p15/p15_none_low_005.jpg,p15,none,low,0.8032784461975098,p15,0.496390,correct
1,/home/tahmid/crops/p15/p15_none_low_006.jpg,p15,none,low,0.7867573499679565,p15,0.510591,correct
1,/home/tahmid/crops/p15/p15_none_low_007.jpg,p15,none,low,0.7157376408576965,p15,0.546428,correct
1,/home/tahmid/crops/p15/p15_none_low_008.jpg,p15,none,low,0.7537136077880859,p15,0.553003,correct
1,/home/tahmid/crops/p15/p15_none_low_009.jpg,p15,none,low,0.7247143983840942,p15,0.544409,correct
1,/home/tahmid/crops/p15/p15_none_low_010.jpg,p15,none,low,0.7578554749488831,p15,0.486928,correct
1,/home/tahmid/crops/p15/p15_none_low_011.jpg,p15,none,low,0.7412339448928833,p15,0.491439,correct
1,/home/tahmid/crops/p15/p15_none_low_012.jpg,p15,none,low,0.6922616362571716,p15,0.480833,correct
1,/home/tahmid/crops/p15/p15_none_low_013.jpg,p15,none,low,0.7925539612770081,p15,0.532590,correct
1,/home/tahmid/crops/p15/p15_none_low_014.jpg,p15,none,low,0.7468559741973877,p15,0.523810,correct
1,/home/tahmid/crops/p15/p15_none_regular_001.jpg,p15,none,regular,0.8875823020935059,p15,0.569905,correct
1,/home/tahmid/crops/p15/p15_none_regular_002.jpg,p15,none,regular,0.8707898855209351,p15,0.562284,correct
1,/home/tahmid/crops/p15/p15_none_regular_004.jpg,p15,none,regular,0.8308268189430237,p15,0.508762,correct
1,/home/tahmid/crops/p15/p15_none_regular_005.jpg,p15,none,regular,0.8310216665267944,p15,0.502945,correct
1,/home/tahmid/crops/p15/p15_none_regular_006.jpg,p15,none,regular,0.8363274335861206,p15,0.494457,correct
1,/home/tahmid/crops/p15/p15_none_regular_007.jpg,p15,none,regular,0.8379713296890259,p15,0.550279,correct
1,/home/tahmid/crops/p15/p15_none_regular_008.jpg,p15,none,regular,0.8476256132125854,p15,0.556486,correct
1,/home/tahmid/crops/p15/p15_none_regular_009.jpg,p15,none,regular,0.8162423372268677,p15,0.551748,correct
1,/home/tahmid/crops/p15/p15_none_regular_010.jpg,p15,none,regular,0.7589961290359497,p15,0.493143,correct
1,/home/tahmid/crops/p15/p15_none_regular_011.jpg,p15,none,regular,0.8112436532974243,p15,0.499561,correct
1,/home/tahmid/crops/p15/p15_none_regular_012.jpg,p15,none,regular,0.8102108240127563,p15,0.499191,correct
1,/home/tahmid/crops/p15/p15_none_regular_013.jpg,p15,none,regular,0.8313013911247253,p15,0.538639,correct
1,/home/tahmid/crops/p15/p15_none_regular_014.jpg,p15,none,regular,0.8614747524261475,p15,0.535478,correct
1,/home/tahmid/crops/p15/p15_none_regular_015.jpg,p15,none,regular,0.8501815795898438,p15,0.530830,correct
1,/home/tahmid/crops/p15/p15_scarf_low_001.jpg,p15,scarf,low,0.7966722249984741,p15,0.491281,correct
1,/home/tahmid/crops/p15/p15_scarf_low_002.jpg,p15,scarf,low,0.8084962368011475,p15,0.497841,correct
1,/home/tahmid/crops/p15/p15_scarf_low_003.jpg,p15,scarf,low,0.6797577142715454,p15,0.482517,correct
1,/home/tahmid/crops/p15/p15_scarf_low_004.jpg,p15,scarf,low,0.6827288269996643,p15,0.480615,correct
1,/home/tahmid/crops/p15/p15_scarf_low_005.jpg,p15,scarf,low,0.7191063761711121,p15,0.510746,correct
1,/home/tahmid/crops/p15/p15_scarf_low_006.jpg,p15,scarf,low,0.7411225438117981,p15,0.523824,correct
1,/home/tahmid/crops/p15/p15_scarf_low_007.jpg,p15,scarf,low,0.7490514516830444,p15,0.497597,correct
1,/home/tahmid/crops/p15/p15_scarf_low_008.jpg,p15,scarf,low,0.773768424987793,p15,0.508892,correct
1,/home/tahmid/crops/p15/p15_scarf_low_009.jpg,p15,scarf,low,0.786235511302948,p15,0.474494,correct
1,/home/tahmid/crops/p15/p15_scarf_low_010.jpg,p15,scarf,low,0.8265422582626343,p15,0.475213,correct
1,/home/tahmid/crops/p15/p15_scarf_regular_001.jpg,p15,scarf,regular,0.8408228158950806,p15,0.535671,correct
1,/home/tahmid/crops/p15/p15_scarf_regular_002.jpg,p15,scarf,regular,0.8608561754226685,p15,0.549816,correct
1,/home/tahmid/crops/p15/p15_scarf_regular_003.jpg,p15,scarf,regular,0.7158958911895752,p15,0.488204,correct
1,/home/tahmid/crops/p15/p15_scarf_regular_004.jpg,p15,scarf,regular,0.7087613940238953,p15,0.491071,correct
1,/home/tahmid/crops/p15/p15_scarf_regular_005.jpg,p15,scarf,regular,0.7902945280075073,p15,0.499394,correct
1,/home/tahmid/crops/p15/p15_scarf_regular_006.jpg,p15,scarf,regular,0.8082200288772583,p15,0.541881,correct
1,/home/tahmid/crops/p15/p15_scarf_regular_007.jpg,p15,scarf,regular,0.8870736360549927,p15,0.534095,correct
1,/home/tahmid/crops/p15/p15_scarf_regular_008.jpg,p15,scarf,regular,0.7878164052963257,p15,0.468933,correct
1,/home/tahmid/crops/p15/p15_scarf_regular_009.jpg,p15,scarf,regular,0.8007518649101257,p15,0.455821,correct
1,/home/tahmid/crops/p15/p15_scarf_regular_010.jpg,p15,scarf,regular,0.7616782188415527,p15,0.512207,correct
1,/home/tahmid/crops/p15/p15_sunglass_low_001.jpg,p15,sunglass,low,0.7859637141227722,p15,0.524490,correct
1,/home/tahmid/crops/p15/p15_sunglass_low_002.jpg,p15,sunglass,low,0.7799661755561829,p15,0.514073,correct
1,/home/tahmid/crops/p15/p15_sunglass_low_003.jpg,p15,sunglass,low,0.7756245732307434,p15,0.525753,correct
1,/home/tahmid/crops/p15/p15_sunglass_low_004.jpg,p15,sunglass,low,0.6285716891288757,p15,0.521883,correct
1,/home/tahmid/crops/p15/p15_sunglass_low_005.jpg,p15,sunglass,low,0.7082657814025879,p15,0.511251,correct
1,/home/tahmid/crops/p15/p15_sunglass_low_006.jpg,p15,sunglass,low,0.7003754377365112,p15,0.505546,correct
1,/home/tahmid/crops/p15/p15_sunglass_low_007.jpg,p15,sunglass,low,0.7148867845535278,p15,0.520095,correct
1,/home/tahmid/crops/p15/p15_sunglass_low_008.jpg,p15,sunglass,low,0.7182202935218811,p15,0.524726,correct
1,/home/tahmid/crops/p15/p15_sunglass_low_009.jpg,p15,sunglass,low,0.7351512908935547,p15,0.536881,correct
1,/home/tahmid/crops/p15/p15_sunglass_low_010.jpg,p15,sunglass,low,0.8089108467102051,p15,0.508081,correct
1,/home/tahmid/crops/p15/p15_sunglass_low_011.jpg,p15,sunglass,low,0.8346602916717529,p15,0.514967,correct
1,/home/tahmid/crops/p15/p15_sunglass_low_012.jpg,p15,sunglass,low,0.8326321840286255,p15,0.513121,correct
1,/home/tahmid/crops/p15/p15_sunglass_low_013.jpg,p15,sunglass,low,0.7442197799682617,p15,0.483443,correct
1,/home/tahmid/crops/p15/p15_sunglass_low_014.jpg,p15,sunglass,low,0.7460305094718933,p15,0.475653,correct
1,/home/tahmid/crops/p15/p15_sunglass_low_015.jpg,p15,sunglass,low,0.698686957359314,p15,0.477120,correct
1,/home/tahmid/crops/p15/p15_sunglass_regular_001.jpg,p15,sunglass,regular,0.8955821394920349,p15,0.542722,correct
1,/home/tahmid/crops/p15/p15_sunglass_regular_002.jpg,p15,sunglass,regular,0.891341507434845,p15,0.535361,correct
1,/home/tahmid/crops/p15/p15_sunglass_regular_003.jpg,p15,sunglass,regular,0.840215802192688,p15,0.539105,correct
1,/home/tahmid/crops/p15/p15_sunglass_regular_004.jpg,p15,sunglass,regular,0.7504716515541077,p15,0.500642,correct
1,/home/tahmid/crops/p15/p15_sunglass_regular_005.jpg,p15,sunglass,regular,0.7728049159049988,p15,0.500786,correct
1,/home/tahmid/crops/p15/p15_sunglass_regular_006.jpg,p15,sunglass,regular,0.7602842450141907,p15,0.494948,correct
1,/home/tahmid/crops/p15/p15_sunglass_regular_007.jpg,p15,sunglass,regular,0.7106523513793945,p15,0.528109,correct
1,/home/tahmid/crops/p15/p15_sunglass_regular_008.jpg,p15,sunglass,regular,0.7953767776489258,p15,0.546049,correct
1,/home/tahmid/crops/p15/p15_sunglass_regular_009.jpg,p15,sunglass,regular,0.7635592222213745,p15,0.523303,correct
1,/home/tahmid/crops/p15/p15_sunglass_regular_010.jpg,p15,sunglass,regular,0.8377735018730164,p15,0.502017,correct
1,/home/tahmid/crops/p15/p15_sunglass_regular_011.jpg,p15,sunglass,regular,0.8244684934616089,p15,0.505349,correct
1,/home/tahmid/crops/p15/p15_sunglass_regular_012.jpg,p15,sunglass,regular,0.7913016080856323,p15,0.511617,correct
1,/home/tahmid/crops/p15/p15_sunglass_regular_013.jpg,p15,sunglass,regular,0.7388325929641724,p15,0.471580,correct
1,/home/tahmid/crops/p15/p15_sunglass_regular_014.jpg,p15,sunglass,regular,0.7066831588745117,p15,0.491159,correct
1,/home/tahmid/crops/p15/p15_sunglass_regular_015.jpg,p15,sunglass,regular,0.6715801358222961,p15,0.484536,correct
1,/home/tahmid/crops/p20/p20_cap_low_001.jpg,p20,cap,low,0.8140037059783936,p20,0.461565,correct
1,/home/tahmid/crops/p20/p20_cap_low_002.jpg,p20,cap,low,0.8083071708679199,p20,0.424906,correct
1,/home/tahmid/crops/p20/p20_cap_low_003.jpg,p20,cap,low,0.8057883977890015,p20,0.420066,correct
1,/home/tahmid/crops/p20/p20_cap_low_004.jpg,p20,cap,low,0.699072003364563,p20,0.334669,correct
1,/home/tahmid/crops/p20/p20_cap_low_005.jpg,p20,cap,low,0.6851874589920044,p20,0.317443,correct
1,/home/tahmid/crops/p20/p20_cap_low_006.jpg,p20,cap,low,0.7627357244491577,p20,0.341327,correct
1,/home/tahmid/crops/p20/p20_cap_low_007.jpg,p20,cap,low,0.7625997066497803,p20,0.324327,correct
1,/home/tahmid/crops/p20/p20_cap_low_008.jpg,p20,cap,low,0.6394415497779846,p20,0.315044,correct
1,/home/tahmid/crops/p20/p20_cap_low_009.jpg,p20,cap,low,0.6308254599571228,p20,0.320348,correct
1,/home/tahmid/crops/p20/p20_cap_low_010.jpg,p20,cap,low,0.8144733905792236,p20,0.492864,correct
1,/home/tahmid/crops/p20/p20_cap_regular_001.jpg,p20,cap,regular,0.8317089676856995,p20,0.452161,correct
1,/home/tahmid/crops/p20/p20_cap_regular_002.jpg,p20,cap,regular,0.8198819160461426,p20,0.445132,correct
1,/home/tahmid/crops/p20/p20_cap_regular_003.jpg,p20,cap,regular,0.6854261755943298,p20,0.314939,correct
1,/home/tahmid/crops/p20/p20_cap_regular_004.jpg,p20,cap,regular,0.691799521446228,p20,0.345470,correct
1,/home/tahmid/crops/p20/p20_cap_regular_005.jpg,p20,cap,regular,0.704493522644043,p20,0.331851,correct
1,/home/tahmid/crops/p20/p20_cap_regular_006.jpg,p20,cap,regular,0.6960926651954651,p20,0.319601,correct
1,/home/tahmid/crops/p20/p20_cap_regular_007.jpg,p20,cap,regular,0.7832033634185791,p20,0.364391,correct
1,/home/tahmid/crops/p20/p20_cap_regular_008.jpg,p20,cap,regular,0.7973746061325073,p20,0.315917,correct
1,/home/tahmid/crops/p20/p20_cap_regular_009.jpg,p20,cap,regular,0.7905839085578918,p20,0.345250,correct
1,/home/tahmid/crops/p20/p20_cap_regular_010.jpg,p20,cap,regular,0.7674996852874756,p20,0.341953,correct
1,/home/tahmid/crops/p20/p20_cap_regular_011.jpg,p20,cap,regular,0.7670585513114929,p20,0.331771,correct
1,/home/tahmid/crops/p20/p20_cap_regular_012.jpg,p20,cap,regular,0.6999170780181885,p20,0.321464,correct
1,/home/tahmid/crops/p20/p20_cap_regular_013.jpg,p20,cap,regular,0.8549332618713379,p20,0.487834,correct
1,/home/tahmid/crops/p20/p20_cap_regular_014.jpg,p20,cap,regular,0.7963420748710632,p20,0.516586,correct
1,/home/tahmid/crops/p20/p20_cap_regular_015.jpg,p20,cap,regular,0.8130762577056885,p20,0.515257,correct
1,/home/tahmid/crops/p20/p20_cap_regular_016.jpg,p20,cap,regular,0.831566333770752,p20,0.505237,correct
1,/home/tahmid/crops/p20/p20_clearglass_low_001.jpg,p20,clearglass,low,0.8440152406692505,p20,0.434331,correct
1,/home/tahmid/crops/p20/p20_clearglass_low_002.jpg,p20,clearglass,low,0.8238039016723633,p20,0.443837,correct
1,/home/tahmid/crops/p20/p20_clearglass_low_003.jpg,p20,clearglass,low,0.8352713584899902,p20,0.424597,correct
1,/home/tahmid/crops/p20/p20_clearglass_low_004.jpg,p20,clearglass,low,0.8208789229393005,p20,0.357735,correct
1,/home/tahmid/crops/p20/p20_clearglass_low_005.jpg,p20,clearglass,low,0.8351975679397583,p20,0.380870,correct
1,/home/tahmid/crops/p20/p20_clearglass_low_006.jpg,p20,clearglass,low,0.8256498575210571,p20,0.395914,correct
1,/home/tahmid/crops/p20/p20_clearglass_low_007.jpg,p20,clearglass,low,0.880588710308075,p20,0.396854,correct
1,/home/tahmid/crops/p20/p20_clearglass_low_008.jpg,p20,clearglass,low,0.855149507522583,p20,0.410830,correct
1,/home/tahmid/crops/p20/p20_clearglass_low_009.jpg,p20,clearglass,low,0.847442090511322,p20,0.419154,correct
1,/home/tahmid/crops/p20/p20_clearglass_low_010.jpg,p20,clearglass,low,0.7643485069274902,p20,0.346765,correct
1,/home/tahmid/crops/p20/p20_clearglass_low_011.jpg,p20,clearglass,low,0.7867026925086975,p20,0.359534,correct
1,/home/tahmid/crops/p20/p20_clearglass_low_012.jpg,p20,clearglass,low,0.7752969861030579,p20,0.344282,correct
1,/home/tahmid/crops/p20/p20_clearglass_low_013.jpg,p20,clearglass,low,0.8890010714530945,p20,0.512018,correct
1,/home/tahmid/crops/p20/p20_clearglass_low_014.jpg,p20,clearglass,low,0.8755595684051514,p20,0.522179,correct
1,/home/tahmid/crops/p20/p20_clearglass_low_015.jpg,p20,clearglass,low,0.8717532157897949,p20,0.504262,correct
1,/home/tahmid/crops/p20/p20_clearglass_regular_001.jpg,p20,clearglass,regular,0.8616500496864319,p20,0.436265,correct
1,/home/tahmid/crops/p20/p20_clearglass_regular_002.jpg,p20,clearglass,regular,0.8760068416595459,p20,0.447704,correct
1,/home/tahmid/crops/p20/p20_clearglass_regular_003.jpg,p20,clearglass,regular,0.8711794018745422,p20,0.435033,correct
1,/home/tahmid/crops/p20/p20_clearglass_regular_004.jpg,p20,clearglass,regular,0.8056508302688599,p20,0.363967,correct
1,/home/tahmid/crops/p20/p20_clearglass_regular_005.jpg,p20,clearglass,regular,0.8206576108932495,p20,0.366041,correct
1,/home/tahmid/crops/p20/p20_clearglass_regular_006.jpg,p20,clearglass,regular,0.8229653835296631,p20,0.375903,correct
1,/home/tahmid/crops/p20/p20_clearglass_regular_007.jpg,p20,clearglass,regular,0.8695619106292725,p20,0.396324,correct
1,/home/tahmid/crops/p20/p20_clearglass_regular_008.jpg,p20,clearglass,regular,0.8701144456863403,p20,0.389262,correct
1,/home/tahmid/crops/p20/p20_clearglass_regular_009.jpg,p20,clearglass,regular,0.865450918674469,p20,0.415491,correct
1,/home/tahmid/crops/p20/p20_clearglass_regular_010.jpg,p20,clearglass,regular,0.7240294218063354,p20,0.352996,correct
1,/home/tahmid/crops/p20/p20_clearglass_regular_011.jpg,p20,clearglass,regular,0.7345304489135742,p20,0.358456,correct
1,/home/tahmid/crops/p20/p20_clearglass_regular_012.jpg,p20,clearglass,regular,0.7285556793212891,p20,0.349483,correct
1,/home/tahmid/crops/p20/p20_clearglass_regular_013.jpg,p20,clearglass,regular,0.8867529630661011,p20,0.514495,correct
1,/home/tahmid/crops/p20/p20_clearglass_regular_014.jpg,p20,clearglass,regular,0.8861247301101685,p20,0.519548,correct
1,/home/tahmid/crops/p20/p20_mask_clearglass_low_001.jpg,p20,mask_clearglass,low,0.8166559934616089,p20,0.314991,correct
1,/home/tahmid/crops/p20/p20_mask_clearglass_low_002.jpg,p20,mask_clearglass,low,0.7919009923934937,p20,0.299342,rejected
1,/home/tahmid/crops/p20/p20_mask_clearglass_low_003.jpg,p20,mask_clearglass,low,0.760863184928894,p20,0.213981,rejected
1,/home/tahmid/crops/p20/p20_mask_clearglass_low_004.jpg,p20,mask_clearglass,low,0.748583197593689,p20,0.220791,rejected
1,/home/tahmid/crops/p20/p20_mask_clearglass_low_005.jpg,p20,mask_clearglass,low,0.7687804698944092,p20,0.256005,rejected
1,/home/tahmid/crops/p20/p20_mask_clearglass_low_006.jpg,p20,mask_clearglass,low,0.7421286106109619,p14,0.180656,rejected
1,/home/tahmid/crops/p20/p20_mask_clearglass_low_007.jpg,p20,mask_clearglass,low,0.7602181434631348,p01,0.225634,rejected
1,/home/tahmid/crops/p20/p20_mask_clearglass_low_008.jpg,p20,mask_clearglass,low,0.7895666360855103,p20,0.231820,rejected
1,/home/tahmid/crops/p20/p20_mask_clearglass_low_009.jpg,p20,mask_clearglass,low,0.800773024559021,p20,0.275865,rejected
1,/home/tahmid/crops/p20/p20_mask_clearglass_low_010.jpg,p20,mask_clearglass,low,0.7728989124298096,p19,0.238629,rejected
1,/home/tahmid/crops/p20/p20_mask_clearglass_regular_001.jpg,p20,mask_clearglass,regular,0.8368196487426758,p20,0.316403,correct
1,/home/tahmid/crops/p20/p20_mask_clearglass_regular_002.jpg,p20,mask_clearglass,regular,0.7861541509628296,p20,0.305612,correct
1,/home/tahmid/crops/p20/p20_mask_clearglass_regular_003.jpg,p20,mask_clearglass,regular,0.764393150806427,p20,0.229306,rejected
1,/home/tahmid/crops/p20/p20_mask_clearglass_regular_004.jpg,p20,mask_clearglass,regular,0.742133378982544,p14,0.195021,rejected
1,/home/tahmid/crops/p20/p20_mask_clearglass_regular_005.jpg,p20,mask_clearglass,regular,0.7549325823783875,p20,0.166483,rejected
1,/home/tahmid/crops/p20/p20_mask_clearglass_regular_006.jpg,p20,mask_clearglass,regular,0.7480875849723816,p20,0.205246,rejected
1,/home/tahmid/crops/p20/p20_mask_clearglass_regular_007.jpg,p20,mask_clearglass,regular,0.7891501188278198,p20,0.296347,rejected
1,/home/tahmid/crops/p20/p20_mask_clearglass_regular_008.jpg,p20,mask_clearglass,regular,0.7811423540115356,p20,0.252902,rejected
1,/home/tahmid/crops/p20/p20_mask_clearglass_regular_009.jpg,p20,mask_clearglass,regular,0.7689380049705505,p20,0.267288,rejected
1,/home/tahmid/crops/p20/p20_mask_clearglass_regular_010.jpg,p20,mask_clearglass,regular,0.673804521560669,p20,0.242367,rejected
1,/home/tahmid/crops/p20/p20_mask_clearglass_regular_011.jpg,p20,mask_clearglass,regular,0.742605447769165,p20,0.255769,rejected
1,/home/tahmid/crops/p20/p20_mask_clearglass_regular_012.jpg,p20,mask_clearglass,regular,0.7784726619720459,p20,0.257667,rejected
1,/home/tahmid/crops/p20/p20_mask_clearglass_regular_013.jpg,p20,mask_clearglass,regular,0.7698610424995422,p20,0.254306,rejected
1,/home/tahmid/crops/p20/p20_mask_clearglass_regular_014.jpg,p20,mask_clearglass,regular,0.7692264318466187,p20,0.254545,rejected
1,/home/tahmid/crops/p20/p20_mask_low_001.jpg,p20,mask,low,0.8305780291557312,p20,0.349629,correct
1,/home/tahmid/crops/p20/p20_mask_low_002.jpg,p20,mask,low,0.8213692903518677,p20,0.361938,correct
1,/home/tahmid/crops/p20/p20_mask_low_003.jpg,p20,mask,low,0.8265249729156494,p20,0.355025,correct
1,/home/tahmid/crops/p20/p20_mask_low_004.jpg,p20,mask,low,0.8180264830589294,p20,0.338886,correct
1,/home/tahmid/crops/p20/p20_mask_low_005.jpg,p20,mask,low,0.7857668995857239,p20,0.309297,correct
1,/home/tahmid/crops/p20/p20_mask_low_006.jpg,p20,mask,low,0.7682300806045532,p20,0.333479,correct
1,/home/tahmid/crops/p20/p20_mask_low_007.jpg,p20,mask,low,0.7656042575836182,p20,0.335964,correct
1,/home/tahmid/crops/p20/p20_mask_low_008.jpg,p20,mask,low,0.7328754663467407,p20,0.329529,correct
1,/home/tahmid/crops/p20/p20_mask_low_009.jpg,p20,mask,low,0.7534816265106201,p20,0.320877,correct
1,/home/tahmid/crops/p20/p20_mask_low_010.jpg,p20,mask,low,0.7711758613586426,p20,0.327366,correct
1,/home/tahmid/crops/p20/p20_mask_regular_001.jpg,p20,mask,regular,0.8274573683738708,p20,0.373061,correct
1,/home/tahmid/crops/p20/p20_mask_regular_002.jpg,p20,mask,regular,0.8023389577865601,p20,0.352801,correct
1,/home/tahmid/crops/p20/p20_mask_regular_003.jpg,p20,mask,regular,0.8403829336166382,p20,0.369482,correct
1,/home/tahmid/crops/p20/p20_mask_regular_004.jpg,p20,mask,regular,0.826524019241333,p20,0.338051,correct
1,/home/tahmid/crops/p20/p20_mask_regular_005.jpg,p20,mask,regular,0.801687479019165,p20,0.336882,correct
1,/home/tahmid/crops/p20/p20_mask_regular_006.jpg,p20,mask,regular,0.8181988000869751,p20,0.348929,correct
1,/home/tahmid/crops/p20/p20_mask_regular_007.jpg,p20,mask,regular,0.8417362570762634,p20,0.327233,correct
1,/home/tahmid/crops/p20/p20_mask_regular_008.jpg,p20,mask,regular,0.8465903997421265,p20,0.311462,correct
1,/home/tahmid/crops/p20/p20_mask_regular_009.jpg,p20,mask,regular,0.7589403390884399,p20,0.331372,correct
1,/home/tahmid/crops/p20/p20_mask_regular_010.jpg,p20,mask,regular,0.7311338782310486,p20,0.330666,correct
1,/home/tahmid/crops/p20/p20_mask_regular_011.jpg,p20,mask,regular,0.739376962184906,p20,0.304548,correct
1,/home/tahmid/crops/p20/p20_mask_regular_012.jpg,p20,mask,regular,0.7449345588684082,p20,0.328484,correct
1,/home/tahmid/crops/p20/p20_mask_regular_013.jpg,p20,mask,regular,0.7541240453720093,p20,0.322203,correct
1,/home/tahmid/crops/p20/p20_mask_sunglass_low_001.jpg,p20,mask_sunglass,low,0.7812269926071167,p20,0.213606,rejected
1,/home/tahmid/crops/p20/p20_mask_sunglass_low_002.jpg,p20,mask_sunglass,low,0.7754579186439514,p20,0.186628,rejected
1,/home/tahmid/crops/p20/p20_mask_sunglass_low_003.jpg,p20,mask_sunglass,low,0.7512425184249878,p03,0.189954,rejected
1,/home/tahmid/crops/p20/p20_mask_sunglass_low_004.jpg,p20,mask_sunglass,low,0.7573361396789551,p02,0.124086,rejected
1,/home/tahmid/crops/p20/p20_mask_sunglass_low_005.jpg,p20,mask_sunglass,low,0.7682682871818542,p02,0.157003,rejected
1,/home/tahmid/crops/p20/p20_mask_sunglass_low_006.jpg,p20,mask_sunglass,low,0.744790256023407,p20,0.138511,rejected
1,/home/tahmid/crops/p20/p20_mask_sunglass_low_007.jpg,p20,mask_sunglass,low,0.7288392186164856,p30,0.189032,rejected
1,/home/tahmid/crops/p20/p20_mask_sunglass_low_008.jpg,p20,mask_sunglass,low,0.7514921426773071,p30,0.203349,rejected
1,/home/tahmid/crops/p20/p20_mask_sunglass_low_009.jpg,p20,mask_sunglass,low,0.5871809720993042,p03,0.177116,rejected
1,/home/tahmid/crops/p20/p20_mask_sunglass_low_010.jpg,p20,mask_sunglass,low,0.5988531112670898,p03,0.185471,rejected
1,/home/tahmid/crops/p20/p20_mask_sunglass_regular_001.jpg,p20,mask_sunglass,regular,0.7918184995651245,p20,0.216508,rejected
1,/home/tahmid/crops/p20/p20_mask_sunglass_regular_002.jpg,p20,mask_sunglass,regular,0.7514528632164001,p20,0.193248,rejected
1,/home/tahmid/crops/p20/p20_mask_sunglass_regular_003.jpg,p20,mask_sunglass,regular,0.7959108948707581,p03,0.184384,rejected
1,/home/tahmid/crops/p20/p20_mask_sunglass_regular_004.jpg,p20,mask_sunglass,regular,0.786389946937561,p03,0.201211,rejected
1,/home/tahmid/crops/p20/p20_mask_sunglass_regular_005.jpg,p20,mask_sunglass,regular,0.7888539433479309,p03,0.193983,rejected
1,/home/tahmid/crops/p20/p20_mask_sunglass_regular_006.jpg,p20,mask_sunglass,regular,0.7828779220581055,p03,0.174882,rejected
1,/home/tahmid/crops/p20/p20_mask_sunglass_regular_007.jpg,p20,mask_sunglass,regular,0.7481740117073059,p04,0.161434,rejected
1,/home/tahmid/crops/p20/p20_mask_sunglass_regular_008.jpg,p20,mask_sunglass,regular,0.7878918647766113,p20,0.190362,rejected
1,/home/tahmid/crops/p20/p20_mask_sunglass_regular_009.jpg,p20,mask_sunglass,regular,0.7991691827774048,p20,0.218535,rejected
1,/home/tahmid/crops/p20/p20_mask_sunglass_regular_010.jpg,p20,mask_sunglass,regular,0.7975039482116699,p20,0.198293,rejected
1,/home/tahmid/crops/p20/p20_mask_sunglass_regular_011.jpg,p20,mask_sunglass,regular,0.7860921025276184,p20,0.214279,rejected
1,/home/tahmid/crops/p20/p20_mask_sunglass_regular_012.jpg,p20,mask_sunglass,regular,0.597245454788208,p03,0.174070,rejected
1,/home/tahmid/crops/p20/p20_mask_sunglass_regular_013.jpg,p20,mask_sunglass,regular,0.6686586141586304,p20,0.189963,rejected
1,/home/tahmid/crops/p20/p20_none_low_001.jpg,p20,none,low,0.8335810899734497,p20,0.415559,correct
1,/home/tahmid/crops/p20/p20_none_low_002.jpg,p20,none,low,0.8492513298988342,p20,0.427880,correct
1,/home/tahmid/crops/p20/p20_none_low_003.jpg,p20,none,low,0.8427122235298157,p20,0.415791,correct
1,/home/tahmid/crops/p20/p20_none_low_004.jpg,p20,none,low,0.8234938383102417,p20,0.386843,correct
1,/home/tahmid/crops/p20/p20_none_low_005.jpg,p20,none,low,0.7868709564208984,p20,0.380014,correct
1,/home/tahmid/crops/p20/p20_none_low_006.jpg,p20,none,low,0.785132884979248,p20,0.391989,correct
1,/home/tahmid/crops/p20/p20_none_low_007.jpg,p20,none,low,0.8437943458557129,p20,0.399168,correct
1,/home/tahmid/crops/p20/p20_none_low_008.jpg,p20,none,low,0.8522334694862366,p20,0.398992,correct
1,/home/tahmid/crops/p20/p20_none_low_009.jpg,p20,none,low,0.8584328889846802,p20,0.406430,correct
1,/home/tahmid/crops/p20/p20_none_low_010.jpg,p20,none,low,0.7756444811820984,p20,0.410923,correct
1,/home/tahmid/crops/p20/p20_none_low_011.jpg,p20,none,low,0.7967774868011475,p20,0.409933,correct
1,/home/tahmid/crops/p20/p20_none_low_012.jpg,p20,none,low,0.7945072054862976,p20,0.388354,correct
1,/home/tahmid/crops/p20/p20_none_low_013.jpg,p20,none,low,0.8957562446594238,p20,0.564005,correct
1,/home/tahmid/crops/p20/p20_none_low_014.jpg,p20,none,low,0.896176278591156,p20,0.571737,correct
1,/home/tahmid/crops/p20/p20_none_low_015.jpg,p20,none,low,0.8939681053161621,p20,0.537282,correct
1,/home/tahmid/crops/p20/p20_none_regular_001.jpg,p20,none,regular,0.8145861029624939,p20,0.417052,correct
1,/home/tahmid/crops/p20/p20_none_regular_002.jpg,p20,none,regular,0.8011597394943237,p20,0.407343,correct
1,/home/tahmid/crops/p20/p20_none_regular_003.jpg,p20,none,regular,0.8179540634155273,p20,0.423241,correct
1,/home/tahmid/crops/p20/p20_none_regular_004.jpg,p20,none,regular,0.8457955718040466,p20,0.368692,correct
1,/home/tahmid/crops/p20/p20_none_regular_005.jpg,p20,none,regular,0.8444596529006958,p20,0.384565,correct
1,/home/tahmid/crops/p20/p20_none_regular_006.jpg,p20,none,regular,0.8346749544143677,p20,0.373768,correct
1,/home/tahmid/crops/p20/p20_none_regular_007.jpg,p20,none,regular,0.8683611154556274,p20,0.390761,correct
1,/home/tahmid/crops/p20/p20_none_regular_008.jpg,p20,none,regular,0.8562088012695312,p20,0.387622,correct
1,/home/tahmid/crops/p20/p20_none_regular_009.jpg,p20,none,regular,0.8276172876358032,p20,0.391144,correct
1,/home/tahmid/crops/p20/p20_none_regular_010.jpg,p20,none,regular,0.7922776937484741,p20,0.380778,correct
1,/home/tahmid/crops/p20/p20_none_regular_011.jpg,p20,none,regular,0.7711149454116821,p20,0.368887,correct
1,/home/tahmid/crops/p20/p20_none_regular_012.jpg,p20,none,regular,0.7979044914245605,p20,0.390717,correct
1,/home/tahmid/crops/p20/p20_none_regular_013.jpg,p20,none,regular,0.855471134185791,p20,0.563826,correct
1,/home/tahmid/crops/p20/p20_none_regular_014.jpg,p20,none,regular,0.8833725452423096,p20,0.570244,correct
1,/home/tahmid/crops/p20/p20_scarf_low_001.jpg,p20,scarf,low,0.8869220018386841,p20,0.440623,correct
1,/home/tahmid/crops/p20/p20_scarf_low_002.jpg,p20,scarf,low,0.8558289408683777,p20,0.427148,correct
1,/home/tahmid/crops/p20/p20_scarf_low_003.jpg,p20,scarf,low,0.8237879276275635,p20,0.421284,correct
1,/home/tahmid/crops/p20/p20_scarf_low_004.jpg,p20,scarf,low,0.8465473651885986,p20,0.358986,correct
1,/home/tahmid/crops/p20/p20_scarf_low_005.jpg,p20,scarf,low,0.8456509113311768,p20,0.376546,correct
1,/home/tahmid/crops/p20/p20_scarf_low_006.jpg,p20,scarf,low,0.7527201175689697,p20,0.385828,correct
1,/home/tahmid/crops/p20/p20_scarf_low_007.jpg,p20,scarf,low,0.7720354795455933,p20,0.373763,correct
1,/home/tahmid/crops/p20/p20_scarf_low_008.jpg,p20,scarf,low,0.7556396126747131,p20,0.371606,correct
1,/home/tahmid/crops/p20/p20_scarf_low_009.jpg,p20,scarf,low,0.8947059512138367,p20,0.494728,correct
1,/home/tahmid/crops/p20/p20_scarf_regular_001.jpg,p20,scarf,regular,0.8740286231040955,p20,0.420679,correct
1,/home/tahmid/crops/p20/p20_scarf_regular_002.jpg,p20,scarf,regular,0.8860050439834595,p20,0.426199,correct
1,/home/tahmid/crops/p20/p20_scarf_regular_003.jpg,p20,scarf,regular,0.8858417272567749,p20,0.437219,correct
1,/home/tahmid/crops/p20/p20_scarf_regular_004.jpg,p20,scarf,regular,0.7743126749992371,p20,0.328508,correct
1,/home/tahmid/crops/p20/p20_scarf_regular_005.jpg,p20,scarf,regular,0.7907984256744385,p20,0.348001,correct
1,/home/tahmid/crops/p20/p20_scarf_regular_006.jpg,p20,scarf,regular,0.7887541055679321,p20,0.349799,correct
1,/home/tahmid/crops/p20/p20_scarf_regular_007.jpg,p20,scarf,regular,0.8201545476913452,p20,0.371999,correct
1,/home/tahmid/crops/p20/p20_scarf_regular_008.jpg,p20,scarf,regular,0.8553955554962158,p20,0.368133,correct
1,/home/tahmid/crops/p20/p20_scarf_regular_009.jpg,p20,scarf,regular,0.7482979893684387,p20,0.390694,correct
1,/home/tahmid/crops/p20/p20_scarf_regular_010.jpg,p20,scarf,regular,0.7644965648651123,p20,0.379350,correct
1,/home/tahmid/crops/p20/p20_scarf_regular_011.jpg,p20,scarf,regular,0.7313209176063538,p20,0.377019,correct
1,/home/tahmid/crops/p20/p20_scarf_regular_012.jpg,p20,scarf,regular,0.8741238117218018,p20,0.510793,correct
1,/home/tahmid/crops/p20/p20_scarf_regular_013.jpg,p20,scarf,regular,0.8794946074485779,p20,0.492136,correct
1,/home/tahmid/crops/p20/p20_scarf_regular_014.jpg,p20,scarf,regular,0.8966654539108276,p20,0.501818,correct
1,/home/tahmid/crops/p20/p20_sunglass_low_001.jpg,p20,sunglass,low,0.8774018287658691,p20,0.412679,correct
1,/home/tahmid/crops/p20/p20_sunglass_low_002.jpg,p20,sunglass,low,0.8539595603942871,p20,0.427989,correct
1,/home/tahmid/crops/p20/p20_sunglass_low_003.jpg,p20,sunglass,low,0.8664588928222656,p20,0.410400,correct
1,/home/tahmid/crops/p20/p20_sunglass_low_004.jpg,p20,sunglass,low,0.880113959312439,p20,0.365475,correct
1,/home/tahmid/crops/p20/p20_sunglass_low_005.jpg,p20,sunglass,low,0.8920547962188721,p20,0.365287,correct
1,/home/tahmid/crops/p20/p20_sunglass_low_006.jpg,p20,sunglass,low,0.7668089866638184,p20,0.284685,rejected
1,/home/tahmid/crops/p20/p20_sunglass_low_007.jpg,p20,sunglass,low,0.8893945217132568,p20,0.494389,correct
1,/home/tahmid/crops/p20/p20_sunglass_low_008.jpg,p20,sunglass,low,0.8904092311859131,p20,0.504444,correct
1,/home/tahmid/crops/p20/p20_sunglass_low_009.jpg,p20,sunglass,low,0.8863721489906311,p20,0.476564,correct
1,/home/tahmid/crops/p20/p20_sunglass_regular_001.jpg,p20,sunglass,regular,0.8583080768585205,p20,0.442936,correct
1,/home/tahmid/crops/p20/p20_sunglass_regular_002.jpg,p20,sunglass,regular,0.8368145227432251,p20,0.454037,correct
1,/home/tahmid/crops/p20/p20_sunglass_regular_003.jpg,p20,sunglass,regular,0.8664137125015259,p20,0.434532,correct
1,/home/tahmid/crops/p20/p20_sunglass_regular_004.jpg,p20,sunglass,regular,0.7582468390464783,p20,0.363612,correct
1,/home/tahmid/crops/p20/p20_sunglass_regular_005.jpg,p20,sunglass,regular,0.8100212812423706,p20,0.348062,correct
1,/home/tahmid/crops/p20/p20_sunglass_regular_006.jpg,p20,sunglass,regular,0.8376699686050415,p20,0.335989,correct
1,/home/tahmid/crops/p20/p20_sunglass_regular_007.jpg,p20,sunglass,regular,0.8351803421974182,p20,0.352272,correct
1,/home/tahmid/crops/p20/p20_sunglass_regular_008.jpg,p20,sunglass,regular,0.8521491289138794,p20,0.347743,correct
1,/home/tahmid/crops/p20/p20_sunglass_regular_009.jpg,p20,sunglass,regular,0.6651231646537781,p20,0.305876,correct
1,/home/tahmid/crops/p20/p20_sunglass_regular_010.jpg,p20,sunglass,regular,0.715921938419342,p20,0.267811,rejected
1,/home/tahmid/crops/p20/p20_sunglass_regular_011.jpg,p20,sunglass,regular,0.8938249349594116,p20,0.509735,correct
1,/home/tahmid/crops/p20/p20_sunglass_regular_012.jpg,p20,sunglass,regular,0.8926615715026855,p20,0.534804,correct
1,/home/tahmid/crops/p20/p20_sunglass_regular_013.jpg,p20,sunglass,regular,0.8896529674530029,p20,0.515150,correct
1,/home/tahmid/crops/p23/p23_cap_low_001.jpg,p23,cap,low,0.769574761390686,p23,0.511084,correct
1,/home/tahmid/crops/p23/p23_cap_low_002.jpg,p23,cap,low,0.7673832774162292,p23,0.522989,correct
1,/home/tahmid/crops/p23/p23_cap_low_003.jpg,p23,cap,low,0.7792631387710571,p23,0.519606,correct
1,/home/tahmid/crops/p23/p23_cap_low_004.jpg,p23,cap,low,0.6963098049163818,p23,0.452523,correct
1,/home/tahmid/crops/p23/p23_cap_low_005.jpg,p23,cap,low,0.7267444133758545,p23,0.462233,correct
1,/home/tahmid/crops/p23/p23_cap_low_006.jpg,p23,cap,low,0.7975869178771973,p23,0.566142,correct
1,/home/tahmid/crops/p23/p23_cap_low_007.jpg,p23,cap,low,0.8006702065467834,p23,0.482236,correct
1,/home/tahmid/crops/p23/p23_cap_low_008.jpg,p23,cap,low,0.7830052375793457,p23,0.526936,correct
1,/home/tahmid/crops/p23/p23_cap_low_009.jpg,p23,cap,low,0.7830052375793457,p23,0.526936,correct
1,/home/tahmid/crops/p23/p23_cap_low_010.jpg,p23,cap,low,0.7673832774162292,p23,0.522989,correct
1,/home/tahmid/crops/p23/p23_cap_low_011.jpg,p23,cap,low,0.6963098049163818,p23,0.452523,correct
1,/home/tahmid/crops/p23/p23_cap_low_012.jpg,p23,cap,low,0.7267444133758545,p23,0.462233,correct
1,/home/tahmid/crops/p23/p23_cap_low_013.jpg,p23,cap,low,0.8033486604690552,p23,0.573064,correct
1,/home/tahmid/crops/p23/p23_cap_low_014.jpg,p23,cap,low,0.8006702065467834,p23,0.482236,correct
1,/home/tahmid/crops/p23/p23_cap_regular_001.jpg,p23,cap,regular,0.7714577913284302,p23,0.518927,correct
1,/home/tahmid/crops/p23/p23_cap_regular_002.jpg,p23,cap,regular,0.7752659320831299,p23,0.511896,correct
1,/home/tahmid/crops/p23/p23_cap_regular_003.jpg,p23,cap,regular,0.7048161029815674,p23,0.459079,correct
1,/home/tahmid/crops/p23/p23_cap_regular_004.jpg,p23,cap,regular,0.7353368401527405,p23,0.473608,correct
1,/home/tahmid/crops/p23/p23_cap_regular_005.jpg,p23,cap,regular,0.804405927658081,p23,0.562055,correct
1,/home/tahmid/crops/p23/p23_cap_regular_006.jpg,p23,cap,regular,0.7983166575431824,p23,0.570020,correct
1,/home/tahmid/crops/p23/p23_cap_regular_007.jpg,p23,cap,regular,0.789776086807251,p23,0.477799,correct
1,/home/tahmid/crops/p23/p23_cap_regular_008.jpg,p23,cap,regular,0.7766329646110535,p23,0.504283,correct
1,/home/tahmid/crops/p23/p23_cap_regular_009.jpg,p23,cap,regular,0.7643997669219971,p23,0.516420,correct
1,/home/tahmid/crops/p23/p23_cap_regular_010.jpg,p23,cap,regular,0.7752659320831299,p23,0.511896,correct
1,/home/tahmid/crops/p23/p23_cap_regular_011.jpg,p23,cap,regular,0.7048161029815674,p23,0.459079,correct
1,/home/tahmid/crops/p23/p23_cap_regular_012.jpg,p23,cap,regular,0.804405927658081,p23,0.562055,correct
1,/home/tahmid/crops/p23/p23_cap_regular_013.jpg,p23,cap,regular,0.7983166575431824,p23,0.570020,correct
1,/home/tahmid/crops/p23/p23_cap_regular_014.jpg,p23,cap,regular,0.7643997669219971,p23,0.516420,correct
1,/home/tahmid/crops/p23/p23_clearglass_low_001.jpg,p23,clearglass,low,0.7867403626441956,p23,0.534125,correct
1,/home/tahmid/crops/p23/p23_clearglass_low_002.jpg,p23,clearglass,low,0.7858340740203857,p23,0.536466,correct
1,/home/tahmid/crops/p23/p23_clearglass_low_003.jpg,p23,clearglass,low,0.8115259408950806,p23,0.525944,correct
1,/home/tahmid/crops/p23/p23_clearglass_low_004.jpg,p23,clearglass,low,0.8566761612892151,p23,0.490766,correct
1,/home/tahmid/crops/p23/p23_clearglass_low_005.jpg,p23,clearglass,low,0.8553992509841919,p23,0.567355,correct
1,/home/tahmid/crops/p23/p23_clearglass_low_006.jpg,p23,clearglass,low,0.8376650810241699,p23,0.537511,correct
1,/home/tahmid/crops/p23/p23_clearglass_low_007.jpg,p23,clearglass,low,0.7985142469406128,p23,0.537850,correct
1,/home/tahmid/crops/p23/p23_clearglass_low_008.jpg,p23,clearglass,low,0.7966408729553223,p23,0.551284,correct
1,/home/tahmid/crops/p23/p23_clearglass_low_009.jpg,p23,clearglass,low,0.7858340740203857,p23,0.536466,correct
1,/home/tahmid/crops/p23/p23_clearglass_low_010.jpg,p23,clearglass,low,0.8219698667526245,p23,0.513910,correct
1,/home/tahmid/crops/p23/p23_clearglass_low_011.jpg,p23,clearglass,low,0.8553992509841919,p23,0.567355,correct
1,/home/tahmid/crops/p23/p23_clearglass_low_012.jpg,p23,clearglass,low,0.8376650810241699,p23,0.537511,correct
1,/home/tahmid/crops/p23/p23_clearglass_low_013.jpg,p23,clearglass,low,0.7985142469406128,p23,0.537850,correct
1,/home/tahmid/crops/p23/p23_clearglass_low_014.jpg,p23,clearglass,low,0.8330087661743164,p23,0.533305,correct
1,/home/tahmid/crops/p23/p23_clearglass_regular_001.jpg,p23,clearglass,regular,0.7950881719589233,p23,0.536419,correct
1,/home/tahmid/crops/p23/p23_clearglass_regular_002.jpg,p23,clearglass,regular,0.814679741859436,p23,0.530448,correct
1,/home/tahmid/crops/p23/p23_clearglass_regular_003.jpg,p23,clearglass,regular,0.824766993522644,p23,0.503836,correct
1,/home/tahmid/crops/p23/p23_clearglass_regular_004.jpg,p23,clearglass,regular,0.8584533333778381,p23,0.563649,correct
1,/home/tahmid/crops/p23/p23_clearglass_regular_005.jpg,p23,clearglass,regular,0.8352899551391602,p23,0.538273,correct
1,/home/tahmid/crops/p23/p23_clearglass_regular_006.jpg,p23,clearglass,regular,0.804073691368103,p23,0.533710,correct
1,/home/tahmid/crops/p23/p23_clearglass_regular_007.jpg,p23,clearglass,regular,0.7914568185806274,p23,0.537006,correct
1,/home/tahmid/crops/p23/p23_clearglass_regular_008.jpg,p23,clearglass,regular,0.7950881719589233,p23,0.536419,correct
1,/home/tahmid/crops/p23/p23_clearglass_regular_009.jpg,p23,clearglass,regular,0.824766993522644,p23,0.503836,correct
1,/home/tahmid/crops/p23/p23_clearglass_regular_010.jpg,p23,clearglass,regular,0.8321685791015625,p23,0.544962,correct
1,/home/tahmid/crops/p23/p23_clearglass_regular_011.jpg,p23,clearglass,regular,0.8352899551391602,p23,0.538273,correct
1,/home/tahmid/crops/p23/p23_clearglass_regular_012.jpg,p23,clearglass,regular,0.804073691368103,p23,0.533710,correct
1,/home/tahmid/crops/p23/p23_clearglass_regular_013.jpg,p23,clearglass,regular,0.7914568185806274,p23,0.537006,correct
1,/home/tahmid/crops/p23/p23_clearglass_regular_014.jpg,p23,clearglass,regular,0.8345257043838501,p23,0.537183,correct
1,/home/tahmid/crops/p23/p23_mask_clearglass_low_001.jpg,p23,mask_clearglass,low,0.7382160425186157,p23,0.360986,correct
1,/home/tahmid/crops/p23/p23_mask_clearglass_low_002.jpg,p23,mask_clearglass,low,0.7734637260437012,p23,0.334651,correct
1,/home/tahmid/crops/p23/p23_mask_clearglass_low_003.jpg,p23,mask_clearglass,low,0.7526999115943909,p23,0.274636,rejected
1,/home/tahmid/crops/p23/p23_mask_clearglass_low_004.jpg,p23,mask_clearglass,low,0.8127906918525696,p23,0.338543,correct
1,/home/tahmid/crops/p23/p23_mask_clearglass_low_005.jpg,p23,mask_clearglass,low,0.7832174301147461,p23,0.301767,correct
1,/home/tahmid/crops/p23/p23_mask_clearglass_low_006.jpg,p23,mask_clearglass,low,0.7498308420181274,p23,0.292665,rejected
1,/home/tahmid/crops/p23/p23_mask_clearglass_low_007.jpg,p23,mask_clearglass,low,0.7772154808044434,p23,0.358883,correct
1,/home/tahmid/crops/p23/p23_mask_clearglass_low_008.jpg,p23,mask_clearglass,low,0.7382160425186157,p23,0.360986,correct
1,/home/tahmid/crops/p23/p23_mask_clearglass_low_009.jpg,p23,mask_clearglass,low,0.7734637260437012,p23,0.334651,correct
1,/home/tahmid/crops/p23/p23_mask_clearglass_low_010.jpg,p23,mask_clearglass,low,0.7526999115943909,p23,0.274636,rejected
1,/home/tahmid/crops/p23/p23_mask_clearglass_low_011.jpg,p23,mask_clearglass,low,0.82541823387146,p23,0.226021,rejected
1,/home/tahmid/crops/p23/p23_mask_clearglass_low_012.jpg,p23,mask_clearglass,low,0.7832174301147461,p23,0.301767,correct
1,/home/tahmid/crops/p23/p23_mask_clearglass_low_013.jpg,p23,mask_clearglass,low,0.7498308420181274,p23,0.292665,rejected
1,/home/tahmid/crops/p23/p23_mask_clearglass_low_014.jpg,p23,mask_clearglass,low,0.7772154808044434,p23,0.358883,correct
1,/home/tahmid/crops/p23/p23_mask_clearglass_regular_001.jpg,p23,mask_clearglass,regular,0.7526653409004211,p23,0.363569,correct
1,/home/tahmid/crops/p23/p23_mask_clearglass_regular_002.jpg,p23,mask_clearglass,regular,0.7862086892127991,p23,0.334401,correct
1,/home/tahmid/crops/p23/p23_mask_clearglass_regular_003.jpg,p23,mask_clearglass,regular,0.7588014602661133,p23,0.269442,rejected
1,/home/tahmid/crops/p23/p23_mask_clearglass_regular_004.jpg,p23,mask_clearglass,regular,0.8238306045532227,p23,0.225707,rejected
1,/home/tahmid/crops/p23/p23_mask_clearglass_regular_005.jpg,p23,mask_clearglass,regular,0.8215457201004028,p23,0.325653,correct
1,/home/tahmid/crops/p23/p23_mask_clearglass_regular_006.jpg,p23,mask_clearglass,regular,0.820000171661377,p23,0.263713,rejected
1,/home/tahmid/crops/p23/p23_mask_clearglass_regular_007.jpg,p23,mask_clearglass,regular,0.7829609513282776,p23,0.300874,correct
1,/home/tahmid/crops/p23/p23_mask_clearglass_regular_008.jpg,p23,mask_clearglass,regular,0.7419273853302002,p23,0.318731,correct
1,/home/tahmid/crops/p23/p23_mask_clearglass_regular_009.jpg,p23,mask_clearglass,regular,0.7539311647415161,p23,0.330919,correct
1,/home/tahmid/crops/p23/p23_mask_clearglass_regular_010.jpg,p23,mask_clearglass,regular,0.7685525417327881,p23,0.366190,correct
1,/home/tahmid/crops/p23/p23_mask_clearglass_regular_011.jpg,p23,mask_clearglass,regular,0.7862086892127991,p23,0.334401,correct
1,/home/tahmid/crops/p23/p23_mask_clearglass_regular_012.jpg,p23,mask_clearglass,regular,0.8238306045532227,p23,0.225707,rejected
1,/home/tahmid/crops/p23/p23_mask_clearglass_regular_013.jpg,p23,mask_clearglass,regular,0.820000171661377,p23,0.263713,rejected
1,/home/tahmid/crops/p23/p23_mask_clearglass_regular_014.jpg,p23,mask_clearglass,regular,0.7829609513282776,p23,0.300874,correct
1,/home/tahmid/crops/p23/p23_mask_low_001.jpg,p23,mask,low,0.7931445837020874,p23,0.499794,correct
1,/home/tahmid/crops/p23/p23_mask_low_002.jpg,p23,mask,low,0.7089044451713562,p23,0.398822,correct
1,/home/tahmid/crops/p23/p23_mask_low_003.jpg,p23,mask,low,0.7561555504798889,p23,0.416355,correct
1,/home/tahmid/crops/p23/p23_mask_low_004.jpg,p23,mask,low,0.7408753037452698,p23,0.532856,correct
1,/home/tahmid/crops/p23/p23_mask_low_005.jpg,p23,mask,low,0.8149572014808655,p23,0.487582,correct
1,/home/tahmid/crops/p23/p23_mask_low_006.jpg,p23,mask,low,0.8149572014808655,p23,0.487582,correct
1,/home/tahmid/crops/p23/p23_mask_low_007.jpg,p23,mask,low,0.779391884803772,p23,0.496442,correct
1,/home/tahmid/crops/p23/p23_mask_low_008.jpg,p23,mask,low,0.7436366081237793,p23,0.515951,correct
1,/home/tahmid/crops/p23/p23_mask_low_009.jpg,p23,mask,low,0.7877882719039917,p23,0.488554,correct
1,/home/tahmid/crops/p23/p23_mask_low_010.jpg,p23,mask,low,0.7089044451713562,p23,0.398822,correct
1,/home/tahmid/crops/p23/p23_mask_low_011.jpg,p23,mask,low,0.7561555504798889,p23,0.416355,correct
1,/home/tahmid/crops/p23/p23_mask_low_012.jpg,p23,mask,low,0.7408753037452698,p23,0.532856,correct
1,/home/tahmid/crops/p23/p23_mask_low_013.jpg,p23,mask,low,0.7436366081237793,p23,0.515951,correct
1,/home/tahmid/crops/p23/p23_mask_low_014.jpg,p23,mask,low,0.7462357878684998,p23,0.532216,correct
1,/home/tahmid/crops/p23/p23_mask_regular_001.jpg,p23,mask,regular,0.7872455716133118,p23,0.494354,correct
1,/home/tahmid/crops/p23/p23_mask_regular_002.jpg,p23,mask,regular,0.8016780614852905,p23,0.516478,correct
1,/home/tahmid/crops/p23/p23_mask_regular_003.jpg,p23,mask,regular,0.7444267868995667,p23,0.420971,correct
1,/home/tahmid/crops/p23/p23_mask_regular_004.jpg,p23,mask,regular,0.7472714781761169,p23,0.523051,correct
1,/home/tahmid/crops/p23/p23_mask_regular_005.jpg,p23,mask,regular,0.8171923160552979,p23,0.483256,correct
1,/home/tahmid/crops/p23/p23_mask_regular_006.jpg,p23,mask,regular,0.8171923160552979,p23,0.483256,correct
1,/home/tahmid/crops/p23/p23_mask_regular_007.jpg,p23,mask,regular,0.7872455716133118,p23,0.494354,correct
1,/home/tahmid/crops/p23/p23_mask_regular_008.jpg,p23,mask,regular,0.7353607416152954,p23,0.410771,correct
1,/home/tahmid/crops/p23/p23_mask_regular_009.jpg,p23,mask,regular,0.7444267868995667,p23,0.420971,correct
1,/home/tahmid/crops/p23/p23_mask_regular_010.jpg,p23,mask,regular,0.8026587963104248,p23,0.513771,correct
1,/home/tahmid/crops/p23/p23_mask_regular_011.jpg,p23,mask,regular,0.7472714781761169,p23,0.523051,correct
1,/home/tahmid/crops/p23/p23_mask_regular_012.jpg,p23,mask,regular,0.7907422184944153,p23,0.503526,correct
1,/home/tahmid/crops/p23/p23_mask_regular_013.jpg,p23,mask,regular,0.7247366905212402,p23,0.522901,correct
1,/home/tahmid/crops/p23/p23_mask_regular_014.jpg,p23,mask,regular,0.7442039251327515,p23,0.526766,correct
1,/home/tahmid/crops/p23/p23_mask_sunglass_low_001.jpg,p23,mask_sunglass,low,0.7631133794784546,p23,0.351674,correct
1,/home/tahmid/crops/p23/p23_mask_sunglass_low_002.jpg,p23,mask_sunglass,low,0.7484179735183716,p23,0.337537,correct
1,/home/tahmid/crops/p23/p23_mask_sunglass_low_003.jpg,p23,mask_sunglass,low,0.741094172000885,p23,0.251773,rejected
1,/home/tahmid/crops/p23/p23_mask_sunglass_low_004.jpg,p23,mask_sunglass,low,0.7738633155822754,p23,0.292807,rejected
1,/home/tahmid/crops/p23/p23_mask_sunglass_low_005.jpg,p23,mask_sunglass,low,0.8491622805595398,p23,0.264525,rejected
1,/home/tahmid/crops/p23/p23_mask_sunglass_low_006.jpg,p23,mask_sunglass,low,0.7318177819252014,p23,0.346590,correct
1,/home/tahmid/crops/p23/p23_mask_sunglass_low_007.jpg,p23,mask_sunglass,low,0.7631133794784546,p23,0.351674,correct
1,/home/tahmid/crops/p23/p23_mask_sunglass_low_008.jpg,p23,mask_sunglass,low,0.7484179735183716,p23,0.337537,correct
1,/home/tahmid/crops/p23/p23_mask_sunglass_low_009.jpg,p23,mask_sunglass,low,0.741094172000885,p23,0.251773,rejected
1,/home/tahmid/crops/p23/p23_mask_sunglass_low_010.jpg,p23,mask_sunglass,low,0.7818502187728882,p23,0.228343,rejected
1,/home/tahmid/crops/p23/p23_mask_sunglass_low_011.jpg,p23,mask_sunglass,low,0.7738633155822754,p23,0.292807,rejected
1,/home/tahmid/crops/p23/p23_mask_sunglass_low_012.jpg,p23,mask_sunglass,low,0.8491622805595398,p23,0.264525,rejected
1,/home/tahmid/crops/p23/p23_mask_sunglass_low_013.jpg,p23,mask_sunglass,low,0.8279561996459961,p23,0.351231,correct
1,/home/tahmid/crops/p23/p23_mask_sunglass_low_014.jpg,p23,mask_sunglass,low,0.7082909345626831,p23,0.261899,rejected
1,/home/tahmid/crops/p23/p23_mask_sunglass_regular_001.jpg,p23,mask_sunglass,regular,0.7689058780670166,p23,0.342475,correct
1,/home/tahmid/crops/p23/p23_mask_sunglass_regular_002.jpg,p23,mask_sunglass,regular,0.7437365651130676,p23,0.332560,correct
1,/home/tahmid/crops/p23/p23_mask_sunglass_regular_003.jpg,p23,mask_sunglass,regular,0.7577776908874512,p23,0.249661,rejected
1,/home/tahmid/crops/p23/p23_mask_sunglass_regular_004.jpg,p23,mask_sunglass,regular,0.823136568069458,p23,0.324933,correct
1,/home/tahmid/crops/p23/p23_mask_sunglass_regular_005.jpg,p23,mask_sunglass,regular,0.7231400012969971,p23,0.273027,rejected
1,/home/tahmid/crops/p23/p23_mask_sunglass_regular_006.jpg,p23,mask_sunglass,regular,0.7237485647201538,p23,0.310291,correct
1,/home/tahmid/crops/p23/p23_mask_sunglass_regular_007.jpg,p23,mask_sunglass,regular,0.7358843088150024,p23,0.310599,correct
1,/home/tahmid/crops/p23/p23_mask_sunglass_regular_008.jpg,p23,mask_sunglass,regular,0.7689058780670166,p23,0.342475,correct
1,/home/tahmid/crops/p23/p23_mask_sunglass_regular_009.jpg,p23,mask_sunglass,regular,0.7437365651130676,p23,0.332560,correct
1,/home/tahmid/crops/p23/p23_mask_sunglass_regular_010.jpg,p23,mask_sunglass,regular,0.7577776908874512,p23,0.249661,rejected
1,/home/tahmid/crops/p23/p23_mask_sunglass_regular_011.jpg,p23,mask_sunglass,regular,0.7674870491027832,p23,0.243351,rejected
1,/home/tahmid/crops/p23/p23_mask_sunglass_regular_012.jpg,p23,mask_sunglass,regular,0.8477531671524048,p23,0.263098,rejected
1,/home/tahmid/crops/p23/p23_mask_sunglass_regular_013.jpg,p23,mask_sunglass,regular,0.7231400012969971,p23,0.273027,rejected
1,/home/tahmid/crops/p23/p23_mask_sunglass_regular_014.jpg,p23,mask_sunglass,regular,0.7358843088150024,p23,0.310599,correct
1,/home/tahmid/crops/p23/p23_none_low_001.jpg,p23,none,low,0.8348197340965271,p23,0.586476,correct
1,/home/tahmid/crops/p23/p23_none_low_002.jpg,p23,none,low,0.8376882076263428,p23,0.582612,correct
1,/home/tahmid/crops/p23/p23_none_low_003.jpg,p23,none,low,0.7675319910049438,p23,0.587148,correct
1,/home/tahmid/crops/p23/p23_none_low_004.jpg,p23,none,low,0.7857069969177246,p23,0.524929,correct
1,/home/tahmid/crops/p23/p23_none_low_005.jpg,p23,none,low,0.7825098037719727,p23,0.530012,correct
1,/home/tahmid/crops/p23/p23_none_low_006.jpg,p23,none,low,0.851226806640625,p23,0.646102,correct
1,/home/tahmid/crops/p23/p23_none_low_009.jpg,p23,none,low,0.8376882076263428,p23,0.582612,correct
1,/home/tahmid/crops/p23/p23_none_low_010.jpg,p23,none,low,0.7675319910049438,p23,0.587148,correct
1,/home/tahmid/crops/p23/p23_none_low_011.jpg,p23,none,low,0.7857069969177246,p23,0.524929,correct
1,/home/tahmid/crops/p23/p23_none_low_012.jpg,p23,none,low,0.7825098037719727,p23,0.530012,correct
1,/home/tahmid/crops/p23/p23_none_low_013.jpg,p23,none,low,0.851226806640625,p23,0.646102,correct
1,/home/tahmid/crops/p23/p23_none_low_015.jpg,p23,none,low,0.7690608501434326,p23,0.584984,correct
1,/home/tahmid/crops/p23/p23_none_regular_001.jpg,p23,none,regular,0.8369025588035583,p23,0.596658,correct
1,/home/tahmid/crops/p23/p23_none_regular_002.jpg,p23,none,regular,0.7800427675247192,p23,0.531144,correct
1,/home/tahmid/crops/p23/p23_none_regular_003.jpg,p23,none,regular,0.8494234681129456,p23,0.622936,correct
1,/home/tahmid/crops/p23/p23_none_regular_007.jpg,p23,none,regular,0.7690732479095459,p23,0.581337,correct
1,/home/tahmid/crops/p23/p23_none_regular_008.jpg,p23,none,regular,0.7594770193099976,p23,0.588609,correct
1,/home/tahmid/crops/p23/p23_none_regular_009.jpg,p23,none,regular,0.7800427675247192,p23,0.531144,correct
1,/home/tahmid/crops/p23/p23_none_regular_010.jpg,p23,none,regular,0.7830015420913696,p23,0.537008,correct
1,/home/tahmid/crops/p23/p23_none_regular_011.jpg,p23,none,regular,0.8494234681129456,p23,0.622936,correct
1,/home/tahmid/crops/p23/p23_none_regular_014.jpg,p23,none,regular,0.7690732479095459,p23,0.581337,correct
1,/home/tahmid/crops/p23/p23_none_regular_015.jpg,p23,none,regular,0.7594770193099976,p23,0.588609,correct
1,/home/tahmid/crops/p23/p23_sunglass_low_001.jpg,p23,sunglass,low,0.8043406009674072,p23,0.495165,correct
1,/home/tahmid/crops/p23/p23_sunglass_low_002.jpg,p23,sunglass,low,0.8562182188034058,p23,0.493678,correct
1,/home/tahmid/crops/p23/p23_sunglass_low_003.jpg,p23,sunglass,low,0.8191858530044556,p23,0.461193,correct
1,/home/tahmid/crops/p23/p23_sunglass_low_004.jpg,p23,sunglass,low,0.8764790892601013,p23,0.479769,correct
1,/home/tahmid/crops/p23/p23_sunglass_low_005.jpg,p23,sunglass,low,0.8214114904403687,p23,0.491937,correct
1,/home/tahmid/crops/p23/p23_sunglass_low_006.jpg,p23,sunglass,low,0.7108120918273926,p23,0.519099,correct
1,/home/tahmid/crops/p23/p23_sunglass_low_007.jpg,p23,sunglass,low,0.8547378182411194,p23,0.530853,correct
1,/home/tahmid/crops/p23/p23_sunglass_low_008.jpg,p23,sunglass,low,0.8015721440315247,p23,0.497827,correct
1,/home/tahmid/crops/p23/p23_sunglass_low_009.jpg,p23,sunglass,low,0.8191858530044556,p23,0.461193,correct
1,/home/tahmid/crops/p23/p23_sunglass_low_010.jpg,p23,sunglass,low,0.8226344585418701,p23,0.471242,correct
1,/home/tahmid/crops/p23/p23_sunglass_low_011.jpg,p23,sunglass,low,0.8250158429145813,p23,0.517279,correct
1,/home/tahmid/crops/p23/p23_sunglass_low_012.jpg,p23,sunglass,low,0.8764790892601013,p23,0.479769,correct
1,/home/tahmid/crops/p23/p23_sunglass_low_013.jpg,p23,sunglass,low,0.7866172790527344,p23,0.485888,correct
1,/home/tahmid/crops/p23/p23_sunglass_low_014.jpg,p23,sunglass,low,0.8214114904403687,p23,0.491937,correct
1,/home/tahmid/crops/p23/p23_sunglass_low_015.jpg,p23,sunglass,low,0.7108120918273926,p23,0.519099,correct
1,/home/tahmid/crops/p23/p23_sunglass_regular_001.jpg,p23,sunglass,regular,0.7991600036621094,p23,0.482781,correct
1,/home/tahmid/crops/p23/p23_sunglass_regular_002.jpg,p23,sunglass,regular,0.8510015606880188,p23,0.482701,correct
1,/home/tahmid/crops/p23/p23_sunglass_regular_003.jpg,p23,sunglass,regular,0.8215678930282593,p23,0.463977,correct
1,/home/tahmid/crops/p23/p23_sunglass_regular_004.jpg,p23,sunglass,regular,0.8277552127838135,p23,0.501190,correct
1,/home/tahmid/crops/p23/p23_sunglass_regular_005.jpg,p23,sunglass,regular,0.8806600570678711,p23,0.501722,correct
1,/home/tahmid/crops/p23/p23_sunglass_regular_006.jpg,p23,sunglass,regular,0.7910187244415283,p23,0.486885,correct
1,/home/tahmid/crops/p23/p23_sunglass_regular_007.jpg,p23,sunglass,regular,0.715129554271698,p23,0.512661,correct
1,/home/tahmid/crops/p23/p23_sunglass_regular_008.jpg,p23,sunglass,regular,0.859416127204895,p23,0.512516,correct
1,/home/tahmid/crops/p23/p23_sunglass_regular_009.jpg,p23,sunglass,regular,0.7991600036621094,p23,0.482781,correct
1,/home/tahmid/crops/p23/p23_sunglass_regular_010.jpg,p23,sunglass,regular,0.8187214136123657,p23,0.461629,correct
1,/home/tahmid/crops/p23/p23_sunglass_regular_011.jpg,p23,sunglass,regular,0.8215678930282593,p23,0.463977,correct
1,/home/tahmid/crops/p23/p23_sunglass_regular_012.jpg,p23,sunglass,regular,0.8806600570678711,p23,0.501722,correct
1,/home/tahmid/crops/p23/p23_sunglass_regular_013.jpg,p23,sunglass,regular,0.7910187244415283,p23,0.486885,correct
1,/home/tahmid/crops/p23/p23_sunglass_regular_014.jpg,p23,sunglass,regular,0.8208255767822266,p23,0.496599,correct
1,/home/tahmid/crops/p23/p23_sunglass_regular_015.jpg,p23,sunglass,regular,0.715129554271698,p23,0.512661,correct
1,/home/tahmid/crops/p27/p27_cap_low_001.jpg,p27,cap,low,0.7743057012557983,p27,0.499929,correct
1,/home/tahmid/crops/p27/p27_cap_low_002.jpg,p27,cap,low,0.6756935119628906,p27,0.479203,correct
1,/home/tahmid/crops/p27/p27_cap_low_003.jpg,p27,cap,low,0.7537691593170166,p27,0.485953,correct
1,/home/tahmid/crops/p27/p27_cap_low_004.jpg,p27,cap,low,0.7734308242797852,p27,0.567930,correct
1,/home/tahmid/crops/p27/p27_cap_low_005.jpg,p27,cap,low,0.7841117978096008,p27,0.561661,correct
1,/home/tahmid/crops/p27/p27_cap_low_006.jpg,p27,cap,low,0.6905749440193176,p27,0.509930,correct
1,/home/tahmid/crops/p27/p27_cap_low_007.jpg,p27,cap,low,0.7227184772491455,p27,0.520590,correct
1,/home/tahmid/crops/p27/p27_cap_low_008.jpg,p27,cap,low,0.7680989503860474,p27,0.460696,correct
1,/home/tahmid/crops/p27/p27_cap_low_009.jpg,p27,cap,low,0.7021684646606445,p27,0.446301,correct
1,/home/tahmid/crops/p27/p27_cap_low_010.jpg,p27,cap,low,0.6690725684165955,p27,0.455441,correct
1,/home/tahmid/crops/p27/p27_cap_low_011.jpg,p27,cap,low,0.696866512298584,p27,0.464249,correct
1,/home/tahmid/crops/p27/p27_cap_low_012.jpg,p27,cap,low,0.6629601120948792,p27,0.453300,correct
1,/home/tahmid/crops/p27/p27_cap_low_013.jpg,p27,cap,low,0.7423763275146484,p27,0.468560,correct
1,/home/tahmid/crops/p27/p27_cap_low_014.jpg,p27,cap,low,0.7642723917961121,p27,0.312554,correct
1,/home/tahmid/crops/p27/p27_cap_low_015.jpg,p27,cap,low,0.750985860824585,p27,0.472688,correct
1,/home/tahmid/crops/p27/p27_cap_regular_001.jpg,p27,cap,regular,0.7632395029067993,p27,0.527897,correct
1,/home/tahmid/crops/p27/p27_cap_regular_002.jpg,p27,cap,regular,0.689285397529602,p27,0.473583,correct
1,/home/tahmid/crops/p27/p27_cap_regular_003.jpg,p27,cap,regular,0.7338563799858093,p27,0.491277,correct
1,/home/tahmid/crops/p27/p27_cap_regular_004.jpg,p27,cap,regular,0.7707885503768921,p27,0.501049,correct
1,/home/tahmid/crops/p27/p27_cap_regular_005.jpg,p27,cap,regular,0.7654280662536621,p27,0.572688,correct
1,/home/tahmid/crops/p27/p27_cap_regular_006.jpg,p27,cap,regular,0.6954060792922974,p27,0.502672,correct
1,/home/tahmid/crops/p27/p27_cap_regular_007.jpg,p27,cap,regular,0.7353516817092896,p27,0.511074,correct
1,/home/tahmid/crops/p27/p27_cap_regular_008.jpg,p27,cap,regular,0.7547785043716431,p27,0.478039,correct
1,/home/tahmid/crops/p27/p27_cap_regular_009.jpg,p27,cap,regular,0.7373130321502686,p27,0.464195,correct
1,/home/tahmid/crops/p27/p27_cap_regular_010.jpg,p27,cap,regular,0.7590250968933105,p27,0.450318,correct
1,/home/tahmid/crops/p27/p27_cap_regular_011.jpg,p27,cap,regular,0.6771893501281738,p27,0.458516,correct
1,/home/tahmid/crops/p27/p27_cap_regular_012.jpg,p27,cap,regular,0.714162290096283,p27,0.472611,correct
1,/home/tahmid/crops/p27/p27_cap_regular_013.jpg,p27,cap,regular,0.6816091537475586,p27,0.467248,correct
1,/home/tahmid/crops/p27/p27_cap_regular_014.jpg,p27,cap,regular,0.7516400814056396,p27,0.421877,correct
1,/home/tahmid/crops/p27/p27_cap_regular_015.jpg,p27,cap,regular,0.7531769275665283,p27,0.484416,correct
1,/home/tahmid/crops/p27/p27_clearglass_low_001.jpg,p27,clearglass,low,0.7525086402893066,p27,0.567269,correct
1,/home/tahmid/crops/p27/p27_clearglass_low_002.jpg,p27,clearglass,low,0.7774259448051453,p27,0.562211,correct
1,/home/tahmid/crops/p27/p27_clearglass_low_003.jpg,p27,clearglass,low,0.8213971853256226,p27,0.486911,correct
1,/home/tahmid/crops/p27/p27_clearglass_low_004.jpg,p27,clearglass,low,0.8236557245254517,p27,0.507893,correct
1,/home/tahmid/crops/p27/p27_clearglass_low_005.jpg,p27,clearglass,low,0.8729534149169922,p27,0.572766,correct
1,/home/tahmid/crops/p27/p27_clearglass_low_006.jpg,p27,clearglass,low,0.8156217336654663,p27,0.531572,correct
1,/home/tahmid/crops/p27/p27_clearglass_low_007.jpg,p27,clearglass,low,0.8497846126556396,p27,0.525243,correct
1,/home/tahmid/crops/p27/p27_clearglass_low_008.jpg,p27,clearglass,low,0.8249638080596924,p27,0.496349,correct
1,/home/tahmid/crops/p27/p27_clearglass_low_009.jpg,p27,clearglass,low,0.8329585194587708,p27,0.520721,correct
1,/home/tahmid/crops/p27/p27_clearglass_low_010.jpg,p27,clearglass,low,0.8797959685325623,p27,0.547204,correct
1,/home/tahmid/crops/p27/p27_clearglass_low_011.jpg,p27,clearglass,low,0.8634933233261108,p27,0.575608,correct
1,/home/tahmid/crops/p27/p27_clearglass_regular_001.jpg,p27,clearglass,regular,0.7806259393692017,p27,0.568043,correct
1,/home/tahmid/crops/p27/p27_clearglass_regular_002.jpg,p27,clearglass,regular,0.7904342412948608,p27,0.564069,correct
1,/home/tahmid/crops/p27/p27_clearglass_regular_003.jpg,p27,clearglass,regular,0.8442109823226929,p27,0.565413,correct
1,/home/tahmid/crops/p27/p27_clearglass_regular_004.jpg,p27,clearglass,regular,0.8305229544639587,p27,0.495397,correct
1,/home/tahmid/crops/p27/p27_clearglass_regular_005.jpg,p27,clearglass,regular,0.8362497687339783,p27,0.500137,correct
1,/home/tahmid/crops/p27/p27_clearglass_regular_006.jpg,p27,clearglass,regular,0.8721318244934082,p27,0.554513,correct
1,/home/tahmid/crops/p27/p27_clearglass_regular_007.jpg,p27,clearglass,regular,0.8293765783309937,p27,0.541266,correct
1,/home/tahmid/crops/p27/p27_clearglass_regular_008.jpg,p27,clearglass,regular,0.8553028106689453,p27,0.531163,correct
1,/home/tahmid/crops/p27/p27_clearglass_regular_009.jpg,p27,clearglass,regular,0.8463017344474792,p27,0.473294,correct
1,/home/tahmid/crops/p27/p27_clearglass_regular_010.jpg,p27,clearglass,regular,0.8273009657859802,p27,0.500496,correct
1,/home/tahmid/crops/p27/p27_clearglass_regular_011.jpg,p27,clearglass,regular,0.8317814469337463,p27,0.514629,correct
1,/home/tahmid/crops/p27/p27_clearglass_regular_012.jpg,p27,clearglass,regular,0.8804478645324707,p27,0.574520,correct
1,/home/tahmid/crops/p27/p27_clearglass_regular_013.jpg,p27,clearglass,regular,0.8670254945755005,p27,0.576832,correct
1,/home/tahmid/crops/p27/p27_clearglass_regular_014.jpg,p27,clearglass,regular,0.8579132556915283,p27,0.599561,correct
1,/home/tahmid/crops/p27/p27_mask_clearglass_low_001.jpg,p27,mask_clearglass,low,0.6858285069465637,p27,0.278121,rejected
1,/home/tahmid/crops/p27/p27_mask_clearglass_low_002.jpg,p27,mask_clearglass,low,0.6951613426208496,p27,0.301540,correct
1,/home/tahmid/crops/p27/p27_mask_clearglass_low_003.jpg,p27,mask_clearglass,low,0.7184545993804932,p27,0.327861,correct
1,/home/tahmid/crops/p27/p27_mask_clearglass_low_004.jpg,p27,mask_clearglass,low,0.7807198762893677,p27,0.252537,rejected
1,/home/tahmid/crops/p27/p27_mask_clearglass_low_005.jpg,p27,mask_clearglass,low,0.84694904088974,p27,0.343198,correct
1,/home/tahmid/crops/p27/p27_mask_clearglass_low_006.jpg,p27,mask_clearglass,low,0.8503471612930298,p27,0.344244,correct
1,/home/tahmid/crops/p27/p27_mask_clearglass_low_007.jpg,p27,mask_clearglass,low,0.8508108854293823,p27,0.344706,correct
1,/home/tahmid/crops/p27/p27_mask_clearglass_low_008.jpg,p27,mask_clearglass,low,0.7638235092163086,p27,0.261808,rejected
1,/home/tahmid/crops/p27/p27_mask_clearglass_low_009.jpg,p27,mask_clearglass,low,0.7451629042625427,p27,0.282261,rejected
1,/home/tahmid/crops/p27/p27_mask_clearglass_low_010.jpg,p27,mask_clearglass,low,0.8098222613334656,p27,0.335096,correct
1,/home/tahmid/crops/p27/p27_mask_clearglass_low_011.jpg,p27,mask_clearglass,low,0.798469066619873,p27,0.324345,correct
1,/home/tahmid/crops/p27/p27_mask_clearglass_regular_001.jpg,p27,mask_clearglass,regular,0.6917780041694641,p27,0.283217,rejected
1,/home/tahmid/crops/p27/p27_mask_clearglass_regular_002.jpg,p27,mask_clearglass,regular,0.6978493332862854,p27,0.319645,correct
1,/home/tahmid/crops/p27/p27_mask_clearglass_regular_003.jpg,p27,mask_clearglass,regular,0.7231799960136414,p27,0.332770,correct
1,/home/tahmid/crops/p27/p27_mask_clearglass_regular_004.jpg,p27,mask_clearglass,regular,0.7781568765640259,p27,0.277877,rejected
1,/home/tahmid/crops/p27/p27_mask_clearglass_regular_005.jpg,p27,mask_clearglass,regular,0.7767033576965332,p27,0.305503,correct
1,/home/tahmid/crops/p27/p27_mask_clearglass_regular_006.jpg,p27,mask_clearglass,regular,0.8531264066696167,p27,0.351374,correct
1,/home/tahmid/crops/p27/p27_mask_clearglass_regular_007.jpg,p27,mask_clearglass,regular,0.8543450832366943,p27,0.331448,correct
1,/home/tahmid/crops/p27/p27_mask_clearglass_regular_008.jpg,p27,mask_clearglass,regular,0.8507971167564392,p27,0.363555,correct
1,/home/tahmid/crops/p27/p27_mask_clearglass_regular_009.jpg,p27,mask_clearglass,regular,0.7610455751419067,p27,0.276163,rejected
1,/home/tahmid/crops/p27/p27_mask_clearglass_regular_010.jpg,p27,mask_clearglass,regular,0.7616790533065796,p30,0.285557,rejected
1,/home/tahmid/crops/p27/p27_mask_clearglass_regular_011.jpg,p27,mask_clearglass,regular,0.8121546506881714,p27,0.334999,correct
1,/home/tahmid/crops/p27/p27_mask_clearglass_regular_012.jpg,p27,mask_clearglass,regular,0.8116582632064819,p27,0.358133,correct
1,/home/tahmid/crops/p27/p27_mask_clearglass_regular_013.jpg,p27,mask_clearglass,regular,0.803727924823761,p27,0.375934,correct
1,/home/tahmid/crops/p27/p27_mask_low_001.jpg,p27,mask,low,0.6737779378890991,p27,0.383463,correct
1,/home/tahmid/crops/p27/p27_mask_low_002.jpg,p27,mask,low,0.6627384424209595,p27,0.371633,correct
1,/home/tahmid/crops/p27/p27_mask_low_003.jpg,p27,mask,low,0.7360178828239441,p27,0.369338,correct
1,/home/tahmid/crops/p27/p27_mask_low_004.jpg,p27,mask,low,0.7166275978088379,p27,0.329865,correct
1,/home/tahmid/crops/p27/p27_mask_low_005.jpg,p27,mask,low,0.7490688562393188,p27,0.342839,correct
1,/home/tahmid/crops/p27/p27_mask_low_006.jpg,p27,mask,low,0.8147203326225281,p27,0.368301,correct
1,/home/tahmid/crops/p27/p27_mask_low_007.jpg,p27,mask,low,0.8473310470581055,p27,0.364285,correct
1,/home/tahmid/crops/p27/p27_mask_low_008.jpg,p27,mask,low,0.8448466062545776,p27,0.335716,correct
1,/home/tahmid/crops/p27/p27_mask_low_009.jpg,p27,mask,low,0.7677204012870789,p27,0.312046,correct
1,/home/tahmid/crops/p27/p27_mask_low_010.jpg,p27,mask,low,0.8742766380310059,p27,0.340920,correct
1,/home/tahmid/crops/p27/p27_mask_low_011.jpg,p27,mask,low,0.8318164348602295,p27,0.283470,rejected
1,/home/tahmid/crops/p27/p27_mask_low_012.jpg,p27,mask,low,0.8307600021362305,p27,0.309554,correct
1,/home/tahmid/crops/p27/p27_mask_low_013.jpg,p27,mask,low,0.84505295753479,p27,0.299344,rejected
1,/home/tahmid/crops/p27/p27_mask_low_014.jpg,p27,mask,low,0.8626852035522461,p27,0.377959,correct
1,/home/tahmid/crops/p27/p27_mask_low_015.jpg,p27,mask,low,0.866070032119751,p27,0.383168,correct
1,/home/tahmid/crops/p27/p27_mask_regular_001.jpg,p27,mask,regular,0.7181811332702637,p27,0.373764,correct
1,/home/tahmid/crops/p27/p27_mask_regular_002.jpg,p27,mask,regular,0.6880556344985962,p27,0.392968,correct
1,/home/tahmid/crops/p27/p27_mask_regular_003.jpg,p27,mask,regular,0.8089252710342407,p27,0.381840,correct
1,/home/tahmid/crops/p27/p27_mask_regular_004.jpg,p27,mask,regular,0.7670485973358154,p27,0.341098,correct
1,/home/tahmid/crops/p27/p27_mask_regular_005.jpg,p27,mask,regular,0.8277727365493774,p27,0.339426,correct
1,/home/tahmid/crops/p27/p27_mask_regular_006.jpg,p27,mask,regular,0.8260712623596191,p27,0.434235,correct
1,/home/tahmid/crops/p27/p27_mask_regular_007.jpg,p27,mask,regular,0.8393317461013794,p27,0.416680,correct
1,/home/tahmid/crops/p27/p27_mask_regular_008.jpg,p27,mask,regular,0.862096905708313,p27,0.382392,correct
1,/home/tahmid/crops/p27/p27_mask_regular_009.jpg,p27,mask,regular,0.8714624643325806,p27,0.361611,correct
1,/home/tahmid/crops/p27/p27_mask_regular_010.jpg,p27,mask,regular,0.8025821447372437,p27,0.349426,correct
1,/home/tahmid/crops/p27/p27_mask_regular_011.jpg,p27,mask,regular,0.8866220712661743,p27,0.332162,correct
1,/home/tahmid/crops/p27/p27_mask_regular_012.jpg,p27,mask,regular,0.8275201320648193,p27,0.288938,rejected
1,/home/tahmid/crops/p27/p27_mask_regular_013.jpg,p27,mask,regular,0.8553391098976135,p27,0.329940,correct
1,/home/tahmid/crops/p27/p27_mask_regular_014.jpg,p27,mask,regular,0.871087908744812,p27,0.412490,correct
1,/home/tahmid/crops/p27/p27_mask_regular_015.jpg,p27,mask,regular,0.8729572296142578,p27,0.398355,correct
1,/home/tahmid/crops/p27/p27_mask_sunglass_low_001.jpg,p27,mask_sunglass,low,0.6428280472755432,p27,0.270806,rejected
1,/home/tahmid/crops/p27/p27_mask_sunglass_low_002.jpg,p27,mask_sunglass,low,0.7521469593048096,p27,0.274850,rejected
1,/home/tahmid/crops/p27/p27_mask_sunglass_low_003.jpg,p27,mask_sunglass,low,0.7814410924911499,p27,0.324851,correct
1,/home/tahmid/crops/p27/p27_mask_sunglass_low_004.jpg,p27,mask_sunglass,low,0.6204723119735718,p27,0.225788,rejected
1,/home/tahmid/crops/p27/p27_mask_sunglass_low_005.jpg,p27,mask_sunglass,low,0.8329194784164429,p27,0.342883,correct
1,/home/tahmid/crops/p27/p27_mask_sunglass_low_006.jpg,p27,mask_sunglass,low,0.7210419774055481,p27,0.290078,rejected
1,/home/tahmid/crops/p27/p27_mask_sunglass_low_007.jpg,p27,mask_sunglass,low,0.7037742733955383,p27,0.320205,correct
1,/home/tahmid/crops/p27/p27_mask_sunglass_low_008.jpg,p27,mask_sunglass,low,0.720343291759491,p27,0.232721,rejected
1,/home/tahmid/crops/p27/p27_mask_sunglass_low_009.jpg,p27,mask_sunglass,low,0.7010754346847534,p27,0.214510,rejected
1,/home/tahmid/crops/p27/p27_mask_sunglass_regular_001.jpg,p27,mask_sunglass,regular,0.7751030325889587,p27,0.364250,correct
1,/home/tahmid/crops/p27/p27_mask_sunglass_regular_002.jpg,p27,mask_sunglass,regular,0.6409585475921631,p27,0.305167,correct
1,/home/tahmid/crops/p27/p27_mask_sunglass_regular_003.jpg,p27,mask_sunglass,regular,0.832009494304657,p27,0.340593,correct
1,/home/tahmid/crops/p27/p27_mask_sunglass_regular_004.jpg,p27,mask_sunglass,regular,0.7392128109931946,p27,0.265779,rejected
1,/home/tahmid/crops/p27/p27_mask_sunglass_regular_005.jpg,p27,mask_sunglass,regular,0.7555062770843506,p27,0.273456,rejected
1,/home/tahmid/crops/p27/p27_mask_sunglass_regular_006.jpg,p27,mask_sunglass,regular,0.7559217810630798,p27,0.322448,correct
1,/home/tahmid/crops/p27/p27_mask_sunglass_regular_007.jpg,p27,mask_sunglass,regular,0.6433771252632141,p27,0.315882,correct
1,/home/tahmid/crops/p27/p27_mask_sunglass_regular_008.jpg,p27,mask_sunglass,regular,0.7593498229980469,p27,0.309178,correct
1,/home/tahmid/crops/p27/p27_mask_sunglass_regular_009.jpg,p27,mask_sunglass,regular,0.7157972455024719,p27,0.324392,correct
1,/home/tahmid/crops/p27/p27_none_low_001.jpg,p27,none,low,0.8240302801132202,p27,0.611403,correct
1,/home/tahmid/crops/p27/p27_none_low_002.jpg,p27,none,low,0.760572075843811,p27,0.597522,correct
1,/home/tahmid/crops/p27/p27_none_low_003.jpg,p27,none,low,0.7857832908630371,p27,0.596523,correct
1,/home/tahmid/crops/p27/p27_none_low_004.jpg,p27,none,low,0.7551459074020386,p27,0.555527,correct
1,/home/tahmid/crops/p27/p27_none_low_005.jpg,p27,none,low,0.7921820878982544,p27,0.588653,correct
1,/home/tahmid/crops/p27/p27_none_regular_001.jpg,p27,none,regular,0.8268426656723022,p27,0.610829,correct
1,/home/tahmid/crops/p27/p27_none_regular_002.jpg,p27,none,regular,0.7754471302032471,p27,0.591175,correct
1,/home/tahmid/crops/p27/p27_none_regular_003.jpg,p27,none,regular,0.7735958099365234,p27,0.590454,correct
1,/home/tahmid/crops/p27/p27_none_regular_004.jpg,p27,none,regular,0.7771750092506409,p27,0.546663,correct
1,/home/tahmid/crops/p27/p27_none_regular_005.jpg,p27,none,regular,0.796701192855835,p27,0.574487,correct
1,/home/tahmid/crops/p27/p27_none_regular_006.jpg,p27,none,regular,0.7874799966812134,p27,0.561547,correct
1,/home/tahmid/crops/p27/p27_scarf_low_001.jpg,p27,scarf,low,0.8446404933929443,p27,0.482997,correct
1,/home/tahmid/crops/p27/p27_scarf_low_002.jpg,p27,scarf,low,0.8415173292160034,p27,0.462125,correct
1,/home/tahmid/crops/p27/p27_scarf_low_003.jpg,p27,scarf,low,0.8651013374328613,p27,0.469258,correct
1,/home/tahmid/crops/p27/p27_scarf_low_004.jpg,p27,scarf,low,0.8326529860496521,p27,0.474040,correct
1,/home/tahmid/crops/p27/p27_scarf_low_005.jpg,p27,scarf,low,0.7747097611427307,p27,0.465362,correct
1,/home/tahmid/crops/p27/p27_scarf_low_006.jpg,p27,scarf,low,0.7764105796813965,p27,0.467163,correct
1,/home/tahmid/crops/p27/p27_scarf_low_007.jpg,p27,scarf,low,0.7141064405441284,p27,0.393980,correct
1,/home/tahmid/crops/p27/p27_scarf_low_008.jpg,p27,scarf,low,0.7368432879447937,p27,0.388385,correct
1,/home/tahmid/crops/p27/p27_scarf_low_009.jpg,p27,scarf,low,0.7311105728149414,p27,0.394750,correct
1,/home/tahmid/crops/p27/p27_scarf_low_010.jpg,p27,scarf,low,0.8275368809700012,p27,0.482932,correct
1,/home/tahmid/crops/p27/p27_scarf_low_011.jpg,p27,scarf,low,0.794928789138794,p27,0.500832,correct
1,/home/tahmid/crops/p27/p27_scarf_low_012.jpg,p27,scarf,low,0.7511420249938965,p27,0.501263,correct
1,/home/tahmid/crops/p27/p27_scarf_regular_001.jpg,p27,scarf,regular,0.8499457836151123,p27,0.495616,correct
1,/home/tahmid/crops/p27/p27_scarf_regular_002.jpg,p27,scarf,regular,0.8506643176078796,p27,0.451626,correct
1,/home/tahmid/crops/p27/p27_scarf_regular_003.jpg,p27,scarf,regular,0.8733428716659546,p27,0.470983,correct
1,/home/tahmid/crops/p27/p27_scarf_regular_004.jpg,p27,scarf,regular,0.835425615310669,p27,0.465493,correct
1,/home/tahmid/crops/p27/p27_scarf_regular_005.jpg,p27,scarf,regular,0.7811832427978516,p27,0.435544,correct
1,/home/tahmid/crops/p27/p27_scarf_regular_006.jpg,p27,scarf,regular,0.7842402458190918,p27,0.471396,correct
1,/home/tahmid/crops/p27/p27_scarf_regular_007.jpg,p27,scarf,regular,0.7387478351593018,p27,0.407379,correct
1,/home/tahmid/crops/p27/p27_scarf_regular_008.jpg,p27,scarf,regular,0.7419888973236084,p27,0.405568,correct
1,/home/tahmid/crops/p27/p27_scarf_regular_009.jpg,p27,scarf,regular,0.7455715537071228,p27,0.410514,correct
1,/home/tahmid/crops/p27/p27_scarf_regular_010.jpg,p27,scarf,regular,0.8265975117683411,p27,0.480140,correct
1,/home/tahmid/crops/p27/p27_scarf_regular_011.jpg,p27,scarf,regular,0.8006630539894104,p27,0.497396,correct
1,/home/tahmid/crops/p27/p27_scarf_regular_012.jpg,p27,scarf,regular,0.7716776728630066,p27,0.495833,correct
1,/home/tahmid/crops/p27/p27_sunglass_low_001.jpg,p27,sunglass,low,0.7990661859512329,p27,0.554394,correct
1,/home/tahmid/crops/p27/p27_sunglass_low_002.jpg,p27,sunglass,low,0.7996922135353088,p27,0.538154,correct
1,/home/tahmid/crops/p27/p27_sunglass_low_003.jpg,p27,sunglass,low,0.8387115597724915,p27,0.536935,correct
1,/home/tahmid/crops/p27/p27_sunglass_low_004.jpg,p27,sunglass,low,0.8563821315765381,p27,0.536574,correct
1,/home/tahmid/crops/p27/p27_sunglass_low_005.jpg,p27,sunglass,low,0.8362020254135132,p27,0.541298,correct
1,/home/tahmid/crops/p27/p27_sunglass_low_006.jpg,p27,sunglass,low,0.7095891237258911,p27,0.520894,correct
1,/home/tahmid/crops/p27/p27_sunglass_low_007.jpg,p27,sunglass,low,0.7727712392807007,p27,0.520283,correct
1,/home/tahmid/crops/p27/p27_sunglass_low_008.jpg,p27,sunglass,low,0.8377981781959534,p27,0.531064,correct
1,/home/tahmid/crops/p27/p27_sunglass_low_009.jpg,p27,sunglass,low,0.8269972205162048,p27,0.532977,correct
1,/home/tahmid/crops/p27/p27_sunglass_low_010.jpg,p27,sunglass,low,0.8634536266326904,p27,0.575410,correct
1,/home/tahmid/crops/p27/p27_sunglass_low_011.jpg,p27,sunglass,low,0.8187894821166992,p27,0.592374,correct
1,/home/tahmid/crops/p27/p27_sunglass_regular_001.jpg,p27,sunglass,regular,0.8178824186325073,p27,0.546464,correct
1,/home/tahmid/crops/p27/p27_sunglass_regular_002.jpg,p27,sunglass,regular,0.8169825077056885,p27,0.522060,correct
1,/home/tahmid/crops/p27/p27_sunglass_regular_003.jpg,p27,sunglass,regular,0.8090556859970093,p27,0.535710,correct
1,/home/tahmid/crops/p27/p27_sunglass_regular_004.jpg,p27,sunglass,regular,0.8412142992019653,p27,0.543914,correct
1,/home/tahmid/crops/p27/p27_sunglass_regular_005.jpg,p27,sunglass,regular,0.8606566190719604,p27,0.535940,correct
1,/home/tahmid/crops/p27/p27_sunglass_regular_006.jpg,p27,sunglass,regular,0.8353959321975708,p27,0.553761,correct
1,/home/tahmid/crops/p27/p27_sunglass_regular_007.jpg,p27,sunglass,regular,0.7043983936309814,p27,0.502311,correct
1,/home/tahmid/crops/p27/p27_sunglass_regular_008.jpg,p27,sunglass,regular,0.7685955762863159,p27,0.490315,correct
1,/home/tahmid/crops/p27/p27_sunglass_regular_009.jpg,p27,sunglass,regular,0.8302308320999146,p27,0.541560,correct
1,/home/tahmid/crops/p27/p27_sunglass_regular_010.jpg,p27,sunglass,regular,0.8401429653167725,p27,0.537245,correct
1,/home/tahmid/crops/p27/p27_sunglass_regular_011.jpg,p27,sunglass,regular,0.8309230208396912,p27,0.541242,correct
1,/home/tahmid/crops/p27/p27_sunglass_regular_012.jpg,p27,sunglass,regular,0.8581627011299133,p27,0.564994,correct
1,/home/tahmid/crops/p27/p27_sunglass_regular_013.jpg,p27,sunglass,regular,0.8196851015090942,p27,0.588534,correct
1,/home/tahmid/crops/p27/p27_sunglass_regular_014.jpg,p27,sunglass,regular,0.837295413017273,p27,0.541317,correct
2,/home/tahmid/crops/p06/p06_cap_low_001.jpg,p06,cap,low,0.8008033037185669,p06,0.422017,correct
2,/home/tahmid/crops/p06/p06_cap_low_002.jpg,p06,cap,low,0.8061070442199707,p06,0.424460,correct
2,/home/tahmid/crops/p06/p06_cap_low_003.jpg,p06,cap,low,0.7699649333953857,p06,0.432615,correct
2,/home/tahmid/crops/p06/p06_cap_low_004.jpg,p06,cap,low,0.7573450207710266,p06,0.420500,correct
2,/home/tahmid/crops/p06/p06_cap_low_005.jpg,p06,cap,low,0.7112991213798523,p06,0.505472,correct
2,/home/tahmid/crops/p06/p06_cap_low_006.jpg,p06,cap,low,0.6705447435379028,p06,0.498978,correct
2,/home/tahmid/crops/p06/p06_cap_low_007.jpg,p06,cap,low,0.7337266206741333,p06,0.435098,correct
2,/home/tahmid/crops/p06/p06_cap_low_008.jpg,p06,cap,low,0.7313259840011597,p06,0.437352,correct
2,/home/tahmid/crops/p06/p06_cap_low_009.jpg,p06,cap,low,0.6865184307098389,p06,0.384776,correct
2,/home/tahmid/crops/p06/p06_cap_low_010.jpg,p06,cap,low,0.7145958542823792,p06,0.383729,correct
2,/home/tahmid/crops/p06/p06_cap_regular_001.jpg,p06,cap,regular,0.7938946485519409,p06,0.437907,correct
2,/home/tahmid/crops/p06/p06_cap_regular_002.jpg,p06,cap,regular,0.7924720048904419,p06,0.432348,correct
2,/home/tahmid/crops/p06/p06_cap_regular_003.jpg,p06,cap,regular,0.7302569150924683,p06,0.435273,correct
2,/home/tahmid/crops/p06/p06_cap_regular_004.jpg,p06,cap,regular,0.7275025248527527,p06,0.444990,correct
2,/home/tahmid/crops/p06/p06_cap_regular_005.jpg,p06,cap,regular,0.7188816070556641,p06,0.498004,correct
2,/home/tahmid/crops/p06/p06_cap_regular_006.jpg,p06,cap,regular,0.7603970766067505,p06,0.510160,correct
2,/home/tahmid/crops/p06/p06_cap_regular_007.jpg,p06,cap,regular,0.6424427032470703,p06,0.475090,correct
2,/home/tahmid/crops/p06/p06_cap_regular_008.jpg,p06,cap,regular,0.6667258143424988,p06,0.444566,correct
2,/home/tahmid/crops/p06/p06_cap_regular_009.jpg,p06,cap,regular,0.7351211905479431,p06,0.430413,correct
2,/home/tahmid/crops/p06/p06_cap_regular_010.jpg,p06,cap,regular,0.7646613717079163,p06,0.418321,correct
2,/home/tahmid/crops/p06/p06_clearglass_low_001.jpg,p06,clearglass,low,0.8270671367645264,p06,0.420804,correct
2,/home/tahmid/crops/p06/p06_clearglass_low_002.jpg,p06,clearglass,low,0.8194763660430908,p06,0.420503,correct
2,/home/tahmid/crops/p06/p06_clearglass_low_003.jpg,p06,clearglass,low,0.7418862581253052,p06,0.449484,correct
2,/home/tahmid/crops/p06/p06_clearglass_low_004.jpg,p06,clearglass,low,0.7510412931442261,p06,0.446322,correct
2,/home/tahmid/crops/p06/p06_clearglass_low_005.jpg,p06,clearglass,low,0.7148861289024353,p06,0.463214,correct
2,/home/tahmid/crops/p06/p06_clearglass_low_006.jpg,p06,clearglass,low,0.7204933166503906,p06,0.477180,correct
2,/home/tahmid/crops/p06/p06_clearglass_low_007.jpg,p06,clearglass,low,0.717641294002533,p06,0.411654,correct
2,/home/tahmid/crops/p06/p06_clearglass_low_008.jpg,p06,clearglass,low,0.722959578037262,p06,0.419053,correct
2,/home/tahmid/crops/p06/p06_clearglass_low_009.jpg,p06,clearglass,low,0.701007068157196,p06,0.427688,correct
2,/home/tahmid/crops/p06/p06_clearglass_low_010.jpg,p06,clearglass,low,0.7614884376525879,p06,0.409746,correct
2,/home/tahmid/crops/p06/p06_clearglass_regular_001.jpg,p06,clearglass,regular,0.7899512648582458,p06,0.423005,correct
2,/home/tahmid/crops/p06/p06_clearglass_regular_002.jpg,p06,clearglass,regular,0.780726432800293,p06,0.424092,correct
2,/home/tahmid/crops/p06/p06_clearglass_regular_003.jpg,p06,clearglass,regular,0.6516306400299072,p06,0.426739,correct
2,/home/tahmid/crops/p06/p06_clearglass_regular_004.jpg,p06,clearglass,regular,0.6781285405158997,p06,0.445756,correct
2,/home/tahmid/crops/p06/p06_clearglass_regular_005.jpg,p06,clearglass,regular,0.7192984223365784,p06,0.513698,correct
2,/home/tahmid/crops/p06/p06_clearglass_regular_006.jpg,p06,clearglass,regular,0.7037720680236816,p06,0.511912,correct
2,/home/tahmid/crops/p06/p06_clearglass_regular_007.jpg,p06,clearglass,regular,0.651515781879425,p06,0.443547,correct
2,/home/tahmid/crops/p06/p06_clearglass_regular_008.jpg,p06,clearglass,regular,0.6948899030685425,p06,0.444670,correct
2,/home/tahmid/crops/p06/p06_clearglass_regular_009.jpg,p06,clearglass,regular,0.8608653545379639,p06,0.411131,correct
2,/home/tahmid/crops/p06/p06_clearglass_regular_010.jpg,p06,clearglass,regular,0.8323882818222046,p06,0.413048,correct
2,/home/tahmid/crops/p06/p06_mask_clearglass_low_001.jpg,p06,mask_clearglass,low,0.7596434354782104,p06,0.276069,rejected
2,/home/tahmid/crops/p06/p06_mask_clearglass_low_002.jpg,p06,mask_clearglass,low,0.6967771053314209,p06,0.272109,rejected
2,/home/tahmid/crops/p06/p06_mask_clearglass_low_003.jpg,p06,mask_clearglass,low,0.7168548107147217,p12,0.274353,rejected
2,/home/tahmid/crops/p06/p06_mask_clearglass_low_004.jpg,p06,mask_clearglass,low,0.6947813034057617,p12,0.272000,rejected
2,/home/tahmid/crops/p06/p06_mask_clearglass_low_005.jpg,p06,mask_clearglass,low,0.6853491067886353,p06,0.253439,rejected
2,/home/tahmid/crops/p06/p06_mask_clearglass_low_006.jpg,p06,mask_clearglass,low,0.7063904404640198,p06,0.241383,rejected
2,/home/tahmid/crops/p06/p06_mask_clearglass_low_007.jpg,p06,mask_clearglass,low,0.7095373868942261,p06,0.248234,rejected
2,/home/tahmid/crops/p06/p06_mask_clearglass_low_008.jpg,p06,mask_clearglass,low,0.7719869613647461,p06,0.239603,rejected
2,/home/tahmid/crops/p06/p06_mask_clearglass_low_009.jpg,p06,mask_clearglass,low,0.6182230710983276,p15,0.205153,rejected
2,/home/tahmid/crops/p06/p06_mask_clearglass_low_010.jpg,p06,mask_clearglass,low,0.48265334963798523,p15,0.235541,rejected
2,/home/tahmid/crops/p06/p06_mask_clearglass_regular_001.jpg,p06,mask_clearglass,regular,0.7644824981689453,p06,0.303847,correct
2,/home/tahmid/crops/p06/p06_mask_clearglass_regular_002.jpg,p06,mask_clearglass,regular,0.7946742177009583,p06,0.311052,correct
2,/home/tahmid/crops/p06/p06_mask_clearglass_regular_003.jpg,p06,mask_clearglass,regular,0.8216142654418945,p04,0.218684,rejected
2,/home/tahmid/crops/p06/p06_mask_clearglass_regular_004.jpg,p06,mask_clearglass,regular,0.7685544490814209,p12,0.263089,rejected
2,/home/tahmid/crops/p06/p06_mask_clearglass_regular_005.jpg,p06,mask_clearglass,regular,0.6782873272895813,p06,0.348858,correct
2,/home/tahmid/crops/p06/p06_mask_clearglass_regular_006.jpg,p06,mask_clearglass,regular,0.6736581921577454,p06,0.342987,correct
2,/home/tahmid/crops/p06/p06_mask_clearglass_regular_007.jpg,p06,mask_clearglass,regular,0.6158546209335327,p06,0.286093,rejected
2,/home/tahmid/crops/p06/p06_mask_clearglass_regular_008.jpg,p06,mask_clearglass,regular,0.5981752276420593,p06,0.264391,rejected
2,/home/tahmid/crops/p06/p06_mask_clearglass_regular_009.jpg,p06,mask_clearglass,regular,0.6784457564353943,p04,0.192639,rejected
2,/home/tahmid/crops/p06/p06_mask_clearglass_regular_010.jpg,p06,mask_clearglass,regular,0.7287434935569763,p06,0.168300,rejected
2,/home/tahmid/crops/p06/p06_mask_low_001.jpg,p06,mask,low,0.735647439956665,p06,0.314700,correct
2,/home/tahmid/crops/p06/p06_mask_low_002.jpg,p06,mask,low,0.7507317066192627,p06,0.312505,correct
2,/home/tahmid/crops/p06/p06_mask_low_003.jpg,p06,mask,low,0.7509634494781494,p06,0.327418,correct
2,/home/tahmid/crops/p06/p06_mask_low_004.jpg,p06,mask,low,0.7576183080673218,p06,0.286692,rejected
2,/home/tahmid/crops/p06/p06_mask_low_005.jpg,p06,mask,low,0.7618166208267212,p06,0.305252,correct
2,/home/tahmid/crops/p06/p06_mask_low_006.jpg,p06,mask,low,0.758895218372345,p06,0.293671,rejected
2,/home/tahmid/crops/p06/p06_mask_low_007.jpg,p06,mask,low,0.7516968250274658,p06,0.347080,correct
2,/home/tahmid/crops/p06/p06_mask_low_008.jpg,p06,mask,low,0.7540059089660645,p06,0.356780,correct
2,/home/tahmid/crops/p06/p06_mask_low_009.jpg,p06,mask,low,0.7708914279937744,p06,0.341100,correct
2,/home/tahmid/crops/p06/p06_mask_low_010.jpg,p06,mask,low,0.674752950668335,p06,0.332539,correct
2,/home/tahmid/crops/p06/p06_mask_low_011.jpg,p06,mask,low,0.6600391864776611,p06,0.326369,correct
2,/home/tahmid/crops/p06/p06_mask_low_012.jpg,p06,mask,low,0.6694334745407104,p06,0.328555,correct
2,/home/tahmid/crops/p06/p06_mask_low_013.jpg,p06,mask,low,0.749319314956665,p06,0.259431,rejected
2,/home/tahmid/crops/p06/p06_mask_low_014.jpg,p06,mask,low,0.7402623295783997,p06,0.271114,rejected
2,/home/tahmid/crops/p06/p06_mask_low_015.jpg,p06,mask,low,0.7157354950904846,p06,0.261963,rejected
2,/home/tahmid/crops/p06/p06_mask_regular_001.jpg,p06,mask,regular,0.7958753108978271,p06,0.335730,correct
2,/home/tahmid/crops/p06/p06_mask_regular_002.jpg,p06,mask,regular,0.7759329080581665,p06,0.328345,correct
2,/home/tahmid/crops/p06/p06_mask_regular_003.jpg,p06,mask,regular,0.8235368728637695,p06,0.324386,correct
2,/home/tahmid/crops/p06/p06_mask_regular_004.jpg,p06,mask,regular,0.7941910624504089,p06,0.323060,correct
2,/home/tahmid/crops/p06/p06_mask_regular_005.jpg,p06,mask,regular,0.7777162194252014,p06,0.326401,correct
2,/home/tahmid/crops/p06/p06_mask_regular_006.jpg,p06,mask,regular,0.8003025650978088,p06,0.326265,correct
2,/home/tahmid/crops/p06/p06_mask_regular_007.jpg,p06,mask,regular,0.7525607943534851,p06,0.404116,correct
2,/home/tahmid/crops/p06/p06_mask_regular_008.jpg,p06,mask,regular,0.767539918422699,p06,0.415690,correct
2,/home/tahmid/crops/p06/p06_mask_regular_009.jpg,p06,mask,regular,0.7217207551002502,p06,0.387540,correct
2,/home/tahmid/crops/p06/p06_mask_regular_010.jpg,p06,mask,regular,0.6963112950325012,p06,0.351139,correct
2,/home/tahmid/crops/p06/p06_mask_regular_011.jpg,p06,mask,regular,0.6846014261245728,p06,0.335567,correct
2,/home/tahmid/crops/p06/p06_mask_regular_012.jpg,p06,mask,regular,0.6517400741577148,p06,0.346826,correct
2,/home/tahmid/crops/p06/p06_mask_regular_013.jpg,p06,mask,regular,0.6861276626586914,p06,0.306930,correct
2,/home/tahmid/crops/p06/p06_mask_regular_014.jpg,p06,mask,regular,0.7481054663658142,p06,0.301006,correct
2,/home/tahmid/crops/p06/p06_mask_regular_015.jpg,p06,mask,regular,0.7369235157966614,p06,0.308712,correct
2,/home/tahmid/crops/p06/p06_mask_sunglass_low_001.jpg,p06,mask_sunglass,low,0.7556265592575073,p04,0.250243,rejected
2,/home/tahmid/crops/p06/p06_mask_sunglass_low_002.jpg,p06,mask_sunglass,low,0.7380061149597168,p04,0.267419,rejected
2,/home/tahmid/crops/p06/p06_mask_sunglass_low_003.jpg,p06,mask_sunglass,low,0.7455921173095703,p04,0.278963,rejected
2,/home/tahmid/crops/p06/p06_mask_sunglass_low_004.jpg,p06,mask_sunglass,low,0.6524608731269836,p06,0.250427,rejected
2,/home/tahmid/crops/p06/p06_mask_sunglass_low_005.jpg,p06,mask_sunglass,low,0.6005970239639282,p06,0.216793,rejected
2,/home/tahmid/crops/p06/p06_mask_sunglass_low_006.jpg,p06,mask_sunglass,low,0.6198573112487793,p04,0.287129,rejected
2,/home/tahmid/crops/p06/p06_mask_sunglass_low_007.jpg,p06,mask_sunglass,low,0.6699783802032471,p06,0.232331,rejected
2,/home/tahmid/crops/p06/p06_mask_sunglass_low_008.jpg,p06,mask_sunglass,low,0.6740564107894897,p06,0.192066,rejected
2,/home/tahmid/crops/p06/p06_mask_sunglass_low_009.jpg,p06,mask_sunglass,low,0.6863998770713806,p06,0.229421,rejected
2,/home/tahmid/crops/p06/p06_mask_sunglass_low_010.jpg,p06,mask_sunglass,low,0.7030084133148193,p04,0.203665,rejected
2,/home/tahmid/crops/p06/p06_mask_sunglass_low_011.jpg,p06,mask_sunglass,low,0.7117524147033691,p04,0.201467,rejected
2,/home/tahmid/crops/p06/p06_mask_sunglass_low_012.jpg,p06,mask_sunglass,low,0.689376950263977,p04,0.170069,rejected
2,/home/tahmid/crops/p06/p06_mask_sunglass_low_013.jpg,p06,mask_sunglass,low,0.5827463865280151,p15,0.181742,rejected
2,/home/tahmid/crops/p06/p06_mask_sunglass_low_014.jpg,p06,mask_sunglass,low,0.4648851156234741,p04,0.138120,rejected
2,/home/tahmid/crops/p06/p06_mask_sunglass_low_015.jpg,p06,mask_sunglass,low,0.4329425096511841,p15,0.153378,rejected
2,/home/tahmid/crops/p06/p06_mask_sunglass_regular_001.jpg,p06,mask_sunglass,regular,0.7175278663635254,p04,0.273577,rejected
2,/home/tahmid/crops/p06/p06_mask_sunglass_regular_002.jpg,p06,mask_sunglass,regular,0.7373849153518677,p04,0.303627,misidentified
2,/home/tahmid/crops/p06/p06_mask_sunglass_regular_003.jpg,p06,mask_sunglass,regular,0.7726254463195801,p04,0.294154,rejected
2,/home/tahmid/crops/p06/p06_mask_sunglass_regular_004.jpg,p06,mask_sunglass,regular,0.7617135047912598,p04,0.254596,rejected
2,/home/tahmid/crops/p06/p06_mask_sunglass_regular_005.jpg,p06,mask_sunglass,regular,0.7847390174865723,p04,0.244399,rejected
2,/home/tahmid/crops/p06/p06_mask_sunglass_regular_006.jpg,p06,mask_sunglass,regular,0.7749171257019043,p04,0.250625,rejected
2,/home/tahmid/crops/p06/p06_mask_sunglass_regular_007.jpg,p06,mask_sunglass,regular,0.8262766599655151,p06,0.267256,rejected
2,/home/tahmid/crops/p06/p06_mask_sunglass_regular_008.jpg,p06,mask_sunglass,regular,0.8286037445068359,p06,0.232098,rejected
2,/home/tahmid/crops/p06/p06_mask_sunglass_regular_009.jpg,p06,mask_sunglass,regular,0.8041405081748962,p04,0.230166,rejected
2,/home/tahmid/crops/p06/p06_mask_sunglass_regular_010.jpg,p06,mask_sunglass,regular,0.710761308670044,p04,0.203814,rejected
2,/home/tahmid/crops/p06/p06_mask_sunglass_regular_011.jpg,p06,mask_sunglass,regular,0.6875420808792114,p04,0.182629,rejected
2,/home/tahmid/crops/p06/p06_mask_sunglass_regular_012.jpg,p06,mask_sunglass,regular,0.7094151973724365,p04,0.203000,rejected
2,/home/tahmid/crops/p06/p06_mask_sunglass_regular_013.jpg,p06,mask_sunglass,regular,0.6267843842506409,p15,0.177111,rejected
2,/home/tahmid/crops/p06/p06_mask_sunglass_regular_014.jpg,p06,mask_sunglass,regular,0.6506325602531433,p15,0.177805,rejected
2,/home/tahmid/crops/p06/p06_mask_sunglass_regular_015.jpg,p06,mask_sunglass,regular,0.6835122108459473,p15,0.167679,rejected
2,/home/tahmid/crops/p06/p06_none_low_001.jpg,p06,none,low,0.8018019199371338,p06,0.468192,correct
2,/home/tahmid/crops/p06/p06_none_low_002.jpg,p06,none,low,0.8010669350624084,p06,0.465851,correct
2,/home/tahmid/crops/p06/p06_none_low_003.jpg,p06,none,low,0.8124411702156067,p06,0.465666,correct
2,/home/tahmid/crops/p06/p06_none_low_004.jpg,p06,none,low,0.7895152568817139,p06,0.465925,correct
2,/home/tahmid/crops/p06/p06_none_low_005.jpg,p06,none,low,0.77223801612854,p06,0.459402,correct
2,/home/tahmid/crops/p06/p06_none_low_006.jpg,p06,none,low,0.763443112373352,p06,0.448290,correct
2,/home/tahmid/crops/p06/p06_none_low_007.jpg,p06,none,low,0.8458200097084045,p06,0.540096,correct
2,/home/tahmid/crops/p06/p06_none_low_008.jpg,p06,none,low,0.8243741989135742,p06,0.536967,correct
2,/home/tahmid/crops/p06/p06_none_low_009.jpg,p06,none,low,0.8249143362045288,p06,0.545922,correct
2,/home/tahmid/crops/p06/p06_none_low_010.jpg,p06,none,low,0.7531152963638306,p06,0.467536,correct
2,/home/tahmid/crops/p06/p06_none_low_011.jpg,p06,none,low,0.749671459197998,p06,0.448902,correct
2,/home/tahmid/crops/p06/p06_none_low_012.jpg,p06,none,low,0.7431131601333618,p06,0.459064,correct
2,/home/tahmid/crops/p06/p06_none_low_013.jpg,p06,none,low,0.7594586610794067,p06,0.441155,correct
2,/home/tahmid/crops/p06/p06_none_low_014.jpg,p06,none,low,0.7528915405273438,p06,0.438522,correct
2,/home/tahmid/crops/p06/p06_none_low_015.jpg,p06,none,low,0.7531250715255737,p06,0.440220,correct
2,/home/tahmid/crops/p06/p06_none_regular_001.jpg,p06,none,regular,0.8589996099472046,p06,0.451515,correct
2,/home/tahmid/crops/p06/p06_none_regular_002.jpg,p06,none,regular,0.8601611852645874,p06,0.472386,correct
2,/home/tahmid/crops/p06/p06_none_regular_003.jpg,p06,none,regular,0.854953408241272,p06,0.469602,correct
2,/home/tahmid/crops/p06/p06_none_regular_004.jpg,p06,none,regular,0.8519963622093201,p06,0.456033,correct
2,/home/tahmid/crops/p06/p06_none_regular_005.jpg,p06,none,regular,0.8420790433883667,p06,0.447391,correct
2,/home/tahmid/crops/p06/p06_none_regular_006.jpg,p06,none,regular,0.8570008277893066,p06,0.477363,correct
2,/home/tahmid/crops/p06/p06_none_regular_013.jpg,p06,none,regular,0.8128780126571655,p06,0.451756,correct
2,/home/tahmid/crops/p06/p06_none_regular_014.jpg,p06,none,regular,0.8053519129753113,p06,0.457976,correct
2,/home/tahmid/crops/p06/p06_none_regular_015.jpg,p06,none,regular,0.8143359422683716,p06,0.465389,correct
2,/home/tahmid/crops/p06/p06_scarf_low_001.jpg,p06,scarf,low,0.8072388172149658,p06,0.309129,correct
2,/home/tahmid/crops/p06/p06_scarf_low_002.jpg,p06,scarf,low,0.823009729385376,p06,0.292701,rejected
2,/home/tahmid/crops/p06/p06_scarf_low_003.jpg,p06,scarf,low,0.647207498550415,p06,0.258621,rejected
2,/home/tahmid/crops/p06/p06_scarf_low_004.jpg,p06,scarf,low,0.6752089262008667,p06,0.261200,rejected
2,/home/tahmid/crops/p06/p06_scarf_low_005.jpg,p06,scarf,low,0.6308832764625549,p06,0.281547,rejected
2,/home/tahmid/crops/p06/p06_scarf_low_006.jpg,p06,scarf,low,0.6714890003204346,p06,0.270433,rejected
2,/home/tahmid/crops/p06/p06_scarf_low_007.jpg,p06,scarf,low,0.6239603161811829,p06,0.305090,correct
2,/home/tahmid/crops/p06/p06_scarf_low_008.jpg,p06,scarf,low,0.6466132402420044,p06,0.313044,correct
2,/home/tahmid/crops/p06/p06_scarf_low_009.jpg,p06,scarf,low,0.6746875047683716,p06,0.230249,rejected
2,/home/tahmid/crops/p06/p06_scarf_low_010.jpg,p06,scarf,low,0.6673281192779541,p06,0.215170,rejected
2,/home/tahmid/crops/p06/p06_scarf_regular_001.jpg,p06,scarf,regular,0.7970498204231262,p06,0.266481,rejected
2,/home/tahmid/crops/p06/p06_scarf_regular_002.jpg,p06,scarf,regular,0.8071863651275635,p06,0.277269,rejected
2,/home/tahmid/crops/p06/p06_scarf_regular_003.jpg,p06,scarf,regular,0.7033373117446899,p06,0.283880,rejected
2,/home/tahmid/crops/p06/p06_scarf_regular_004.jpg,p06,scarf,regular,0.7365925312042236,p06,0.276751,rejected
2,/home/tahmid/crops/p06/p06_scarf_regular_005.jpg,p06,scarf,regular,0.6981322169303894,p06,0.329916,correct
2,/home/tahmid/crops/p06/p06_scarf_regular_006.jpg,p06,scarf,regular,0.6705262660980225,p06,0.323480,correct
2,/home/tahmid/crops/p06/p06_scarf_regular_007.jpg,p06,scarf,regular,0.6503849625587463,p06,0.331600,correct
2,/home/tahmid/crops/p06/p06_scarf_regular_008.jpg,p06,scarf,regular,0.6415968537330627,p06,0.332954,correct
2,/home/tahmid/crops/p06/p06_scarf_regular_009.jpg,p06,scarf,regular,0.7118545174598694,p06,0.239984,rejected
2,/home/tahmid/crops/p06/p06_scarf_regular_010.jpg,p06,scarf,regular,0.675460159778595,p06,0.250041,rejected
2,/home/tahmid/crops/p06/p06_sunglass_low_001.jpg,p06,sunglass,low,0.804632306098938,p06,0.438974,correct
2,/home/tahmid/crops/p06/p06_sunglass_low_002.jpg,p06,sunglass,low,0.8146580457687378,p06,0.449573,correct
2,/home/tahmid/crops/p06/p06_sunglass_low_003.jpg,p06,sunglass,low,0.80730140209198,p06,0.444749,correct
2,/home/tahmid/crops/p06/p06_sunglass_low_004.jpg,p06,sunglass,low,0.6769343614578247,p06,0.471193,correct
2,/home/tahmid/crops/p06/p06_sunglass_low_005.jpg,p06,sunglass,low,0.6679985523223877,p06,0.488896,correct
2,/home/tahmid/crops/p06/p06_sunglass_low_006.jpg,p06,sunglass,low,0.6738414764404297,p06,0.462165,correct
2,/home/tahmid/crops/p06/p06_sunglass_low_007.jpg,p06,sunglass,low,0.7628627419471741,p06,0.538882,correct
2,/home/tahmid/crops/p06/p06_sunglass_low_008.jpg,p06,sunglass,low,0.7206000089645386,p06,0.540282,correct
2,/home/tahmid/crops/p06/p06_sunglass_low_009.jpg,p06,sunglass,low,0.6946507692337036,p06,0.548432,correct
2,/home/tahmid/crops/p06/p06_sunglass_low_010.jpg,p06,sunglass,low,0.6387677788734436,p06,0.464039,correct
2,/home/tahmid/crops/p06/p06_sunglass_low_011.jpg,p06,sunglass,low,0.7023160457611084,p06,0.433068,correct
2,/home/tahmid/crops/p06/p06_sunglass_low_012.jpg,p06,sunglass,low,0.697746217250824,p06,0.441124,correct
2,/home/tahmid/crops/p06/p06_sunglass_low_013.jpg,p06,sunglass,low,0.7439268231391907,p06,0.449505,correct
2,/home/tahmid/crops/p06/p06_sunglass_low_014.jpg,p06,sunglass,low,0.7471576929092407,p06,0.459018,correct
2,/home/tahmid/crops/p06/p06_sunglass_low_015.jpg,p06,sunglass,low,0.7482913136482239,p06,0.444861,correct
2,/home/tahmid/crops/p06/p06_sunglass_regular_001.jpg,p06,sunglass,regular,0.865249514579773,p06,0.415373,correct
2,/home/tahmid/crops/p06/p06_sunglass_regular_002.jpg,p06,sunglass,regular,0.8763433694839478,p06,0.415192,correct
2,/home/tahmid/crops/p06/p06_sunglass_regular_003.jpg,p06,sunglass,regular,0.8390988111495972,p06,0.401973,correct
2,/home/tahmid/crops/p06/p06_sunglass_regular_004.jpg,p06,sunglass,regular,0.7949395179748535,p06,0.410077,correct
2,/home/tahmid/crops/p06/p06_sunglass_regular_005.jpg,p06,sunglass,regular,0.8255120515823364,p06,0.411858,correct
2,/home/tahmid/crops/p06/p06_sunglass_regular_006.jpg,p06,sunglass,regular,0.8186691403388977,p06,0.412392,correct
2,/home/tahmid/crops/p06/p06_sunglass_regular_007.jpg,p06,sunglass,regular,0.7759620547294617,p06,0.552945,correct
2,/home/tahmid/crops/p06/p06_sunglass_regular_008.jpg,p06,sunglass,regular,0.7722251415252686,p06,0.559959,correct
2,/home/tahmid/crops/p06/p06_sunglass_regular_009.jpg,p06,sunglass,regular,0.7492381930351257,p06,0.554653,correct
2,/home/tahmid/crops/p06/p06_sunglass_regular_010.jpg,p06,sunglass,regular,0.6579617857933044,p06,0.443835,correct
2,/home/tahmid/crops/p06/p06_sunglass_regular_011.jpg,p06,sunglass,regular,0.6224833726882935,p06,0.427012,correct
2,/home/tahmid/crops/p06/p06_sunglass_regular_012.jpg,p06,sunglass,regular,0.6356267929077148,p06,0.450217,correct
2,/home/tahmid/crops/p06/p06_sunglass_regular_013.jpg,p06,sunglass,regular,0.7745347023010254,p06,0.452836,correct
2,/home/tahmid/crops/p06/p06_sunglass_regular_014.jpg,p06,sunglass,regular,0.8097946643829346,p06,0.450413,correct
2,/home/tahmid/crops/p06/p06_sunglass_regular_015.jpg,p06,sunglass,regular,0.785844087600708,p06,0.443778,correct
2,/home/tahmid/crops/p07/p07_cap_low_001.jpg,p07,cap,low,0.8312702775001526,p07,0.571096,correct
2,/home/tahmid/crops/p07/p07_cap_low_002.jpg,p07,cap,low,0.7928839921951294,p07,0.572705,correct
2,/home/tahmid/crops/p07/p07_cap_low_003.jpg,p07,cap,low,0.833365797996521,p07,0.570424,correct
2,/home/tahmid/crops/p07/p07_cap_low_004.jpg,p07,cap,low,0.8019818067550659,p07,0.573939,correct
2,/home/tahmid/crops/p07/p07_cap_low_005.jpg,p07,cap,low,0.8204049468040466,p07,0.575606,correct
2,/home/tahmid/crops/p07/p07_cap_low_006.jpg,p07,cap,low,0.8334580063819885,p07,0.579703,correct
2,/home/tahmid/crops/p07/p07_cap_low_007.jpg,p07,cap,low,0.7401930093765259,p07,0.557790,correct
2,/home/tahmid/crops/p07/p07_cap_low_008.jpg,p07,cap,low,0.7336728572845459,p07,0.550114,correct
2,/home/tahmid/crops/p07/p07_cap_low_009.jpg,p07,cap,low,0.8336081504821777,p07,0.548289,correct
2,/home/tahmid/crops/p07/p07_cap_low_010.jpg,p07,cap,low,0.8066423535346985,p07,0.554212,correct
2,/home/tahmid/crops/p07/p07_cap_regular_001.jpg,p07,cap,regular,0.7801123857498169,p07,0.611968,correct
2,/home/tahmid/crops/p07/p07_cap_regular_002.jpg,p07,cap,regular,0.7785475850105286,p07,0.609265,correct
2,/home/tahmid/crops/p07/p07_cap_regular_003.jpg,p07,cap,regular,0.7714465856552124,p07,0.604960,correct
2,/home/tahmid/crops/p07/p07_cap_regular_004.jpg,p07,cap,regular,0.7809851765632629,p07,0.602921,correct
2,/home/tahmid/crops/p07/p07_cap_regular_005.jpg,p07,cap,regular,0.7792433500289917,p07,0.578181,correct
2,/home/tahmid/crops/p07/p07_cap_regular_006.jpg,p07,cap,regular,0.7811254262924194,p07,0.592206,correct
2,/home/tahmid/crops/p07/p07_cap_regular_007.jpg,p07,cap,regular,0.7177267670631409,p07,0.535175,correct
2,/home/tahmid/crops/p07/p07_cap_regular_008.jpg,p07,cap,regular,0.6786274313926697,p07,0.557726,correct
2,/home/tahmid/crops/p07/p07_cap_regular_009.jpg,p07,cap,regular,0.7782593965530396,p07,0.573268,correct
2,/home/tahmid/crops/p07/p07_cap_regular_010.jpg,p07,cap,regular,0.8095704317092896,p07,0.577098,correct
2,/home/tahmid/crops/p07/p07_clearglass_low_001.jpg,p07,clearglass,low,0.7680842876434326,p07,0.546963,correct
2,/home/tahmid/crops/p07/p07_clearglass_low_002.jpg,p07,clearglass,low,0.7481662631034851,p07,0.550837,correct
2,/home/tahmid/crops/p07/p07_clearglass_low_003.jpg,p07,clearglass,low,0.7997744679450989,p07,0.561759,correct
2,/home/tahmid/crops/p07/p07_clearglass_low_004.jpg,p07,clearglass,low,0.8076469898223877,p07,0.555016,correct
2,/home/tahmid/crops/p07/p07_clearglass_low_005.jpg,p07,clearglass,low,0.6536993980407715,p07,0.556197,correct
2,/home/tahmid/crops/p07/p07_clearglass_low_006.jpg,p07,clearglass,low,0.6652580499649048,p07,0.556257,correct
2,/home/tahmid/crops/p07/p07_clearglass_low_007.jpg,p07,clearglass,low,0.6709328889846802,p07,0.495469,correct
2,/home/tahmid/crops/p07/p07_clearglass_low_008.jpg,p07,clearglass,low,0.6745597124099731,p07,0.489623,correct
2,/home/tahmid/crops/p07/p07_clearglass_low_009.jpg,p07,clearglass,low,0.8488134741783142,p07,0.526653,correct
2,/home/tahmid/crops/p07/p07_clearglass_low_010.jpg,p07,clearglass,low,0.8528496026992798,p07,0.525478,correct
2,/home/tahmid/crops/p07/p07_clearglass_regular_001.jpg,p07,clearglass,regular,0.8016917109489441,p07,0.555338,correct
2,/home/tahmid/crops/p07/p07_clearglass_regular_002.jpg,p07,clearglass,regular,0.7702012658119202,p07,0.554532,correct
2,/home/tahmid/crops/p07/p07_clearglass_regular_003.jpg,p07,clearglass,regular,0.7971007823944092,p07,0.568048,correct
2,/home/tahmid/crops/p07/p07_clearglass_regular_004.jpg,p07,clearglass,regular,0.7514877319335938,p07,0.556528,correct
2,/home/tahmid/crops/p07/p07_clearglass_regular_005.jpg,p07,clearglass,regular,0.8212364912033081,p07,0.553665,correct
2,/home/tahmid/crops/p07/p07_clearglass_regular_006.jpg,p07,clearglass,regular,0.8335821628570557,p07,0.550683,correct
2,/home/tahmid/crops/p07/p07_clearglass_regular_007.jpg,p07,clearglass,regular,0.7618395090103149,p07,0.508613,correct
2,/home/tahmid/crops/p07/p07_clearglass_regular_008.jpg,p07,clearglass,regular,0.7635673880577087,p07,0.528892,correct
2,/home/tahmid/crops/p07/p07_clearglass_regular_009.jpg,p07,clearglass,regular,0.8247454166412354,p07,0.514459,correct
2,/home/tahmid/crops/p07/p07_clearglass_regular_010.jpg,p07,clearglass,regular,0.8382146954536438,p07,0.533790,correct
2,/home/tahmid/crops/p07/p07_mask_clearglass_low_001.jpg,p07,mask_clearglass,low,0.713578999042511,p07,0.413905,correct
2,/home/tahmid/crops/p07/p07_mask_clearglass_low_002.jpg,p07,mask_clearglass,low,0.657609224319458,p07,0.401916,correct
2,/home/tahmid/crops/p07/p07_mask_clearglass_low_003.jpg,p07,mask_clearglass,low,0.6198484897613525,p07,0.424382,correct
2,/home/tahmid/crops/p07/p07_mask_clearglass_low_004.jpg,p07,mask_clearglass,low,0.664612889289856,p07,0.409486,correct
2,/home/tahmid/crops/p07/p07_mask_clearglass_low_005.jpg,p07,mask_clearglass,low,0.7250977158546448,p07,0.418520,correct
2,/home/tahmid/crops/p07/p07_mask_clearglass_low_006.jpg,p07,mask_clearglass,low,0.6409197449684143,p07,0.399855,correct
2,/home/tahmid/crops/p07/p07_mask_clearglass_low_007.jpg,p07,mask_clearglass,low,0.6528316140174866,p07,0.286983,rejected
2,/home/tahmid/crops/p07/p07_mask_clearglass_low_008.jpg,p07,mask_clearglass,low,0.6235058903694153,p07,0.339475,correct
2,/home/tahmid/crops/p07/p07_mask_clearglass_low_009.jpg,p07,mask_clearglass,low,0.701562762260437,p07,0.316381,correct
2,/home/tahmid/crops/p07/p07_mask_clearglass_low_010.jpg,p07,mask_clearglass,low,0.7067158818244934,p07,0.296450,rejected
2,/home/tahmid/crops/p07/p07_mask_clearglass_regular_001.jpg,p07,mask_clearglass,regular,0.7451894879341125,p07,0.393856,correct
2,/home/tahmid/crops/p07/p07_mask_clearglass_regular_002.jpg,p07,mask_clearglass,regular,0.787495493888855,p07,0.393239,correct
2,/home/tahmid/crops/p07/p07_mask_clearglass_regular_003.jpg,p07,mask_clearglass,regular,0.7863565683364868,p07,0.381912,correct
2,/home/tahmid/crops/p07/p07_mask_clearglass_regular_004.jpg,p07,mask_clearglass,regular,0.7771866917610168,p07,0.377667,correct
2,/home/tahmid/crops/p07/p07_mask_clearglass_regular_005.jpg,p07,mask_clearglass,regular,0.7665023803710938,p07,0.429975,correct
2,/home/tahmid/crops/p07/p07_mask_clearglass_regular_006.jpg,p07,mask_clearglass,regular,0.7758219242095947,p07,0.449254,correct
2,/home/tahmid/crops/p07/p07_mask_clearglass_regular_007.jpg,p07,mask_clearglass,regular,0.7037333250045776,p07,0.281390,rejected
2,/home/tahmid/crops/p07/p07_mask_clearglass_regular_008.jpg,p07,mask_clearglass,regular,0.7154122591018677,p07,0.290363,rejected
2,/home/tahmid/crops/p07/p07_mask_clearglass_regular_009.jpg,p07,mask_clearglass,regular,0.6336575746536255,p07,0.296086,rejected
2,/home/tahmid/crops/p07/p07_mask_clearglass_regular_010.jpg,p07,mask_clearglass,regular,0.5336900353431702,p07,0.227881,rejected
2,/home/tahmid/crops/p07/p07_mask_low_001.jpg,p07,mask,low,0.6593271493911743,p07,0.465825,correct
2,/home/tahmid/crops/p07/p07_mask_low_002.jpg,p07,mask,low,0.67814701795578,p07,0.461759,correct
2,/home/tahmid/crops/p07/p07_mask_low_003.jpg,p07,mask,low,0.6448132395744324,p07,0.471360,correct
2,/home/tahmid/crops/p07/p07_mask_low_004.jpg,p07,mask,low,0.7047916650772095,p07,0.456406,correct
2,/home/tahmid/crops/p07/p07_mask_low_005.jpg,p07,mask,low,0.7107085585594177,p07,0.449554,correct
2,/home/tahmid/crops/p07/p07_mask_low_006.jpg,p07,mask,low,0.7351019382476807,p07,0.456286,correct
2,/home/tahmid/crops/p07/p07_mask_low_007.jpg,p07,mask,low,0.7457724213600159,p07,0.445147,correct
2,/home/tahmid/crops/p07/p07_mask_low_008.jpg,p07,mask,low,0.7632609605789185,p07,0.448865,correct
2,/home/tahmid/crops/p07/p07_mask_low_009.jpg,p07,mask,low,0.7664904594421387,p07,0.457879,correct
2,/home/tahmid/crops/p07/p07_mask_low_010.jpg,p07,mask,low,0.7087447643280029,p07,0.411848,correct
2,/home/tahmid/crops/p07/p07_mask_low_011.jpg,p07,mask,low,0.6820325255393982,p07,0.358533,correct
2,/home/tahmid/crops/p07/p07_mask_low_012.jpg,p07,mask,low,0.7057009935379028,p07,0.370956,correct
2,/home/tahmid/crops/p07/p07_mask_low_013.jpg,p07,mask,low,0.806634247303009,p07,0.423064,correct
2,/home/tahmid/crops/p07/p07_mask_low_014.jpg,p07,mask,low,0.8375656008720398,p07,0.435326,correct
2,/home/tahmid/crops/p07/p07_mask_low_015.jpg,p07,mask,low,0.8314355611801147,p07,0.441865,correct
2,/home/tahmid/crops/p07/p07_mask_regular_001.jpg,p07,mask,regular,0.7570229172706604,p07,0.471602,correct
2,/home/tahmid/crops/p07/p07_mask_regular_002.jpg,p07,mask,regular,0.7473160028457642,p07,0.471244,correct
2,/home/tahmid/crops/p07/p07_mask_regular_003.jpg,p07,mask,regular,0.7420222759246826,p07,0.451717,correct
2,/home/tahmid/crops/p07/p07_mask_regular_004.jpg,p07,mask,regular,0.8069295883178711,p07,0.451219,correct
2,/home/tahmid/crops/p07/p07_mask_regular_005.jpg,p07,mask,regular,0.8170658349990845,p07,0.449047,correct
2,/home/tahmid/crops/p07/p07_mask_regular_006.jpg,p07,mask,regular,0.8166797161102295,p07,0.454438,correct
2,/home/tahmid/crops/p07/p07_mask_regular_007.jpg,p07,mask,regular,0.7446241974830627,p07,0.442536,correct
2,/home/tahmid/crops/p07/p07_mask_regular_008.jpg,p07,mask,regular,0.7890764474868774,p07,0.429436,correct
2,/home/tahmid/crops/p07/p07_mask_regular_009.jpg,p07,mask,regular,0.783035397529602,p07,0.450253,correct
2,/home/tahmid/crops/p07/p07_mask_regular_010.jpg,p07,mask,regular,0.7584700584411621,p07,0.394025,correct
2,/home/tahmid/crops/p07/p07_mask_regular_011.jpg,p07,mask,regular,0.7360628247261047,p07,0.400179,correct
2,/home/tahmid/crops/p07/p07_mask_regular_012.jpg,p07,mask,regular,0.7639524936676025,p07,0.376420,correct
2,/home/tahmid/crops/p07/p07_mask_regular_013.jpg,p07,mask,regular,0.8006301522254944,p07,0.445481,correct
2,/home/tahmid/crops/p07/p07_mask_regular_014.jpg,p07,mask,regular,0.7961544990539551,p07,0.438663,correct
2,/home/tahmid/crops/p07/p07_mask_regular_015.jpg,p07,mask,regular,0.7923264503479004,p07,0.429257,correct
2,/home/tahmid/crops/p07/p07_mask_sunglass_low_001.jpg,p07,mask_sunglass,low,0.6835808157920837,p07,0.278705,rejected
2,/home/tahmid/crops/p07/p07_mask_sunglass_low_002.jpg,p07,mask_sunglass,low,0.6717971563339233,p07,0.243594,rejected
2,/home/tahmid/crops/p07/p07_mask_sunglass_low_003.jpg,p07,mask_sunglass,low,0.6365972757339478,p07,0.251220,rejected
2,/home/tahmid/crops/p07/p07_mask_sunglass_low_004.jpg,p07,mask_sunglass,low,0.7651194334030151,p07,0.300242,correct
2,/home/tahmid/crops/p07/p07_mask_sunglass_low_005.jpg,p07,mask_sunglass,low,0.7339884638786316,p07,0.269508,rejected
2,/home/tahmid/crops/p07/p07_mask_sunglass_low_006.jpg,p07,mask_sunglass,low,0.7225449085235596,p07,0.279936,rejected
2,/home/tahmid/crops/p07/p07_mask_sunglass_low_007.jpg,p07,mask_sunglass,low,0.7329853177070618,p07,0.304068,correct
2,/home/tahmid/crops/p07/p07_mask_sunglass_low_008.jpg,p07,mask_sunglass,low,0.6889777779579163,p07,0.316624,correct
2,/home/tahmid/crops/p07/p07_mask_sunglass_low_009.jpg,p07,mask_sunglass,low,0.6148123145103455,p07,0.277526,rejected
2,/home/tahmid/crops/p07/p07_mask_sunglass_low_010.jpg,p07,mask_sunglass,low,0.5608289837837219,p07,0.226789,rejected
2,/home/tahmid/crops/p07/p07_mask_sunglass_low_011.jpg,p07,mask_sunglass,low,0.4883725643157959,p07,0.224974,rejected
2,/home/tahmid/crops/p07/p07_mask_sunglass_low_012.jpg,p07,mask_sunglass,low,0.5996524095535278,p07,0.235431,rejected
2,/home/tahmid/crops/p07/p07_mask_sunglass_low_013.jpg,p07,mask_sunglass,low,0.36582210659980774,p14,0.172318,rejected
2,/home/tahmid/crops/p07/p07_mask_sunglass_low_014.jpg,p07,mask_sunglass,low,0.3268973231315613,p14,0.132937,rejected
2,/home/tahmid/crops/p07/p07_mask_sunglass_regular_001.jpg,p07,mask_sunglass,regular,0.6862788200378418,p07,0.314365,correct
2,/home/tahmid/crops/p07/p07_mask_sunglass_regular_002.jpg,p07,mask_sunglass,regular,0.7272040843963623,p07,0.316769,correct
2,/home/tahmid/crops/p07/p07_mask_sunglass_regular_003.jpg,p07,mask_sunglass,regular,0.7010653018951416,p07,0.311738,correct
2,/home/tahmid/crops/p07/p07_mask_sunglass_regular_004.jpg,p07,mask_sunglass,regular,0.72137451171875,p07,0.335102,correct
2,/home/tahmid/crops/p07/p07_mask_sunglass_regular_005.jpg,p07,mask_sunglass,regular,0.767576277256012,p07,0.328703,correct
2,/home/tahmid/crops/p07/p07_mask_sunglass_regular_006.jpg,p07,mask_sunglass,regular,0.7855488061904907,p07,0.350836,correct
2,/home/tahmid/crops/p07/p07_mask_sunglass_regular_007.jpg,p07,mask_sunglass,regular,0.7649072408676147,p07,0.322705,correct
2,/home/tahmid/crops/p07/p07_mask_sunglass_regular_008.jpg,p07,mask_sunglass,regular,0.7826226353645325,p07,0.305488,correct
2,/home/tahmid/crops/p07/p07_mask_sunglass_regular_009.jpg,p07,mask_sunglass,regular,0.7646327018737793,p07,0.331160,correct
2,/home/tahmid/crops/p07/p07_mask_sunglass_regular_010.jpg,p07,mask_sunglass,regular,0.7370285987854004,p07,0.290003,rejected
2,/home/tahmid/crops/p07/p07_mask_sunglass_regular_011.jpg,p07,mask_sunglass,regular,0.7047699689865112,p07,0.266364,rejected
2,/home/tahmid/crops/p07/p07_mask_sunglass_regular_012.jpg,p07,mask_sunglass,regular,0.6890263557434082,p07,0.267450,rejected
2,/home/tahmid/crops/p07/p07_mask_sunglass_regular_013.jpg,p07,mask_sunglass,regular,0.5703566074371338,p07,0.251838,rejected
2,/home/tahmid/crops/p07/p07_mask_sunglass_regular_014.jpg,p07,mask_sunglass,regular,0.6346455812454224,p07,0.246649,rejected
2,/home/tahmid/crops/p07/p07_mask_sunglass_regular_015.jpg,p07,mask_sunglass,regular,0.6033353209495544,p07,0.232638,rejected
2,/home/tahmid/crops/p07/p07_none_low_001.jpg,p07,none,low,0.7614758014678955,p07,0.575060,correct
2,/home/tahmid/crops/p07/p07_none_low_002.jpg,p07,none,low,0.7339826822280884,p07,0.581357,correct
2,/home/tahmid/crops/p07/p07_none_low_003.jpg,p07,none,low,0.7465689778327942,p07,0.585034,correct
2,/home/tahmid/crops/p07/p07_none_low_004.jpg,p07,none,low,0.7167119383811951,p07,0.576436,correct
2,/home/tahmid/crops/p07/p07_none_low_005.jpg,p07,none,low,0.7194042205810547,p07,0.572337,correct
2,/home/tahmid/crops/p07/p07_none_low_006.jpg,p07,none,low,0.7421466112136841,p07,0.575189,correct
2,/home/tahmid/crops/p07/p07_none_low_007.jpg,p07,none,low,0.7717013359069824,p07,0.584362,correct
2,/home/tahmid/crops/p07/p07_none_low_008.jpg,p07,none,low,0.729548454284668,p07,0.584373,correct
2,/home/tahmid/crops/p07/p07_none_low_009.jpg,p07,none,low,0.7735682725906372,p07,0.575390,correct
2,/home/tahmid/crops/p07/p07_none_low_010.jpg,p07,none,low,0.7475425601005554,p07,0.548814,correct
2,/home/tahmid/crops/p07/p07_none_low_011.jpg,p07,none,low,0.7668498754501343,p07,0.547675,correct
2,/home/tahmid/crops/p07/p07_none_low_012.jpg,p07,none,low,0.7800356149673462,p07,0.538845,correct
2,/home/tahmid/crops/p07/p07_none_low_013.jpg,p07,none,low,0.8083219528198242,p07,0.562869,correct
2,/home/tahmid/crops/p07/p07_none_low_014.jpg,p07,none,low,0.8427393436431885,p07,0.558864,correct
2,/home/tahmid/crops/p07/p07_none_low_015.jpg,p07,none,low,0.8471653461456299,p07,0.566569,correct
2,/home/tahmid/crops/p07/p07_none_regular_004.jpg,p07,none,regular,0.7509933710098267,p07,0.612270,correct
2,/home/tahmid/crops/p07/p07_none_regular_005.jpg,p07,none,regular,0.8237268924713135,p07,0.599578,correct
2,/home/tahmid/crops/p07/p07_none_regular_006.jpg,p07,none,regular,0.7440617680549622,p07,0.618013,correct
2,/home/tahmid/crops/p07/p07_none_regular_007.jpg,p07,none,regular,0.814136803150177,p07,0.570944,correct
2,/home/tahmid/crops/p07/p07_none_regular_008.jpg,p07,none,regular,0.7814821600914001,p07,0.574955,correct
2,/home/tahmid/crops/p07/p07_none_regular_009.jpg,p07,none,regular,0.8474169969558716,p07,0.576805,correct
2,/home/tahmid/crops/p07/p07_none_regular_010.jpg,p07,none,regular,0.8178030848503113,p07,0.582612,correct
2,/home/tahmid/crops/p07/p07_none_regular_011.jpg,p07,none,regular,0.7974286675453186,p07,0.585644,correct
2,/home/tahmid/crops/p07/p07_none_regular_012.jpg,p07,none,regular,0.7977385520935059,p07,0.586103,correct
2,/home/tahmid/crops/p07/p07_none_regular_013.jpg,p07,none,regular,0.841778039932251,p07,0.554255,correct
2,/home/tahmid/crops/p07/p07_none_regular_014.jpg,p07,none,regular,0.8554147481918335,p07,0.563318,correct
2,/home/tahmid/crops/p07/p07_none_regular_015.jpg,p07,none,regular,0.8495597243309021,p07,0.552520,correct
2,/home/tahmid/crops/p07/p07_scarf_low_001.jpg,p07,scarf,low,0.726797342300415,p07,0.410287,correct
2,/home/tahmid/crops/p07/p07_scarf_low_002.jpg,p07,scarf,low,0.670105516910553,p07,0.428774,correct
2,/home/tahmid/crops/p07/p07_scarf_low_003.jpg,p07,scarf,low,0.6741163730621338,p07,0.407645,correct
2,/home/tahmid/crops/p07/p07_scarf_low_004.jpg,p07,scarf,low,0.6917903423309326,p07,0.408801,correct
2,/home/tahmid/crops/p07/p07_scarf_low_005.jpg,p07,scarf,low,0.6628183722496033,p07,0.381529,correct
2,/home/tahmid/crops/p07/p07_scarf_low_006.jpg,p07,scarf,low,0.6559202671051025,p07,0.391107,correct
2,/home/tahmid/crops/p07/p07_scarf_low_007.jpg,p07,scarf,low,0.5306717157363892,p07,0.303939,correct
2,/home/tahmid/crops/p07/p07_scarf_low_008.jpg,p07,scarf,low,0.5490185022354126,p07,0.321226,correct
2,/home/tahmid/crops/p07/p07_scarf_low_009.jpg,p07,scarf,low,0.7154776453971863,p07,0.376533,correct
2,/home/tahmid/crops/p07/p07_scarf_low_010.jpg,p07,scarf,low,0.7165013551712036,p07,0.359860,correct
2,/home/tahmid/crops/p07/p07_scarf_regular_001.jpg,p07,scarf,regular,0.7329519391059875,p07,0.458941,correct
2,/home/tahmid/crops/p07/p07_scarf_regular_002.jpg,p07,scarf,regular,0.7851623296737671,p07,0.447922,correct
2,/home/tahmid/crops/p07/p07_scarf_regular_003.jpg,p07,scarf,regular,0.7625730633735657,p07,0.461461,correct
2,/home/tahmid/crops/p07/p07_scarf_regular_004.jpg,p07,scarf,regular,0.757060170173645,p07,0.451331,correct
2,/home/tahmid/crops/p07/p07_scarf_regular_005.jpg,p07,scarf,regular,0.6564127206802368,p07,0.449785,correct
2,/home/tahmid/crops/p07/p07_scarf_regular_006.jpg,p07,scarf,regular,0.6654882431030273,p07,0.443052,correct
2,/home/tahmid/crops/p07/p07_scarf_regular_007.jpg,p07,scarf,regular,0.6404142379760742,p07,0.428578,correct
2,/home/tahmid/crops/p07/p07_scarf_regular_008.jpg,p07,scarf,regular,0.7089900970458984,p07,0.437207,correct
2,/home/tahmid/crops/p07/p07_scarf_regular_009.jpg,p07,scarf,regular,0.7546713352203369,p07,0.432179,correct
2,/home/tahmid/crops/p07/p07_scarf_regular_010.jpg,p07,scarf,regular,0.7692579627037048,p07,0.439261,correct
2,/home/tahmid/crops/p07/p07_sunglass_low_001.jpg,p07,sunglass,low,0.7704952955245972,p07,0.542577,correct
2,/home/tahmid/crops/p07/p07_sunglass_low_002.jpg,p07,sunglass,low,0.7137548327445984,p07,0.544363,correct
2,/home/tahmid/crops/p07/p07_sunglass_low_003.jpg,p07,sunglass,low,0.7986972332000732,p07,0.542594,correct
2,/home/tahmid/crops/p07/p07_sunglass_low_004.jpg,p07,sunglass,low,0.756416380405426,p07,0.553522,correct
2,/home/tahmid/crops/p07/p07_sunglass_low_005.jpg,p07,sunglass,low,0.7441027760505676,p07,0.545492,correct
2,/home/tahmid/crops/p07/p07_sunglass_low_006.jpg,p07,sunglass,low,0.7029057145118713,p07,0.551832,correct
2,/home/tahmid/crops/p07/p07_sunglass_low_007.jpg,p07,sunglass,low,0.7835581302642822,p07,0.534186,correct
2,/home/tahmid/crops/p07/p07_sunglass_low_008.jpg,p07,sunglass,low,0.7102299332618713,p07,0.531677,correct
2,/home/tahmid/crops/p07/p07_sunglass_low_009.jpg,p07,sunglass,low,0.7024338841438293,p07,0.543324,correct
2,/home/tahmid/crops/p07/p07_sunglass_low_010.jpg,p07,sunglass,low,0.7097530961036682,p07,0.455306,correct
2,/home/tahmid/crops/p07/p07_sunglass_low_011.jpg,p07,sunglass,low,0.6595449447631836,p07,0.446245,correct
2,/home/tahmid/crops/p07/p07_sunglass_low_012.jpg,p07,sunglass,low,0.6932939291000366,p07,0.482279,correct
2,/home/tahmid/crops/p07/p07_sunglass_low_013.jpg,p07,sunglass,low,0.8419066071510315,p07,0.528789,correct
2,/home/tahmid/crops/p07/p07_sunglass_low_014.jpg,p07,sunglass,low,0.8309760093688965,p07,0.517902,correct
2,/home/tahmid/crops/p07/p07_sunglass_low_015.jpg,p07,sunglass,low,0.820609450340271,p07,0.505860,correct
2,/home/tahmid/crops/p07/p07_sunglass_regular_001.jpg,p07,sunglass,regular,0.8572546243667603,p07,0.565121,correct
2,/home/tahmid/crops/p07/p07_sunglass_regular_002.jpg,p07,sunglass,regular,0.8578464984893799,p07,0.552515,correct
2,/home/tahmid/crops/p07/p07_sunglass_regular_003.jpg,p07,sunglass,regular,0.8581827878952026,p07,0.563649,correct
2,/home/tahmid/crops/p07/p07_sunglass_regular_004.jpg,p07,sunglass,regular,0.849682092666626,p07,0.544370,correct
2,/home/tahmid/crops/p07/p07_sunglass_regular_005.jpg,p07,sunglass,regular,0.8566486835479736,p07,0.553248,correct
2,/home/tahmid/crops/p07/p07_sunglass_regular_006.jpg,p07,sunglass,regular,0.8567518591880798,p07,0.559442,correct
2,/home/tahmid/crops/p07/p07_sunglass_regular_007.jpg,p07,sunglass,regular,0.7834006547927856,p07,0.554798,correct
2,/home/tahmid/crops/p07/p07_sunglass_regular_008.jpg,p07,sunglass,regular,0.7847857475280762,p07,0.552596,correct
2,/home/tahmid/crops/p07/p07_sunglass_regular_009.jpg,p07,sunglass,regular,0.7785916924476624,p07,0.547594,correct
2,/home/tahmid/crops/p07/p07_sunglass_regular_010.jpg,p07,sunglass,regular,0.800086498260498,p07,0.524543,correct
2,/home/tahmid/crops/p07/p07_sunglass_regular_011.jpg,p07,sunglass,regular,0.7819444537162781,p07,0.518750,correct
2,/home/tahmid/crops/p07/p07_sunglass_regular_012.jpg,p07,sunglass,regular,0.7889395952224731,p07,0.539212,correct
2,/home/tahmid/crops/p07/p07_sunglass_regular_013.jpg,p07,sunglass,regular,0.8078655004501343,p07,0.500261,correct
2,/home/tahmid/crops/p07/p07_sunglass_regular_014.jpg,p07,sunglass,regular,0.7912001609802246,p07,0.519187,correct
2,/home/tahmid/crops/p07/p07_sunglass_regular_015.jpg,p07,sunglass,regular,0.815691351890564,p07,0.513979,correct
2,/home/tahmid/crops/p12/p12_cap_low_001.jpg,p12,cap,low,0.8599913120269775,p12,0.514754,correct
2,/home/tahmid/crops/p12/p12_cap_low_002.jpg,p12,cap,low,0.8560242652893066,p12,0.540093,correct
2,/home/tahmid/crops/p12/p12_cap_low_003.jpg,p12,cap,low,0.7979887127876282,p12,0.522582,correct
2,/home/tahmid/crops/p12/p12_cap_low_004.jpg,p12,cap,low,0.781166672706604,p12,0.532004,correct
2,/home/tahmid/crops/p12/p12_cap_low_005.jpg,p12,cap,low,0.8507262468338013,p12,0.487323,correct
2,/home/tahmid/crops/p12/p12_cap_low_006.jpg,p12,cap,low,0.8326008915901184,p12,0.482414,correct
2,/home/tahmid/crops/p12/p12_cap_low_007.jpg,p12,cap,low,0.6867926120758057,p12,0.505379,correct
2,/home/tahmid/crops/p12/p12_cap_low_008.jpg,p12,cap,low,0.6840958595275879,p12,0.503692,correct
2,/home/tahmid/crops/p12/p12_cap_low_009.jpg,p12,cap,low,0.8370257616043091,p12,0.549246,correct
2,/home/tahmid/crops/p12/p12_cap_low_010.jpg,p12,cap,low,0.8186163902282715,p12,0.555576,correct
2,/home/tahmid/crops/p12/p12_cap_regular_001.jpg,p12,cap,regular,0.8422349691390991,p12,0.527372,correct
2,/home/tahmid/crops/p12/p12_cap_regular_002.jpg,p12,cap,regular,0.8416795134544373,p12,0.509943,correct
2,/home/tahmid/crops/p12/p12_cap_regular_003.jpg,p12,cap,regular,0.7837903499603271,p12,0.529357,correct
2,/home/tahmid/crops/p12/p12_cap_regular_004.jpg,p12,cap,regular,0.7964381575584412,p12,0.512959,correct
2,/home/tahmid/crops/p12/p12_cap_regular_005.jpg,p12,cap,regular,0.7932538986206055,p12,0.472302,correct
2,/home/tahmid/crops/p12/p12_cap_regular_006.jpg,p12,cap,regular,0.8143118023872375,p12,0.485571,correct
2,/home/tahmid/crops/p12/p12_cap_regular_007.jpg,p12,cap,regular,0.7362368106842041,p12,0.478753,correct
2,/home/tahmid/crops/p12/p12_cap_regular_008.jpg,p12,cap,regular,0.7331377863883972,p12,0.480385,correct
2,/home/tahmid/crops/p12/p12_cap_regular_009.jpg,p12,cap,regular,0.7960115671157837,p12,0.583116,correct
2,/home/tahmid/crops/p12/p12_cap_regular_010.jpg,p12,cap,regular,0.8018883466720581,p12,0.598754,correct
2,/home/tahmid/crops/p12/p12_clearglass_low_001.jpg,p12,clearglass,low,0.8485298156738281,p12,0.531852,correct
2,/home/tahmid/crops/p12/p12_clearglass_low_002.jpg,p12,clearglass,low,0.8441547155380249,p12,0.516594,correct
2,/home/tahmid/crops/p12/p12_clearglass_low_003.jpg,p12,clearglass,low,0.7841821908950806,p12,0.521062,correct
2,/home/tahmid/crops/p12/p12_clearglass_low_004.jpg,p12,clearglass,low,0.7795159816741943,p12,0.521890,correct
2,/home/tahmid/crops/p12/p12_clearglass_low_005.jpg,p12,clearglass,low,0.7792602777481079,p12,0.463063,correct
2,/home/tahmid/crops/p12/p12_clearglass_low_006.jpg,p12,clearglass,low,0.7882128953933716,p12,0.469008,correct
2,/home/tahmid/crops/p12/p12_clearglass_low_007.jpg,p12,clearglass,low,0.7827404737472534,p12,0.506251,correct
2,/home/tahmid/crops/p12/p12_clearglass_low_008.jpg,p12,clearglass,low,0.7857800722122192,p12,0.514838,correct
2,/home/tahmid/crops/p12/p12_clearglass_low_009.jpg,p12,clearglass,low,0.8521929979324341,p12,0.537997,correct
2,/home/tahmid/crops/p12/p12_clearglass_low_010.jpg,p12,clearglass,low,0.8373287320137024,p12,0.519941,correct
2,/home/tahmid/crops/p12/p12_clearglass_regular_001.jpg,p12,clearglass,regular,0.8681763410568237,p12,0.553457,correct
2,/home/tahmid/crops/p12/p12_clearglass_regular_002.jpg,p12,clearglass,regular,0.8537397384643555,p12,0.546543,correct
2,/home/tahmid/crops/p12/p12_clearglass_regular_003.jpg,p12,clearglass,regular,0.824634850025177,p12,0.551618,correct
2,/home/tahmid/crops/p12/p12_clearglass_regular_004.jpg,p12,clearglass,regular,0.823320746421814,p12,0.537605,correct
2,/home/tahmid/crops/p12/p12_clearglass_regular_005.jpg,p12,clearglass,regular,0.8291276693344116,p12,0.505741,correct
2,/home/tahmid/crops/p12/p12_clearglass_regular_006.jpg,p12,clearglass,regular,0.8407247066497803,p12,0.513292,correct
2,/home/tahmid/crops/p12/p12_clearglass_regular_007.jpg,p12,clearglass,regular,0.8430931568145752,p12,0.542280,correct
2,/home/tahmid/crops/p12/p12_clearglass_regular_008.jpg,p12,clearglass,regular,0.8464117050170898,p12,0.540782,correct
2,/home/tahmid/crops/p12/p12_clearglass_regular_009.jpg,p12,clearglass,regular,0.8052927851676941,p12,0.486058,correct
2,/home/tahmid/crops/p12/p12_clearglass_regular_010.jpg,p12,clearglass,regular,0.7644227743148804,p12,0.513378,correct
2,/home/tahmid/crops/p12/p12_mask_clearglass_low_001.jpg,p12,mask_clearglass,low,0.8044872283935547,p12,0.434367,correct
2,/home/tahmid/crops/p12/p12_mask_clearglass_low_002.jpg,p12,mask_clearglass,low,0.8118103742599487,p12,0.431180,correct
2,/home/tahmid/crops/p12/p12_mask_clearglass_low_003.jpg,p12,mask_clearglass,low,0.775081992149353,p12,0.288658,rejected
2,/home/tahmid/crops/p12/p12_mask_clearglass_low_004.jpg,p12,mask_clearglass,low,0.7629097700119019,p12,0.289299,rejected
2,/home/tahmid/crops/p12/p12_mask_clearglass_low_005.jpg,p12,mask_clearglass,low,0.7332825660705566,p12,0.270331,rejected
2,/home/tahmid/crops/p12/p12_mask_clearglass_low_006.jpg,p12,mask_clearglass,low,0.7359814643859863,p12,0.278964,rejected
2,/home/tahmid/crops/p12/p12_mask_clearglass_low_007.jpg,p12,mask_clearglass,low,0.7389427423477173,p12,0.344532,correct
2,/home/tahmid/crops/p12/p12_mask_clearglass_low_008.jpg,p12,mask_clearglass,low,0.7364062666893005,p12,0.370788,correct
2,/home/tahmid/crops/p12/p12_mask_clearglass_low_009.jpg,p12,mask_clearglass,low,0.7636505961418152,p12,0.395376,correct
2,/home/tahmid/crops/p12/p12_mask_clearglass_low_010.jpg,p12,mask_clearglass,low,0.772871732711792,p12,0.407955,correct
2,/home/tahmid/crops/p12/p12_mask_clearglass_regular_001.jpg,p12,mask_clearglass,regular,0.8521769046783447,p12,0.375332,correct
2,/home/tahmid/crops/p12/p12_mask_clearglass_regular_002.jpg,p12,mask_clearglass,regular,0.8660507798194885,p12,0.397833,correct
2,/home/tahmid/crops/p12/p12_mask_clearglass_regular_003.jpg,p12,mask_clearglass,regular,0.7695391178131104,p12,0.372573,correct
2,/home/tahmid/crops/p12/p12_mask_clearglass_regular_004.jpg,p12,mask_clearglass,regular,0.7704994082450867,p12,0.362583,correct
2,/home/tahmid/crops/p12/p12_mask_clearglass_regular_005.jpg,p12,mask_clearglass,regular,0.7628943920135498,p12,0.389542,correct
2,/home/tahmid/crops/p12/p12_mask_clearglass_regular_006.jpg,p12,mask_clearglass,regular,0.8045492768287659,p12,0.354422,correct
2,/home/tahmid/crops/p12/p12_mask_clearglass_regular_007.jpg,p12,mask_clearglass,regular,0.6912352442741394,p12,0.322764,correct
2,/home/tahmid/crops/p12/p12_mask_clearglass_regular_008.jpg,p12,mask_clearglass,regular,0.7405152320861816,p12,0.324399,correct
2,/home/tahmid/crops/p12/p12_mask_clearglass_regular_009.jpg,p12,mask_clearglass,regular,0.7759916186332703,p12,0.386661,correct
2,/home/tahmid/crops/p12/p12_mask_clearglass_regular_010.jpg,p12,mask_clearglass,regular,0.7665557861328125,p12,0.357041,correct
2,/home/tahmid/crops/p12/p12_mask_low_001.jpg,p12,mask,low,0.7636736631393433,p12,0.422800,correct
2,/home/tahmid/crops/p12/p12_mask_low_002.jpg,p12,mask,low,0.7532778382301331,p12,0.429685,correct
2,/home/tahmid/crops/p12/p12_mask_low_003.jpg,p12,mask,low,0.743801474571228,p12,0.435436,correct
2,/home/tahmid/crops/p12/p12_mask_low_004.jpg,p12,mask,low,0.7630003690719604,p12,0.389314,correct
2,/home/tahmid/crops/p12/p12_mask_low_005.jpg,p12,mask,low,0.7525962591171265,p12,0.369815,correct
2,/home/tahmid/crops/p12/p12_mask_low_006.jpg,p12,mask,low,0.7469605803489685,p12,0.378089,correct
2,/home/tahmid/crops/p12/p12_mask_low_007.jpg,p12,mask,low,0.785454273223877,p12,0.408575,correct
2,/home/tahmid/crops/p12/p12_mask_low_008.jpg,p12,mask,low,0.7905964851379395,p12,0.415815,correct
2,/home/tahmid/crops/p12/p12_mask_low_009.jpg,p12,mask,low,0.7490583658218384,p12,0.422514,correct
2,/home/tahmid/crops/p12/p12_mask_low_010.jpg,p12,mask,low,0.6997686624526978,p12,0.365866,correct
2,/home/tahmid/crops/p12/p12_mask_low_011.jpg,p12,mask,low,0.7119885683059692,p12,0.376954,correct
2,/home/tahmid/crops/p12/p12_mask_low_012.jpg,p12,mask,low,0.7125744223594666,p12,0.395676,correct
2,/home/tahmid/crops/p12/p12_mask_low_013.jpg,p12,mask,low,0.8030675649642944,p12,0.457177,correct
2,/home/tahmid/crops/p12/p12_mask_low_014.jpg,p12,mask,low,0.8156793713569641,p12,0.462857,correct
2,/home/tahmid/crops/p12/p12_mask_low_015.jpg,p12,mask,low,0.8189808130264282,p12,0.456349,correct
2,/home/tahmid/crops/p12/p12_mask_regular_001.jpg,p12,mask,regular,0.8429890275001526,p12,0.430254,correct
2,/home/tahmid/crops/p12/p12_mask_regular_002.jpg,p12,mask,regular,0.8287909030914307,p12,0.437357,correct
2,/home/tahmid/crops/p12/p12_mask_regular_003.jpg,p12,mask,regular,0.8527551889419556,p12,0.440532,correct
2,/home/tahmid/crops/p12/p12_mask_regular_004.jpg,p12,mask,regular,0.8412245512008667,p12,0.405292,correct
2,/home/tahmid/crops/p12/p12_mask_regular_005.jpg,p12,mask,regular,0.8383598923683167,p12,0.415184,correct
2,/home/tahmid/crops/p12/p12_mask_regular_006.jpg,p12,mask,regular,0.8427338600158691,p12,0.417284,correct
2,/home/tahmid/crops/p12/p12_mask_regular_007.jpg,p12,mask,regular,0.8495399951934814,p12,0.416344,correct
2,/home/tahmid/crops/p12/p12_mask_regular_008.jpg,p12,mask,regular,0.8300178050994873,p12,0.413143,correct
2,/home/tahmid/crops/p12/p12_mask_regular_009.jpg,p12,mask,regular,0.8345536589622498,p12,0.409430,correct
2,/home/tahmid/crops/p12/p12_mask_regular_010.jpg,p12,mask,regular,0.7722793817520142,p12,0.407627,correct
2,/home/tahmid/crops/p12/p12_mask_regular_011.jpg,p12,mask,regular,0.7222357988357544,p12,0.397483,correct
2,/home/tahmid/crops/p12/p12_mask_regular_012.jpg,p12,mask,regular,0.7663553357124329,p12,0.397295,correct
2,/home/tahmid/crops/p12/p12_mask_regular_013.jpg,p12,mask,regular,0.8295283317565918,p12,0.437004,correct
2,/home/tahmid/crops/p12/p12_mask_regular_014.jpg,p12,mask,regular,0.8366351127624512,p12,0.455255,correct
2,/home/tahmid/crops/p12/p12_mask_regular_015.jpg,p12,mask,regular,0.8472381830215454,p12,0.438510,correct
2,/home/tahmid/crops/p12/p12_mask_sunglass_low_001.jpg,p12,mask_sunglass,low,0.7412285804748535,p12,0.338872,correct
2,/home/tahmid/crops/p12/p12_mask_sunglass_low_002.jpg,p12,mask_sunglass,low,0.7351354956626892,p12,0.335436,correct
2,/home/tahmid/crops/p12/p12_mask_sunglass_low_003.jpg,p12,mask_sunglass,low,0.7530453205108643,p12,0.357578,correct
2,/home/tahmid/crops/p12/p12_mask_sunglass_low_004.jpg,p12,mask_sunglass,low,0.6788101196289062,p15,0.253922,rejected
2,/home/tahmid/crops/p12/p12_mask_sunglass_low_005.jpg,p12,mask_sunglass,low,0.7071806192398071,p15,0.304904,misidentified
2,/home/tahmid/crops/p12/p12_mask_sunglass_low_006.jpg,p12,mask_sunglass,low,0.6782797574996948,p15,0.269944,rejected
2,/home/tahmid/crops/p12/p12_mask_sunglass_low_007.jpg,p12,mask_sunglass,low,0.7637755274772644,p15,0.337905,misidentified
2,/home/tahmid/crops/p12/p12_mask_sunglass_low_008.jpg,p12,mask_sunglass,low,0.7493443489074707,p15,0.308406,misidentified
2,/home/tahmid/crops/p12/p12_mask_sunglass_low_009.jpg,p12,mask_sunglass,low,0.7481895089149475,p15,0.307946,misidentified
2,/home/tahmid/crops/p12/p12_mask_sunglass_low_010.jpg,p12,mask_sunglass,low,0.6913977265357971,p12,0.268023,rejected
2,/home/tahmid/crops/p12/p12_mask_sunglass_low_011.jpg,p12,mask_sunglass,low,0.6775435209274292,p12,0.283058,rejected
2,/home/tahmid/crops/p12/p12_mask_sunglass_low_012.jpg,p12,mask_sunglass,low,0.6787173748016357,p12,0.269814,rejected
2,/home/tahmid/crops/p12/p12_mask_sunglass_low_013.jpg,p12,mask_sunglass,low,0.754362165927887,p12,0.274105,rejected
2,/home/tahmid/crops/p12/p12_mask_sunglass_low_014.jpg,p12,mask_sunglass,low,0.7495719790458679,p12,0.283562,rejected
2,/home/tahmid/crops/p12/p12_mask_sunglass_low_015.jpg,p12,mask_sunglass,low,0.7276583313941956,p12,0.271622,rejected
2,/home/tahmid/crops/p12/p12_mask_sunglass_regular_001.jpg,p12,mask_sunglass,regular,0.8502864837646484,p12,0.361545,correct
2,/home/tahmid/crops/p12/p12_mask_sunglass_regular_002.jpg,p12,mask_sunglass,regular,0.8421512842178345,p12,0.349225,correct
2,/home/tahmid/crops/p12/p12_mask_sunglass_regular_003.jpg,p12,mask_sunglass,regular,0.8531575202941895,p12,0.364368,correct
2,/home/tahmid/crops/p12/p12_mask_sunglass_regular_004.jpg,p12,mask_sunglass,regular,0.8384765386581421,p12,0.317487,correct
2,/home/tahmid/crops/p12/p12_mask_sunglass_regular_005.jpg,p12,mask_sunglass,regular,0.8089154362678528,p12,0.333857,correct
2,/home/tahmid/crops/p12/p12_mask_sunglass_regular_006.jpg,p12,mask_sunglass,regular,0.8161143064498901,p12,0.334540,correct
2,/home/tahmid/crops/p12/p12_mask_sunglass_regular_007.jpg,p12,mask_sunglass,regular,0.573103666305542,p12,0.336077,correct
2,/home/tahmid/crops/p12/p12_mask_sunglass_regular_008.jpg,p12,mask_sunglass,regular,0.6234862804412842,p12,0.326515,correct
2,/home/tahmid/crops/p12/p12_mask_sunglass_regular_009.jpg,p12,mask_sunglass,regular,0.6739010214805603,p12,0.309257,correct
2,/home/tahmid/crops/p12/p12_mask_sunglass_regular_010.jpg,p12,mask_sunglass,regular,0.7214543223381042,p12,0.322790,correct
2,/home/tahmid/crops/p12/p12_mask_sunglass_regular_011.jpg,p12,mask_sunglass,regular,0.7242270112037659,p12,0.296138,rejected
2,/home/tahmid/crops/p12/p12_mask_sunglass_regular_012.jpg,p12,mask_sunglass,regular,0.7281774878501892,p12,0.313524,correct
2,/home/tahmid/crops/p12/p12_mask_sunglass_regular_013.jpg,p12,mask_sunglass,regular,0.8116253614425659,p12,0.332622,correct
2,/home/tahmid/crops/p12/p12_mask_sunglass_regular_014.jpg,p12,mask_sunglass,regular,0.8269370794296265,p12,0.329785,correct
2,/home/tahmid/crops/p12/p12_mask_sunglass_regular_015.jpg,p12,mask_sunglass,regular,0.8173818588256836,p12,0.329024,correct
2,/home/tahmid/crops/p12/p12_none_low_001.jpg,p12,none,low,0.8321393728256226,p12,0.570590,correct
2,/home/tahmid/crops/p12/p12_none_low_002.jpg,p12,none,low,0.8363941311836243,p12,0.545537,correct
2,/home/tahmid/crops/p12/p12_none_low_003.jpg,p12,none,low,0.8276203870773315,p12,0.548488,correct
2,/home/tahmid/crops/p12/p12_none_low_004.jpg,p12,none,low,0.8100280165672302,p12,0.551561,correct
2,/home/tahmid/crops/p12/p12_none_low_005.jpg,p12,none,low,0.8210094571113586,p12,0.559261,correct
2,/home/tahmid/crops/p12/p12_none_low_006.jpg,p12,none,low,0.8027080297470093,p12,0.539016,correct
2,/home/tahmid/crops/p12/p12_none_low_007.jpg,p12,none,low,0.8319685459136963,p12,0.471696,correct
2,/home/tahmid/crops/p12/p12_none_low_008.jpg,p12,none,low,0.8256634473800659,p12,0.487003,correct
2,/home/tahmid/crops/p12/p12_none_low_009.jpg,p12,none,low,0.8081645369529724,p12,0.481027,correct
2,/home/tahmid/crops/p12/p12_none_low_010.jpg,p12,none,low,0.6785229444503784,p12,0.487286,correct
2,/home/tahmid/crops/p12/p12_none_low_011.jpg,p12,none,low,0.6694477796554565,p12,0.490211,correct
2,/home/tahmid/crops/p12/p12_none_low_012.jpg,p12,none,low,0.6479156017303467,p12,0.500486,correct
2,/home/tahmid/crops/p12/p12_none_low_013.jpg,p12,none,low,0.785458505153656,p12,0.531669,correct
2,/home/tahmid/crops/p12/p12_none_low_014.jpg,p12,none,low,0.7837585210800171,p12,0.531757,correct
2,/home/tahmid/crops/p12/p12_none_low_015.jpg,p12,none,low,0.809738039970398,p12,0.545951,correct
2,/home/tahmid/crops/p12/p12_none_regular_003.jpg,p12,none,regular,0.7798620462417603,p12,0.517641,correct
2,/home/tahmid/crops/p12/p12_none_regular_004.jpg,p12,none,regular,0.8572951555252075,p12,0.525986,correct
2,/home/tahmid/crops/p12/p12_none_regular_005.jpg,p12,none,regular,0.8347950577735901,p12,0.530942,correct
2,/home/tahmid/crops/p12/p12_none_regular_006.jpg,p12,none,regular,0.8531194925308228,p12,0.539673,correct
2,/home/tahmid/crops/p12/p12_none_regular_007.jpg,p12,none,regular,0.8278647065162659,p12,0.554143,correct
2,/home/tahmid/crops/p12/p12_none_regular_008.jpg,p12,none,regular,0.8538262844085693,p12,0.557741,correct
2,/home/tahmid/crops/p12/p12_none_regular_009.jpg,p12,none,regular,0.7583389282226562,p12,0.654835,correct
2,/home/tahmid/crops/p12/p12_none_regular_010.jpg,p12,none,regular,0.7770607471466064,p12,0.635494,correct
2,/home/tahmid/crops/p12/p12_none_regular_011.jpg,p12,none,regular,0.7981619834899902,p12,0.645259,correct
2,/home/tahmid/crops/p12/p12_none_regular_012.jpg,p12,none,regular,0.8134440183639526,p12,0.554503,correct
2,/home/tahmid/crops/p12/p12_none_regular_013.jpg,p12,none,regular,0.7504557371139526,p12,0.553978,correct
2,/home/tahmid/crops/p12/p12_none_regular_014.jpg,p12,none,regular,0.7890975475311279,p12,0.542438,correct
2,/home/tahmid/crops/p12/p12_none_regular_015.jpg,p12,none,regular,0.878777265548706,p12,0.577826,correct
2,/home/tahmid/crops/p12/p12_scarf_low_001.jpg,p12,scarf,low,0.8275401592254639,p12,0.541304,correct
2,/home/tahmid/crops/p12/p12_scarf_low_002.jpg,p12,scarf,low,0.8044301271438599,p12,0.529702,correct
2,/home/tahmid/crops/p12/p12_scarf_low_003.jpg,p12,scarf,low,0.7059584856033325,p12,0.527362,correct
2,/home/tahmid/crops/p12/p12_scarf_low_004.jpg,p12,scarf,low,0.7080442905426025,p12,0.524109,correct
2,/home/tahmid/crops/p12/p12_scarf_low_005.jpg,p12,scarf,low,0.7359617948532104,p12,0.494579,correct
2,/home/tahmid/crops/p12/p12_scarf_low_006.jpg,p12,scarf,low,0.7604076862335205,p12,0.498341,correct
2,/home/tahmid/crops/p12/p12_scarf_low_007.jpg,p12,scarf,low,0.6744570732116699,p12,0.457966,correct
2,/home/tahmid/crops/p12/p12_scarf_low_008.jpg,p12,scarf,low,0.6992388963699341,p12,0.432325,correct
2,/home/tahmid/crops/p12/p12_scarf_low_009.jpg,p12,scarf,low,0.8060760498046875,p12,0.565917,correct
2,/home/tahmid/crops/p12/p12_scarf_low_010.jpg,p12,scarf,low,0.8130267262458801,p12,0.558031,correct
2,/home/tahmid/crops/p12/p12_scarf_regular_001.jpg,p12,scarf,regular,0.833212673664093,p12,0.576817,correct
2,/home/tahmid/crops/p12/p12_scarf_regular_002.jpg,p12,scarf,regular,0.8227038979530334,p12,0.572784,correct
2,/home/tahmid/crops/p12/p12_scarf_regular_003.jpg,p12,scarf,regular,0.6855282783508301,p12,0.490190,correct
2,/home/tahmid/crops/p12/p12_scarf_regular_004.jpg,p12,scarf,regular,0.6587921380996704,p12,0.493356,correct
2,/home/tahmid/crops/p12/p12_scarf_regular_005.jpg,p12,scarf,regular,0.793452262878418,p12,0.496681,correct
2,/home/tahmid/crops/p12/p12_scarf_regular_006.jpg,p12,scarf,regular,0.7588604688644409,p12,0.488841,correct
2,/home/tahmid/crops/p12/p12_scarf_regular_007.jpg,p12,scarf,regular,0.776238203048706,p12,0.494802,correct
2,/home/tahmid/crops/p12/p12_scarf_regular_008.jpg,p12,scarf,regular,0.7755336761474609,p12,0.499864,correct
2,/home/tahmid/crops/p12/p12_scarf_regular_009.jpg,p12,scarf,regular,0.8468723297119141,p12,0.613698,correct
2,/home/tahmid/crops/p12/p12_scarf_regular_010.jpg,p12,scarf,regular,0.838263750076294,p12,0.614663,correct
2,/home/tahmid/crops/p12/p12_sunglass_low_001.jpg,p12,sunglass,low,0.7984018325805664,p12,0.534719,correct
2,/home/tahmid/crops/p12/p12_sunglass_low_002.jpg,p12,sunglass,low,0.7972386479377747,p12,0.531267,correct
2,/home/tahmid/crops/p12/p12_sunglass_low_003.jpg,p12,sunglass,low,0.797619104385376,p12,0.513542,correct
2,/home/tahmid/crops/p12/p12_sunglass_low_004.jpg,p12,sunglass,low,0.768701434135437,p12,0.519759,correct
2,/home/tahmid/crops/p12/p12_sunglass_low_005.jpg,p12,sunglass,low,0.7635896801948547,p12,0.527908,correct
2,/home/tahmid/crops/p12/p12_sunglass_low_006.jpg,p12,sunglass,low,0.7605197429656982,p12,0.520482,correct
2,/home/tahmid/crops/p12/p12_sunglass_low_007.jpg,p12,sunglass,low,0.8465867042541504,p12,0.451244,correct
2,/home/tahmid/crops/p12/p12_sunglass_low_008.jpg,p12,sunglass,low,0.8465173244476318,p12,0.435687,correct
2,/home/tahmid/crops/p12/p12_sunglass_low_009.jpg,p12,sunglass,low,0.8133026957511902,p12,0.430357,correct
2,/home/tahmid/crops/p12/p12_sunglass_low_010.jpg,p12,sunglass,low,0.7406103610992432,p12,0.487145,correct
2,/home/tahmid/crops/p12/p12_sunglass_low_011.jpg,p12,sunglass,low,0.7390081882476807,p12,0.467623,correct
2,/home/tahmid/crops/p12/p12_sunglass_low_012.jpg,p12,sunglass,low,0.7275356650352478,p12,0.488377,correct
2,/home/tahmid/crops/p12/p12_sunglass_low_013.jpg,p12,sunglass,low,0.8168290853500366,p12,0.532525,correct
2,/home/tahmid/crops/p12/p12_sunglass_low_014.jpg,p12,sunglass,low,0.8032909035682678,p12,0.530643,correct
2,/home/tahmid/crops/p12/p12_sunglass_low_015.jpg,p12,sunglass,low,0.8045185804367065,p12,0.535008,correct
2,/home/tahmid/crops/p12/p12_sunglass_regular_001.jpg,p12,sunglass,regular,0.8624823689460754,p12,0.572776,correct
2,/home/tahmid/crops/p12/p12_sunglass_regular_002.jpg,p12,sunglass,regular,0.8647956848144531,p12,0.577187,correct
2,/home/tahmid/crops/p12/p12_sunglass_regular_003.jpg,p12,sunglass,regular,0.8617117404937744,p12,0.577762,correct
2,/home/tahmid/crops/p12/p12_sunglass_regular_004.jpg,p12,sunglass,regular,0.8544059991836548,p12,0.522790,correct
2,/home/tahmid/crops/p12/p12_sunglass_regular_005.jpg,p12,sunglass,regular,0.855154275894165,p12,0.517135,correct
2,/home/tahmid/crops/p12/p12_sunglass_regular_006.jpg,p12,sunglass,regular,0.8523486852645874,p12,0.524410,correct
2,/home/tahmid/crops/p12/p12_sunglass_regular_007.jpg,p12,sunglass,regular,0.8169075846672058,p12,0.541001,correct
2,/home/tahmid/crops/p12/p12_sunglass_regular_008.jpg,p12,sunglass,regular,0.8178204298019409,p12,0.535351,correct
2,/home/tahmid/crops/p12/p12_sunglass_regular_009.jpg,p12,sunglass,regular,0.8096156120300293,p12,0.529223,correct
2,/home/tahmid/crops/p12/p12_sunglass_regular_010.jpg,p12,sunglass,regular,0.8078904151916504,p12,0.576153,correct
2,/home/tahmid/crops/p12/p12_sunglass_regular_011.jpg,p12,sunglass,regular,0.7993407249450684,p12,0.563925,correct
2,/home/tahmid/crops/p12/p12_sunglass_regular_012.jpg,p12,sunglass,regular,0.7902265787124634,p12,0.573552,correct
2,/home/tahmid/crops/p12/p12_sunglass_regular_013.jpg,p12,sunglass,regular,0.7707793116569519,p12,0.458881,correct
2,/home/tahmid/crops/p12/p12_sunglass_regular_014.jpg,p12,sunglass,regular,0.7889440655708313,p12,0.454842,correct
2,/home/tahmid/crops/p12/p12_sunglass_regular_015.jpg,p12,sunglass,regular,0.7596633434295654,p12,0.444824,correct
2,/home/tahmid/crops/p13/p13_cap_low_001.jpg,p13,cap,low,0.8130353689193726,p13,0.490646,correct
2,/home/tahmid/crops/p13/p13_cap_low_002.jpg,p13,cap,low,0.8111637830734253,p13,0.487686,correct
2,/home/tahmid/crops/p13/p13_cap_low_003.jpg,p13,cap,low,0.786261796951294,p13,0.458928,correct
2,/home/tahmid/crops/p13/p13_cap_low_004.jpg,p13,cap,low,0.7922115325927734,p13,0.466257,correct
2,/home/tahmid/crops/p13/p13_cap_low_005.jpg,p13,cap,low,0.8187007904052734,p13,0.441670,correct
2,/home/tahmid/crops/p13/p13_cap_low_006.jpg,p13,cap,low,0.7731693387031555,p13,0.454846,correct
2,/home/tahmid/crops/p13/p13_cap_low_007.jpg,p13,cap,low,0.788749098777771,p13,0.476008,correct
2,/home/tahmid/crops/p13/p13_cap_low_008.jpg,p13,cap,low,0.8118392825126648,p13,0.468137,correct
2,/home/tahmid/crops/p13/p13_cap_low_009.jpg,p13,cap,low,0.8214417695999146,p13,0.493274,correct
2,/home/tahmid/crops/p13/p13_cap_low_010.jpg,p13,cap,low,0.775644838809967,p13,0.494741,correct
2,/home/tahmid/crops/p13/p13_cap_low_011.jpg,p13,cap,low,0.8324017524719238,p13,0.397041,correct
2,/home/tahmid/crops/p13/p13_cap_low_012.jpg,p13,cap,low,0.8225307464599609,p13,0.386953,correct
2,/home/tahmid/crops/p13/p13_cap_low_013.jpg,p13,cap,low,0.8311700224876404,p13,0.383908,correct
2,/home/tahmid/crops/p13/p13_cap_regular_001.jpg,p13,cap,regular,0.8290257453918457,p13,0.494790,correct
2,/home/tahmid/crops/p13/p13_cap_regular_002.jpg,p13,cap,regular,0.8393639922142029,p13,0.494240,correct
2,/home/tahmid/crops/p13/p13_cap_regular_003.jpg,p13,cap,regular,0.7828195691108704,p13,0.446930,correct
2,/home/tahmid/crops/p13/p13_cap_regular_004.jpg,p13,cap,regular,0.8199639320373535,p13,0.468428,correct
2,/home/tahmid/crops/p13/p13_cap_regular_005.jpg,p13,cap,regular,0.7926327586174011,p13,0.448023,correct
2,/home/tahmid/crops/p13/p13_cap_regular_006.jpg,p13,cap,regular,0.8045716285705566,p13,0.491347,correct
2,/home/tahmid/crops/p13/p13_cap_regular_007.jpg,p13,cap,regular,0.8394219875335693,p13,0.404907,correct
2,/home/tahmid/crops/p13/p13_cap_regular_008.jpg,p13,cap,regular,0.8290257453918457,p13,0.494790,correct
2,/home/tahmid/crops/p13/p13_cap_regular_009.jpg,p13,cap,regular,0.8045716285705566,p13,0.491347,correct
2,/home/tahmid/crops/p13/p13_cap_regular_010.jpg,p13,cap,regular,0.8168965578079224,p13,0.488118,correct
2,/home/tahmid/crops/p13/p13_cap_regular_011.jpg,p13,cap,regular,0.8189148902893066,p13,0.418769,correct
2,/home/tahmid/crops/p13/p13_cap_regular_012.jpg,p13,cap,regular,0.8239747285842896,p13,0.396765,correct
2,/home/tahmid/crops/p13/p13_cap_regular_013.jpg,p13,cap,regular,0.8394219875335693,p13,0.404907,correct
2,/home/tahmid/crops/p13/p13_clearglass_low_001.jpg,p13,clearglass,low,0.8019564151763916,p13,0.423767,correct
2,/home/tahmid/crops/p13/p13_clearglass_low_002.jpg,p13,clearglass,low,0.7161719799041748,p13,0.453407,correct
2,/home/tahmid/crops/p13/p13_clearglass_low_003.jpg,p13,clearglass,low,0.8192177414894104,p13,0.415681,correct
2,/home/tahmid/crops/p13/p13_clearglass_low_004.jpg,p13,clearglass,low,0.7965840697288513,p13,0.433606,correct
2,/home/tahmid/crops/p13/p13_clearglass_low_005.jpg,p13,clearglass,low,0.8095184564590454,p13,0.416554,correct
2,/home/tahmid/crops/p13/p13_clearglass_low_006.jpg,p13,clearglass,low,0.798442542552948,p13,0.430242,correct
2,/home/tahmid/crops/p13/p13_clearglass_low_007.jpg,p13,clearglass,low,0.8180830478668213,p13,0.432442,correct
2,/home/tahmid/crops/p13/p13_clearglass_low_008.jpg,p13,clearglass,low,0.8030011653900146,p13,0.382814,correct
2,/home/tahmid/crops/p13/p13_clearglass_low_009.jpg,p13,clearglass,low,0.8068389892578125,p13,0.406784,correct
2,/home/tahmid/crops/p13/p13_clearglass_low_010.jpg,p13,clearglass,low,0.7779718041419983,p13,0.418292,correct
2,/home/tahmid/crops/p13/p13_clearglass_low_011.jpg,p13,clearglass,low,0.859363317489624,p13,0.443136,correct
2,/home/tahmid/crops/p13/p13_clearglass_low_012.jpg,p13,clearglass,low,0.8385599255561829,p13,0.410922,correct
2,/home/tahmid/crops/p13/p13_clearglass_low_013.jpg,p13,clearglass,low,0.8769938349723816,p13,0.413380,correct
2,/home/tahmid/crops/p13/p13_clearglass_regular_001.jpg,p13,clearglass,regular,0.8240075707435608,p13,0.485642,correct
2,/home/tahmid/crops/p13/p13_clearglass_regular_002.jpg,p13,clearglass,regular,0.747559666633606,p13,0.502270,correct
2,/home/tahmid/crops/p13/p13_clearglass_regular_003.jpg,p13,clearglass,regular,0.8545836806297302,p13,0.473821,correct
2,/home/tahmid/crops/p13/p13_clearglass_regular_004.jpg,p13,clearglass,regular,0.8015393018722534,p13,0.486466,correct
2,/home/tahmid/crops/p13/p13_clearglass_regular_005.jpg,p13,clearglass,regular,0.867613673210144,p13,0.468689,correct
2,/home/tahmid/crops/p13/p13_clearglass_regular_006.jpg,p13,clearglass,regular,0.8565472364425659,p13,0.464899,correct
2,/home/tahmid/crops/p13/p13_clearglass_regular_007.jpg,p13,clearglass,regular,0.820548415184021,p13,0.459490,correct
2,/home/tahmid/crops/p13/p13_clearglass_regular_008.jpg,p13,clearglass,regular,0.8175119161605835,p13,0.430987,correct
2,/home/tahmid/crops/p13/p13_clearglass_regular_009.jpg,p13,clearglass,regular,0.8296386003494263,p13,0.430134,correct
2,/home/tahmid/crops/p13/p13_clearglass_regular_010.jpg,p13,clearglass,regular,0.8601407408714294,p13,0.418813,correct
2,/home/tahmid/crops/p13/p13_mask_clearglass_low_001.jpg,p13,mask_clearglass,low,0.7972942590713501,p13,0.277982,rejected
2,/home/tahmid/crops/p13/p13_mask_clearglass_low_002.jpg,p13,mask_clearglass,low,0.7104094624519348,p13,0.269337,rejected
2,/home/tahmid/crops/p13/p13_mask_clearglass_low_003.jpg,p13,mask_clearglass,low,0.7335937023162842,p13,0.282469,rejected
2,/home/tahmid/crops/p13/p13_mask_clearglass_low_004.jpg,p13,mask_clearglass,low,0.7128552198410034,p13,0.346912,correct
2,/home/tahmid/crops/p13/p13_mask_clearglass_low_005.jpg,p13,mask_clearglass,low,0.6992191672325134,p13,0.330687,correct
2,/home/tahmid/crops/p13/p13_mask_clearglass_low_006.jpg,p13,mask_clearglass,low,0.7224257588386536,p13,0.358843,correct
2,/home/tahmid/crops/p13/p13_mask_clearglass_low_007.jpg,p13,mask_clearglass,low,0.7794793248176575,p13,0.311509,correct
2,/home/tahmid/crops/p13/p13_mask_clearglass_low_008.jpg,p13,mask_clearglass,low,0.7663877010345459,p13,0.318470,correct
2,/home/tahmid/crops/p13/p13_mask_clearglass_low_009.jpg,p13,mask_clearglass,low,0.821669340133667,p13,0.346702,correct
2,/home/tahmid/crops/p13/p13_mask_clearglass_low_010.jpg,p13,mask_clearglass,low,0.6268195509910583,p13,0.236754,rejected
2,/home/tahmid/crops/p13/p13_mask_clearglass_low_011.jpg,p13,mask_clearglass,low,0.6002270579338074,p11,0.245631,rejected
2,/home/tahmid/crops/p13/p13_mask_clearglass_low_012.jpg,p13,mask_clearglass,low,0.8328198790550232,p13,0.447762,correct
2,/home/tahmid/crops/p13/p13_mask_clearglass_low_013.jpg,p13,mask_clearglass,low,0.8373867273330688,p13,0.439810,correct
2,/home/tahmid/crops/p13/p13_mask_clearglass_regular_001.jpg,p13,mask_clearglass,regular,0.6119180917739868,p13,0.405320,correct
2,/home/tahmid/crops/p13/p13_mask_clearglass_regular_002.jpg,p13,mask_clearglass,regular,0.6267890334129333,p13,0.416059,correct
2,/home/tahmid/crops/p13/p13_mask_clearglass_regular_003.jpg,p13,mask_clearglass,regular,0.7517679333686829,p13,0.360320,correct
2,/home/tahmid/crops/p13/p13_mask_clearglass_regular_004.jpg,p13,mask_clearglass,regular,0.7291067242622375,p13,0.328566,correct
2,/home/tahmid/crops/p13/p13_mask_clearglass_regular_005.jpg,p13,mask_clearglass,regular,0.7383241653442383,p13,0.328609,correct
2,/home/tahmid/crops/p13/p13_mask_clearglass_regular_006.jpg,p13,mask_clearglass,regular,0.7126150727272034,p13,0.370215,correct
2,/home/tahmid/crops/p13/p13_mask_clearglass_regular_007.jpg,p13,mask_clearglass,regular,0.7643688917160034,p13,0.285195,rejected
2,/home/tahmid/crops/p13/p13_mask_clearglass_regular_008.jpg,p13,mask_clearglass,regular,0.7790117263793945,p13,0.271166,rejected
2,/home/tahmid/crops/p13/p13_mask_clearglass_regular_009.jpg,p13,mask_clearglass,regular,0.8088624477386475,p13,0.356160,correct
2,/home/tahmid/crops/p13/p13_mask_clearglass_regular_010.jpg,p13,mask_clearglass,regular,0.7649192214012146,p13,0.348523,correct
2,/home/tahmid/crops/p13/p13_mask_low_001.jpg,p13,mask,low,0.7309905886650085,p13,0.484879,correct
2,/home/tahmid/crops/p13/p13_mask_low_002.jpg,p13,mask,low,0.6847766637802124,p13,0.494975,correct
2,/home/tahmid/crops/p13/p13_mask_low_003.jpg,p13,mask,low,0.739065408706665,p13,0.505127,correct
2,/home/tahmid/crops/p13/p13_mask_low_004.jpg,p13,mask,low,0.6784385442733765,p13,0.460464,correct
2,/home/tahmid/crops/p13/p13_mask_low_005.jpg,p13,mask,low,0.6967145204544067,p13,0.498206,correct
2,/home/tahmid/crops/p13/p13_mask_low_006.jpg,p13,mask,low,0.780795693397522,p13,0.461367,correct
2,/home/tahmid/crops/p13/p13_mask_low_007.jpg,p13,mask,low,0.8231730461120605,p13,0.457109,correct
2,/home/tahmid/crops/p13/p13_mask_low_008.jpg,p13,mask,low,0.7876496315002441,p13,0.496697,correct
2,/home/tahmid/crops/p13/p13_mask_low_009.jpg,p13,mask,low,0.6722680330276489,p13,0.487375,correct
2,/home/tahmid/crops/p13/p13_mask_low_010.jpg,p13,mask,low,0.6572350263595581,p13,0.519428,correct
2,/home/tahmid/crops/p13/p13_mask_low_011.jpg,p13,mask,low,0.6706863045692444,p13,0.488014,correct
2,/home/tahmid/crops/p13/p13_mask_low_012.jpg,p13,mask,low,0.8386977910995483,p13,0.457814,correct
2,/home/tahmid/crops/p13/p13_mask_low_013.jpg,p13,mask,low,0.8530737161636353,p13,0.475355,correct
2,/home/tahmid/crops/p13/p13_mask_regular_001.jpg,p13,mask,regular,0.787460446357727,p13,0.477288,correct
2,/home/tahmid/crops/p13/p13_mask_regular_002.jpg,p13,mask,regular,0.8235757946968079,p13,0.460677,correct
2,/home/tahmid/crops/p13/p13_mask_regular_003.jpg,p13,mask,regular,0.8232095837593079,p13,0.494054,correct
2,/home/tahmid/crops/p13/p13_mask_regular_004.jpg,p13,mask,regular,0.7417222261428833,p13,0.500344,correct
2,/home/tahmid/crops/p13/p13_mask_regular_005.jpg,p13,mask,regular,0.78217613697052,p13,0.497536,correct
2,/home/tahmid/crops/p13/p13_mask_regular_006.jpg,p13,mask,regular,0.7343788146972656,p13,0.482881,correct
2,/home/tahmid/crops/p13/p13_mask_regular_007.jpg,p13,mask,regular,0.7836325168609619,p13,0.479952,correct
2,/home/tahmid/crops/p13/p13_mask_regular_008.jpg,p13,mask,regular,0.8538626432418823,p13,0.470390,correct
2,/home/tahmid/crops/p13/p13_mask_regular_009.jpg,p13,mask,regular,0.8367190361022949,p13,0.495905,correct
2,/home/tahmid/crops/p13/p13_mask_regular_010.jpg,p13,mask,regular,0.8218916654586792,p13,0.504441,correct
2,/home/tahmid/crops/p13/p13_mask_regular_011.jpg,p13,mask,regular,0.7826460599899292,p13,0.492333,correct
2,/home/tahmid/crops/p13/p13_mask_regular_012.jpg,p13,mask,regular,0.818905234336853,p13,0.506502,correct
2,/home/tahmid/crops/p13/p13_mask_regular_013.jpg,p13,mask,regular,0.7801350951194763,p13,0.497398,correct
2,/home/tahmid/crops/p13/p13_mask_sunglass_low_001.jpg,p13,mask_sunglass,low,0.6883429288864136,p13,0.254533,rejected
2,/home/tahmid/crops/p13/p13_mask_sunglass_low_002.jpg,p13,mask_sunglass,low,0.7396049499511719,p13,0.228211,rejected
2,/home/tahmid/crops/p13/p13_mask_sunglass_low_003.jpg,p13,mask_sunglass,low,0.7057583332061768,p13,0.260009,rejected
2,/home/tahmid/crops/p13/p13_mask_sunglass_low_004.jpg,p13,mask_sunglass,low,0.6268808841705322,p13,0.311499,correct
2,/home/tahmid/crops/p13/p13_mask_sunglass_low_005.jpg,p13,mask_sunglass,low,0.6192930936813354,p13,0.306652,correct
2,/home/tahmid/crops/p13/p13_mask_sunglass_low_006.jpg,p13,mask_sunglass,low,0.8263872861862183,p13,0.356426,correct
2,/home/tahmid/crops/p13/p13_mask_sunglass_low_007.jpg,p13,mask_sunglass,low,0.8016037940979004,p13,0.325245,correct
2,/home/tahmid/crops/p13/p13_mask_sunglass_low_008.jpg,p13,mask_sunglass,low,0.8475826978683472,p13,0.345863,correct
2,/home/tahmid/crops/p13/p13_mask_sunglass_low_009.jpg,p13,mask_sunglass,low,0.49949052929878235,p13,0.226840,rejected
2,/home/tahmid/crops/p13/p13_mask_sunglass_low_010.jpg,p13,mask_sunglass,low,0.5163173079490662,p13,0.258797,rejected
2,/home/tahmid/crops/p13/p13_mask_sunglass_low_011.jpg,p13,mask_sunglass,low,0.35740548372268677,p13,0.269054,rejected
2,/home/tahmid/crops/p13/p13_mask_sunglass_low_012.jpg,p13,mask_sunglass,low,0.8250948190689087,p13,0.356313,correct
2,/home/tahmid/crops/p13/p13_mask_sunglass_low_013.jpg,p13,mask_sunglass,low,0.8074343204498291,p13,0.369226,correct
2,/home/tahmid/crops/p13/p13_mask_sunglass_regular_001.jpg,p13,mask_sunglass,regular,0.6394303441047668,p13,0.308146,correct
2,/home/tahmid/crops/p13/p13_mask_sunglass_regular_002.jpg,p13,mask_sunglass,regular,0.6864948272705078,p13,0.319320,correct
2,/home/tahmid/crops/p13/p13_mask_sunglass_regular_003.jpg,p13,mask_sunglass,regular,0.7321044206619263,p13,0.347148,correct
2,/home/tahmid/crops/p13/p13_mask_sunglass_regular_004.jpg,p13,mask_sunglass,regular,0.7120274305343628,p13,0.279813,rejected
2,/home/tahmid/crops/p13/p13_mask_sunglass_regular_005.jpg,p13,mask_sunglass,regular,0.632690966129303,p13,0.311575,correct
2,/home/tahmid/crops/p13/p13_mask_sunglass_regular_006.jpg,p13,mask_sunglass,regular,0.6896907687187195,p13,0.310628,correct
2,/home/tahmid/crops/p13/p13_mask_sunglass_regular_007.jpg,p13,mask_sunglass,regular,0.7905793190002441,p13,0.359867,correct
2,/home/tahmid/crops/p13/p13_mask_sunglass_regular_008.jpg,p13,mask_sunglass,regular,0.7567254304885864,p13,0.352934,correct
2,/home/tahmid/crops/p13/p13_mask_sunglass_regular_009.jpg,p13,mask_sunglass,regular,0.7822655439376831,p13,0.297445,rejected
2,/home/tahmid/crops/p13/p13_none_low_001.jpg,p13,none,low,0.6979652643203735,p13,0.522651,correct
2,/home/tahmid/crops/p13/p13_none_low_002.jpg,p13,none,low,0.7684116363525391,p13,0.534207,correct
2,/home/tahmid/crops/p13/p13_none_low_003.jpg,p13,none,low,0.8104897737503052,p13,0.527755,correct
2,/home/tahmid/crops/p13/p13_none_low_004.jpg,p13,none,low,0.7652269601821899,p13,0.517229,correct
2,/home/tahmid/crops/p13/p13_none_low_005.jpg,p13,none,low,0.7792885899543762,p13,0.517380,correct
2,/home/tahmid/crops/p13/p13_none_low_006.jpg,p13,none,low,0.8464138507843018,p13,0.493905,correct
2,/home/tahmid/crops/p13/p13_none_low_007.jpg,p13,none,low,0.863316535949707,p13,0.461777,correct
2,/home/tahmid/crops/p13/p13_none_low_008.jpg,p13,none,low,0.8419848680496216,p13,0.480153,correct
2,/home/tahmid/crops/p13/p13_none_low_009.jpg,p13,none,low,0.806618332862854,p13,0.533679,correct
2,/home/tahmid/crops/p13/p13_none_low_010.jpg,p13,none,low,0.7924215197563171,p13,0.525989,correct
2,/home/tahmid/crops/p13/p13_none_low_011.jpg,p13,none,low,0.8797946572303772,p13,0.492683,correct
2,/home/tahmid/crops/p13/p13_none_low_012.jpg,p13,none,low,0.8725011348724365,p13,0.511059,correct
2,/home/tahmid/crops/p13/p13_none_low_013.jpg,p13,none,low,0.866843581199646,p13,0.494761,correct
2,/home/tahmid/crops/p13/p13_none_regular_001.jpg,p13,none,regular,0.8838659524917603,p13,0.578106,correct
2,/home/tahmid/crops/p13/p13_none_regular_002.jpg,p13,none,regular,0.8594197034835815,p13,0.569902,correct
2,/home/tahmid/crops/p13/p13_none_regular_004.jpg,p13,none,regular,0.8120607137680054,p13,0.508010,correct
2,/home/tahmid/crops/p13/p13_none_regular_005.jpg,p13,none,regular,0.8313076496124268,p13,0.527618,correct
2,/home/tahmid/crops/p13/p13_none_regular_006.jpg,p13,none,regular,0.8412981033325195,p13,0.513828,correct
2,/home/tahmid/crops/p13/p13_none_regular_007.jpg,p13,none,regular,0.8538525104522705,p13,0.519448,correct
2,/home/tahmid/crops/p13/p13_none_regular_008.jpg,p13,none,regular,0.8706085085868835,p13,0.513584,correct
2,/home/tahmid/crops/p13/p13_none_regular_009.jpg,p13,none,regular,0.878088116645813,p13,0.520074,correct
2,/home/tahmid/crops/p13/p13_none_regular_010.jpg,p13,none,regular,0.8859032392501831,p13,0.509107,correct
2,/home/tahmid/crops/p13/p13_none_regular_011.jpg,p13,none,regular,0.8778830766677856,p13,0.507847,correct
2,/home/tahmid/crops/p13/p13_none_regular_012.jpg,p13,none,regular,0.8351737260818481,p13,0.541898,correct
2,/home/tahmid/crops/p13/p13_none_regular_013.jpg,p13,none,regular,0.830966591835022,p13,0.533378,correct
2,/home/tahmid/crops/p13/p13_scarf_low_001.jpg,p13,scarf,low,0.7699013948440552,p13,0.464990,correct
2,/home/tahmid/crops/p13/p13_scarf_low_002.jpg,p13,scarf,low,0.7499740123748779,p13,0.457641,correct
2,/home/tahmid/crops/p13/p13_scarf_low_003.jpg,p13,scarf,low,0.7614140510559082,p13,0.485264,correct
2,/home/tahmid/crops/p13/p13_scarf_low_004.jpg,p13,scarf,low,0.7809867858886719,p13,0.469928,correct
2,/home/tahmid/crops/p13/p13_scarf_low_005.jpg,p13,scarf,low,0.7023354172706604,p13,0.451103,correct
2,/home/tahmid/crops/p13/p13_scarf_low_006.jpg,p13,scarf,low,0.7112445831298828,p13,0.437765,correct
2,/home/tahmid/crops/p13/p13_scarf_low_007.jpg,p13,scarf,low,0.7427767515182495,p13,0.449053,correct
2,/home/tahmid/crops/p13/p13_scarf_low_008.jpg,p13,scarf,low,0.7632225155830383,p13,0.456292,correct
2,/home/tahmid/crops/p13/p13_scarf_low_009.jpg,p13,scarf,low,0.7716923952102661,p13,0.446932,correct
2,/home/tahmid/crops/p13/p13_scarf_low_010.jpg,p13,scarf,low,0.779407262802124,p13,0.429466,correct
2,/home/tahmid/crops/p13/p13_scarf_low_011.jpg,p13,scarf,low,0.745268702507019,p13,0.439200,correct
2,/home/tahmid/crops/p13/p13_scarf_low_012.jpg,p13,scarf,low,0.7635371685028076,p13,0.431138,correct
2,/home/tahmid/crops/p13/p13_scarf_low_013.jpg,p13,scarf,low,0.7679639458656311,p13,0.466731,correct
2,/home/tahmid/crops/p13/p13_scarf_regular_001.jpg,p13,scarf,regular,0.8177897930145264,p13,0.528421,correct
2,/home/tahmid/crops/p13/p13_scarf_regular_002.jpg,p13,scarf,regular,0.8280423879623413,p13,0.545300,correct
2,/home/tahmid/crops/p13/p13_scarf_regular_003.jpg,p13,scarf,regular,0.8097313642501831,p13,0.523425,correct
2,/home/tahmid/crops/p13/p13_scarf_regular_004.jpg,p13,scarf,regular,0.7413004636764526,p13,0.481305,correct
2,/home/tahmid/crops/p13/p13_scarf_regular_005.jpg,p13,scarf,regular,0.7737258672714233,p13,0.490482,correct
2,/home/tahmid/crops/p13/p13_scarf_regular_006.jpg,p13,scarf,regular,0.7704943418502808,p13,0.478755,correct
2,/home/tahmid/crops/p13/p13_scarf_regular_007.jpg,p13,scarf,regular,0.77405846118927,p13,0.465814,correct
2,/home/tahmid/crops/p13/p13_scarf_regular_008.jpg,p13,scarf,regular,0.7829223275184631,p13,0.474763,correct
2,/home/tahmid/crops/p13/p13_scarf_regular_009.jpg,p13,scarf,regular,0.8557906150817871,p13,0.493596,correct
2,/home/tahmid/crops/p13/p13_scarf_regular_010.jpg,p13,scarf,regular,0.8512941002845764,p13,0.494649,correct
2,/home/tahmid/crops/p13/p13_scarf_regular_011.jpg,p13,scarf,regular,0.8119266629219055,p13,0.489805,correct
2,/home/tahmid/crops/p13/p13_scarf_regular_012.jpg,p13,scarf,regular,0.7955220937728882,p13,0.483767,correct
2,/home/tahmid/crops/p13/p13_scarf_regular_013.jpg,p13,scarf,regular,0.7659570574760437,p13,0.473315,correct
2,/home/tahmid/crops/p13/p13_sunglass_low_001.jpg,p13,sunglass,low,0.7924387454986572,p13,0.439567,correct
2,/home/tahmid/crops/p13/p13_sunglass_low_002.jpg,p13,sunglass,low,0.7999093532562256,p13,0.444653,correct
2,/home/tahmid/crops/p13/p13_sunglass_low_003.jpg,p13,sunglass,low,0.8132028579711914,p13,0.437562,correct
2,/home/tahmid/crops/p13/p13_sunglass_low_004.jpg,p13,sunglass,low,0.8420028686523438,p13,0.435841,correct
2,/home/tahmid/crops/p13/p13_sunglass_low_005.jpg,p13,sunglass,low,0.8263792991638184,p13,0.435912,correct
2,/home/tahmid/crops/p13/p13_sunglass_low_006.jpg,p13,sunglass,low,0.831782341003418,p13,0.438502,correct
2,/home/tahmid/crops/p13/p13_sunglass_low_007.jpg,p13,sunglass,low,0.859504222869873,p13,0.428006,correct
2,/home/tahmid/crops/p13/p13_sunglass_low_008.jpg,p13,sunglass,low,0.8456363677978516,p13,0.421198,correct
2,/home/tahmid/crops/p13/p13_sunglass_low_009.jpg,p13,sunglass,low,0.7407776713371277,p13,0.448687,correct
2,/home/tahmid/crops/p13/p13_sunglass_low_010.jpg,p13,sunglass,low,0.7722873687744141,p13,0.435587,correct
2,/home/tahmid/crops/p13/p13_sunglass_low_011.jpg,p13,sunglass,low,0.7992780208587646,p13,0.432323,correct
2,/home/tahmid/crops/p13/p13_sunglass_low_012.jpg,p13,sunglass,low,0.8423548936843872,p13,0.418967,correct
2,/home/tahmid/crops/p13/p13_sunglass_low_013.jpg,p13,sunglass,low,0.8366488218307495,p13,0.416969,correct
2,/home/tahmid/crops/p13/p13_sunglass_low_014.jpg,p13,sunglass,low,0.8487681150436401,p13,0.411442,correct
2,/home/tahmid/crops/p13/p13_sunglass_regular_001.jpg,p13,sunglass,regular,0.7850198745727539,p13,0.478722,correct
2,/home/tahmid/crops/p13/p13_sunglass_regular_002.jpg,p13,sunglass,regular,0.7557473182678223,p13,0.490635,correct
2,/home/tahmid/crops/p13/p13_sunglass_regular_003.jpg,p13,sunglass,regular,0.7654922604560852,p13,0.489761,correct
2,/home/tahmid/crops/p13/p13_sunglass_regular_004.jpg,p13,sunglass,regular,0.8001067638397217,p13,0.499472,correct
2,/home/tahmid/crops/p13/p13_sunglass_regular_005.jpg,p13,sunglass,regular,0.7785477638244629,p13,0.493696,correct
2,/home/tahmid/crops/p13/p13_sunglass_regular_006.jpg,p13,sunglass,regular,0.8551603555679321,p13,0.481558,correct
2,/home/tahmid/crops/p13/p13_sunglass_regular_007.jpg,p13,sunglass,regular,0.8262680768966675,p13,0.467470,correct
2,/home/tahmid/crops/p13/p13_sunglass_regular_008.jpg,p13,sunglass,regular,0.8562242984771729,p13,0.496052,correct
2,/home/tahmid/crops/p13/p13_sunglass_regular_009.jpg,p13,sunglass,regular,0.8616687059402466,p13,0.472501,correct
2,/home/tahmid/crops/p13/p13_sunglass_regular_010.jpg,p13,sunglass,regular,0.862785816192627,p13,0.453195,correct
2,/home/tahmid/crops/p13/p13_sunglass_regular_011.jpg,p13,sunglass,regular,0.8534883260726929,p13,0.457948,correct
2,/home/tahmid/crops/p13/p13_sunglass_regular_012.jpg,p13,sunglass,regular,0.8472585082054138,p13,0.435490,correct
2,/home/tahmid/crops/p13/p13_sunglass_regular_013.jpg,p13,sunglass,regular,0.8563405275344849,p13,0.454551,correct
2,/home/tahmid/crops/p13/p13_sunglass_regular_014.jpg,p13,sunglass,regular,0.8623942136764526,p13,0.454971,correct
2,/home/tahmid/crops/p16/p16_cap_low_001.jpg,p16,cap,low,0.8728779554367065,p16,0.560663,correct
2,/home/tahmid/crops/p16/p16_cap_low_002.jpg,p16,cap,low,0.8805906176567078,p16,0.578491,correct
2,/home/tahmid/crops/p16/p16_cap_low_003.jpg,p16,cap,low,0.8567423224449158,p16,0.500742,correct
2,/home/tahmid/crops/p16/p16_cap_low_004.jpg,p16,cap,low,0.6956003904342651,p16,0.474555,correct
2,/home/tahmid/crops/p16/p16_cap_low_005.jpg,p16,cap,low,0.7064741253852844,p16,0.439619,correct
2,/home/tahmid/crops/p16/p16_cap_low_006.jpg,p16,cap,low,0.7346299886703491,p16,0.454899,correct
2,/home/tahmid/crops/p16/p16_cap_low_007.jpg,p16,cap,low,0.7638574838638306,p16,0.464129,correct
2,/home/tahmid/crops/p16/p16_cap_low_008.jpg,p16,cap,low,0.7604819536209106,p16,0.469148,correct
2,/home/tahmid/crops/p16/p16_cap_low_009.jpg,p16,cap,low,0.6982110738754272,p16,0.352927,correct
2,/home/tahmid/crops/p16/p16_cap_low_010.jpg,p16,cap,low,0.6822940111160278,p16,0.349246,correct
2,/home/tahmid/crops/p16/p16_cap_low_011.jpg,p16,cap,low,0.6349788308143616,p16,0.306115,correct
2,/home/tahmid/crops/p16/p16_cap_low_012.jpg,p16,cap,low,0.8446305990219116,p16,0.566696,correct
2,/home/tahmid/crops/p16/p16_cap_low_013.jpg,p16,cap,low,0.8489170074462891,p16,0.578813,correct
2,/home/tahmid/crops/p16/p16_cap_low_014.jpg,p16,cap,low,0.839069128036499,p16,0.595018,correct
2,/home/tahmid/crops/p16/p16_cap_regular_001.jpg,p16,cap,regular,0.8606823682785034,p16,0.578226,correct
2,/home/tahmid/crops/p16/p16_cap_regular_002.jpg,p16,cap,regular,0.8773940205574036,p16,0.594616,correct
2,/home/tahmid/crops/p16/p16_cap_regular_003.jpg,p16,cap,regular,0.8674392104148865,p16,0.596956,correct
2,/home/tahmid/crops/p16/p16_cap_regular_004.jpg,p16,cap,regular,0.7504626512527466,p16,0.483145,correct
2,/home/tahmid/crops/p16/p16_cap_regular_005.jpg,p16,cap,regular,0.7700654864311218,p16,0.472444,correct
2,/home/tahmid/crops/p16/p16_cap_regular_006.jpg,p16,cap,regular,0.7268301248550415,p16,0.474546,correct
2,/home/tahmid/crops/p16/p16_cap_regular_007.jpg,p16,cap,regular,0.7669811248779297,p16,0.508238,correct
2,/home/tahmid/crops/p16/p16_cap_regular_008.jpg,p16,cap,regular,0.7696733474731445,p16,0.494975,correct
2,/home/tahmid/crops/p16/p16_cap_regular_009.jpg,p16,cap,regular,0.6799578666687012,p16,0.345253,correct
2,/home/tahmid/crops/p16/p16_cap_regular_010.jpg,p16,cap,regular,0.5637098550796509,p16,0.238981,rejected
2,/home/tahmid/crops/p16/p16_cap_regular_011.jpg,p16,cap,regular,0.599600076675415,p14,0.178019,rejected
2,/home/tahmid/crops/p16/p16_cap_regular_012.jpg,p16,cap,regular,0.6633259654045105,p16,0.364321,correct
2,/home/tahmid/crops/p16/p16_cap_regular_013.jpg,p16,cap,regular,0.8045258522033691,p16,0.615163,correct
2,/home/tahmid/crops/p16/p16_cap_regular_014.jpg,p16,cap,regular,0.8062298893928528,p16,0.584353,correct
2,/home/tahmid/crops/p16/p16_cap_regular_015.jpg,p16,cap,regular,0.8193788528442383,p16,0.616781,correct
2,/home/tahmid/crops/p16/p16_clearglass_low_001.jpg,p16,clearglass,low,0.7931925058364868,p16,0.530092,correct
2,/home/tahmid/crops/p16/p16_clearglass_low_002.jpg,p16,clearglass,low,0.775063157081604,p16,0.536640,correct
2,/home/tahmid/crops/p16/p16_clearglass_low_003.jpg,p16,clearglass,low,0.8003003597259521,p16,0.512797,correct
2,/home/tahmid/crops/p16/p16_clearglass_low_004.jpg,p16,clearglass,low,0.7115120887756348,p16,0.470229,correct
2,/home/tahmid/crops/p16/p16_clearglass_low_005.jpg,p16,clearglass,low,0.7645463347434998,p16,0.463449,correct
2,/home/tahmid/crops/p16/p16_clearglass_low_006.jpg,p16,clearglass,low,0.7614649534225464,p16,0.450087,correct
2,/home/tahmid/crops/p16/p16_clearglass_low_007.jpg,p16,clearglass,low,0.6217625141143799,p16,0.448233,correct
2,/home/tahmid/crops/p16/p16_clearglass_low_008.jpg,p16,clearglass,low,0.6706691980361938,p16,0.437882,correct
2,/home/tahmid/crops/p16/p16_clearglass_low_009.jpg,p16,clearglass,low,0.7213023900985718,p16,0.444890,correct
2,/home/tahmid/crops/p16/p16_clearglass_low_010.jpg,p16,clearglass,low,0.6684883236885071,p16,0.379578,correct
2,/home/tahmid/crops/p16/p16_clearglass_low_011.jpg,p16,clearglass,low,0.6551426649093628,p16,0.361819,correct
2,/home/tahmid/crops/p16/p16_clearglass_low_012.jpg,p16,clearglass,low,0.5906823873519897,p16,0.334072,correct
2,/home/tahmid/crops/p16/p16_clearglass_low_013.jpg,p16,clearglass,low,0.8073908090591431,p16,0.572531,correct
2,/home/tahmid/crops/p16/p16_clearglass_low_014.jpg,p16,clearglass,low,0.802040696144104,p16,0.556724,correct
2,/home/tahmid/crops/p16/p16_clearglass_low_015.jpg,p16,clearglass,low,0.8071671724319458,p16,0.588506,correct
2,/home/tahmid/crops/p16/p16_clearglass_regular_001.jpg,p16,clearglass,regular,0.8192363977432251,p16,0.584126,correct
2,/home/tahmid/crops/p16/p16_clearglass_regular_002.jpg,p16,clearglass,regular,0.709756076335907,p16,0.566601,correct
2,/home/tahmid/crops/p16/p16_clearglass_regular_003.jpg,p16,clearglass,regular,0.7293928265571594,p16,0.534588,correct
2,/home/tahmid/crops/p16/p16_clearglass_regular_004.jpg,p16,clearglass,regular,0.7390966415405273,p16,0.453687,correct
2,/home/tahmid/crops/p16/p16_clearglass_regular_005.jpg,p16,clearglass,regular,0.709507405757904,p16,0.477919,correct
2,/home/tahmid/crops/p16/p16_clearglass_regular_006.jpg,p16,clearglass,regular,0.7168875932693481,p16,0.441144,correct
2,/home/tahmid/crops/p16/p16_clearglass_regular_007.jpg,p16,clearglass,regular,0.6652560234069824,p16,0.440655,correct
2,/home/tahmid/crops/p16/p16_clearglass_regular_008.jpg,p16,clearglass,regular,0.6753643751144409,p16,0.430475,correct
2,/home/tahmid/crops/p16/p16_clearglass_regular_009.jpg,p16,clearglass,regular,0.6824701428413391,p16,0.463576,correct
2,/home/tahmid/crops/p16/p16_clearglass_regular_010.jpg,p16,clearglass,regular,0.6539762020111084,p16,0.392670,correct
2,/home/tahmid/crops/p16/p16_clearglass_regular_011.jpg,p16,clearglass,regular,0.6890286803245544,p16,0.304617,correct
2,/home/tahmid/crops/p16/p16_clearglass_regular_012.jpg,p16,clearglass,regular,0.7513725757598877,p16,0.380288,correct
2,/home/tahmid/crops/p16/p16_clearglass_regular_013.jpg,p16,clearglass,regular,0.8267656564712524,p16,0.553540,correct
2,/home/tahmid/crops/p16/p16_clearglass_regular_014.jpg,p16,clearglass,regular,0.7581993341445923,p16,0.566760,correct
2,/home/tahmid/crops/p16/p16_clearglass_regular_015.jpg,p16,clearglass,regular,0.7567763328552246,p16,0.548030,correct
2,/home/tahmid/crops/p16/p16_mask_clearglass_low_001.jpg,p16,mask_clearglass,low,0.8159410953521729,p16,0.257766,rejected
2,/home/tahmid/crops/p16/p16_mask_clearglass_low_002.jpg,p16,mask_clearglass,low,0.8372880220413208,p16,0.236943,rejected
2,/home/tahmid/crops/p16/p16_mask_clearglass_low_003.jpg,p16,mask_clearglass,low,0.8369560241699219,p16,0.220930,rejected
2,/home/tahmid/crops/p16/p16_mask_clearglass_low_004.jpg,p16,mask_clearglass,low,0.6934301853179932,p04,0.263882,rejected
2,/home/tahmid/crops/p16/p16_mask_clearglass_low_005.jpg,p16,mask_clearglass,low,0.7603344917297363,p04,0.245514,rejected
2,/home/tahmid/crops/p16/p16_mask_clearglass_low_006.jpg,p16,mask_clearglass,low,0.6640709042549133,p04,0.222523,rejected
2,/home/tahmid/crops/p16/p16_mask_clearglass_low_007.jpg,p16,mask_clearglass,low,0.6597821712493896,p14,0.211092,rejected
2,/home/tahmid/crops/p16/p16_mask_clearglass_low_008.jpg,p16,mask_clearglass,low,0.6905534863471985,p04,0.178626,rejected
2,/home/tahmid/crops/p16/p16_mask_clearglass_low_009.jpg,p16,mask_clearglass,low,0.6889694929122925,p14,0.230355,rejected
2,/home/tahmid/crops/p16/p16_mask_clearglass_low_010.jpg,p16,mask_clearglass,low,0.6797280311584473,p07,0.200763,rejected
2,/home/tahmid/crops/p16/p16_mask_clearglass_low_011.jpg,p16,mask_clearglass,low,0.7088698148727417,p15,0.146482,rejected
2,/home/tahmid/crops/p16/p16_mask_clearglass_low_012.jpg,p16,mask_clearglass,low,0.6759966611862183,p12,0.151360,rejected
2,/home/tahmid/crops/p16/p16_mask_clearglass_low_013.jpg,p16,mask_clearglass,low,0.7778844833374023,p16,0.226361,rejected
2,/home/tahmid/crops/p16/p16_mask_clearglass_low_014.jpg,p16,mask_clearglass,low,0.7820584774017334,p16,0.214406,rejected
2,/home/tahmid/crops/p16/p16_mask_clearglass_low_015.jpg,p16,mask_clearglass,low,0.7944345474243164,p16,0.185836,rejected
2,/home/tahmid/crops/p16/p16_mask_clearglass_regular_001.jpg,p16,mask_clearglass,regular,0.8170453906059265,p16,0.218349,rejected
2,/home/tahmid/crops/p16/p16_mask_clearglass_regular_002.jpg,p16,mask_clearglass,regular,0.8397016525268555,p16,0.202201,rejected
2,/home/tahmid/crops/p16/p16_mask_clearglass_regular_003.jpg,p16,mask_clearglass,regular,0.8090256452560425,p16,0.244856,rejected
2,/home/tahmid/crops/p16/p16_mask_clearglass_regular_004.jpg,p16,mask_clearglass,regular,0.669370174407959,p04,0.213823,rejected
2,/home/tahmid/crops/p16/p16_mask_clearglass_regular_005.jpg,p16,mask_clearglass,regular,0.714107871055603,p04,0.251731,rejected
2,/home/tahmid/crops/p16/p16_mask_clearglass_regular_006.jpg,p16,mask_clearglass,regular,0.6932411193847656,p04,0.270440,rejected
2,/home/tahmid/crops/p16/p16_mask_clearglass_regular_007.jpg,p16,mask_clearglass,regular,0.6507110595703125,p16,0.204036,rejected
2,/home/tahmid/crops/p16/p16_mask_clearglass_regular_008.jpg,p16,mask_clearglass,regular,0.7163119316101074,p14,0.200219,rejected
2,/home/tahmid/crops/p16/p16_mask_clearglass_regular_009.jpg,p16,mask_clearglass,regular,0.7141669392585754,p16,0.233062,rejected
2,/home/tahmid/crops/p16/p16_mask_clearglass_regular_010.jpg,p16,mask_clearglass,regular,0.7428042888641357,p07,0.194736,rejected
2,/home/tahmid/crops/p16/p16_mask_clearglass_regular_011.jpg,p16,mask_clearglass,regular,0.6561285257339478,p12,0.229971,rejected
2,/home/tahmid/crops/p16/p16_mask_clearglass_regular_012.jpg,p16,mask_clearglass,regular,0.6624126434326172,p07,0.201489,rejected
2,/home/tahmid/crops/p16/p16_mask_clearglass_regular_013.jpg,p16,mask_clearglass,regular,0.8154721260070801,p16,0.254724,rejected
2,/home/tahmid/crops/p16/p16_mask_clearglass_regular_014.jpg,p16,mask_clearglass,regular,0.8262979984283447,p16,0.208579,rejected
2,/home/tahmid/crops/p16/p16_mask_clearglass_regular_015.jpg,p16,mask_clearglass,regular,0.8234904408454895,p16,0.235861,rejected
2,/home/tahmid/crops/p16/p16_mask_low_001.jpg,p16,mask,low,0.7777671813964844,p16,0.301090,correct
2,/home/tahmid/crops/p16/p16_mask_low_002.jpg,p16,mask,low,0.7883026599884033,p16,0.294775,rejected
2,/home/tahmid/crops/p16/p16_mask_low_003.jpg,p16,mask,low,0.7878679037094116,p16,0.318569,correct
2,/home/tahmid/crops/p16/p16_mask_low_004.jpg,p16,mask,low,0.7764277458190918,p14,0.207063,rejected
2,/home/tahmid/crops/p16/p16_mask_low_005.jpg,p16,mask,low,0.778157651424408,p04,0.224979,rejected
2,/home/tahmid/crops/p16/p16_mask_low_006.jpg,p16,mask,low,0.7835375070571899,p14,0.196853,rejected
2,/home/tahmid/crops/p16/p16_mask_low_007.jpg,p16,mask,low,0.7511217594146729,p16,0.260785,rejected
2,/home/tahmid/crops/p16/p16_mask_low_008.jpg,p16,mask,low,0.7463372945785522,p16,0.254225,rejected
2,/home/tahmid/crops/p16/p16_mask_low_009.jpg,p16,mask,low,0.7502902150154114,p16,0.249205,rejected
2,/home/tahmid/crops/p16/p16_mask_low_010.jpg,p16,mask,low,0.5343860983848572,p15,0.219660,rejected
2,/home/tahmid/crops/p16/p16_mask_low_011.jpg,p16,mask,low,0.6313666105270386,p15,0.180565,rejected
2,/home/tahmid/crops/p16/p16_mask_low_012.jpg,p16,mask,low,0.3380526006221771,p15,0.158829,rejected
2,/home/tahmid/crops/p16/p16_mask_low_013.jpg,p16,mask,low,0.7865867614746094,p16,0.355055,correct
2,/home/tahmid/crops/p16/p16_mask_low_014.jpg,p16,mask,low,0.7977146506309509,p16,0.310581,correct
2,/home/tahmid/crops/p16/p16_mask_low_015.jpg,p16,mask,low,0.7837494611740112,p16,0.336966,correct
2,/home/tahmid/crops/p16/p16_mask_regular_001.jpg,p16,mask,regular,0.8319447636604309,p16,0.307244,correct
2,/home/tahmid/crops/p16/p16_mask_regular_002.jpg,p16,mask,regular,0.8403826951980591,p16,0.312953,correct
2,/home/tahmid/crops/p16/p16_mask_regular_003.jpg,p16,mask,regular,0.8409056663513184,p16,0.323183,correct
2,/home/tahmid/crops/p16/p16_mask_regular_004.jpg,p16,mask,regular,0.7678892612457275,p04,0.203210,rejected
2,/home/tahmid/crops/p16/p16_mask_regular_005.jpg,p16,mask,regular,0.7448532581329346,p04,0.218188,rejected
2,/home/tahmid/crops/p16/p16_mask_regular_006.jpg,p16,mask,regular,0.7877479791641235,p14,0.211037,rejected
2,/home/tahmid/crops/p16/p16_mask_regular_007.jpg,p16,mask,regular,0.7276046276092529,p16,0.268424,rejected
2,/home/tahmid/crops/p16/p16_mask_regular_008.jpg,p16,mask,regular,0.7592376470565796,p16,0.311193,correct
2,/home/tahmid/crops/p16/p16_mask_regular_009.jpg,p16,mask,regular,0.7619020938873291,p16,0.268468,rejected
2,/home/tahmid/crops/p16/p16_mask_regular_010.jpg,p16,mask,regular,0.4472754895687103,p15,0.148664,rejected
2,/home/tahmid/crops/p16/p16_mask_regular_012.jpg,p16,mask,regular,0.3600075840950012,p15,0.158976,rejected
2,/home/tahmid/crops/p16/p16_mask_regular_013.jpg,p16,mask,regular,0.8080387115478516,p16,0.311822,correct
2,/home/tahmid/crops/p16/p16_mask_regular_014.jpg,p16,mask,regular,0.7980397939682007,p16,0.317080,correct
2,/home/tahmid/crops/p16/p16_mask_regular_015.jpg,p16,mask,regular,0.8200125098228455,p16,0.344309,correct
2,/home/tahmid/crops/p16/p16_mask_sunglass_low_001.jpg,p16,mask_sunglass,low,0.721067488193512,p14,0.247141,rejected
2,/home/tahmid/crops/p16/p16_mask_sunglass_low_002.jpg,p16,mask_sunglass,low,0.7259514927864075,p04,0.208285,rejected
2,/home/tahmid/crops/p16/p16_mask_sunglass_low_003.jpg,p16,mask_sunglass,low,0.47625502943992615,p14,0.173311,rejected
2,/home/tahmid/crops/p16/p16_mask_sunglass_low_004.jpg,p16,mask_sunglass,low,0.46351101994514465,p15,0.220154,rejected
2,/home/tahmid/crops/p16/p16_mask_sunglass_low_005.jpg,p16,mask_sunglass,low,0.477887898683548,p04,0.177309,rejected
2,/home/tahmid/crops/p16/p16_mask_sunglass_regular_001.jpg,p16,mask_sunglass,regular,0.43697959184646606,p04,0.175396,rejected
2,/home/tahmid/crops/p16/p16_mask_sunglass_regular_002.jpg,p16,mask_sunglass,regular,0.6317298412322998,p04,0.195757,rejected
2,/home/tahmid/crops/p16/p16_mask_sunglass_regular_003.jpg,p16,mask_sunglass,regular,0.6836626529693604,p14,0.225701,rejected
2,/home/tahmid/crops/p16/p16_mask_sunglass_regular_004.jpg,p16,mask_sunglass,regular,0.7366659045219421,p04,0.194203,rejected
2,/home/tahmid/crops/p16/p16_mask_sunglass_regular_005.jpg,p16,mask_sunglass,regular,0.5473084449768066,p15,0.178987,rejected
2,/home/tahmid/crops/p16/p16_mask_sunglass_regular_006.jpg,p16,mask_sunglass,regular,0.5961849689483643,p15,0.179127,rejected
2,/home/tahmid/crops/p16/p16_mask_sunglass_regular_007.jpg,p16,mask_sunglass,regular,0.7784184217453003,p15,0.203906,rejected
2,/home/tahmid/crops/p16/p16_none_low_001.jpg,p16,none,low,0.7314038276672363,p16,0.588157,correct
2,/home/tahmid/crops/p16/p16_none_low_002.jpg,p16,none,low,0.74283766746521,p16,0.607217,correct
2,/home/tahmid/crops/p16/p16_none_low_003.jpg,p16,none,low,0.7228770852088928,p16,0.581065,correct
2,/home/tahmid/crops/p16/p16_none_low_004.jpg,p16,none,low,0.5734449625015259,p16,0.510494,correct
2,/home/tahmid/crops/p16/p16_none_low_005.jpg,p16,none,low,0.5703590512275696,p16,0.505825,correct
2,/home/tahmid/crops/p16/p16_none_low_006.jpg,p16,none,low,0.6057412028312683,p16,0.505829,correct
2,/home/tahmid/crops/p16/p16_none_low_007.jpg,p16,none,low,0.698938250541687,p16,0.523633,correct
2,/home/tahmid/crops/p16/p16_none_low_008.jpg,p16,none,low,0.6458423137664795,p16,0.558523,correct
2,/home/tahmid/crops/p16/p16_none_low_009.jpg,p16,none,low,0.705378532409668,p16,0.419283,correct
2,/home/tahmid/crops/p16/p16_none_low_010.jpg,p16,none,low,0.690575897693634,p16,0.379658,correct
2,/home/tahmid/crops/p16/p16_none_low_011.jpg,p16,none,low,0.7097761631011963,p16,0.397972,correct
2,/home/tahmid/crops/p16/p16_none_low_012.jpg,p16,none,low,0.8235054016113281,p16,0.737056,correct
2,/home/tahmid/crops/p16/p16_none_low_013.jpg,p16,none,low,0.7650980353355408,p16,0.734397,correct
2,/home/tahmid/crops/p16/p16_none_low_014.jpg,p16,none,low,0.780893862247467,p16,0.712938,correct
2,/home/tahmid/crops/p16/p16_none_regular_001.jpg,p16,none,regular,0.7897003889083862,p16,0.589960,correct
2,/home/tahmid/crops/p16/p16_none_regular_002.jpg,p16,none,regular,0.778494119644165,p16,0.596416,correct
2,/home/tahmid/crops/p16/p16_none_regular_003.jpg,p16,none,regular,0.7603130340576172,p16,0.601246,correct
2,/home/tahmid/crops/p16/p16_none_regular_004.jpg,p16,none,regular,0.6259797811508179,p16,0.552385,correct
2,/home/tahmid/crops/p16/p16_none_regular_005.jpg,p16,none,regular,0.5788044333457947,p16,0.551243,correct
2,/home/tahmid/crops/p16/p16_none_regular_006.jpg,p16,none,regular,0.5698783993721008,p16,0.549413,correct
2,/home/tahmid/crops/p16/p16_none_regular_007.jpg,p16,none,regular,0.650992751121521,p16,0.421135,correct
2,/home/tahmid/crops/p16/p16_none_regular_008.jpg,p16,none,regular,0.6325328946113586,p16,0.397828,correct
2,/home/tahmid/crops/p16/p16_none_regular_009.jpg,p16,none,regular,0.6764890551567078,p16,0.357360,correct
2,/home/tahmid/crops/p16/p16_none_regular_010.jpg,p16,none,regular,0.781379222869873,p16,0.741271,correct
2,/home/tahmid/crops/p16/p16_none_regular_011.jpg,p16,none,regular,0.7977217435836792,p16,0.754768,correct
2,/home/tahmid/crops/p16/p16_none_regular_013.jpg,p16,none,regular,0.5916739702224731,p16,0.531295,correct
2,/home/tahmid/crops/p16/p16_none_regular_014.jpg,p16,none,regular,0.5998019576072693,p16,0.510152,correct
2,/home/tahmid/crops/p16/p16_none_regular_015.jpg,p16,none,regular,0.5722817778587341,p16,0.486836,correct
2,/home/tahmid/crops/p16/p16_scarf_low_001.jpg,p16,scarf,low,0.860709547996521,p16,0.523838,correct
2,/home/tahmid/crops/p16/p16_scarf_low_002.jpg,p16,scarf,low,0.8473803400993347,p16,0.452266,correct
2,/home/tahmid/crops/p16/p16_scarf_low_003.jpg,p16,scarf,low,0.662249743938446,p16,0.433676,correct
2,/home/tahmid/crops/p16/p16_scarf_low_004.jpg,p16,scarf,low,0.6910640597343445,p16,0.496719,correct
2,/home/tahmid/crops/p16/p16_scarf_low_005.jpg,p16,scarf,low,0.6468958854675293,p16,0.475812,correct
2,/home/tahmid/crops/p16/p16_scarf_low_006.jpg,p16,scarf,low,0.4299381375312805,p16,0.305198,correct
2,/home/tahmid/crops/p16/p16_scarf_low_007.jpg,p16,scarf,low,0.5062702894210815,p16,0.290566,rejected
2,/home/tahmid/crops/p16/p16_scarf_low_008.jpg,p16,scarf,low,0.5153526067733765,p16,0.315107,correct
2,/home/tahmid/crops/p16/p16_scarf_low_009.jpg,p16,scarf,low,0.557425856590271,p16,0.292985,rejected
2,/home/tahmid/crops/p16/p16_scarf_low_010.jpg,p16,scarf,low,0.6442198753356934,p16,0.298577,rejected
2,/home/tahmid/crops/p16/p16_scarf_low_011.jpg,p16,scarf,low,0.8349851965904236,p16,0.620550,correct
2,/home/tahmid/crops/p16/p16_scarf_low_012.jpg,p16,scarf,low,0.826786458492279,p16,0.657544,correct
2,/home/tahmid/crops/p16/p16_scarf_regular_001.jpg,p16,scarf,regular,0.43017542362213135,p14,0.223685,rejected
2,/home/tahmid/crops/p16/p16_scarf_regular_002.jpg,p16,scarf,regular,0.8692410588264465,p16,0.510655,correct
2,/home/tahmid/crops/p16/p16_scarf_regular_003.jpg,p16,scarf,regular,0.8632602691650391,p16,0.510040,correct
2,/home/tahmid/crops/p16/p16_scarf_regular_004.jpg,p16,scarf,regular,0.8774012327194214,p16,0.521141,correct
2,/home/tahmid/crops/p16/p16_scarf_regular_005.jpg,p16,scarf,regular,0.6682074666023254,p16,0.329053,correct
2,/home/tahmid/crops/p16/p16_scarf_regular_006.jpg,p16,scarf,regular,0.7451696991920471,p16,0.407748,correct
2,/home/tahmid/crops/p16/p16_scarf_regular_007.jpg,p16,scarf,regular,0.68343186378479,p16,0.369154,correct
2,/home/tahmid/crops/p16/p16_scarf_regular_008.jpg,p16,scarf,regular,0.6043415069580078,p16,0.300942,correct
2,/home/tahmid/crops/p16/p16_scarf_regular_009.jpg,p16,scarf,regular,0.33248406648635864,p16,0.307374,correct
2,/home/tahmid/crops/p16/p16_scarf_regular_010.jpg,p16,scarf,regular,0.3007326126098633,p16,0.287974,rejected
2,/home/tahmid/crops/p16/p16_scarf_regular_011.jpg,p16,scarf,regular,0.5645153522491455,p16,0.284626,rejected
2,/home/tahmid/crops/p16/p16_scarf_regular_012.jpg,p16,scarf,regular,0.6659921407699585,p16,0.295851,rejected
2,/home/tahmid/crops/p16/p16_scarf_regular_013.jpg,p16,scarf,regular,0.6385473012924194,p16,0.306045,correct
2,/home/tahmid/crops/p16/p16_scarf_regular_014.jpg,p16,scarf,regular,0.7939482927322388,p16,0.616906,correct
2,/home/tahmid/crops/p16/p16_scarf_regular_015.jpg,p16,scarf,regular,0.8444482088088989,p16,0.631530,correct
2,/home/tahmid/crops/p16/p16_sunglass_low_001.jpg,p16,sunglass,low,0.7664766311645508,p16,0.556152,correct
2,/home/tahmid/crops/p16/p16_sunglass_low_002.jpg,p16,sunglass,low,0.7647897005081177,p16,0.585085,correct
2,/home/tahmid/crops/p16/p16_sunglass_low_003.jpg,p16,sunglass,low,0.7022031545639038,p16,0.428628,correct
2,/home/tahmid/crops/p16/p16_sunglass_low_004.jpg,p16,sunglass,low,0.683976411819458,p16,0.464029,correct
2,/home/tahmid/crops/p16/p16_sunglass_low_005.jpg,p16,sunglass,low,0.7489088773727417,p16,0.540017,correct
2,/home/tahmid/crops/p16/p16_sunglass_regular_001.jpg,p16,sunglass,regular,0.781638503074646,p16,0.565213,correct
2,/home/tahmid/crops/p16/p16_sunglass_regular_002.jpg,p16,sunglass,regular,0.7521108388900757,p16,0.552971,correct
2,/home/tahmid/crops/p16/p16_sunglass_regular_003.jpg,p16,sunglass,regular,0.757148265838623,p16,0.546553,correct
2,/home/tahmid/crops/p16/p16_sunglass_regular_004.jpg,p16,sunglass,regular,0.7085298299789429,p16,0.449077,correct
2,/home/tahmid/crops/p16/p16_sunglass_regular_005.jpg,p16,sunglass,regular,0.6735258102416992,p16,0.454697,correct
2,/home/tahmid/crops/p16/p16_sunglass_regular_006.jpg,p16,sunglass,regular,0.6504937410354614,p16,0.468026,correct
2,/home/tahmid/crops/p16/p16_sunglass_regular_007.jpg,p16,sunglass,regular,0.7085374593734741,p16,0.437149,correct
2,/home/tahmid/crops/p16/p16_sunglass_regular_008.jpg,p16,sunglass,regular,0.7497086524963379,p16,0.528595,correct
3,/home/tahmid/crops/p10/p10_cap_low_001.jpg,p10,cap,low,0.6967098712921143,p10,0.515903,correct
3,/home/tahmid/crops/p10/p10_cap_low_002.jpg,p10,cap,low,0.6879451870918274,p10,0.531570,correct
3,/home/tahmid/crops/p10/p10_cap_low_003.jpg,p10,cap,low,0.6615569591522217,p10,0.511132,correct
3,/home/tahmid/crops/p10/p10_cap_low_004.jpg,p10,cap,low,0.6513686776161194,p10,0.518179,correct
3,/home/tahmid/crops/p10/p10_cap_low_005.jpg,p10,cap,low,0.7745594382286072,p10,0.501462,correct
3,/home/tahmid/crops/p10/p10_cap_low_006.jpg,p10,cap,low,0.7681310772895813,p10,0.506438,correct
3,/home/tahmid/crops/p10/p10_cap_low_007.jpg,p10,cap,low,0.6315005421638489,p10,0.532235,correct
3,/home/tahmid/crops/p10/p10_cap_low_008.jpg,p10,cap,low,0.6343333125114441,p10,0.538382,correct
3,/home/tahmid/crops/p10/p10_cap_low_009.jpg,p10,cap,low,0.6770105361938477,p10,0.484372,correct
3,/home/tahmid/crops/p10/p10_cap_low_010.jpg,p10,cap,low,0.6951265931129456,p10,0.475390,correct
3,/home/tahmid/crops/p10/p10_cap_regular_001.jpg,p10,cap,regular,0.7284191846847534,p10,0.532261,correct
3,/home/tahmid/crops/p10/p10_cap_regular_002.jpg,p10,cap,regular,0.7120873332023621,p10,0.527823,correct
3,/home/tahmid/crops/p10/p10_cap_regular_003.jpg,p10,cap,regular,0.7215916514396667,p10,0.503883,correct
3,/home/tahmid/crops/p10/p10_cap_regular_004.jpg,p10,cap,regular,0.715530276298523,p10,0.493657,correct
3,/home/tahmid/crops/p10/p10_cap_regular_005.jpg,p10,cap,regular,0.7522159814834595,p10,0.515329,correct
3,/home/tahmid/crops/p10/p10_cap_regular_006.jpg,p10,cap,regular,0.7230343222618103,p10,0.499118,correct
3,/home/tahmid/crops/p10/p10_cap_regular_007.jpg,p10,cap,regular,0.6850669384002686,p10,0.542422,correct
3,/home/tahmid/crops/p10/p10_cap_regular_008.jpg,p10,cap,regular,0.6325258016586304,p10,0.555865,correct
3,/home/tahmid/crops/p10/p10_cap_regular_009.jpg,p10,cap,regular,0.660670280456543,p10,0.486838,correct
3,/home/tahmid/crops/p10/p10_cap_regular_010.jpg,p10,cap,regular,0.6295628547668457,p10,0.488487,correct
3,/home/tahmid/crops/p10/p10_clearglass_low_001.jpg,p10,clearglass,low,0.8312117457389832,p10,0.548321,correct
3,/home/tahmid/crops/p10/p10_clearglass_low_002.jpg,p10,clearglass,low,0.8260343074798584,p10,0.540005,correct
3,/home/tahmid/crops/p10/p10_clearglass_low_003.jpg,p10,clearglass,low,0.8536902070045471,p10,0.533391,correct
3,/home/tahmid/crops/p10/p10_clearglass_low_004.jpg,p10,clearglass,low,0.8585891723632812,p10,0.538066,correct
3,/home/tahmid/crops/p10/p10_clearglass_low_005.jpg,p10,clearglass,low,0.8006755113601685,p10,0.502365,correct
3,/home/tahmid/crops/p10/p10_clearglass_low_006.jpg,p10,clearglass,low,0.8000668883323669,p10,0.498288,correct
3,/home/tahmid/crops/p10/p10_clearglass_low_007.jpg,p10,clearglass,low,0.8230293393135071,p10,0.571670,correct
3,/home/tahmid/crops/p10/p10_clearglass_low_008.jpg,p10,clearglass,low,0.8251557350158691,p10,0.574031,correct
3,/home/tahmid/crops/p10/p10_clearglass_low_009.jpg,p10,clearglass,low,0.6832391023635864,p10,0.444779,correct
3,/home/tahmid/crops/p10/p10_clearglass_low_010.jpg,p10,clearglass,low,0.7089849710464478,p10,0.447253,correct
3,/home/tahmid/crops/p10/p10_clearglass_regular_001.jpg,p10,clearglass,regular,0.8620837926864624,p10,0.525468,correct
3,/home/tahmid/crops/p10/p10_clearglass_regular_002.jpg,p10,clearglass,regular,0.8441363573074341,p10,0.543198,correct
3,/home/tahmid/crops/p10/p10_clearglass_regular_003.jpg,p10,clearglass,regular,0.8450381755828857,p10,0.507748,correct
3,/home/tahmid/crops/p10/p10_clearglass_regular_004.jpg,p10,clearglass,regular,0.8339813947677612,p10,0.499396,correct
3,/home/tahmid/crops/p10/p10_clearglass_regular_005.jpg,p10,clearglass,regular,0.8414710164070129,p10,0.511851,correct
3,/home/tahmid/crops/p10/p10_clearglass_regular_006.jpg,p10,clearglass,regular,0.8310338854789734,p10,0.518399,correct
3,/home/tahmid/crops/p10/p10_clearglass_regular_007.jpg,p10,clearglass,regular,0.7896463871002197,p10,0.574148,correct
3,/home/tahmid/crops/p10/p10_clearglass_regular_008.jpg,p10,clearglass,regular,0.8151875734329224,p10,0.567140,correct
3,/home/tahmid/crops/p10/p10_clearglass_regular_009.jpg,p10,clearglass,regular,0.7300580739974976,p10,0.509372,correct
3,/home/tahmid/crops/p10/p10_clearglass_regular_010.jpg,p10,clearglass,regular,0.7434871792793274,p10,0.497774,correct
3,/home/tahmid/crops/p10/p10_mask_clearglass_low_001.jpg,p10,mask_clearglass,low,0.7945864200592041,p10,0.309343,correct
3,/home/tahmid/crops/p10/p10_mask_clearglass_low_002.jpg,p10,mask_clearglass,low,0.7803664207458496,p10,0.295651,rejected
3,/home/tahmid/crops/p10/p10_mask_clearglass_low_003.jpg,p10,mask_clearglass,low,0.7416082620620728,p10,0.252003,rejected
3,/home/tahmid/crops/p10/p10_mask_clearglass_low_004.jpg,p10,mask_clearglass,low,0.7448698878288269,p10,0.228210,rejected
3,/home/tahmid/crops/p10/p10_mask_clearglass_low_005.jpg,p10,mask_clearglass,low,0.6870818138122559,p10,0.235427,rejected
3,/home/tahmid/crops/p10/p10_mask_clearglass_low_006.jpg,p10,mask_clearglass,low,0.7188116312026978,p10,0.269841,rejected
3,/home/tahmid/crops/p10/p10_mask_clearglass_low_007.jpg,p10,mask_clearglass,low,0.6966761350631714,p10,0.201708,rejected
3,/home/tahmid/crops/p10/p10_mask_clearglass_low_008.jpg,p10,mask_clearglass,low,0.6576511859893799,p10,0.226299,rejected
3,/home/tahmid/crops/p10/p10_mask_clearglass_low_009.jpg,p10,mask_clearglass,low,0.6046104431152344,p10,0.198865,rejected
3,/home/tahmid/crops/p10/p10_mask_clearglass_low_010.jpg,p10,mask_clearglass,low,0.7528358697891235,p23,0.217275,rejected
3,/home/tahmid/crops/p10/p10_mask_clearglass_regular_001.jpg,p10,mask_clearglass,regular,0.7931036949157715,p10,0.281898,rejected
3,/home/tahmid/crops/p10/p10_mask_clearglass_regular_002.jpg,p10,mask_clearglass,regular,0.8128434419631958,p10,0.309408,correct
3,/home/tahmid/crops/p10/p10_mask_clearglass_regular_003.jpg,p10,mask_clearglass,regular,0.8526818156242371,p10,0.263906,rejected
3,/home/tahmid/crops/p10/p10_mask_clearglass_regular_004.jpg,p10,mask_clearglass,regular,0.8011329174041748,p10,0.289594,rejected
3,/home/tahmid/crops/p10/p10_mask_clearglass_regular_005.jpg,p10,mask_clearglass,regular,0.8134239315986633,p10,0.299540,rejected
3,/home/tahmid/crops/p10/p10_mask_clearglass_regular_006.jpg,p10,mask_clearglass,regular,0.8058167695999146,p10,0.327290,correct
3,/home/tahmid/crops/p10/p10_mask_clearglass_regular_007.jpg,p10,mask_clearglass,regular,0.610163688659668,p10,0.338203,correct
3,/home/tahmid/crops/p10/p10_mask_clearglass_regular_008.jpg,p10,mask_clearglass,regular,0.6581836938858032,p10,0.335621,correct
3,/home/tahmid/crops/p10/p10_mask_clearglass_regular_009.jpg,p10,mask_clearglass,regular,0.7656654715538025,p10,0.321970,correct
3,/home/tahmid/crops/p10/p10_mask_clearglass_regular_010.jpg,p10,mask_clearglass,regular,0.7884371280670166,p10,0.311829,correct
3,/home/tahmid/crops/p10/p10_mask_low_001.jpg,p10,mask,low,0.741279125213623,p10,0.374934,correct
3,/home/tahmid/crops/p10/p10_mask_low_002.jpg,p10,mask,low,0.7358866333961487,p10,0.389490,correct
3,/home/tahmid/crops/p10/p10_mask_low_003.jpg,p10,mask,low,0.7940609455108643,p10,0.373701,correct
3,/home/tahmid/crops/p10/p10_mask_low_004.jpg,p10,mask,low,0.8152062296867371,p10,0.381011,correct
3,/home/tahmid/crops/p10/p10_mask_low_005.jpg,p10,mask,low,0.8327682018280029,p10,0.356007,correct
3,/home/tahmid/crops/p10/p10_mask_low_006.jpg,p10,mask,low,0.8189470767974854,p10,0.377924,correct
3,/home/tahmid/crops/p10/p10_mask_low_007.jpg,p10,mask,low,0.7935205101966858,p10,0.390379,correct
3,/home/tahmid/crops/p10/p10_mask_low_008.jpg,p10,mask,low,0.813694953918457,p10,0.386558,correct
3,/home/tahmid/crops/p10/p10_mask_low_009.jpg,p10,mask,low,0.8047513961791992,p10,0.369821,correct
3,/home/tahmid/crops/p10/p10_mask_low_010.jpg,p10,mask,low,0.7720226049423218,p10,0.413469,correct
3,/home/tahmid/crops/p10/p10_mask_low_011.jpg,p10,mask,low,0.7767370939254761,p10,0.386114,correct
3,/home/tahmid/crops/p10/p10_mask_low_012.jpg,p10,mask,low,0.7699938416481018,p10,0.371598,correct
3,/home/tahmid/crops/p10/p10_mask_low_013.jpg,p10,mask,low,0.8090330958366394,p10,0.342685,correct
3,/home/tahmid/crops/p10/p10_mask_low_014.jpg,p10,mask,low,0.7798250913619995,p10,0.364852,correct
3,/home/tahmid/crops/p10/p10_mask_low_015.jpg,p10,mask,low,0.7862340211868286,p10,0.344461,correct
3,/home/tahmid/crops/p10/p10_mask_regular_001.jpg,p10,mask,regular,0.7861135005950928,p10,0.397324,correct
3,/home/tahmid/crops/p10/p10_mask_regular_002.jpg,p10,mask,regular,0.7895705699920654,p10,0.398906,correct
3,/home/tahmid/crops/p10/p10_mask_regular_003.jpg,p10,mask,regular,0.787939727306366,p10,0.384761,correct
3,/home/tahmid/crops/p10/p10_mask_regular_004.jpg,p10,mask,regular,0.8158808946609497,p10,0.372897,correct
3,/home/tahmid/crops/p10/p10_mask_regular_005.jpg,p10,mask,regular,0.7990848422050476,p10,0.387420,correct
3,/home/tahmid/crops/p10/p10_mask_regular_006.jpg,p10,mask,regular,0.8168208599090576,p10,0.373739,correct
3,/home/tahmid/crops/p10/p10_mask_regular_007.jpg,p10,mask,regular,0.8356125354766846,p10,0.364588,correct
3,/home/tahmid/crops/p10/p10_mask_regular_008.jpg,p10,mask,regular,0.8493242263793945,p10,0.387037,correct
3,/home/tahmid/crops/p10/p10_mask_regular_009.jpg,p10,mask,regular,0.8125562071800232,p10,0.391553,correct
3,/home/tahmid/crops/p10/p10_mask_regular_010.jpg,p10,mask,regular,0.7506444454193115,p10,0.460167,correct
3,/home/tahmid/crops/p10/p10_mask_regular_011.jpg,p10,mask,regular,0.757088303565979,p10,0.451742,correct
3,/home/tahmid/crops/p10/p10_mask_regular_012.jpg,p10,mask,regular,0.7548990249633789,p10,0.452965,correct
3,/home/tahmid/crops/p10/p10_mask_regular_013.jpg,p10,mask,regular,0.8115223050117493,p10,0.364976,correct
3,/home/tahmid/crops/p10/p10_mask_regular_014.jpg,p10,mask,regular,0.7865535020828247,p10,0.366264,correct
3,/home/tahmid/crops/p10/p10_mask_regular_015.jpg,p10,mask,regular,0.8171920776367188,p10,0.353449,correct
3,/home/tahmid/crops/p10/p10_mask_sunglass_low_001.jpg,p10,mask_sunglass,low,0.7808184623718262,p10,0.239408,rejected
3,/home/tahmid/crops/p10/p10_mask_sunglass_low_002.jpg,p10,mask_sunglass,low,0.7759093642234802,p10,0.240887,rejected
3,/home/tahmid/crops/p10/p10_mask_sunglass_low_003.jpg,p10,mask_sunglass,low,0.734520673751831,p10,0.246162,rejected
3,/home/tahmid/crops/p10/p10_mask_sunglass_low_004.jpg,p10,mask_sunglass,low,0.7605331540107727,p10,0.223784,rejected
3,/home/tahmid/crops/p10/p10_mask_sunglass_low_005.jpg,p10,mask_sunglass,low,0.7943075895309448,p10,0.245831,rejected
3,/home/tahmid/crops/p10/p10_mask_sunglass_low_006.jpg,p10,mask_sunglass,low,0.7974196672439575,p10,0.221384,rejected
3,/home/tahmid/crops/p10/p10_mask_sunglass_low_007.jpg,p10,mask_sunglass,low,0.7306740880012512,p10,0.235998,rejected
3,/home/tahmid/crops/p10/p10_mask_sunglass_low_008.jpg,p10,mask_sunglass,low,0.7465023994445801,p12,0.232390,rejected
3,/home/tahmid/crops/p10/p10_mask_sunglass_low_009.jpg,p10,mask_sunglass,low,0.7457917928695679,p12,0.224415,rejected
3,/home/tahmid/crops/p10/p10_mask_sunglass_low_010.jpg,p10,mask_sunglass,low,0.5403489470481873,p10,0.261978,rejected
3,/home/tahmid/crops/p10/p10_mask_sunglass_low_011.jpg,p10,mask_sunglass,low,0.637212872505188,p10,0.269960,rejected
3,/home/tahmid/crops/p10/p10_mask_sunglass_low_012.jpg,p10,mask_sunglass,low,0.6122389435768127,p10,0.246970,rejected
3,/home/tahmid/crops/p10/p10_mask_sunglass_low_013.jpg,p10,mask_sunglass,low,0.7906230688095093,p10,0.214856,rejected
3,/home/tahmid/crops/p10/p10_mask_sunglass_low_014.jpg,p10,mask_sunglass,low,0.7598105669021606,p10,0.184865,rejected
3,/home/tahmid/crops/p10/p10_mask_sunglass_low_015.jpg,p10,mask_sunglass,low,0.743159294128418,p10,0.204279,rejected
3,/home/tahmid/crops/p10/p10_mask_sunglass_regular_001.jpg,p10,mask_sunglass,regular,0.7872310280799866,p10,0.252054,rejected
3,/home/tahmid/crops/p10/p10_mask_sunglass_regular_002.jpg,p10,mask_sunglass,regular,0.805877685546875,p10,0.224671,rejected
3,/home/tahmid/crops/p10/p10_mask_sunglass_regular_003.jpg,p10,mask_sunglass,regular,0.7561248540878296,p10,0.239721,rejected
3,/home/tahmid/crops/p10/p10_mask_sunglass_regular_004.jpg,p10,mask_sunglass,regular,0.7799693942070007,p10,0.263680,rejected
3,/home/tahmid/crops/p10/p10_mask_sunglass_regular_005.jpg,p10,mask_sunglass,regular,0.7288305759429932,p10,0.264854,rejected
3,/home/tahmid/crops/p10/p10_mask_sunglass_regular_006.jpg,p10,mask_sunglass,regular,0.7340793013572693,p10,0.250230,rejected
3,/home/tahmid/crops/p10/p10_mask_sunglass_regular_007.jpg,p10,mask_sunglass,regular,0.7212628722190857,p10,0.253476,rejected
3,/home/tahmid/crops/p10/p10_mask_sunglass_regular_008.jpg,p10,mask_sunglass,regular,0.7421427369117737,p10,0.255697,rejected
3,/home/tahmid/crops/p10/p10_mask_sunglass_regular_009.jpg,p10,mask_sunglass,regular,0.7351646423339844,p10,0.258362,rejected
3,/home/tahmid/crops/p10/p10_mask_sunglass_regular_010.jpg,p10,mask_sunglass,regular,0.6508368253707886,p10,0.300849,correct
3,/home/tahmid/crops/p10/p10_mask_sunglass_regular_011.jpg,p10,mask_sunglass,regular,0.6615862846374512,p10,0.277253,rejected
3,/home/tahmid/crops/p10/p10_mask_sunglass_regular_012.jpg,p10,mask_sunglass,regular,0.6399489045143127,p10,0.255226,rejected
3,/home/tahmid/crops/p10/p10_mask_sunglass_regular_013.jpg,p10,mask_sunglass,regular,0.7038947343826294,p10,0.185896,rejected
3,/home/tahmid/crops/p10/p10_mask_sunglass_regular_014.jpg,p10,mask_sunglass,regular,0.6873686909675598,p10,0.183391,rejected
3,/home/tahmid/crops/p10/p10_mask_sunglass_regular_015.jpg,p10,mask_sunglass,regular,0.7142348289489746,p21,0.201277,rejected
3,/home/tahmid/crops/p10/p10_none_low_001.jpg,p10,none,low,0.8679925799369812,p10,0.515078,correct
3,/home/tahmid/crops/p10/p10_none_low_002.jpg,p10,none,low,0.8613439798355103,p10,0.535750,correct
3,/home/tahmid/crops/p10/p10_none_low_003.jpg,p10,none,low,0.8393831253051758,p10,0.536634,correct
3,/home/tahmid/crops/p10/p10_none_low_004.jpg,p10,none,low,0.7714653611183167,p10,0.522726,correct
3,/home/tahmid/crops/p10/p10_none_low_005.jpg,p10,none,low,0.7846742868423462,p10,0.535230,correct
3,/home/tahmid/crops/p10/p10_none_low_006.jpg,p10,none,low,0.7575746774673462,p10,0.542913,correct
3,/home/tahmid/crops/p10/p10_none_low_007.jpg,p10,none,low,0.8320660591125488,p10,0.520403,correct
3,/home/tahmid/crops/p10/p10_none_low_008.jpg,p10,none,low,0.8430006504058838,p10,0.533222,correct
3,/home/tahmid/crops/p10/p10_none_low_009.jpg,p10,none,low,0.8638826608657837,p10,0.525684,correct
3,/home/tahmid/crops/p10/p10_none_low_010.jpg,p10,none,low,0.8546953201293945,p10,0.586766,correct
3,/home/tahmid/crops/p10/p10_none_low_011.jpg,p10,none,low,0.8670692443847656,p10,0.586586,correct
3,/home/tahmid/crops/p10/p10_none_low_012.jpg,p10,none,low,0.8661738634109497,p10,0.599588,correct
3,/home/tahmid/crops/p10/p10_none_low_013.jpg,p10,none,low,0.7954921126365662,p10,0.512417,correct
3,/home/tahmid/crops/p10/p10_none_low_014.jpg,p10,none,low,0.7929502129554749,p10,0.514539,correct
3,/home/tahmid/crops/p10/p10_none_low_015.jpg,p10,none,low,0.7565928101539612,p10,0.521453,correct
3,/home/tahmid/crops/p10/p10_none_regular_001.jpg,p10,none,regular,0.8791122436523438,p10,0.548274,correct
3,/home/tahmid/crops/p10/p10_none_regular_002.jpg,p10,none,regular,0.8828681707382202,p10,0.536092,correct
3,/home/tahmid/crops/p10/p10_none_regular_003.jpg,p10,none,regular,0.8698756098747253,p10,0.529583,correct
3,/home/tahmid/crops/p10/p10_none_regular_004.jpg,p10,none,regular,0.8453894257545471,p10,0.543906,correct
3,/home/tahmid/crops/p10/p10_none_regular_005.jpg,p10,none,regular,0.8046259880065918,p10,0.542769,correct
3,/home/tahmid/crops/p10/p10_none_regular_006.jpg,p10,none,regular,0.8038308620452881,p10,0.547111,correct
3,/home/tahmid/crops/p10/p10_none_regular_013.jpg,p10,none,regular,0.761627197265625,p10,0.503513,correct
3,/home/tahmid/crops/p10/p10_none_regular_014.jpg,p10,none,regular,0.7542100548744202,p10,0.495052,correct
3,/home/tahmid/crops/p10/p10_none_regular_015.jpg,p10,none,regular,0.8042342662811279,p10,0.494510,correct
3,/home/tahmid/crops/p10/p10_scarf_low_001.jpg,p10,scarf,low,0.7925055027008057,p10,0.369497,correct
3,/home/tahmid/crops/p10/p10_scarf_low_002.jpg,p10,scarf,low,0.7919949293136597,p10,0.365756,correct
3,/home/tahmid/crops/p10/p10_scarf_low_003.jpg,p10,scarf,low,0.5989766716957092,p10,0.351470,correct
3,/home/tahmid/crops/p10/p10_scarf_low_004.jpg,p10,scarf,low,0.6388016939163208,p10,0.351089,correct
3,/home/tahmid/crops/p10/p10_scarf_low_005.jpg,p10,scarf,low,0.7105605602264404,p10,0.340537,correct
3,/home/tahmid/crops/p10/p10_scarf_low_006.jpg,p10,scarf,low,0.7218242883682251,p10,0.347757,correct
3,/home/tahmid/crops/p10/p10_scarf_low_007.jpg,p10,scarf,low,0.7790430188179016,p10,0.384836,correct
3,/home/tahmid/crops/p10/p10_scarf_low_008.jpg,p10,scarf,low,0.7852850556373596,p10,0.392569,correct
3,/home/tahmid/crops/p10/p10_scarf_low_009.jpg,p10,scarf,low,0.7255016565322876,p10,0.316534,correct
3,/home/tahmid/crops/p10/p10_scarf_low_010.jpg,p10,scarf,low,0.7386870384216309,p10,0.321283,correct
3,/home/tahmid/crops/p10/p10_scarf_regular_001.jpg,p10,scarf,regular,0.8074996471405029,p10,0.362775,correct
3,/home/tahmid/crops/p10/p10_scarf_regular_002.jpg,p10,scarf,regular,0.7914440631866455,p10,0.372903,correct
3,/home/tahmid/crops/p10/p10_scarf_regular_003.jpg,p10,scarf,regular,0.7251719832420349,p10,0.339386,correct
3,/home/tahmid/crops/p10/p10_scarf_regular_004.jpg,p10,scarf,regular,0.7268522381782532,p10,0.323942,correct
3,/home/tahmid/crops/p10/p10_scarf_regular_005.jpg,p10,scarf,regular,0.7927145957946777,p10,0.337178,correct
3,/home/tahmid/crops/p10/p10_scarf_regular_006.jpg,p10,scarf,regular,0.7852445244789124,p10,0.334067,correct
3,/home/tahmid/crops/p10/p10_scarf_regular_007.jpg,p10,scarf,regular,0.7483180165290833,p10,0.370994,correct
3,/home/tahmid/crops/p10/p10_scarf_regular_008.jpg,p10,scarf,regular,0.7482852339744568,p10,0.381411,correct
3,/home/tahmid/crops/p10/p10_scarf_regular_009.jpg,p10,scarf,regular,0.7634189128875732,p10,0.307667,correct
3,/home/tahmid/crops/p10/p10_scarf_regular_010.jpg,p10,scarf,regular,0.7566642761230469,p10,0.316764,correct
3,/home/tahmid/crops/p10/p10_sunglass_low_001.jpg,p10,sunglass,low,0.8600034713745117,p10,0.565878,correct
3,/home/tahmid/crops/p10/p10_sunglass_low_002.jpg,p10,sunglass,low,0.8500835299491882,p10,0.561577,correct
3,/home/tahmid/crops/p10/p10_sunglass_low_003.jpg,p10,sunglass,low,0.8609603643417358,p10,0.570966,correct
3,/home/tahmid/crops/p10/p10_sunglass_low_004.jpg,p10,sunglass,low,0.8076380491256714,p10,0.532587,correct
3,/home/tahmid/crops/p10/p10_sunglass_low_005.jpg,p10,sunglass,low,0.7897282838821411,p10,0.538418,correct
3,/home/tahmid/crops/p10/p10_sunglass_low_006.jpg,p10,sunglass,low,0.8045324683189392,p10,0.532987,correct
3,/home/tahmid/crops/p10/p10_sunglass_low_007.jpg,p10,sunglass,low,0.8393909931182861,p10,0.522045,correct
3,/home/tahmid/crops/p10/p10_sunglass_low_008.jpg,p10,sunglass,low,0.8434876203536987,p10,0.518297,correct
3,/home/tahmid/crops/p10/p10_sunglass_low_009.jpg,p10,sunglass,low,0.8428260087966919,p10,0.516924,correct
3,/home/tahmid/crops/p10/p10_sunglass_low_010.jpg,p10,sunglass,low,0.8243094682693481,p10,0.584118,correct
3,/home/tahmid/crops/p10/p10_sunglass_low_011.jpg,p10,sunglass,low,0.8176881074905396,p10,0.588655,correct
3,/home/tahmid/crops/p10/p10_sunglass_low_012.jpg,p10,sunglass,low,0.7969716191291809,p10,0.590580,correct
3,/home/tahmid/crops/p10/p10_sunglass_low_013.jpg,p10,sunglass,low,0.7216373682022095,p10,0.521121,correct
3,/home/tahmid/crops/p10/p10_sunglass_low_014.jpg,p10,sunglass,low,0.711954653263092,p10,0.522943,correct
3,/home/tahmid/crops/p10/p10_sunglass_low_015.jpg,p10,sunglass,low,0.7190835475921631,p10,0.534119,correct
3,/home/tahmid/crops/p10/p10_sunglass_regular_001.jpg,p10,sunglass,regular,0.873674750328064,p10,0.556937,correct
3,/home/tahmid/crops/p10/p10_sunglass_regular_002.jpg,p10,sunglass,regular,0.8594844341278076,p10,0.556253,correct
3,/home/tahmid/crops/p10/p10_sunglass_regular_003.jpg,p10,sunglass,regular,0.8448811769485474,p10,0.544571,correct
3,/home/tahmid/crops/p10/p10_sunglass_regular_004.jpg,p10,sunglass,regular,0.8619391918182373,p10,0.520225,correct
3,/home/tahmid/crops/p10/p10_sunglass_regular_005.jpg,p10,sunglass,regular,0.8240628242492676,p10,0.519385,correct
3,/home/tahmid/crops/p10/p10_sunglass_regular_006.jpg,p10,sunglass,regular,0.866254985332489,p10,0.515752,correct
3,/home/tahmid/crops/p10/p10_sunglass_regular_007.jpg,p10,sunglass,regular,0.8550188541412354,p10,0.532025,correct
3,/home/tahmid/crops/p10/p10_sunglass_regular_008.jpg,p10,sunglass,regular,0.8831726312637329,p10,0.532307,correct
3,/home/tahmid/crops/p10/p10_sunglass_regular_009.jpg,p10,sunglass,regular,0.8546328544616699,p10,0.543902,correct
3,/home/tahmid/crops/p10/p10_sunglass_regular_010.jpg,p10,sunglass,regular,0.8484885096549988,p10,0.595327,correct
3,/home/tahmid/crops/p10/p10_sunglass_regular_011.jpg,p10,sunglass,regular,0.8231741786003113,p10,0.578852,correct
3,/home/tahmid/crops/p10/p10_sunglass_regular_012.jpg,p10,sunglass,regular,0.8541923761367798,p10,0.592278,correct
3,/home/tahmid/crops/p10/p10_sunglass_regular_013.jpg,p10,sunglass,regular,0.7573371529579163,p10,0.539176,correct
3,/home/tahmid/crops/p10/p10_sunglass_regular_014.jpg,p10,sunglass,regular,0.7632027864456177,p10,0.541202,correct
3,/home/tahmid/crops/p10/p10_sunglass_regular_015.jpg,p10,sunglass,regular,0.7824943661689758,p10,0.523897,correct
3,/home/tahmid/crops/p17/p17_clearglass_low_001.jpg,p17,clearglass,low,0.8424136638641357,p17,0.444994,correct
3,/home/tahmid/crops/p17/p17_clearglass_low_002.jpg,p17,clearglass,low,0.851632833480835,p17,0.443270,correct
3,/home/tahmid/crops/p17/p17_clearglass_low_003.jpg,p17,clearglass,low,0.8539440631866455,p17,0.441788,correct
3,/home/tahmid/crops/p17/p17_clearglass_low_004.jpg,p17,clearglass,low,0.8418416380882263,p17,0.377006,correct
3,/home/tahmid/crops/p17/p17_clearglass_low_005.jpg,p17,clearglass,low,0.8361550569534302,p17,0.367263,correct
3,/home/tahmid/crops/p17/p17_clearglass_low_006.jpg,p17,clearglass,low,0.8340118527412415,p17,0.368637,correct
3,/home/tahmid/crops/p17/p17_clearglass_low_007.jpg,p17,clearglass,low,0.779747724533081,p17,0.332234,correct
3,/home/tahmid/crops/p17/p17_clearglass_low_008.jpg,p17,clearglass,low,0.8119370341300964,p17,0.349970,correct
3,/home/tahmid/crops/p17/p17_clearglass_low_009.jpg,p17,clearglass,low,0.811434268951416,p17,0.335189,correct
3,/home/tahmid/crops/p17/p17_clearglass_low_010.jpg,p17,clearglass,low,0.811669111251831,p17,0.430173,correct
3,/home/tahmid/crops/p17/p17_clearglass_low_011.jpg,p17,clearglass,low,0.785323977470398,p17,0.442662,correct
3,/home/tahmid/crops/p17/p17_clearglass_low_012.jpg,p17,clearglass,low,0.8922988772392273,p17,0.506017,correct
3,/home/tahmid/crops/p17/p17_clearglass_low_013.jpg,p17,clearglass,low,0.8849790096282959,p17,0.505686,correct
3,/home/tahmid/crops/p17/p17_clearglass_low_014.jpg,p17,clearglass,low,0.8144770264625549,p17,0.542630,correct
3,/home/tahmid/crops/p17/p17_clearglass_low_015.jpg,p17,clearglass,low,0.8847022652626038,p17,0.533650,correct
3,/home/tahmid/crops/p17/p17_clearglass_regular_001.jpg,p17,clearglass,regular,0.8631613850593567,p17,0.463500,correct
3,/home/tahmid/crops/p17/p17_clearglass_regular_002.jpg,p17,clearglass,regular,0.8734681010246277,p17,0.441974,correct
3,/home/tahmid/crops/p17/p17_clearglass_regular_003.jpg,p17,clearglass,regular,0.824163556098938,p17,0.430095,correct
3,/home/tahmid/crops/p17/p17_clearglass_regular_004.jpg,p17,clearglass,regular,0.8183765411376953,p17,0.364289,correct
3,/home/tahmid/crops/p17/p17_clearglass_regular_005.jpg,p17,clearglass,regular,0.8231704235076904,p17,0.377551,correct
3,/home/tahmid/crops/p17/p17_clearglass_regular_006.jpg,p17,clearglass,regular,0.8300483226776123,p17,0.369410,correct
3,/home/tahmid/crops/p17/p17_clearglass_regular_007.jpg,p17,clearglass,regular,0.7690118551254272,p17,0.336335,correct
3,/home/tahmid/crops/p17/p17_clearglass_regular_008.jpg,p17,clearglass,regular,0.7924209833145142,p17,0.330840,correct
3,/home/tahmid/crops/p17/p17_clearglass_regular_009.jpg,p17,clearglass,regular,0.8069375157356262,p17,0.434082,correct
3,/home/tahmid/crops/p17/p17_clearglass_regular_010.jpg,p17,clearglass,regular,0.8176378011703491,p17,0.436869,correct
3,/home/tahmid/crops/p17/p17_clearglass_regular_011.jpg,p17,clearglass,regular,0.7744176387786865,p17,0.449921,correct
3,/home/tahmid/crops/p17/p17_clearglass_regular_012.jpg,p17,clearglass,regular,0.8803906440734863,p17,0.523355,correct
3,/home/tahmid/crops/p17/p17_clearglass_regular_013.jpg,p17,clearglass,regular,0.8749120235443115,p17,0.503952,correct
3,/home/tahmid/crops/p17/p17_mask_clearglass_low_001.jpg,p17,mask_clearglass,low,0.8162891864776611,p17,0.359159,correct
3,/home/tahmid/crops/p17/p17_mask_clearglass_low_002.jpg,p17,mask_clearglass,low,0.8339629173278809,p17,0.338672,correct
3,/home/tahmid/crops/p17/p17_mask_clearglass_low_003.jpg,p17,mask_clearglass,low,0.7924491167068481,p09,0.210323,rejected
3,/home/tahmid/crops/p17/p17_mask_clearglass_low_004.jpg,p17,mask_clearglass,low,0.807160496711731,p17,0.254295,rejected
3,/home/tahmid/crops/p17/p17_mask_clearglass_low_005.jpg,p17,mask_clearglass,low,0.6149376034736633,p18,0.240755,rejected
3,/home/tahmid/crops/p17/p17_mask_clearglass_low_006.jpg,p17,mask_clearglass,low,0.6578508615493774,p17,0.275170,rejected
3,/home/tahmid/crops/p17/p17_mask_clearglass_low_007.jpg,p17,mask_clearglass,low,0.6860381960868835,p17,0.203540,rejected
3,/home/tahmid/crops/p17/p17_mask_clearglass_low_008.jpg,p17,mask_clearglass,low,0.6654325723648071,p17,0.230850,rejected
3,/home/tahmid/crops/p17/p17_mask_clearglass_low_009.jpg,p17,mask_clearglass,low,0.8022935390472412,p17,0.354604,correct
3,/home/tahmid/crops/p17/p17_mask_clearglass_low_010.jpg,p17,mask_clearglass,low,0.7889049053192139,p17,0.361399,correct
3,/home/tahmid/crops/p17/p17_mask_clearglass_low_011.jpg,p17,mask_clearglass,low,0.782004177570343,p17,0.371235,correct
3,/home/tahmid/crops/p17/p17_mask_clearglass_low_012.jpg,p17,mask_clearglass,low,0.819896936416626,p17,0.363250,correct
3,/home/tahmid/crops/p17/p17_mask_clearglass_low_013.jpg,p17,mask_clearglass,low,0.8111346364021301,p17,0.345961,correct
3,/home/tahmid/crops/p17/p17_mask_clearglass_low_014.jpg,p17,mask_clearglass,low,0.8085034489631653,p17,0.328583,correct
3,/home/tahmid/crops/p17/p17_mask_clearglass_low_015.jpg,p17,mask_clearglass,low,0.8210346698760986,p17,0.349045,correct
3,/home/tahmid/crops/p17/p17_mask_clearglass_regular_001.jpg,p17,mask_clearglass,regular,0.8726140260696411,p17,0.395754,correct
3,/home/tahmid/crops/p17/p17_mask_clearglass_regular_002.jpg,p17,mask_clearglass,regular,0.8284000754356384,p17,0.380443,correct
3,/home/tahmid/crops/p17/p17_mask_clearglass_regular_003.jpg,p17,mask_clearglass,regular,0.8286399841308594,p17,0.321675,correct
3,/home/tahmid/crops/p17/p17_mask_clearglass_regular_004.jpg,p17,mask_clearglass,regular,0.7911465167999268,p20,0.199846,rejected
3,/home/tahmid/crops/p17/p17_mask_clearglass_regular_005.jpg,p17,mask_clearglass,regular,0.8153857588768005,p17,0.216758,rejected
3,/home/tahmid/crops/p17/p17_mask_clearglass_regular_006.jpg,p17,mask_clearglass,regular,0.8211240768432617,p09,0.196967,rejected
3,/home/tahmid/crops/p17/p17_mask_clearglass_regular_007.jpg,p17,mask_clearglass,regular,0.6325024366378784,p17,0.335162,correct
3,/home/tahmid/crops/p17/p17_mask_clearglass_regular_008.jpg,p17,mask_clearglass,regular,0.6202208995819092,p17,0.343227,correct
3,/home/tahmid/crops/p17/p17_mask_clearglass_regular_009.jpg,p17,mask_clearglass,regular,0.7904922366142273,p17,0.378694,correct
3,/home/tahmid/crops/p17/p17_mask_clearglass_regular_010.jpg,p17,mask_clearglass,regular,0.7840774059295654,p17,0.395854,correct
3,/home/tahmid/crops/p17/p17_mask_clearglass_regular_011.jpg,p17,mask_clearglass,regular,0.7933441996574402,p17,0.379164,correct
3,/home/tahmid/crops/p17/p17_mask_clearglass_regular_012.jpg,p17,mask_clearglass,regular,0.808548092842102,p17,0.388663,correct
3,/home/tahmid/crops/p17/p17_mask_clearglass_regular_013.jpg,p17,mask_clearglass,regular,0.8079639673233032,p17,0.295715,rejected
3,/home/tahmid/crops/p17/p17_mask_clearglass_regular_014.jpg,p17,mask_clearglass,regular,0.8215122222900391,p17,0.347952,correct
3,/home/tahmid/crops/p17/p17_mask_low_001.jpg,p17,mask,low,0.8402643799781799,p17,0.412111,correct
3,/home/tahmid/crops/p17/p17_mask_low_002.jpg,p17,mask,low,0.7862939834594727,p17,0.278488,rejected
3,/home/tahmid/crops/p17/p17_mask_low_003.jpg,p17,mask,low,0.7567828893661499,p30,0.267273,rejected
3,/home/tahmid/crops/p17/p17_mask_low_004.jpg,p17,mask,low,0.7884422540664673,p01,0.264919,rejected
3,/home/tahmid/crops/p17/p17_mask_low_005.jpg,p17,mask,low,0.7186833620071411,p17,0.365261,correct
3,/home/tahmid/crops/p17/p17_mask_low_006.jpg,p17,mask,low,0.7827640771865845,p17,0.397100,correct
3,/home/tahmid/crops/p17/p17_mask_low_007.jpg,p17,mask,low,0.7905027270317078,p17,0.399683,correct
3,/home/tahmid/crops/p17/p17_mask_low_008.jpg,p17,mask,low,0.8077389001846313,p17,0.360219,correct
3,/home/tahmid/crops/p17/p17_mask_low_009.jpg,p17,mask,low,0.804826021194458,p17,0.389800,correct
3,/home/tahmid/crops/p17/p17_mask_low_010.jpg,p17,mask,low,0.8237167000770569,p17,0.383243,correct
3,/home/tahmid/crops/p17/p17_mask_low_011.jpg,p17,mask,low,0.6201922297477722,p17,0.298336,rejected
3,/home/tahmid/crops/p17/p17_mask_low_012.jpg,p17,mask,low,0.6059288382530212,p17,0.332894,correct
3,/home/tahmid/crops/p17/p17_mask_low_013.jpg,p17,mask,low,0.7258604764938354,p17,0.455945,correct
3,/home/tahmid/crops/p17/p17_mask_low_014.jpg,p17,mask,low,0.7372562885284424,p17,0.444962,correct
3,/home/tahmid/crops/p17/p17_mask_low_015.jpg,p17,mask,low,0.6616358160972595,p17,0.484118,correct
3,/home/tahmid/crops/p17/p17_mask_regular_001.jpg,p17,mask,regular,0.842244565486908,p17,0.400703,correct
3,/home/tahmid/crops/p17/p17_mask_regular_002.jpg,p17,mask,regular,0.871427595615387,p17,0.398834,correct
3,/home/tahmid/crops/p17/p17_mask_regular_003.jpg,p17,mask,regular,0.7904024124145508,p17,0.263608,rejected
3,/home/tahmid/crops/p17/p17_mask_regular_004.jpg,p17,mask,regular,0.7942440509796143,p17,0.277227,rejected
3,/home/tahmid/crops/p17/p17_mask_regular_005.jpg,p17,mask,regular,0.7806906700134277,p30,0.282800,rejected
3,/home/tahmid/crops/p17/p17_mask_regular_006.jpg,p17,mask,regular,0.7365561723709106,p17,0.383885,correct
3,/home/tahmid/crops/p17/p17_mask_regular_007.jpg,p17,mask,regular,0.7660161256790161,p17,0.403558,correct
3,/home/tahmid/crops/p17/p17_mask_regular_008.jpg,p17,mask,regular,0.7721879482269287,p17,0.361070,correct
3,/home/tahmid/crops/p17/p17_mask_regular_009.jpg,p17,mask,regular,0.8033919334411621,p17,0.341680,correct
3,/home/tahmid/crops/p17/p17_mask_regular_010.jpg,p17,mask,regular,0.818801999092102,p17,0.394811,correct
3,/home/tahmid/crops/p17/p17_mask_regular_011.jpg,p17,mask,regular,0.7948964834213257,p17,0.363311,correct
3,/home/tahmid/crops/p17/p17_mask_regular_012.jpg,p17,mask,regular,0.4250982701778412,p17,0.323187,correct
3,/home/tahmid/crops/p17/p17_mask_regular_013.jpg,p17,mask,regular,0.6279376149177551,p20,0.198668,rejected
3,/home/tahmid/crops/p17/p17_mask_regular_014.jpg,p17,mask,regular,0.6367407441139221,p17,0.365775,correct
3,/home/tahmid/crops/p17/p17_mask_sunglass_low_001.jpg,p17,mask_sunglass,low,0.8449896574020386,p17,0.279651,rejected
3,/home/tahmid/crops/p17/p17_mask_sunglass_low_002.jpg,p17,mask_sunglass,low,0.8562197089195251,p17,0.278701,rejected
3,/home/tahmid/crops/p17/p17_mask_sunglass_low_003.jpg,p17,mask_sunglass,low,0.8488614559173584,p17,0.324625,correct
3,/home/tahmid/crops/p17/p17_mask_sunglass_low_004.jpg,p17,mask_sunglass,low,0.6981132626533508,p01,0.260680,rejected
3,/home/tahmid/crops/p17/p17_mask_sunglass_low_005.jpg,p17,mask_sunglass,low,0.7013134956359863,p17,0.213078,rejected
3,/home/tahmid/crops/p17/p17_mask_sunglass_low_006.jpg,p17,mask_sunglass,low,0.7121056318283081,p01,0.221108,rejected
3,/home/tahmid/crops/p17/p17_mask_sunglass_low_007.jpg,p17,mask_sunglass,low,0.7064105868339539,p09,0.199273,rejected
3,/home/tahmid/crops/p17/p17_mask_sunglass_low_008.jpg,p17,mask_sunglass,low,0.7587586641311646,p01,0.224140,rejected
3,/home/tahmid/crops/p17/p17_mask_sunglass_low_009.jpg,p17,mask_sunglass,low,0.7858330011367798,p10,0.202177,rejected
3,/home/tahmid/crops/p17/p17_mask_sunglass_low_010.jpg,p17,mask_sunglass,low,0.7473543882369995,p17,0.221485,rejected
3,/home/tahmid/crops/p17/p17_mask_sunglass_low_011.jpg,p17,mask_sunglass,low,0.7514151334762573,p01,0.181367,rejected
3,/home/tahmid/crops/p17/p17_mask_sunglass_low_012.jpg,p17,mask_sunglass,low,0.7937065362930298,p17,0.336444,correct
3,/home/tahmid/crops/p17/p17_mask_sunglass_low_013.jpg,p17,mask_sunglass,low,0.7962349653244019,p17,0.336290,correct
3,/home/tahmid/crops/p17/p17_mask_sunglass_low_014.jpg,p17,mask_sunglass,low,0.5550392866134644,p17,0.315371,correct
3,/home/tahmid/crops/p17/p17_mask_sunglass_low_015.jpg,p17,mask_sunglass,low,0.624086856842041,p17,0.265541,rejected
3,/home/tahmid/crops/p17/p17_mask_sunglass_regular_001.jpg,p17,mask_sunglass,regular,0.8652653694152832,p17,0.295184,rejected
3,/home/tahmid/crops/p17/p17_mask_sunglass_regular_002.jpg,p17,mask_sunglass,regular,0.8637509346008301,p17,0.273224,rejected
3,/home/tahmid/crops/p17/p17_mask_sunglass_regular_003.jpg,p17,mask_sunglass,regular,0.8738831281661987,p17,0.279790,rejected
3,/home/tahmid/crops/p17/p17_mask_sunglass_regular_004.jpg,p17,mask_sunglass,regular,0.7208173274993896,p01,0.221715,rejected
3,/home/tahmid/crops/p17/p17_mask_sunglass_regular_005.jpg,p17,mask_sunglass,regular,0.7055007219314575,p01,0.251080,rejected
3,/home/tahmid/crops/p17/p17_mask_sunglass_regular_006.jpg,p17,mask_sunglass,regular,0.6967856884002686,p01,0.201078,rejected
3,/home/tahmid/crops/p17/p17_mask_sunglass_regular_007.jpg,p17,mask_sunglass,regular,0.7572630643844604,p01,0.214486,rejected
3,/home/tahmid/crops/p17/p17_mask_sunglass_regular_008.jpg,p17,mask_sunglass,regular,0.7919509410858154,p01,0.235884,rejected
3,/home/tahmid/crops/p17/p17_mask_sunglass_regular_009.jpg,p17,mask_sunglass,regular,0.7791797518730164,p01,0.229161,rejected
3,/home/tahmid/crops/p17/p17_mask_sunglass_regular_010.jpg,p17,mask_sunglass,regular,0.7767971158027649,p17,0.338583,correct
3,/home/tahmid/crops/p17/p17_mask_sunglass_regular_011.jpg,p17,mask_sunglass,regular,0.7292622327804565,p17,0.342708,correct
3,/home/tahmid/crops/p17/p17_mask_sunglass_regular_012.jpg,p17,mask_sunglass,regular,0.7331690788269043,p17,0.330212,correct
3,/home/tahmid/crops/p17/p17_mask_sunglass_regular_013.jpg,p17,mask_sunglass,regular,0.5368799567222595,p17,0.336810,correct
3,/home/tahmid/crops/p17/p17_mask_sunglass_regular_014.jpg,p17,mask_sunglass,regular,0.5290062427520752,p17,0.256825,rejected
3,/home/tahmid/crops/p17/p17_mask_sunglass_regular_015.jpg,p17,mask_sunglass,regular,0.5369721055030823,p17,0.309924,correct
3,/home/tahmid/crops/p17/p17_none_low_001.jpg,p17,none,low,0.8206851482391357,p17,0.473447,correct
3,/home/tahmid/crops/p17/p17_none_low_002.jpg,p17,none,low,0.8047275543212891,p17,0.467977,correct
3,/home/tahmid/crops/p17/p17_none_low_003.jpg,p17,none,low,0.6427926421165466,p17,0.316827,correct
3,/home/tahmid/crops/p17/p17_none_low_004.jpg,p17,none,low,0.6498676538467407,p17,0.280433,rejected
3,/home/tahmid/crops/p17/p17_none_low_005.jpg,p17,none,low,0.6365156173706055,p17,0.288314,rejected
3,/home/tahmid/crops/p17/p17_none_low_006.jpg,p17,none,low,0.6201810836791992,p17,0.325449,correct
3,/home/tahmid/crops/p17/p17_none_low_007.jpg,p17,none,low,0.7025673389434814,p17,0.317173,correct
3,/home/tahmid/crops/p17/p17_none_low_008.jpg,p17,none,low,0.695941150188446,p17,0.332570,correct
3,/home/tahmid/crops/p17/p17_none_low_009.jpg,p17,none,low,0.6445105075836182,p17,0.336734,correct
3,/home/tahmid/crops/p17/p17_none_low_010.jpg,p17,none,low,0.6505779027938843,p17,0.344598,correct
3,/home/tahmid/crops/p17/p17_none_low_011.jpg,p17,none,low,0.8497153520584106,p17,0.416096,correct
3,/home/tahmid/crops/p17/p17_none_low_012.jpg,p17,none,low,0.8246142268180847,p17,0.422356,correct
3,/home/tahmid/crops/p17/p17_none_low_013.jpg,p17,none,low,0.8580965995788574,p17,0.602447,correct
3,/home/tahmid/crops/p17/p17_none_low_014.jpg,p17,none,low,0.8671622276306152,p17,0.593364,correct
3,/home/tahmid/crops/p17/p17_none_low_015.jpg,p17,none,low,0.8381359577178955,p17,0.600338,correct
3,/home/tahmid/crops/p17/p17_none_regular_001.jpg,p17,none,regular,0.8320581912994385,p17,0.477512,correct
3,/home/tahmid/crops/p17/p17_none_regular_002.jpg,p17,none,regular,0.8447542190551758,p17,0.496462,correct
3,/home/tahmid/crops/p17/p17_none_regular_003.jpg,p17,none,regular,0.826735258102417,p17,0.480292,correct
3,/home/tahmid/crops/p17/p17_none_regular_004.jpg,p17,none,regular,0.7380629777908325,p17,0.314985,correct
3,/home/tahmid/crops/p17/p17_none_regular_005.jpg,p17,none,regular,0.7020869851112366,p17,0.304066,correct
3,/home/tahmid/crops/p17/p17_none_regular_006.jpg,p17,none,regular,0.6755203604698181,p17,0.313290,correct
3,/home/tahmid/crops/p17/p17_none_regular_007.jpg,p17,none,regular,0.7159505486488342,p17,0.319341,correct
3,/home/tahmid/crops/p17/p17_none_regular_008.jpg,p17,none,regular,0.7057913541793823,p17,0.317446,correct
3,/home/tahmid/crops/p17/p17_none_regular_009.jpg,p17,none,regular,0.7036457061767578,p17,0.324157,correct
3,/home/tahmid/crops/p17/p17_none_regular_010.jpg,p17,none,regular,0.8384480476379395,p17,0.423068,correct
3,/home/tahmid/crops/p17/p17_none_regular_012.jpg,p17,none,regular,0.8598414063453674,p17,0.607203,correct
3,/home/tahmid/crops/p17/p17_scarf_low_001.jpg,p17,scarf,low,0.8985201120376587,p17,0.460660,correct
3,/home/tahmid/crops/p17/p17_scarf_low_002.jpg,p17,scarf,low,0.8937232494354248,p17,0.465450,correct
3,/home/tahmid/crops/p17/p17_scarf_low_003.jpg,p17,scarf,low,0.8724769353866577,p17,0.462830,correct
3,/home/tahmid/crops/p17/p17_scarf_low_004.jpg,p17,scarf,low,0.8740698099136353,p17,0.464568,correct
3,/home/tahmid/crops/p17/p17_scarf_low_005.jpg,p17,scarf,low,0.8798671960830688,p17,0.462646,correct
3,/home/tahmid/crops/p17/p17_scarf_low_006.jpg,p17,scarf,low,0.7763809561729431,p17,0.303880,correct
3,/home/tahmid/crops/p17/p17_scarf_low_007.jpg,p17,scarf,low,0.7785051465034485,p17,0.294692,rejected
3,/home/tahmid/crops/p17/p17_scarf_low_008.jpg,p17,scarf,low,0.7595865726470947,p17,0.400389,correct
3,/home/tahmid/crops/p17/p17_scarf_low_009.jpg,p17,scarf,low,0.7484750747680664,p17,0.374689,correct
3,/home/tahmid/crops/p17/p17_scarf_low_010.jpg,p17,scarf,low,0.8418365120887756,p17,0.384714,correct
3,/home/tahmid/crops/p17/p17_scarf_low_011.jpg,p17,scarf,low,0.8414276838302612,p17,0.394719,correct
3,/home/tahmid/crops/p17/p17_scarf_low_012.jpg,p17,scarf,low,0.8664987087249756,p17,0.518099,correct
3,/home/tahmid/crops/p17/p17_scarf_low_013.jpg,p17,scarf,low,0.8759404420852661,p17,0.555750,correct
3,/home/tahmid/crops/p17/p17_scarf_low_014.jpg,p17,scarf,low,0.8330302834510803,p17,0.528849,correct
3,/home/tahmid/crops/p17/p17_scarf_regular_001.jpg,p17,scarf,regular,0.8867992162704468,p17,0.449909,correct
3,/home/tahmid/crops/p17/p17_scarf_regular_002.jpg,p17,scarf,regular,0.8980926275253296,p17,0.471182,correct
3,/home/tahmid/crops/p17/p17_scarf_regular_003.jpg,p17,scarf,regular,0.8913470506668091,p17,0.466282,correct
3,/home/tahmid/crops/p17/p17_scarf_regular_004.jpg,p17,scarf,regular,0.7381080389022827,p18,0.298043,rejected
3,/home/tahmid/crops/p17/p17_scarf_regular_005.jpg,p17,scarf,regular,0.7262112498283386,p17,0.285186,rejected
3,/home/tahmid/crops/p17/p17_scarf_regular_006.jpg,p17,scarf,regular,0.7328810095787048,p17,0.317252,correct
3,/home/tahmid/crops/p17/p17_scarf_regular_007.jpg,p17,scarf,regular,0.7647721767425537,p17,0.396494,correct
3,/home/tahmid/crops/p17/p17_scarf_regular_008.jpg,p17,scarf,regular,0.7477759122848511,p17,0.375959,correct
3,/home/tahmid/crops/p17/p17_scarf_regular_009.jpg,p17,scarf,regular,0.7774621248245239,p17,0.391256,correct
3,/home/tahmid/crops/p17/p17_scarf_regular_010.jpg,p17,scarf,regular,0.778700590133667,p17,0.401078,correct
3,/home/tahmid/crops/p17/p17_scarf_regular_011.jpg,p17,scarf,regular,0.7632586359977722,p17,0.400167,correct
3,/home/tahmid/crops/p17/p17_scarf_regular_012.jpg,p17,scarf,regular,0.8311793804168701,p17,0.561548,correct
3,/home/tahmid/crops/p17/p17_scarf_regular_013.jpg,p17,scarf,regular,0.8591310977935791,p17,0.532985,correct
3,/home/tahmid/crops/p17/p17_scarf_regular_014.jpg,p17,scarf,regular,0.861555814743042,p17,0.530322,correct
3,/home/tahmid/crops/p17/p17_sunglass_low_001.jpg,p17,sunglass,low,0.8534154891967773,p17,0.415892,correct
3,/home/tahmid/crops/p17/p17_sunglass_low_002.jpg,p17,sunglass,low,0.840942919254303,p17,0.405454,correct
3,/home/tahmid/crops/p17/p17_sunglass_low_003.jpg,p17,sunglass,low,0.8352323770523071,p17,0.400589,correct
3,/home/tahmid/crops/p17/p17_sunglass_low_004.jpg,p17,sunglass,low,0.8067187070846558,p17,0.343803,correct
3,/home/tahmid/crops/p17/p17_sunglass_low_005.jpg,p17,sunglass,low,0.8066003322601318,p17,0.346819,correct
3,/home/tahmid/crops/p17/p17_sunglass_low_006.jpg,p17,sunglass,low,0.8020505309104919,p17,0.337146,correct
3,/home/tahmid/crops/p17/p17_sunglass_low_007.jpg,p17,sunglass,low,0.8305799961090088,p17,0.386926,correct
3,/home/tahmid/crops/p17/p17_sunglass_low_008.jpg,p17,sunglass,low,0.8417491912841797,p17,0.384356,correct
3,/home/tahmid/crops/p17/p17_sunglass_low_009.jpg,p17,sunglass,low,0.843018651008606,p17,0.382261,correct
3,/home/tahmid/crops/p17/p17_sunglass_low_010.jpg,p17,sunglass,low,0.8473619222640991,p17,0.376980,correct
3,/home/tahmid/crops/p17/p17_sunglass_low_011.jpg,p17,sunglass,low,0.8451836109161377,p17,0.351431,correct
3,/home/tahmid/crops/p17/p17_sunglass_low_012.jpg,p17,sunglass,low,0.8424463272094727,p17,0.365582,correct
3,/home/tahmid/crops/p17/p17_sunglass_low_013.jpg,p17,sunglass,low,0.8643581867218018,p17,0.391521,correct
3,/home/tahmid/crops/p17/p17_sunglass_low_014.jpg,p17,sunglass,low,0.8349263668060303,p17,0.452009,correct
3,/home/tahmid/crops/p17/p17_sunglass_low_015.jpg,p17,sunglass,low,0.8407365083694458,p17,0.471814,correct
3,/home/tahmid/crops/p17/p17_sunglass_regular_001.jpg,p17,sunglass,regular,0.8728606104850769,p17,0.404059,correct
3,/home/tahmid/crops/p17/p17_sunglass_regular_002.jpg,p17,sunglass,regular,0.8606151938438416,p17,0.384515,correct
3,/home/tahmid/crops/p17/p17_sunglass_regular_003.jpg,p17,sunglass,regular,0.846008837223053,p17,0.396575,correct
3,/home/tahmid/crops/p17/p17_sunglass_regular_004.jpg,p17,sunglass,regular,0.8121128082275391,p17,0.351589,correct
3,/home/tahmid/crops/p17/p17_sunglass_regular_005.jpg,p17,sunglass,regular,0.8070391416549683,p17,0.346583,correct
3,/home/tahmid/crops/p17/p17_sunglass_regular_006.jpg,p17,sunglass,regular,0.8078485727310181,p17,0.375306,correct
3,/home/tahmid/crops/p17/p17_sunglass_regular_007.jpg,p17,sunglass,regular,0.8218621015548706,p17,0.378829,correct
3,/home/tahmid/crops/p17/p17_sunglass_regular_008.jpg,p17,sunglass,regular,0.8236295580863953,p17,0.348914,correct
3,/home/tahmid/crops/p17/p17_sunglass_regular_009.jpg,p17,sunglass,regular,0.8324508666992188,p17,0.366522,correct
3,/home/tahmid/crops/p17/p17_sunglass_regular_010.jpg,p17,sunglass,regular,0.8240649104118347,p17,0.387281,correct
3,/home/tahmid/crops/p17/p17_sunglass_regular_011.jpg,p17,sunglass,regular,0.8567467927932739,p17,0.404177,correct
3,/home/tahmid/crops/p17/p17_sunglass_regular_012.jpg,p17,sunglass,regular,0.861352801322937,p17,0.468188,correct
3,/home/tahmid/crops/p17/p17_sunglass_regular_013.jpg,p17,sunglass,regular,0.851598858833313,p17,0.458369,correct
3,/home/tahmid/crops/p17/p17_sunglass_regular_014.jpg,p17,sunglass,regular,0.8523463010787964,p17,0.459445,correct
3,/home/tahmid/crops/p22/p22_cap_low_001.jpg,p22,cap,low,0.8786057829856873,p22,0.551764,correct
3,/home/tahmid/crops/p22/p22_cap_low_002.jpg,p22,cap,low,0.7436063289642334,p22,0.541050,correct
3,/home/tahmid/crops/p22/p22_cap_low_003.jpg,p22,cap,low,0.7584136724472046,p22,0.534092,correct
3,/home/tahmid/crops/p22/p22_cap_low_004.jpg,p22,cap,low,0.7832008600234985,p22,0.539454,correct
3,/home/tahmid/crops/p22/p22_cap_low_005.jpg,p22,cap,low,0.7718846797943115,p22,0.539816,correct
3,/home/tahmid/crops/p22/p22_cap_low_006.jpg,p22,cap,low,0.7501630783081055,p22,0.524256,correct
3,/home/tahmid/crops/p22/p22_cap_low_007.jpg,p22,cap,low,0.8258690237998962,p22,0.535961,correct
3,/home/tahmid/crops/p22/p22_cap_low_008.jpg,p22,cap,low,0.7436063289642334,p22,0.541050,correct
3,/home/tahmid/crops/p22/p22_cap_low_009.jpg,p22,cap,low,0.7584136724472046,p22,0.534092,correct
3,/home/tahmid/crops/p22/p22_cap_low_010.jpg,p22,cap,low,0.8371024131774902,p22,0.555478,correct
3,/home/tahmid/crops/p22/p22_cap_low_011.jpg,p22,cap,low,0.7832008600234985,p22,0.539454,correct
3,/home/tahmid/crops/p22/p22_cap_low_012.jpg,p22,cap,low,0.7718846797943115,p22,0.539816,correct
3,/home/tahmid/crops/p22/p22_cap_low_013.jpg,p22,cap,low,0.7501630783081055,p22,0.524256,correct
3,/home/tahmid/crops/p22/p22_cap_low_014.jpg,p22,cap,low,0.8258690237998962,p22,0.535961,correct
3,/home/tahmid/crops/p22/p22_cap_regular_001.jpg,p22,cap,regular,0.8799562454223633,p22,0.574483,correct
3,/home/tahmid/crops/p22/p22_cap_regular_002.jpg,p22,cap,regular,0.7665725946426392,p22,0.537104,correct
3,/home/tahmid/crops/p22/p22_cap_regular_003.jpg,p22,cap,regular,0.8358843326568604,p22,0.555043,correct
3,/home/tahmid/crops/p22/p22_cap_regular_004.jpg,p22,cap,regular,0.7885898351669312,p22,0.537978,correct
3,/home/tahmid/crops/p22/p22_cap_regular_005.jpg,p22,cap,regular,0.7642258405685425,p22,0.537113,correct
3,/home/tahmid/crops/p22/p22_cap_regular_006.jpg,p22,cap,regular,0.7467831373214722,p22,0.532662,correct
3,/home/tahmid/crops/p22/p22_cap_regular_007.jpg,p22,cap,regular,0.878233790397644,p22,0.553873,correct
3,/home/tahmid/crops/p22/p22_cap_regular_008.jpg,p22,cap,regular,0.8799562454223633,p22,0.574483,correct
3,/home/tahmid/crops/p22/p22_cap_regular_009.jpg,p22,cap,regular,0.7450906038284302,p22,0.540525,correct
3,/home/tahmid/crops/p22/p22_cap_regular_010.jpg,p22,cap,regular,0.7665725946426392,p22,0.537104,correct
3,/home/tahmid/crops/p22/p22_cap_regular_011.jpg,p22,cap,regular,0.8232221007347107,p22,0.557150,correct
3,/home/tahmid/crops/p22/p22_cap_regular_012.jpg,p22,cap,regular,0.7885898351669312,p22,0.537978,correct
3,/home/tahmid/crops/p22/p22_cap_regular_013.jpg,p22,cap,regular,0.7467831373214722,p22,0.532662,correct
3,/home/tahmid/crops/p22/p22_cap_regular_014.jpg,p22,cap,regular,0.8234519958496094,p22,0.544383,correct
3,/home/tahmid/crops/p22/p22_clearglass_low_001.jpg,p22,clearglass,low,0.8459148406982422,p22,0.603380,correct
3,/home/tahmid/crops/p22/p22_clearglass_low_002.jpg,p22,clearglass,low,0.838554859161377,p22,0.589750,correct
3,/home/tahmid/crops/p22/p22_clearglass_low_003.jpg,p22,clearglass,low,0.8259722590446472,p22,0.572057,correct
3,/home/tahmid/crops/p22/p22_clearglass_low_004.jpg,p22,clearglass,low,0.7383509874343872,p22,0.570000,correct
3,/home/tahmid/crops/p22/p22_clearglass_low_005.jpg,p22,clearglass,low,0.8036929368972778,p22,0.568086,correct
3,/home/tahmid/crops/p22/p22_clearglass_low_006.jpg,p22,clearglass,low,0.8144121170043945,p22,0.561980,correct
3,/home/tahmid/crops/p22/p22_clearglass_low_007.jpg,p22,clearglass,low,0.8420045375823975,p22,0.597699,correct
3,/home/tahmid/crops/p22/p22_clearglass_low_008.jpg,p22,clearglass,low,0.8459148406982422,p22,0.603380,correct
3,/home/tahmid/crops/p22/p22_clearglass_low_009.jpg,p22,clearglass,low,0.838554859161377,p22,0.589750,correct
3,/home/tahmid/crops/p22/p22_clearglass_low_010.jpg,p22,clearglass,low,0.7962911128997803,p22,0.593362,correct
3,/home/tahmid/crops/p22/p22_clearglass_low_011.jpg,p22,clearglass,low,0.8670626878738403,p22,0.578169,correct
3,/home/tahmid/crops/p22/p22_clearglass_low_012.jpg,p22,clearglass,low,0.8259722590446472,p22,0.572057,correct
3,/home/tahmid/crops/p22/p22_clearglass_low_013.jpg,p22,clearglass,low,0.7383509874343872,p22,0.570000,correct
3,/home/tahmid/crops/p22/p22_clearglass_low_014.jpg,p22,clearglass,low,0.7879093885421753,p22,0.565081,correct
3,/home/tahmid/crops/p22/p22_clearglass_regular_001.jpg,p22,clearglass,regular,0.7976493835449219,p22,0.593953,correct
3,/home/tahmid/crops/p22/p22_clearglass_regular_002.jpg,p22,clearglass,regular,0.8622332215309143,p22,0.577097,correct
3,/home/tahmid/crops/p22/p22_clearglass_regular_003.jpg,p22,clearglass,regular,0.732293963432312,p22,0.568577,correct
3,/home/tahmid/crops/p22/p22_clearglass_regular_004.jpg,p22,clearglass,regular,0.810234546661377,p22,0.565953,correct
3,/home/tahmid/crops/p22/p22_clearglass_regular_005.jpg,p22,clearglass,regular,0.817679762840271,p22,0.561540,correct
3,/home/tahmid/crops/p22/p22_clearglass_regular_006.jpg,p22,clearglass,regular,0.7834875583648682,p22,0.565335,correct
3,/home/tahmid/crops/p22/p22_clearglass_regular_007.jpg,p22,clearglass,regular,0.8433821201324463,p22,0.600081,correct
3,/home/tahmid/crops/p22/p22_clearglass_regular_008.jpg,p22,clearglass,regular,0.8415131568908691,p22,0.603396,correct
3,/home/tahmid/crops/p22/p22_clearglass_regular_009.jpg,p22,clearglass,regular,0.7976493835449219,p22,0.593953,correct
3,/home/tahmid/crops/p22/p22_clearglass_regular_010.jpg,p22,clearglass,regular,0.8118906021118164,p22,0.578427,correct
3,/home/tahmid/crops/p22/p22_clearglass_regular_011.jpg,p22,clearglass,regular,0.732293963432312,p22,0.568577,correct
3,/home/tahmid/crops/p22/p22_clearglass_regular_012.jpg,p22,clearglass,regular,0.810234546661377,p22,0.565952,correct
3,/home/tahmid/crops/p22/p22_clearglass_regular_013.jpg,p22,clearglass,regular,0.817679762840271,p22,0.561540,correct
3,/home/tahmid/crops/p22/p22_clearglass_regular_014.jpg,p22,clearglass,regular,0.7834875583648682,p22,0.565335,correct
3,/home/tahmid/crops/p22/p22_mask_clearglass_low_001.jpg,p22,mask_clearglass,low,0.7927442193031311,p22,0.516853,correct
3,/home/tahmid/crops/p22/p22_mask_clearglass_low_002.jpg,p22,mask_clearglass,low,0.8324952125549316,p22,0.494610,correct
3,/home/tahmid/crops/p22/p22_mask_clearglass_low_003.jpg,p22,mask_clearglass,low,0.7606475353240967,p22,0.520355,correct
3,/home/tahmid/crops/p22/p22_mask_clearglass_low_004.jpg,p22,mask_clearglass,low,0.6682927012443542,p22,0.523244,correct
3,/home/tahmid/crops/p22/p22_mask_clearglass_low_005.jpg,p22,mask_clearglass,low,0.7498109340667725,p22,0.481928,correct
3,/home/tahmid/crops/p22/p22_mask_clearglass_low_006.jpg,p22,mask_clearglass,low,0.7998528480529785,p22,0.468161,correct
3,/home/tahmid/crops/p22/p22_mask_clearglass_low_007.jpg,p22,mask_clearglass,low,0.8474357724189758,p22,0.477958,correct
3,/home/tahmid/crops/p22/p22_mask_clearglass_low_008.jpg,p22,mask_clearglass,low,0.8324952125549316,p22,0.494610,correct
3,/home/tahmid/crops/p22/p22_mask_clearglass_low_009.jpg,p22,mask_clearglass,low,0.7606475353240967,p22,0.520355,correct
3,/home/tahmid/crops/p22/p22_mask_clearglass_low_010.jpg,p22,mask_clearglass,low,0.848677933216095,p22,0.386642,correct
3,/home/tahmid/crops/p22/p22_mask_clearglass_low_011.jpg,p22,mask_clearglass,low,0.8314635753631592,p22,0.368597,correct
3,/home/tahmid/crops/p22/p22_mask_clearglass_low_012.jpg,p22,mask_clearglass,low,0.7998528480529785,p22,0.468161,correct
3,/home/tahmid/crops/p22/p22_mask_clearglass_low_013.jpg,p22,mask_clearglass,low,0.8474357724189758,p22,0.477958,correct
3,/home/tahmid/crops/p22/p22_mask_clearglass_low_014.jpg,p22,mask_clearglass,low,0.7284256219863892,p22,0.431011,correct
3,/home/tahmid/crops/p22/p22_mask_clearglass_regular_001.jpg,p22,mask_clearglass,regular,0.8044350743293762,p22,0.518588,correct
3,/home/tahmid/crops/p22/p22_mask_clearglass_regular_002.jpg,p22,mask_clearglass,regular,0.8182324767112732,p22,0.508733,correct
3,/home/tahmid/crops/p22/p22_mask_clearglass_regular_003.jpg,p22,mask_clearglass,regular,0.7704174518585205,p22,0.529376,correct
3,/home/tahmid/crops/p22/p22_mask_clearglass_regular_004.jpg,p22,mask_clearglass,regular,0.6747100353240967,p22,0.513415,correct
3,/home/tahmid/crops/p22/p22_mask_clearglass_regular_005.jpg,p22,mask_clearglass,regular,0.8459428548812866,p22,0.386181,correct
3,/home/tahmid/crops/p22/p22_mask_clearglass_regular_006.jpg,p22,mask_clearglass,regular,0.7393646240234375,p22,0.469595,correct
3,/home/tahmid/crops/p22/p22_mask_clearglass_regular_007.jpg,p22,mask_clearglass,regular,0.8044594526290894,p22,0.441954,correct
3,/home/tahmid/crops/p22/p22_mask_clearglass_regular_008.jpg,p22,mask_clearglass,regular,0.8468183279037476,p22,0.475741,correct
3,/home/tahmid/crops/p22/p22_mask_clearglass_regular_009.jpg,p22,mask_clearglass,regular,0.7196100950241089,p22,0.424019,correct
3,/home/tahmid/crops/p22/p22_mask_clearglass_regular_010.jpg,p22,mask_clearglass,regular,0.8182324767112732,p22,0.508733,correct
3,/home/tahmid/crops/p22/p22_mask_clearglass_regular_011.jpg,p22,mask_clearglass,regular,0.7704174518585205,p22,0.529376,correct
3,/home/tahmid/crops/p22/p22_mask_clearglass_regular_012.jpg,p22,mask_clearglass,regular,0.6747100353240967,p22,0.513415,correct
3,/home/tahmid/crops/p22/p22_mask_clearglass_regular_013.jpg,p22,mask_clearglass,regular,0.8459428548812866,p22,0.386181,correct
3,/home/tahmid/crops/p22/p22_mask_clearglass_regular_014.jpg,p22,mask_clearglass,regular,0.7196100950241089,p22,0.424019,correct
3,/home/tahmid/crops/p22/p22_mask_low_001.jpg,p22,mask,low,0.8572460412979126,p22,0.535100,correct
3,/home/tahmid/crops/p22/p22_mask_low_002.jpg,p22,mask,low,0.7998039722442627,p22,0.545251,correct
3,/home/tahmid/crops/p22/p22_mask_low_003.jpg,p22,mask,low,0.7880486845970154,p22,0.536214,correct
3,/home/tahmid/crops/p22/p22_mask_low_004.jpg,p22,mask,low,0.8361388444900513,p22,0.477930,correct
3,/home/tahmid/crops/p22/p22_mask_low_005.jpg,p22,mask,low,0.7856667041778564,p22,0.463580,correct
3,/home/tahmid/crops/p22/p22_mask_low_006.jpg,p22,mask,low,0.7982044219970703,p22,0.510216,correct
3,/home/tahmid/crops/p22/p22_mask_low_007.jpg,p22,mask,low,0.778148353099823,p22,0.484259,correct
3,/home/tahmid/crops/p22/p22_mask_low_008.jpg,p22,mask,low,0.7061690092086792,p22,0.445583,correct
3,/home/tahmid/crops/p22/p22_mask_low_009.jpg,p22,mask,low,0.8536802530288696,p22,0.529523,correct
3,/home/tahmid/crops/p22/p22_mask_low_010.jpg,p22,mask,low,0.7998039722442627,p22,0.545251,correct
3,/home/tahmid/crops/p22/p22_mask_low_011.jpg,p22,mask,low,0.7773903608322144,p22,0.526863,correct
3,/home/tahmid/crops/p22/p22_mask_low_012.jpg,p22,mask,low,0.8361388444900513,p22,0.477930,correct
3,/home/tahmid/crops/p22/p22_mask_low_013.jpg,p22,mask,low,0.7856667041778564,p22,0.463580,correct
3,/home/tahmid/crops/p22/p22_mask_low_014.jpg,p22,mask,low,0.6891324520111084,p22,0.505632,correct
3,/home/tahmid/crops/p22/p22_mask_regular_001.jpg,p22,mask,regular,0.8526711463928223,p22,0.531810,correct
3,/home/tahmid/crops/p22/p22_mask_regular_002.jpg,p22,mask,regular,0.7996194362640381,p22,0.532849,correct
3,/home/tahmid/crops/p22/p22_mask_regular_003.jpg,p22,mask,regular,0.8283649682998657,p22,0.460818,correct
3,/home/tahmid/crops/p22/p22_mask_regular_004.jpg,p22,mask,regular,0.805924117565155,p22,0.492039,correct
3,/home/tahmid/crops/p22/p22_mask_regular_005.jpg,p22,mask,regular,0.6930317282676697,p22,0.502613,correct
3,/home/tahmid/crops/p22/p22_mask_regular_006.jpg,p22,mask,regular,0.8526711463928223,p22,0.531810,correct
3,/home/tahmid/crops/p22/p22_mask_regular_007.jpg,p22,mask,regular,0.7993704080581665,p22,0.533917,correct
3,/home/tahmid/crops/p22/p22_mask_regular_008.jpg,p22,mask,regular,0.7996194362640381,p22,0.532849,correct
3,/home/tahmid/crops/p22/p22_mask_regular_009.jpg,p22,mask,regular,0.7841139435768127,p22,0.528567,correct
3,/home/tahmid/crops/p22/p22_mask_regular_010.jpg,p22,mask,regular,0.8283649682998657,p22,0.460818,correct
3,/home/tahmid/crops/p22/p22_mask_regular_011.jpg,p22,mask,regular,0.7849971055984497,p22,0.456229,correct
3,/home/tahmid/crops/p22/p22_mask_regular_012.jpg,p22,mask,regular,0.805924117565155,p22,0.492039,correct
3,/home/tahmid/crops/p22/p22_mask_regular_013.jpg,p22,mask,regular,0.6930317282676697,p22,0.502613,correct
3,/home/tahmid/crops/p22/p22_mask_regular_014.jpg,p22,mask,regular,0.7868748307228088,p22,0.491850,correct
3,/home/tahmid/crops/p22/p22_mask_sunglass_low_001.jpg,p22,mask_sunglass,low,0.852414608001709,p22,0.429692,correct
3,/home/tahmid/crops/p22/p22_mask_sunglass_low_002.jpg,p22,mask_sunglass,low,0.6738524436950684,p22,0.437075,correct
3,/home/tahmid/crops/p22/p22_mask_sunglass_low_003.jpg,p22,mask_sunglass,low,0.7404242753982544,p22,0.409013,correct
3,/home/tahmid/crops/p22/p22_mask_sunglass_low_004.jpg,p22,mask_sunglass,low,0.800969123840332,p22,0.205940,rejected
3,/home/tahmid/crops/p22/p22_mask_sunglass_low_005.jpg,p22,mask_sunglass,low,0.8459739685058594,p22,0.242718,rejected
3,/home/tahmid/crops/p22/p22_mask_sunglass_low_006.jpg,p22,mask_sunglass,low,0.7657151222229004,p22,0.422613,correct
3,/home/tahmid/crops/p22/p22_mask_sunglass_low_007.jpg,p22,mask_sunglass,low,0.7756088972091675,p22,0.344074,correct
3,/home/tahmid/crops/p22/p22_mask_sunglass_low_008.jpg,p22,mask_sunglass,low,0.852414608001709,p22,0.429692,correct
3,/home/tahmid/crops/p22/p22_mask_sunglass_low_009.jpg,p22,mask_sunglass,low,0.784595251083374,p22,0.421518,correct
3,/home/tahmid/crops/p22/p22_mask_sunglass_low_010.jpg,p22,mask_sunglass,low,0.6738524436950684,p22,0.437075,correct
3,/home/tahmid/crops/p22/p22_mask_sunglass_low_011.jpg,p22,mask_sunglass,low,0.800969123840332,p22,0.205940,rejected
3,/home/tahmid/crops/p22/p22_mask_sunglass_low_012.jpg,p22,mask_sunglass,low,0.7657151222229004,p22,0.422613,correct
3,/home/tahmid/crops/p22/p22_mask_sunglass_low_013.jpg,p22,mask_sunglass,low,0.691392719745636,p22,0.426405,correct
3,/home/tahmid/crops/p22/p22_mask_sunglass_low_014.jpg,p22,mask_sunglass,low,0.7756088972091675,p22,0.344074,correct
3,/home/tahmid/crops/p22/p22_mask_sunglass_regular_001.jpg,p22,mask_sunglass,regular,0.6657794117927551,p22,0.430604,correct
3,/home/tahmid/crops/p22/p22_mask_sunglass_regular_002.jpg,p22,mask_sunglass,regular,0.7151930332183838,p22,0.418604,correct
3,/home/tahmid/crops/p22/p22_mask_sunglass_regular_003.jpg,p22,mask_sunglass,regular,0.8058764338493347,p22,0.223875,rejected
3,/home/tahmid/crops/p22/p22_mask_sunglass_regular_004.jpg,p22,mask_sunglass,regular,0.7646582126617432,p22,0.435113,correct
3,/home/tahmid/crops/p22/p22_mask_sunglass_regular_005.jpg,p22,mask_sunglass,regular,0.6954421401023865,p22,0.414467,correct
3,/home/tahmid/crops/p22/p22_mask_sunglass_regular_006.jpg,p22,mask_sunglass,regular,0.767027735710144,p22,0.356559,correct
3,/home/tahmid/crops/p22/p22_mask_sunglass_regular_007.jpg,p22,mask_sunglass,regular,0.7669097185134888,p22,0.427904,correct
3,/home/tahmid/crops/p22/p22_mask_sunglass_regular_008.jpg,p22,mask_sunglass,regular,0.6657794117927551,p22,0.430604,correct
3,/home/tahmid/crops/p22/p22_mask_sunglass_regular_009.jpg,p22,mask_sunglass,regular,0.7151930332183838,p22,0.418604,correct
3,/home/tahmid/crops/p22/p22_mask_sunglass_regular_010.jpg,p22,mask_sunglass,regular,0.8453624844551086,p22,0.230404,rejected
3,/home/tahmid/crops/p22/p22_mask_sunglass_regular_011.jpg,p22,mask_sunglass,regular,0.7646582126617432,p22,0.435113,correct
3,/home/tahmid/crops/p22/p22_mask_sunglass_regular_012.jpg,p22,mask_sunglass,regular,0.6954421401023865,p22,0.414467,correct
3,/home/tahmid/crops/p22/p22_mask_sunglass_regular_013.jpg,p22,mask_sunglass,regular,0.767027735710144,p22,0.356559,correct
3,/home/tahmid/crops/p22/p22_mask_sunglass_regular_014.jpg,p22,mask_sunglass,regular,0.7837314605712891,p22,0.335643,correct
3,/home/tahmid/crops/p22/p22_none_low_005.jpg,p22,none,low,0.8178725242614746,p22,0.593898,correct
3,/home/tahmid/crops/p22/p22_none_low_006.jpg,p22,none,low,0.8615748882293701,p22,0.596147,correct
3,/home/tahmid/crops/p22/p22_none_low_007.jpg,p22,none,low,0.769034743309021,p22,0.584698,correct
3,/home/tahmid/crops/p22/p22_none_low_008.jpg,p22,none,low,0.7580944895744324,p22,0.575535,correct
3,/home/tahmid/crops/p22/p22_none_low_009.jpg,p22,none,low,0.7710604667663574,p22,0.574064,correct
3,/home/tahmid/crops/p22/p22_none_low_012.jpg,p22,none,low,0.8178725242614746,p22,0.593898,correct
3,/home/tahmid/crops/p22/p22_none_low_013.jpg,p22,none,low,0.8615748882293701,p22,0.596147,correct
3,/home/tahmid/crops/p22/p22_none_low_014.jpg,p22,none,low,0.7580944895744324,p22,0.575535,correct
3,/home/tahmid/crops/p22/p22_none_low_015.jpg,p22,none,low,0.766688883304596,p22,0.585884,correct
3,/home/tahmid/crops/p22/p22_none_regular_003.jpg,p22,none,regular,0.8644737005233765,p22,0.596778,correct
3,/home/tahmid/crops/p22/p22_none_regular_004.jpg,p22,none,regular,0.7703278064727783,p22,0.587628,correct
3,/home/tahmid/crops/p22/p22_none_regular_005.jpg,p22,none,regular,0.7541552782058716,p22,0.586092,correct
3,/home/tahmid/crops/p22/p22_none_regular_006.jpg,p22,none,regular,0.7629198431968689,p22,0.591272,correct
3,/home/tahmid/crops/p22/p22_none_regular_007.jpg,p22,none,regular,0.7715232968330383,p22,0.577781,correct
3,/home/tahmid/crops/p22/p22_none_regular_011.jpg,p22,none,regular,0.8163986206054688,p22,0.597282,correct
3,/home/tahmid/crops/p22/p22_none_regular_012.jpg,p22,none,regular,0.8644737005233765,p22,0.596778,correct
3,/home/tahmid/crops/p22/p22_none_regular_013.jpg,p22,none,regular,0.7703278064727783,p22,0.587628,correct
3,/home/tahmid/crops/p22/p22_none_regular_014.jpg,p22,none,regular,0.7541552782058716,p22,0.586092,correct
3,/home/tahmid/crops/p22/p22_none_regular_015.jpg,p22,none,regular,0.7629198431968689,p22,0.591272,correct
3,/home/tahmid/crops/p22/p22_sunglass_low_001.jpg,p22,sunglass,low,0.8272108435630798,p22,0.567413,correct
3,/home/tahmid/crops/p22/p22_sunglass_low_002.jpg,p22,sunglass,low,0.8211507797241211,p22,0.565959,correct
3,/home/tahmid/crops/p22/p22_sunglass_low_003.jpg,p22,sunglass,low,0.8659570217132568,p22,0.572397,correct
3,/home/tahmid/crops/p22/p22_sunglass_low_004.jpg,p22,sunglass,low,0.760046124458313,p22,0.557373,correct
3,/home/tahmid/crops/p22/p22_sunglass_low_005.jpg,p22,sunglass,low,0.8065119981765747,p22,0.550235,correct
3,/home/tahmid/crops/p22/p22_sunglass_low_006.jpg,p22,sunglass,low,0.8215333223342896,p22,0.557953,correct
3,/home/tahmid/crops/p22/p22_sunglass_low_007.jpg,p22,sunglass,low,0.7714768648147583,p22,0.542662,correct
3,/home/tahmid/crops/p22/p22_sunglass_low_008.jpg,p22,sunglass,low,0.8211507797241211,p22,0.565959,correct
3,/home/tahmid/crops/p22/p22_sunglass_low_009.jpg,p22,sunglass,low,0.8659570217132568,p22,0.572397,correct
3,/home/tahmid/crops/p22/p22_sunglass_low_010.jpg,p22,sunglass,low,0.760046124458313,p22,0.557373,correct
3,/home/tahmid/crops/p22/p22_sunglass_low_011.jpg,p22,sunglass,low,0.8065119981765747,p22,0.550235,correct
3,/home/tahmid/crops/p22/p22_sunglass_low_012.jpg,p22,sunglass,low,0.8215333223342896,p22,0.557953,correct
3,/home/tahmid/crops/p22/p22_sunglass_low_013.jpg,p22,sunglass,low,0.8452287912368774,p22,0.539756,correct
3,/home/tahmid/crops/p22/p22_sunglass_low_014.jpg,p22,sunglass,low,0.7714768648147583,p22,0.542662,correct
3,/home/tahmid/crops/p22/p22_sunglass_low_015.jpg,p22,sunglass,low,0.8229228258132935,p22,0.558890,correct
3,/home/tahmid/crops/p22/p22_sunglass_regular_001.jpg,p22,sunglass,regular,0.8197619915008545,p22,0.569860,correct
3,/home/tahmid/crops/p22/p22_sunglass_regular_002.jpg,p22,sunglass,regular,0.8658235669136047,p22,0.576548,correct
3,/home/tahmid/crops/p22/p22_sunglass_regular_003.jpg,p22,sunglass,regular,0.7644383907318115,p22,0.554517,correct
3,/home/tahmid/crops/p22/p22_sunglass_regular_004.jpg,p22,sunglass,regular,0.8089545369148254,p22,0.553459,correct
3,/home/tahmid/crops/p22/p22_sunglass_regular_005.jpg,p22,sunglass,regular,0.8201887607574463,p22,0.559454,correct
3,/home/tahmid/crops/p22/p22_sunglass_regular_006.jpg,p22,sunglass,regular,0.8101926445960999,p22,0.542130,correct
3,/home/tahmid/crops/p22/p22_sunglass_regular_007.jpg,p22,sunglass,regular,0.7577663064002991,p22,0.557808,correct
3,/home/tahmid/crops/p22/p22_sunglass_regular_008.jpg,p22,sunglass,regular,0.7644383907318115,p22,0.554517,correct
3,/home/tahmid/crops/p22/p22_sunglass_regular_009.jpg,p22,sunglass,regular,0.8089545369148254,p22,0.553459,correct
3,/home/tahmid/crops/p22/p22_sunglass_regular_010.jpg,p22,sunglass,regular,0.8201887607574463,p22,0.559454,correct
3,/home/tahmid/crops/p22/p22_sunglass_regular_011.jpg,p22,sunglass,regular,0.8479727506637573,p22,0.552668,correct
3,/home/tahmid/crops/p22/p22_sunglass_regular_012.jpg,p22,sunglass,regular,0.8101926445960999,p22,0.542130,correct
3,/home/tahmid/crops/p22/p22_sunglass_regular_013.jpg,p22,sunglass,regular,0.773413360118866,p22,0.531137,correct
3,/home/tahmid/crops/p22/p22_sunglass_regular_014.jpg,p22,sunglass,regular,0.8246779441833496,p22,0.557895,correct
3,/home/tahmid/crops/p22/p22_sunglass_regular_015.jpg,p22,sunglass,regular,0.7577663064002991,p22,0.557808,correct
3,/home/tahmid/crops/p26/p26_cap_low_001.jpg,p26,cap,low,0.7270075082778931,p26,0.546416,correct
3,/home/tahmid/crops/p26/p26_cap_low_002.jpg,p26,cap,low,0.6996590495109558,p26,0.557275,correct
3,/home/tahmid/crops/p26/p26_cap_low_003.jpg,p26,cap,low,0.7676673531532288,p26,0.570068,correct
3,/home/tahmid/crops/p26/p26_cap_low_004.jpg,p26,cap,low,0.7582340240478516,p26,0.548248,correct
3,/home/tahmid/crops/p26/p26_cap_low_005.jpg,p26,cap,low,0.752814769744873,p26,0.553520,correct
3,/home/tahmid/crops/p26/p26_cap_low_006.jpg,p26,cap,low,0.7415269613265991,p26,0.538450,correct
3,/home/tahmid/crops/p26/p26_cap_low_007.jpg,p26,cap,low,0.7282770276069641,p26,0.525191,correct
3,/home/tahmid/crops/p26/p26_cap_low_008.jpg,p26,cap,low,0.6640695929527283,p26,0.465322,correct
3,/home/tahmid/crops/p26/p26_cap_low_009.jpg,p26,cap,low,0.7798352241516113,p26,0.501423,correct
3,/home/tahmid/crops/p26/p26_cap_low_010.jpg,p26,cap,low,0.7690206170082092,p26,0.489394,correct
3,/home/tahmid/crops/p26/p26_cap_low_011.jpg,p26,cap,low,0.7882472276687622,p26,0.504239,correct
3,/home/tahmid/crops/p26/p26_cap_low_012.jpg,p26,cap,low,0.7767996788024902,p26,0.521729,correct
3,/home/tahmid/crops/p26/p26_cap_low_013.jpg,p26,cap,low,0.7350338697433472,p26,0.490476,correct
3,/home/tahmid/crops/p26/p26_cap_low_014.jpg,p26,cap,low,0.7250816822052002,p26,0.498186,correct
3,/home/tahmid/crops/p26/p26_cap_low_015.jpg,p26,cap,low,0.6643255949020386,p26,0.461700,correct
3,/home/tahmid/crops/p26/p26_cap_low_016.jpg,p26,cap,low,0.6656347513198853,p26,0.474558,correct
3,/home/tahmid/crops/p26/p26_cap_low_017.jpg,p26,cap,low,0.6660475730895996,p26,0.448796,correct
3,/home/tahmid/crops/p26/p26_cap_low_018.jpg,p26,cap,low,0.6574497222900391,p26,0.443463,correct
3,/home/tahmid/crops/p26/p26_cap_regular_001.jpg,p26,cap,regular,0.6571094989776611,p26,0.558798,correct
3,/home/tahmid/crops/p26/p26_cap_regular_002.jpg,p26,cap,regular,0.705918550491333,p26,0.566488,correct
3,/home/tahmid/crops/p26/p26_cap_regular_003.jpg,p26,cap,regular,0.771029531955719,p26,0.570111,correct
3,/home/tahmid/crops/p26/p26_cap_regular_004.jpg,p26,cap,regular,0.7427666187286377,p26,0.543250,correct
3,/home/tahmid/crops/p26/p26_cap_regular_005.jpg,p26,cap,regular,0.7135197520256042,p26,0.533127,correct
3,/home/tahmid/crops/p26/p26_cap_regular_006.jpg,p26,cap,regular,0.7305972576141357,p26,0.536983,correct
3,/home/tahmid/crops/p26/p26_cap_regular_007.jpg,p26,cap,regular,0.6346689462661743,p26,0.456596,correct
3,/home/tahmid/crops/p26/p26_cap_regular_008.jpg,p26,cap,regular,0.6783446073532104,p26,0.457571,correct
3,/home/tahmid/crops/p26/p26_cap_regular_009.jpg,p26,cap,regular,0.6821668148040771,p26,0.456965,correct
3,/home/tahmid/crops/p26/p26_cap_regular_010.jpg,p26,cap,regular,0.7662554979324341,p26,0.492910,correct
3,/home/tahmid/crops/p26/p26_cap_regular_011.jpg,p26,cap,regular,0.7481352686882019,p26,0.490904,correct
3,/home/tahmid/crops/p26/p26_cap_regular_012.jpg,p26,cap,regular,0.7771475911140442,p26,0.529978,correct
3,/home/tahmid/crops/p26/p26_cap_regular_013.jpg,p26,cap,regular,0.7362098693847656,p26,0.540822,correct
3,/home/tahmid/crops/p26/p26_cap_regular_014.jpg,p26,cap,regular,0.7232112884521484,p26,0.500183,correct
3,/home/tahmid/crops/p26/p26_cap_regular_015.jpg,p26,cap,regular,0.6385207772254944,p26,0.461897,correct
3,/home/tahmid/crops/p26/p26_cap_regular_016.jpg,p26,cap,regular,0.6445424556732178,p26,0.465656,correct
3,/home/tahmid/crops/p26/p26_cap_regular_017.jpg,p26,cap,regular,0.6802469491958618,p26,0.432611,correct
3,/home/tahmid/crops/p26/p26_cap_regular_018.jpg,p26,cap,regular,0.6612703204154968,p26,0.438120,correct
3,/home/tahmid/crops/p26/p26_clearglass_low_001.jpg,p26,clearglass,low,0.8013049364089966,p26,0.554233,correct
3,/home/tahmid/crops/p26/p26_clearglass_low_002.jpg,p26,clearglass,low,0.7849118709564209,p26,0.545458,correct
3,/home/tahmid/crops/p26/p26_clearglass_low_003.jpg,p26,clearglass,low,0.7720541954040527,p26,0.548282,correct
3,/home/tahmid/crops/p26/p26_clearglass_low_004.jpg,p26,clearglass,low,0.8329687118530273,p26,0.545124,correct
3,/home/tahmid/crops/p26/p26_clearglass_low_005.jpg,p26,clearglass,low,0.7886422872543335,p26,0.493155,correct
3,/home/tahmid/crops/p26/p26_clearglass_low_006.jpg,p26,clearglass,low,0.8257749080657959,p26,0.528784,correct
3,/home/tahmid/crops/p26/p26_clearglass_low_007.jpg,p26,clearglass,low,0.781577467918396,p26,0.478019,correct
3,/home/tahmid/crops/p26/p26_clearglass_low_008.jpg,p26,clearglass,low,0.8041766881942749,p26,0.451607,correct
3,/home/tahmid/crops/p26/p26_clearglass_low_009.jpg,p26,clearglass,low,0.8337781429290771,p26,0.536740,correct
3,/home/tahmid/crops/p26/p26_clearglass_regular_001.jpg,p26,clearglass,regular,0.8018207550048828,p26,0.564126,correct
3,/home/tahmid/crops/p26/p26_clearglass_regular_002.jpg,p26,clearglass,regular,0.7944871187210083,p26,0.544596,correct
3,/home/tahmid/crops/p26/p26_clearglass_regular_003.jpg,p26,clearglass,regular,0.7792118787765503,p26,0.531609,correct
3,/home/tahmid/crops/p26/p26_clearglass_regular_004.jpg,p26,clearglass,regular,0.8445882797241211,p26,0.530027,correct
3,/home/tahmid/crops/p26/p26_clearglass_regular_005.jpg,p26,clearglass,regular,0.8381200432777405,p26,0.537450,correct
3,/home/tahmid/crops/p26/p26_clearglass_regular_006.jpg,p26,clearglass,regular,0.7885953783988953,p26,0.486085,correct
3,/home/tahmid/crops/p26/p26_clearglass_regular_007.jpg,p26,clearglass,regular,0.8194047212600708,p26,0.502257,correct
3,/home/tahmid/crops/p26/p26_clearglass_regular_008.jpg,p26,clearglass,regular,0.7904255390167236,p26,0.462608,correct
3,/home/tahmid/crops/p26/p26_clearglass_regular_009.jpg,p26,clearglass,regular,0.8214378356933594,p26,0.459561,correct
3,/home/tahmid/crops/p26/p26_clearglass_regular_010.jpg,p26,clearglass,regular,0.8952260613441467,p26,0.537106,correct
3,/home/tahmid/crops/p26/p26_clearglass_regular_011.jpg,p26,clearglass,regular,0.8356142044067383,p26,0.544560,correct
3,/home/tahmid/crops/p26/p26_mask_clearglass_low_001.jpg,p26,mask_clearglass,low,0.6335222721099854,p26,0.317140,correct
3,/home/tahmid/crops/p26/p26_mask_clearglass_low_002.jpg,p26,mask_clearglass,low,0.7190496325492859,p26,0.346504,correct
3,/home/tahmid/crops/p26/p26_mask_clearglass_low_003.jpg,p26,mask_clearglass,low,0.8047360777854919,p26,0.434570,correct
3,/home/tahmid/crops/p26/p26_mask_clearglass_low_004.jpg,p26,mask_clearglass,low,0.7359404563903809,p26,0.329424,correct
3,/home/tahmid/crops/p26/p26_mask_clearglass_low_005.jpg,p26,mask_clearglass,low,0.7182755470275879,p26,0.333317,correct
3,/home/tahmid/crops/p26/p26_mask_clearglass_low_006.jpg,p26,mask_clearglass,low,0.7925915718078613,p26,0.420235,correct
3,/home/tahmid/crops/p26/p26_mask_clearglass_low_007.jpg,p26,mask_clearglass,low,0.8037031888961792,p26,0.412874,correct
3,/home/tahmid/crops/p26/p26_mask_clearglass_low_008.jpg,p26,mask_clearglass,low,0.8126148581504822,p26,0.412426,correct
3,/home/tahmid/crops/p26/p26_mask_clearglass_low_009.jpg,p26,mask_clearglass,low,0.8354930281639099,p26,0.434812,correct
3,/home/tahmid/crops/p26/p26_mask_clearglass_regular_001.jpg,p26,mask_clearglass,regular,0.8234222531318665,p26,0.424028,correct
3,/home/tahmid/crops/p26/p26_mask_clearglass_regular_002.jpg,p26,mask_clearglass,regular,0.8423399925231934,p26,0.425929,correct
3,/home/tahmid/crops/p26/p26_mask_clearglass_regular_003.jpg,p26,mask_clearglass,regular,0.6151894927024841,p26,0.345609,correct
3,/home/tahmid/crops/p26/p26_mask_clearglass_regular_004.jpg,p26,mask_clearglass,regular,0.7451922297477722,p26,0.374350,correct
3,/home/tahmid/crops/p26/p26_mask_clearglass_regular_005.jpg,p26,mask_clearglass,regular,0.747088611125946,p26,0.305561,correct
3,/home/tahmid/crops/p26/p26_mask_clearglass_regular_006.jpg,p26,mask_clearglass,regular,0.7191194891929626,p26,0.332754,correct
3,/home/tahmid/crops/p26/p26_mask_clearglass_regular_007.jpg,p26,mask_clearglass,regular,0.8190914392471313,p26,0.422266,correct
3,/home/tahmid/crops/p26/p26_mask_clearglass_regular_008.jpg,p26,mask_clearglass,regular,0.8186776041984558,p26,0.406705,correct
3,/home/tahmid/crops/p26/p26_mask_clearglass_regular_009.jpg,p26,mask_clearglass,regular,0.8334165811538696,p26,0.422102,correct
3,/home/tahmid/crops/p26/p26_mask_low_001.jpg,p26,mask,low,0.8888851404190063,p26,0.499408,correct
3,/home/tahmid/crops/p26/p26_mask_low_002.jpg,p26,mask,low,0.879603385925293,p26,0.471683,correct
3,/home/tahmid/crops/p26/p26_mask_low_003.jpg,p26,mask,low,0.7924525737762451,p26,0.498299,correct
3,/home/tahmid/crops/p26/p26_mask_low_004.jpg,p26,mask,low,0.807462215423584,p26,0.491970,correct
3,/home/tahmid/crops/p26/p26_mask_low_005.jpg,p26,mask,low,0.7968400716781616,p26,0.493601,correct
3,/home/tahmid/crops/p26/p26_mask_low_006.jpg,p26,mask,low,0.8048770427703857,p26,0.394396,correct
3,/home/tahmid/crops/p26/p26_mask_low_007.jpg,p26,mask,low,0.7518848776817322,p26,0.398143,correct
3,/home/tahmid/crops/p26/p26_mask_low_008.jpg,p26,mask,low,0.7826410531997681,p26,0.417612,correct
3,/home/tahmid/crops/p26/p26_mask_low_009.jpg,p26,mask,low,0.8621900081634521,p26,0.436197,correct
3,/home/tahmid/crops/p26/p26_mask_low_010.jpg,p26,mask,low,0.8507591485977173,p26,0.468710,correct
3,/home/tahmid/crops/p26/p26_mask_low_011.jpg,p26,mask,low,0.8615460395812988,p26,0.479141,correct
3,/home/tahmid/crops/p26/p26_mask_low_012.jpg,p26,mask,low,0.7954925298690796,p26,0.491450,correct
3,/home/tahmid/crops/p26/p26_mask_low_013.jpg,p26,mask,low,0.7791773676872253,p26,0.501629,correct
3,/home/tahmid/crops/p26/p26_mask_low_014.jpg,p26,mask,low,0.6250810623168945,p26,0.209313,rejected
3,/home/tahmid/crops/p26/p26_mask_low_015.jpg,p26,mask,low,0.7753438949584961,p26,0.403299,correct
3,/home/tahmid/crops/p26/p26_mask_low_016.jpg,p26,mask,low,0.8037278056144714,p26,0.402547,correct
3,/home/tahmid/crops/p26/p26_mask_low_017.jpg,p26,mask,low,0.8432011604309082,p26,0.474616,correct
3,/home/tahmid/crops/p26/p26_mask_low_018.jpg,p26,mask,low,0.8439419269561768,p26,0.455352,correct
3,/home/tahmid/crops/p26/p26_mask_low_019.jpg,p26,mask,low,0.7803455591201782,p26,0.431141,correct
3,/home/tahmid/crops/p26/p26_mask_regular_001.jpg,p26,mask,regular,0.8881381750106812,p26,0.494092,correct
3,/home/tahmid/crops/p26/p26_mask_regular_002.jpg,p26,mask,regular,0.8856452107429504,p26,0.494301,correct
3,/home/tahmid/crops/p26/p26_mask_regular_003.jpg,p26,mask,regular,0.8831378221511841,p26,0.491139,correct
3,/home/tahmid/crops/p26/p26_mask_regular_004.jpg,p26,mask,regular,0.7887512445449829,p26,0.491068,correct
3,/home/tahmid/crops/p26/p26_mask_regular_005.jpg,p26,mask,regular,0.7980821132659912,p26,0.494894,correct
3,/home/tahmid/crops/p26/p26_mask_regular_006.jpg,p26,mask,regular,0.8198652863502502,p26,0.406837,correct
3,/home/tahmid/crops/p26/p26_mask_regular_007.jpg,p26,mask,regular,0.762589156627655,p26,0.416903,correct
3,/home/tahmid/crops/p26/p26_mask_regular_008.jpg,p26,mask,regular,0.8012940883636475,p26,0.401597,correct
3,/home/tahmid/crops/p26/p26_mask_regular_009.jpg,p26,mask,regular,0.8727332353591919,p26,0.456297,correct
3,/home/tahmid/crops/p26/p26_mask_regular_010.jpg,p26,mask,regular,0.8548570871353149,p26,0.469327,correct
3,/home/tahmid/crops/p26/p26_mask_regular_011.jpg,p26,mask,regular,0.8648908138275146,p26,0.482657,correct
3,/home/tahmid/crops/p26/p26_mask_regular_012.jpg,p26,mask,regular,0.8112078309059143,p26,0.494583,correct
3,/home/tahmid/crops/p26/p26_mask_regular_013.jpg,p26,mask,regular,0.6398631930351257,p26,0.232252,rejected
3,/home/tahmid/crops/p26/p26_mask_regular_014.jpg,p26,mask,regular,0.7501288652420044,p26,0.412221,correct
3,/home/tahmid/crops/p26/p26_mask_regular_015.jpg,p26,mask,regular,0.8093036413192749,p26,0.411111,correct
3,/home/tahmid/crops/p26/p26_mask_regular_016.jpg,p26,mask,regular,0.8411716222763062,p26,0.473196,correct
3,/home/tahmid/crops/p26/p26_mask_regular_017.jpg,p26,mask,regular,0.8587311506271362,p26,0.462514,correct
3,/home/tahmid/crops/p26/p26_mask_regular_018.jpg,p26,mask,regular,0.7803725600242615,p26,0.438726,correct
3,/home/tahmid/crops/p26/p26_mask_regular_019.jpg,p26,mask,regular,0.747848629951477,p26,0.420325,correct
3,/home/tahmid/crops/p26/p26_mask_sunglass_low_001.jpg,p26,mask_sunglass,low,0.8749468326568604,p26,0.362164,correct
3,/home/tahmid/crops/p26/p26_mask_sunglass_low_002.jpg,p26,mask_sunglass,low,0.8752208352088928,p26,0.377315,correct
3,/home/tahmid/crops/p26/p26_mask_sunglass_low_003.jpg,p26,mask_sunglass,low,0.8850688934326172,p26,0.379245,correct
3,/home/tahmid/crops/p26/p26_mask_sunglass_low_004.jpg,p26,mask_sunglass,low,0.8394054174423218,p26,0.283125,rejected
3,/home/tahmid/crops/p26/p26_mask_sunglass_low_005.jpg,p26,mask_sunglass,low,0.8442162275314331,p26,0.293067,rejected
3,/home/tahmid/crops/p26/p26_mask_sunglass_low_006.jpg,p26,mask_sunglass,low,0.8374350666999817,p26,0.283390,rejected
3,/home/tahmid/crops/p26/p26_mask_sunglass_low_007.jpg,p26,mask_sunglass,low,0.68389892578125,p29,0.148083,rejected
3,/home/tahmid/crops/p26/p26_mask_sunglass_low_008.jpg,p26,mask_sunglass,low,0.6769554615020752,p29,0.184523,rejected
3,/home/tahmid/crops/p26/p26_mask_sunglass_low_009.jpg,p26,mask_sunglass,low,0.7373490333557129,p26,0.363474,correct
3,/home/tahmid/crops/p26/p26_mask_sunglass_low_010.jpg,p26,mask_sunglass,low,0.7440434694290161,p26,0.346877,correct
3,/home/tahmid/crops/p26/p26_mask_sunglass_regular_001.jpg,p26,mask_sunglass,regular,0.82579106092453,p26,0.408146,correct
3,/home/tahmid/crops/p26/p26_mask_sunglass_regular_002.jpg,p26,mask_sunglass,regular,0.8799085021018982,p26,0.356121,correct
3,/home/tahmid/crops/p26/p26_mask_sunglass_regular_003.jpg,p26,mask_sunglass,regular,0.8837080001831055,p26,0.366896,correct
3,/home/tahmid/crops/p26/p26_mask_sunglass_regular_004.jpg,p26,mask_sunglass,regular,0.8864743709564209,p26,0.366463,correct
3,/home/tahmid/crops/p26/p26_mask_sunglass_regular_005.jpg,p26,mask_sunglass,regular,0.8523069620132446,p26,0.322228,correct
3,/home/tahmid/crops/p26/p26_mask_sunglass_regular_006.jpg,p26,mask_sunglass,regular,0.8603388071060181,p26,0.308272,correct
3,/home/tahmid/crops/p26/p26_mask_sunglass_regular_007.jpg,p26,mask_sunglass,regular,0.8309822678565979,p29,0.269523,rejected
3,/home/tahmid/crops/p26/p26_mask_sunglass_regular_008.jpg,p26,mask_sunglass,regular,0.8417893648147583,p26,0.312219,correct
3,/home/tahmid/crops/p26/p26_mask_sunglass_regular_009.jpg,p26,mask_sunglass,regular,0.782168447971344,p29,0.173766,rejected
3,/home/tahmid/crops/p26/p26_mask_sunglass_regular_010.jpg,p26,mask_sunglass,regular,0.6945518255233765,p26,0.194905,rejected
3,/home/tahmid/crops/p26/p26_mask_sunglass_regular_011.jpg,p26,mask_sunglass,regular,0.726018488407135,p26,0.338455,correct
3,/home/tahmid/crops/p26/p26_mask_sunglass_regular_012.jpg,p26,mask_sunglass,regular,0.7382687926292419,p26,0.345664,correct
3,/home/tahmid/crops/p26/p26_none_low_004.jpg,p26,none,low,0.8456709384918213,p26,0.544532,correct
3,/home/tahmid/crops/p26/p26_none_low_005.jpg,p26,none,low,0.8499419689178467,p26,0.544982,correct
3,/home/tahmid/crops/p26/p26_none_low_006.jpg,p26,none,low,0.8635764122009277,p26,0.545397,correct
3,/home/tahmid/crops/p26/p26_none_low_007.jpg,p26,none,low,0.8920925855636597,p26,0.563760,correct
3,/home/tahmid/crops/p26/p26_none_low_008.jpg,p26,none,low,0.8961350917816162,p26,0.551604,correct
3,/home/tahmid/crops/p26/p26_none_low_009.jpg,p26,none,low,0.8279566764831543,p26,0.550007,correct
3,/home/tahmid/crops/p26/p26_none_low_010.jpg,p26,none,low,0.8839094042778015,p26,0.535898,correct
3,/home/tahmid/crops/p26/p26_none_low_011.jpg,p26,none,low,0.8903576731681824,p26,0.539715,correct
3,/home/tahmid/crops/p26/p26_none_low_012.jpg,p26,none,low,0.8938373327255249,p26,0.553657,correct
3,/home/tahmid/crops/p26/p26_none_regular_004.jpg,p26,none,regular,0.8501830101013184,p26,0.534636,correct
3,/home/tahmid/crops/p26/p26_none_regular_005.jpg,p26,none,regular,0.8502023220062256,p26,0.539277,correct
3,/home/tahmid/crops/p26/p26_none_regular_006.jpg,p26,none,regular,0.8648197650909424,p26,0.546811,correct
3,/home/tahmid/crops/p26/p26_none_regular_007.jpg,p26,none,regular,0.8964658975601196,p26,0.576546,correct
3,/home/tahmid/crops/p26/p26_none_regular_008.jpg,p26,none,regular,0.89075767993927,p26,0.566010,correct
3,/home/tahmid/crops/p26/p26_none_regular_009.jpg,p26,none,regular,0.8971316814422607,p26,0.549059,correct
3,/home/tahmid/crops/p26/p26_none_regular_010.jpg,p26,none,regular,0.8287464380264282,p26,0.553313,correct
3,/home/tahmid/crops/p26/p26_none_regular_011.jpg,p26,none,regular,0.8855104446411133,p26,0.552536,correct
3,/home/tahmid/crops/p26/p26_none_regular_012.jpg,p26,none,regular,0.8937215805053711,p26,0.548425,correct
3,/home/tahmid/crops/p26/p26_none_regular_013.jpg,p26,none,regular,0.8956431150436401,p26,0.546816,correct
3,/home/tahmid/crops/p26/p26_scarf_low_001.jpg,p26,scarf,low,0.7250419855117798,p26,0.493282,correct
3,/home/tahmid/crops/p26/p26_scarf_low_002.jpg,p26,scarf,low,0.7972551584243774,p26,0.532773,correct
3,/home/tahmid/crops/p26/p26_scarf_low_003.jpg,p26,scarf,low,0.8448880910873413,p26,0.525904,correct
3,/home/tahmid/crops/p26/p26_scarf_low_004.jpg,p26,scarf,low,0.8244732618331909,p26,0.402008,correct
3,/home/tahmid/crops/p26/p26_scarf_low_005.jpg,p26,scarf,low,0.8295150995254517,p26,0.543541,correct
3,/home/tahmid/crops/p26/p26_scarf_low_006.jpg,p26,scarf,low,0.8429921865463257,p26,0.482150,correct
3,/home/tahmid/crops/p26/p26_scarf_low_007.jpg,p26,scarf,low,0.8607285022735596,p26,0.525653,correct
3,/home/tahmid/crops/p26/p26_scarf_regular_001.jpg,p26,scarf,regular,0.6841835975646973,p26,0.490551,correct
3,/home/tahmid/crops/p26/p26_scarf_regular_002.jpg,p26,scarf,regular,0.792366623878479,p26,0.530908,correct
3,/home/tahmid/crops/p26/p26_scarf_regular_003.jpg,p26,scarf,regular,0.8560535907745361,p26,0.540423,correct
3,/home/tahmid/crops/p26/p26_scarf_regular_004.jpg,p26,scarf,regular,0.8288565874099731,p26,0.384263,correct
3,/home/tahmid/crops/p26/p26_scarf_regular_005.jpg,p26,scarf,regular,0.8197512626647949,p26,0.509740,correct
3,/home/tahmid/crops/p26/p26_scarf_regular_006.jpg,p26,scarf,regular,0.8327641487121582,p26,0.524740,correct
3,/home/tahmid/crops/p26/p26_scarf_regular_007.jpg,p26,scarf,regular,0.8571585416793823,p26,0.482740,correct
3,/home/tahmid/crops/p26/p26_scarf_regular_008.jpg,p26,scarf,regular,0.8596035242080688,p26,0.510230,correct
3,/home/tahmid/crops/p26/p26_sunglass_low_001.jpg,p26,sunglass,low,0.7474029064178467,p26,0.559839,correct
3,/home/tahmid/crops/p26/p26_sunglass_low_002.jpg,p26,sunglass,low,0.7250269651412964,p26,0.525931,correct
3,/home/tahmid/crops/p26/p26_sunglass_low_003.jpg,p26,sunglass,low,0.7355682253837585,p26,0.524547,correct
3,/home/tahmid/crops/p26/p26_sunglass_low_004.jpg,p26,sunglass,low,0.7665725946426392,p26,0.534396,correct
3,/home/tahmid/crops/p26/p26_sunglass_low_005.jpg,p26,sunglass,low,0.7977815866470337,p26,0.419671,correct
3,/home/tahmid/crops/p26/p26_sunglass_low_006.jpg,p26,sunglass,low,0.8047632575035095,p26,0.488613,correct
3,/home/tahmid/crops/p26/p26_sunglass_low_007.jpg,p26,sunglass,low,0.7911203503608704,p26,0.482726,correct
3,/home/tahmid/crops/p26/p26_sunglass_low_008.jpg,p26,sunglass,low,0.8422752022743225,p26,0.499032,correct
3,/home/tahmid/crops/p26/p26_sunglass_low_009.jpg,p26,sunglass,low,0.8499356508255005,p26,0.476348,correct
3,/home/tahmid/crops/p26/p26_sunglass_low_010.jpg,p26,sunglass,low,0.7787133455276489,p26,0.454227,correct
3,/home/tahmid/crops/p26/p26_sunglass_low_011.jpg,p26,sunglass,low,0.8674129247665405,p26,0.502644,correct
3,/home/tahmid/crops/p26/p26_sunglass_low_012.jpg,p26,sunglass,low,0.8654797077178955,p26,0.507292,correct
3,/home/tahmid/crops/p26/p26_sunglass_regular_001.jpg,p26,sunglass,regular,0.7678150534629822,p26,0.573321,correct
3,/home/tahmid/crops/p26/p26_sunglass_regular_002.jpg,p26,sunglass,regular,0.754562497138977,p26,0.571876,correct
3,/home/tahmid/crops/p26/p26_sunglass_regular_003.jpg,p26,sunglass,regular,0.7253716588020325,p26,0.530106,correct
3,/home/tahmid/crops/p26/p26_sunglass_regular_004.jpg,p26,sunglass,regular,0.7276434898376465,p26,0.523643,correct
3,/home/tahmid/crops/p26/p26_sunglass_regular_005.jpg,p26,sunglass,regular,0.7616965174674988,p26,0.532388,correct
3,/home/tahmid/crops/p26/p26_sunglass_regular_006.jpg,p26,sunglass,regular,0.8069785833358765,p26,0.428320,correct
3,/home/tahmid/crops/p26/p26_sunglass_regular_007.jpg,p26,sunglass,regular,0.8054695725440979,p26,0.502677,correct
3,/home/tahmid/crops/p26/p26_sunglass_regular_008.jpg,p26,sunglass,regular,0.7915394306182861,p26,0.483802,correct
3,/home/tahmid/crops/p26/p26_sunglass_regular_009.jpg,p26,sunglass,regular,0.7796130776405334,p26,0.463097,correct
3,/home/tahmid/crops/p26/p26_sunglass_regular_010.jpg,p26,sunglass,regular,0.8417366743087769,p26,0.480142,correct
3,/home/tahmid/crops/p26/p26_sunglass_regular_011.jpg,p26,sunglass,regular,0.8501847386360168,p26,0.486703,correct
3,/home/tahmid/crops/p26/p26_sunglass_regular_012.jpg,p26,sunglass,regular,0.7803076505661011,p26,0.468663,correct
3,/home/tahmid/crops/p26/p26_sunglass_regular_013.jpg,p26,sunglass,regular,0.8809503316879272,p26,0.479116,correct
3,/home/tahmid/crops/p26/p26_sunglass_regular_014.jpg,p26,sunglass,regular,0.8631305694580078,p26,0.516910,correct
3,/home/tahmid/crops/p30/p30_cap_low_001.jpg,p30,cap,low,0.7967822551727295,p30,0.559059,correct
3,/home/tahmid/crops/p30/p30_cap_low_002.jpg,p30,cap,low,0.7945432066917419,p30,0.565472,correct
3,/home/tahmid/crops/p30/p30_cap_low_003.jpg,p30,cap,low,0.7578152418136597,p30,0.371803,correct
3,/home/tahmid/crops/p30/p30_cap_low_004.jpg,p30,cap,low,0.7567453384399414,p30,0.470269,correct
3,/home/tahmid/crops/p30/p30_cap_low_005.jpg,p30,cap,low,0.806135356426239,p30,0.489714,correct
3,/home/tahmid/crops/p30/p30_cap_low_006.jpg,p30,cap,low,0.8097764253616333,p30,0.492845,correct
3,/home/tahmid/crops/p30/p30_cap_low_007.jpg,p30,cap,low,0.730952262878418,p30,0.589761,correct
3,/home/tahmid/crops/p30/p30_cap_low_008.jpg,p30,cap,low,0.8460426330566406,p30,0.582215,correct
3,/home/tahmid/crops/p30/p30_cap_low_009.jpg,p30,cap,low,0.8067295551300049,p30,0.521091,correct
3,/home/tahmid/crops/p30/p30_cap_low_010.jpg,p30,cap,low,0.7953673601150513,p30,0.529042,correct
3,/home/tahmid/crops/p30/p30_cap_low_011.jpg,p30,cap,low,0.6990635395050049,p30,0.504932,correct
3,/home/tahmid/crops/p30/p30_cap_low_012.jpg,p30,cap,low,0.7047267556190491,p30,0.493243,correct
3,/home/tahmid/crops/p30/p30_cap_low_013.jpg,p30,cap,low,0.7205007076263428,p30,0.533943,correct
3,/home/tahmid/crops/p30/p30_cap_low_014.jpg,p30,cap,low,0.711059033870697,p30,0.519224,correct
3,/home/tahmid/crops/p30/p30_cap_regular_001.jpg,p30,cap,regular,0.7264869809150696,p30,0.371831,correct
3,/home/tahmid/crops/p30/p30_cap_regular_002.jpg,p30,cap,regular,0.7723410129547119,p30,0.389506,correct
3,/home/tahmid/crops/p30/p30_cap_regular_003.jpg,p30,cap,regular,0.7423950433731079,p30,0.472145,correct
3,/home/tahmid/crops/p30/p30_cap_regular_004.jpg,p30,cap,regular,0.7839957475662231,p30,0.506052,correct
3,/home/tahmid/crops/p30/p30_cap_regular_005.jpg,p30,cap,regular,0.7043949961662292,p30,0.522681,correct
3,/home/tahmid/crops/p30/p30_cap_regular_006.jpg,p30,cap,regular,0.80062335729599,p30,0.484230,correct
3,/home/tahmid/crops/p30/p30_cap_regular_007.jpg,p30,cap,regular,0.7595294713973999,p30,0.519051,correct
3,/home/tahmid/crops/p30/p30_cap_regular_008.jpg,p30,cap,regular,0.8160008192062378,p30,0.527359,correct
3,/home/tahmid/crops/p30/p30_cap_regular_009.jpg,p30,cap,regular,0.7261793613433838,p30,0.507348,correct
3,/home/tahmid/crops/p30/p30_cap_regular_010.jpg,p30,cap,regular,0.7468087077140808,p30,0.522082,correct
3,/home/tahmid/crops/p30/p30_cap_regular_011.jpg,p30,cap,regular,0.6827272772789001,p30,0.487144,correct
3,/home/tahmid/crops/p30/p30_cap_regular_012.jpg,p30,cap,regular,0.7438282370567322,p30,0.526267,correct
3,/home/tahmid/crops/p30/p30_cap_regular_013.jpg,p30,cap,regular,0.7326195240020752,p30,0.510466,correct
3,/home/tahmid/crops/p30/p30_cap_regular_014.jpg,p30,cap,regular,0.7640413045883179,p30,0.499226,correct
3,/home/tahmid/crops/p30/p30_clearglass_low_001.jpg,p30,clearglass,low,0.7924748659133911,p30,0.519008,correct
3,/home/tahmid/crops/p30/p30_clearglass_low_002.jpg,p30,clearglass,low,0.785763680934906,p30,0.462315,correct
3,/home/tahmid/crops/p30/p30_clearglass_low_003.jpg,p30,clearglass,low,0.8085006475448608,p30,0.512097,correct
3,/home/tahmid/crops/p30/p30_clearglass_low_004.jpg,p30,clearglass,low,0.774887204170227,p30,0.480439,correct
3,/home/tahmid/crops/p30/p30_clearglass_low_005.jpg,p30,clearglass,low,0.7761580944061279,p30,0.485532,correct
3,/home/tahmid/crops/p30/p30_clearglass_low_006.jpg,p30,clearglass,low,0.749234676361084,p30,0.472195,correct
3,/home/tahmid/crops/p30/p30_clearglass_regular_001.jpg,p30,clearglass,regular,0.799367368221283,p30,0.514954,correct
3,/home/tahmid/crops/p30/p30_clearglass_regular_002.jpg,p30,clearglass,regular,0.7954638004302979,p30,0.527491,correct
3,/home/tahmid/crops/p30/p30_clearglass_regular_003.jpg,p30,clearglass,regular,0.7805019021034241,p30,0.462296,correct
3,/home/tahmid/crops/p30/p30_clearglass_regular_004.jpg,p30,clearglass,regular,0.7806516885757446,p30,0.465346,correct
3,/home/tahmid/crops/p30/p30_clearglass_regular_005.jpg,p30,clearglass,regular,0.7846361398696899,p30,0.490178,correct
3,/home/tahmid/crops/p30/p30_clearglass_regular_006.jpg,p30,clearglass,regular,0.8113112449645996,p30,0.513778,correct
3,/home/tahmid/crops/p30/p30_clearglass_regular_007.jpg,p30,clearglass,regular,0.7719681262969971,p30,0.475603,correct
3,/home/tahmid/crops/p30/p30_clearglass_regular_008.jpg,p30,clearglass,regular,0.7772547006607056,p30,0.465792,correct
3,/home/tahmid/crops/p30/p30_clearglass_regular_009.jpg,p30,clearglass,regular,0.7706762552261353,p30,0.473865,correct
3,/home/tahmid/crops/p30/p30_clearglass_regular_010.jpg,p30,clearglass,regular,0.743422269821167,p30,0.476156,correct
3,/home/tahmid/crops/p30/p30_mask_clearglass_low_001.jpg,p30,mask_clearglass,low,0.7643867135047913,p30,0.372593,correct
3,/home/tahmid/crops/p30/p30_mask_clearglass_low_002.jpg,p30,mask_clearglass,low,0.7603814601898193,p30,0.393331,correct
3,/home/tahmid/crops/p30/p30_mask_clearglass_low_003.jpg,p30,mask_clearglass,low,0.8448134660720825,p30,0.270921,rejected
3,/home/tahmid/crops/p30/p30_mask_clearglass_low_004.jpg,p30,mask_clearglass,low,0.7927571535110474,p30,0.343200,correct
3,/home/tahmid/crops/p30/p30_mask_clearglass_low_005.jpg,p30,mask_clearglass,low,0.7074081897735596,p30,0.384420,correct
3,/home/tahmid/crops/p30/p30_mask_clearglass_low_006.jpg,p30,mask_clearglass,low,0.674789547920227,p30,0.389770,correct
3,/home/tahmid/crops/p30/p30_mask_clearglass_low_007.jpg,p30,mask_clearglass,low,0.70223069190979,p30,0.351371,correct
3,/home/tahmid/crops/p30/p30_mask_clearglass_low_008.jpg,p30,mask_clearglass,low,0.7405350208282471,p30,0.348494,correct
3,/home/tahmid/crops/p30/p30_mask_clearglass_low_009.jpg,p30,mask_clearglass,low,0.695758581161499,p30,0.371682,correct
3,/home/tahmid/crops/p30/p30_mask_clearglass_low_010.jpg,p30,mask_clearglass,low,0.6903460621833801,p30,0.365281,correct
3,/home/tahmid/crops/p30/p30_mask_clearglass_regular_001.jpg,p30,mask_clearglass,regular,0.7738231420516968,p30,0.359427,correct
3,/home/tahmid/crops/p30/p30_mask_clearglass_regular_002.jpg,p30,mask_clearglass,regular,0.7972326278686523,p30,0.367950,correct
3,/home/tahmid/crops/p30/p30_mask_clearglass_regular_003.jpg,p30,mask_clearglass,regular,0.7510702610015869,p30,0.394276,correct
3,/home/tahmid/crops/p30/p30_mask_clearglass_regular_004.jpg,p30,mask_clearglass,regular,0.7591161727905273,p30,0.386474,correct
3,/home/tahmid/crops/p30/p30_mask_clearglass_regular_005.jpg,p30,mask_clearglass,regular,0.8552908897399902,p30,0.321037,correct
3,/home/tahmid/crops/p30/p30_mask_clearglass_regular_006.jpg,p30,mask_clearglass,regular,0.7926744222640991,p30,0.325831,correct
3,/home/tahmid/crops/p30/p30_mask_clearglass_regular_007.jpg,p30,mask_clearglass,regular,0.8111813068389893,p30,0.307104,correct
3,/home/tahmid/crops/p30/p30_mask_clearglass_regular_008.jpg,p30,mask_clearglass,regular,0.7273899912834167,p30,0.373367,correct
3,/home/tahmid/crops/p30/p30_mask_clearglass_regular_009.jpg,p30,mask_clearglass,regular,0.6991331577301025,p30,0.378804,correct
3,/home/tahmid/crops/p30/p30_mask_clearglass_regular_010.jpg,p30,mask_clearglass,regular,0.7425084710121155,p30,0.387158,correct
3,/home/tahmid/crops/p30/p30_mask_clearglass_regular_011.jpg,p30,mask_clearglass,regular,0.7000387907028198,p30,0.352039,correct
3,/home/tahmid/crops/p30/p30_mask_clearglass_regular_012.jpg,p30,mask_clearglass,regular,0.747752845287323,p30,0.379364,correct
3,/home/tahmid/crops/p30/p30_mask_clearglass_regular_013.jpg,p30,mask_clearglass,regular,0.7680525779724121,p30,0.361361,correct
3,/home/tahmid/crops/p30/p30_mask_clearglass_regular_014.jpg,p30,mask_clearglass,regular,0.7381080389022827,p30,0.404849,correct
3,/home/tahmid/crops/p30/p30_mask_clearglass_regular_015.jpg,p30,mask_clearglass,regular,0.739533543586731,p30,0.369949,correct
3,/home/tahmid/crops/p30/p30_mask_low_001.jpg,p30,mask,low,0.7300420999526978,p30,0.461081,correct
3,/home/tahmid/crops/p30/p30_mask_low_002.jpg,p30,mask,low,0.753036379814148,p30,0.473673,correct
3,/home/tahmid/crops/p30/p30_mask_low_003.jpg,p30,mask,low,0.7922675609588623,p30,0.450280,correct
3,/home/tahmid/crops/p30/p30_mask_low_004.jpg,p30,mask,low,0.7631460428237915,p30,0.450177,correct
3,/home/tahmid/crops/p30/p30_mask_low_005.jpg,p30,mask,low,0.683205246925354,p30,0.397147,correct
3,/home/tahmid/crops/p30/p30_mask_low_006.jpg,p30,mask,low,0.6844660043716431,p30,0.467773,correct
3,/home/tahmid/crops/p30/p30_mask_low_007.jpg,p30,mask,low,0.682644248008728,p30,0.447524,correct
3,/home/tahmid/crops/p30/p30_mask_low_008.jpg,p30,mask,low,0.7072253823280334,p30,0.414503,correct
3,/home/tahmid/crops/p30/p30_mask_low_009.jpg,p30,mask,low,0.7304745316505432,p30,0.476664,correct
3,/home/tahmid/crops/p30/p30_mask_low_010.jpg,p30,mask,low,0.6562604904174805,p30,0.313726,correct
3,/home/tahmid/crops/p30/p30_mask_low_011.jpg,p30,mask,low,0.6254323720932007,p30,0.328079,correct
3,/home/tahmid/crops/p30/p30_mask_low_012.jpg,p30,mask,low,0.6864858865737915,p30,0.427459,correct
3,/home/tahmid/crops/p30/p30_mask_low_013.jpg,p30,mask,low,0.6626366376876831,p30,0.375818,correct
3,/home/tahmid/crops/p30/p30_mask_low_014.jpg,p30,mask,low,0.6725547313690186,p30,0.375183,correct
3,/home/tahmid/crops/p30/p30_mask_regular_001.jpg,p30,mask,regular,0.7747043371200562,p30,0.484033,correct
3,/home/tahmid/crops/p30/p30_mask_regular_002.jpg,p30,mask,regular,0.8295638561248779,p30,0.451214,correct
3,/home/tahmid/crops/p30/p30_mask_regular_003.jpg,p30,mask,regular,0.7976013422012329,p30,0.429607,correct
3,/home/tahmid/crops/p30/p30_mask_regular_004.jpg,p30,mask,regular,0.6831425428390503,p30,0.394605,correct
3,/home/tahmid/crops/p30/p30_mask_regular_005.jpg,p30,mask,regular,0.6912632584571838,p30,0.447999,correct
3,/home/tahmid/crops/p30/p30_mask_regular_006.jpg,p30,mask,regular,0.691687285900116,p30,0.427016,correct
3,/home/tahmid/crops/p30/p30_mask_regular_007.jpg,p30,mask,regular,0.7209216356277466,p30,0.456309,correct
3,/home/tahmid/crops/p30/p30_mask_regular_008.jpg,p30,mask,regular,0.6885595321655273,p30,0.441392,correct
3,/home/tahmid/crops/p30/p30_mask_regular_009.jpg,p30,mask,regular,0.7464406490325928,p30,0.478875,correct
3,/home/tahmid/crops/p30/p30_mask_regular_010.jpg,p30,mask,regular,0.8098376989364624,p30,0.409242,correct
3,/home/tahmid/crops/p30/p30_mask_regular_011.jpg,p30,mask,regular,0.781387984752655,p30,0.415908,correct
3,/home/tahmid/crops/p30/p30_mask_regular_012.jpg,p30,mask,regular,0.6685680747032166,p30,0.370263,correct
3,/home/tahmid/crops/p30/p30_mask_regular_013.jpg,p30,mask,regular,0.71323162317276,p30,0.420373,correct
3,/home/tahmid/crops/p30/p30_mask_regular_014.jpg,p30,mask,regular,0.6476411819458008,p30,0.424073,correct
3,/home/tahmid/crops/p30/p30_mask_regular_015.jpg,p30,mask,regular,0.7293936610221863,p30,0.382628,correct
3,/home/tahmid/crops/p30/p30_mask_sunglass_low_001.jpg,p30,mask_sunglass,low,0.8348145484924316,p30,0.217191,rejected
3,/home/tahmid/crops/p30/p30_mask_sunglass_low_002.jpg,p30,mask_sunglass,low,0.8205261826515198,p30,0.303188,correct
3,/home/tahmid/crops/p30/p30_mask_sunglass_low_003.jpg,p30,mask_sunglass,low,0.8414279818534851,p30,0.341436,correct
3,/home/tahmid/crops/p30/p30_mask_sunglass_low_004.jpg,p30,mask_sunglass,low,0.7515831589698792,p30,0.332606,correct
3,/home/tahmid/crops/p30/p30_mask_sunglass_low_005.jpg,p30,mask_sunglass,low,0.7847827672958374,p30,0.349999,correct
3,/home/tahmid/crops/p30/p30_mask_sunglass_low_006.jpg,p30,mask_sunglass,low,0.8594583868980408,p30,0.357539,correct
3,/home/tahmid/crops/p30/p30_mask_sunglass_low_007.jpg,p30,mask_sunglass,low,0.7477298974990845,p30,0.396822,correct
3,/home/tahmid/crops/p30/p30_mask_sunglass_low_008.jpg,p30,mask_sunglass,low,0.7381065487861633,p30,0.375710,correct
3,/home/tahmid/crops/p30/p30_mask_sunglass_low_009.jpg,p30,mask_sunglass,low,0.7923109531402588,p30,0.392412,correct
3,/home/tahmid/crops/p30/p30_mask_sunglass_low_010.jpg,p30,mask_sunglass,low,0.6967912316322327,p30,0.236260,rejected
3,/home/tahmid/crops/p30/p30_mask_sunglass_low_011.jpg,p30,mask_sunglass,low,0.7871180772781372,p30,0.305019,correct
3,/home/tahmid/crops/p30/p30_mask_sunglass_low_012.jpg,p30,mask_sunglass,low,0.8102092742919922,p30,0.319925,correct
3,/home/tahmid/crops/p30/p30_mask_sunglass_regular_001.jpg,p30,mask_sunglass,regular,0.8290793299674988,p30,0.203587,rejected
3,/home/tahmid/crops/p30/p30_mask_sunglass_regular_002.jpg,p30,mask_sunglass,regular,0.808870255947113,p30,0.300549,correct
3,/home/tahmid/crops/p30/p30_mask_sunglass_regular_003.jpg,p30,mask_sunglass,regular,0.8438622355461121,p30,0.343987,correct
3,/home/tahmid/crops/p30/p30_mask_sunglass_regular_004.jpg,p30,mask_sunglass,regular,0.7725317478179932,p30,0.314876,correct
3,/home/tahmid/crops/p30/p30_mask_sunglass_regular_005.jpg,p30,mask_sunglass,regular,0.7911803722381592,p30,0.346924,correct
3,/home/tahmid/crops/p30/p30_mask_sunglass_regular_006.jpg,p30,mask_sunglass,regular,0.8479923605918884,p30,0.329492,correct
3,/home/tahmid/crops/p30/p30_mask_sunglass_regular_007.jpg,p30,mask_sunglass,regular,0.7928875684738159,p30,0.377703,correct
3,/home/tahmid/crops/p30/p30_mask_sunglass_regular_008.jpg,p30,mask_sunglass,regular,0.7438092827796936,p30,0.396407,correct
3,/home/tahmid/crops/p30/p30_mask_sunglass_regular_009.jpg,p30,mask_sunglass,regular,0.8106338977813721,p30,0.372793,correct
3,/home/tahmid/crops/p30/p30_mask_sunglass_regular_010.jpg,p30,mask_sunglass,regular,0.7078641653060913,p30,0.254540,rejected
3,/home/tahmid/crops/p30/p30_mask_sunglass_regular_011.jpg,p30,mask_sunglass,regular,0.7909233570098877,p30,0.319649,correct
3,/home/tahmid/crops/p30/p30_mask_sunglass_regular_012.jpg,p30,mask_sunglass,regular,0.8216592073440552,p30,0.332972,correct
3,/home/tahmid/crops/p30/p30_none_low_006.jpg,p30,none,low,0.7904695868492126,p30,0.578862,correct
3,/home/tahmid/crops/p30/p30_none_low_007.jpg,p30,none,low,0.7745157480239868,p30,0.551827,correct
3,/home/tahmid/crops/p30/p30_none_low_008.jpg,p30,none,low,0.7696489095687866,p30,0.566623,correct
3,/home/tahmid/crops/p30/p30_none_low_009.jpg,p30,none,low,0.7260828614234924,p30,0.552389,correct
3,/home/tahmid/crops/p30/p30_none_low_010.jpg,p30,none,low,0.7186506390571594,p30,0.499592,correct
3,/home/tahmid/crops/p30/p30_none_low_011.jpg,p30,none,low,0.7912509441375732,p30,0.519870,correct
3,/home/tahmid/crops/p30/p30_none_low_012.jpg,p30,none,low,0.8037633895874023,p30,0.496167,correct
3,/home/tahmid/crops/p30/p30_none_low_013.jpg,p30,none,low,0.8359607458114624,p30,0.533840,correct
3,/home/tahmid/crops/p30/p30_none_low_014.jpg,p30,none,low,0.7476731538772583,p30,0.518468,correct
3,/home/tahmid/crops/p30/p30_none_low_015.jpg,p30,none,low,0.7483920454978943,p30,0.521917,correct
3,/home/tahmid/crops/p30/p30_none_regular_007.jpg,p30,none,regular,0.769888162612915,p30,0.561189,correct
3,/home/tahmid/crops/p30/p30_none_regular_008.jpg,p30,none,regular,0.7675352692604065,p30,0.560364,correct
3,/home/tahmid/crops/p30/p30_none_regular_009.jpg,p30,none,regular,0.7380980849266052,p30,0.512207,correct
3,/home/tahmid/crops/p30/p30_none_regular_010.jpg,p30,none,regular,0.7783733606338501,p30,0.548949,correct
3,/home/tahmid/crops/p30/p30_none_regular_011.jpg,p30,none,regular,0.7223910689353943,p30,0.498102,correct
3,/home/tahmid/crops/p30/p30_none_regular_012.jpg,p30,none,regular,0.7691704034805298,p30,0.490396,correct
3,/home/tahmid/crops/p30/p30_none_regular_013.jpg,p30,none,regular,0.8423110246658325,p30,0.518835,correct
3,/home/tahmid/crops/p30/p30_none_regular_014.jpg,p30,none,regular,0.749609649181366,p30,0.524208,correct
3,/home/tahmid/crops/p30/p30_none_regular_015.jpg,p30,none,regular,0.7921252846717834,p30,0.527939,correct
3,/home/tahmid/crops/p30/p30_scarf_low_001.jpg,p30,scarf,low,0.7254142165184021,p30,0.477122,correct
3,/home/tahmid/crops/p30/p30_scarf_low_002.jpg,p30,scarf,low,0.6894521713256836,p30,0.495492,correct
3,/home/tahmid/crops/p30/p30_scarf_low_003.jpg,p30,scarf,low,0.6814249753952026,p30,0.491940,correct
3,/home/tahmid/crops/p30/p30_scarf_low_004.jpg,p30,scarf,low,0.773341178894043,p30,0.540033,correct
3,/home/tahmid/crops/p30/p30_scarf_low_005.jpg,p30,scarf,low,0.7609168291091919,p30,0.530165,correct
3,/home/tahmid/crops/p30/p30_scarf_low_006.jpg,p30,scarf,low,0.7284865975379944,p30,0.513857,correct
3,/home/tahmid/crops/p30/p30_scarf_low_007.jpg,p30,scarf,low,0.6610055565834045,p30,0.479967,correct
3,/home/tahmid/crops/p30/p30_scarf_low_008.jpg,p30,scarf,low,0.6788766384124756,p30,0.462504,correct
3,/home/tahmid/crops/p30/p30_scarf_low_009.jpg,p30,scarf,low,0.6689562797546387,p30,0.472409,correct
3,/home/tahmid/crops/p30/p30_scarf_low_010.jpg,p30,scarf,low,0.7717577219009399,p30,0.452565,correct
3,/home/tahmid/crops/p30/p30_scarf_low_011.jpg,p30,scarf,low,0.7942789793014526,p30,0.482313,correct
3,/home/tahmid/crops/p30/p30_scarf_low_012.jpg,p30,scarf,low,0.7858191728591919,p30,0.472499,correct
3,/home/tahmid/crops/p30/p30_scarf_regular_001.jpg,p30,scarf,regular,0.7300242185592651,p30,0.487881,correct
3,/home/tahmid/crops/p30/p30_scarf_regular_002.jpg,p30,scarf,regular,0.692156970500946,p30,0.486551,correct
3,/home/tahmid/crops/p30/p30_scarf_regular_003.jpg,p30,scarf,regular,0.6752158999443054,p30,0.496346,correct
3,/home/tahmid/crops/p30/p30_scarf_regular_004.jpg,p30,scarf,regular,0.7766534090042114,p30,0.554533,correct
3,/home/tahmid/crops/p30/p30_scarf_regular_005.jpg,p30,scarf,regular,0.7592495083808899,p30,0.539286,correct
3,/home/tahmid/crops/p30/p30_scarf_regular_006.jpg,p30,scarf,regular,0.7348880767822266,p30,0.516177,correct
3,/home/tahmid/crops/p30/p30_scarf_regular_007.jpg,p30,scarf,regular,0.6657443046569824,p30,0.481599,correct
3,/home/tahmid/crops/p30/p30_scarf_regular_008.jpg,p30,scarf,regular,0.6771263480186462,p30,0.487884,correct
3,/home/tahmid/crops/p30/p30_scarf_regular_009.jpg,p30,scarf,regular,0.6658567190170288,p30,0.482434,correct
3,/home/tahmid/crops/p30/p30_scarf_regular_010.jpg,p30,scarf,regular,0.7744513750076294,p30,0.444032,correct
3,/home/tahmid/crops/p30/p30_scarf_regular_011.jpg,p30,scarf,regular,0.8065941333770752,p30,0.469034,correct
3,/home/tahmid/crops/p30/p30_scarf_regular_012.jpg,p30,scarf,regular,0.8135151267051697,p30,0.469665,correct
3,/home/tahmid/crops/p30/p30_sunglass_low_001.jpg,p30,sunglass,low,0.8147018551826477,p30,0.552762,correct
3,/home/tahmid/crops/p30/p30_sunglass_low_002.jpg,p30,sunglass,low,0.7437688708305359,p30,0.542367,correct
3,/home/tahmid/crops/p30/p30_sunglass_low_003.jpg,p30,sunglass,low,0.6930720806121826,p30,0.377172,correct
3,/home/tahmid/crops/p30/p30_sunglass_low_004.jpg,p30,sunglass,low,0.7054507732391357,p30,0.369280,correct
3,/home/tahmid/crops/p30/p30_sunglass_low_005.jpg,p30,sunglass,low,0.8407039046287537,p30,0.461526,correct
3,/home/tahmid/crops/p30/p30_sunglass_low_006.jpg,p30,sunglass,low,0.7306403517723083,p30,0.488409,correct
3,/home/tahmid/crops/p30/p30_sunglass_low_007.jpg,p30,sunglass,low,0.7529957294464111,p30,0.490009,correct
3,/home/tahmid/crops/p30/p30_sunglass_low_008.jpg,p30,sunglass,low,0.6561856269836426,p30,0.447075,correct
3,/home/tahmid/crops/p30/p30_sunglass_low_009.jpg,p30,sunglass,low,0.6552612781524658,p30,0.435753,correct
3,/home/tahmid/crops/p30/p30_sunglass_regular_001.jpg,p30,sunglass,regular,0.8401085138320923,p30,0.536311,correct
3,/home/tahmid/crops/p30/p30_sunglass_regular_002.jpg,p30,sunglass,regular,0.816222608089447,p30,0.535218,correct
3,/home/tahmid/crops/p30/p30_sunglass_regular_003.jpg,p30,sunglass,regular,0.7464860677719116,p30,0.529591,correct
3,/home/tahmid/crops/p30/p30_sunglass_regular_004.jpg,p30,sunglass,regular,0.7070773243904114,p30,0.409342,correct
3,/home/tahmid/crops/p30/p30_sunglass_regular_005.jpg,p30,sunglass,regular,0.7153226733207703,p30,0.381966,correct
3,/home/tahmid/crops/p30/p30_sunglass_regular_006.jpg,p30,sunglass,regular,0.7171803712844849,p30,0.369093,correct
3,/home/tahmid/crops/p30/p30_sunglass_regular_007.jpg,p30,sunglass,regular,0.7739366292953491,p30,0.475425,correct
3,/home/tahmid/crops/p30/p30_sunglass_regular_008.jpg,p30,sunglass,regular,0.8385100364685059,p30,0.467884,correct
3,/home/tahmid/crops/p30/p30_sunglass_regular_009.jpg,p30,sunglass,regular,0.8419209718704224,p30,0.465634,correct
3,/home/tahmid/crops/p30/p30_sunglass_regular_010.jpg,p30,sunglass,regular,0.7319647669792175,p30,0.487601,correct
3,/home/tahmid/crops/p30/p30_sunglass_regular_011.jpg,p30,sunglass,regular,0.7485900521278381,p30,0.481800,correct
3,/home/tahmid/crops/p30/p30_sunglass_regular_012.jpg,p30,sunglass,regular,0.7688995599746704,p30,0.495025,correct
3,/home/tahmid/crops/p30/p30_sunglass_regular_013.jpg,p30,sunglass,regular,0.6657175421714783,p30,0.466720,correct
3,/home/tahmid/crops/p30/p30_sunglass_regular_014.jpg,p30,sunglass,regular,0.7166204452514648,p30,0.458345,correct
3,/home/tahmid/crops/p30/p30_sunglass_regular_015.jpg,p30,sunglass,regular,0.6852864027023315,p30,0.473156,correct
4,/home/tahmid/crops/p02/p02_cap_low_001.jpg,p02,cap,low,0.7302835583686829,p02,0.566727,correct
4,/home/tahmid/crops/p02/p02_cap_low_002.jpg,p02,cap,low,0.7049846649169922,p02,0.588117,correct
4,/home/tahmid/crops/p02/p02_cap_low_003.jpg,p02,cap,low,0.6855064630508423,p02,0.558256,correct
4,/home/tahmid/crops/p02/p02_cap_low_004.jpg,p02,cap,low,0.7005379796028137,p02,0.437728,correct
4,/home/tahmid/crops/p02/p02_cap_low_005.jpg,p02,cap,low,0.7237974405288696,p02,0.396043,correct
4,/home/tahmid/crops/p02/p02_cap_low_006.jpg,p02,cap,low,0.7395669221878052,p02,0.641327,correct
4,/home/tahmid/crops/p02/p02_cap_low_007.jpg,p02,cap,low,0.7259079217910767,p02,0.582172,correct
4,/home/tahmid/crops/p02/p02_cap_low_008.jpg,p02,cap,low,0.7540103793144226,p02,0.492075,correct
4,/home/tahmid/crops/p02/p02_cap_low_009.jpg,p02,cap,low,0.7698359489440918,p02,0.494332,correct
4,/home/tahmid/crops/p02/p02_cap_low_010.jpg,p02,cap,low,0.7799506783485413,p02,0.503195,correct
4,/home/tahmid/crops/p02/p02_cap_low_011.jpg,p02,cap,low,0.7483513355255127,p02,0.421428,correct
4,/home/tahmid/crops/p02/p02_cap_low_012.jpg,p02,cap,low,0.817287266254425,p02,0.432616,correct
4,/home/tahmid/crops/p02/p02_cap_regular_001.jpg,p02,cap,regular,0.7794187664985657,p02,0.577610,correct
4,/home/tahmid/crops/p02/p02_cap_regular_002.jpg,p02,cap,regular,0.8223179578781128,p02,0.546783,correct
4,/home/tahmid/crops/p02/p02_cap_regular_003.jpg,p02,cap,regular,0.7916800379753113,p02,0.569396,correct
4,/home/tahmid/crops/p02/p02_cap_regular_004.jpg,p02,cap,regular,0.6870905160903931,p02,0.395115,correct
4,/home/tahmid/crops/p02/p02_cap_regular_005.jpg,p02,cap,regular,0.6696184873580933,p02,0.423460,correct
4,/home/tahmid/crops/p02/p02_cap_regular_006.jpg,p02,cap,regular,0.679279625415802,p02,0.659554,correct
4,/home/tahmid/crops/p02/p02_cap_regular_007.jpg,p02,cap,regular,0.6992588043212891,p02,0.679112,correct
4,/home/tahmid/crops/p02/p02_cap_regular_008.jpg,p02,cap,regular,0.7070828676223755,p02,0.679236,correct
4,/home/tahmid/crops/p02/p02_cap_regular_009.jpg,p02,cap,regular,0.77592933177948,p02,0.491509,correct
4,/home/tahmid/crops/p02/p02_cap_regular_010.jpg,p02,cap,regular,0.7364727854728699,p02,0.458427,correct
4,/home/tahmid/crops/p02/p02_cap_regular_011.jpg,p02,cap,regular,0.8068343997001648,p02,0.449145,correct
4,/home/tahmid/crops/p02/p02_cap_regular_012.jpg,p02,cap,regular,0.8068976402282715,p02,0.434523,correct
4,/home/tahmid/crops/p02/p02_clearglass_low_001.jpg,p02,clearglass,low,0.8903632164001465,p02,0.547774,correct
4,/home/tahmid/crops/p02/p02_clearglass_low_002.jpg,p02,clearglass,low,0.8916874527931213,p02,0.558108,correct
4,/home/tahmid/crops/p02/p02_clearglass_low_003.jpg,p02,clearglass,low,0.8002846240997314,p02,0.528934,correct
4,/home/tahmid/crops/p02/p02_clearglass_low_004.jpg,p02,clearglass,low,0.7696022987365723,p02,0.509934,correct
4,/home/tahmid/crops/p02/p02_clearglass_low_005.jpg,p02,clearglass,low,0.7731362581253052,p02,0.521298,correct
4,/home/tahmid/crops/p02/p02_clearglass_low_006.jpg,p02,clearglass,low,0.8890116214752197,p02,0.667381,correct
4,/home/tahmid/crops/p02/p02_clearglass_low_007.jpg,p02,clearglass,low,0.8853583335876465,p02,0.648272,correct
4,/home/tahmid/crops/p02/p02_clearglass_low_008.jpg,p02,clearglass,low,0.8943951725959778,p02,0.668318,correct
4,/home/tahmid/crops/p02/p02_clearglass_low_009.jpg,p02,clearglass,low,0.7485365271568298,p02,0.489426,correct
4,/home/tahmid/crops/p02/p02_clearglass_low_010.jpg,p02,clearglass,low,0.7475838661193848,p02,0.415965,correct
4,/home/tahmid/crops/p02/p02_clearglass_low_011.jpg,p02,clearglass,low,0.6948948502540588,p02,0.402730,correct
4,/home/tahmid/crops/p02/p02_clearglass_low_012.jpg,p02,clearglass,low,0.7247456312179565,p02,0.429413,correct
4,/home/tahmid/crops/p02/p02_clearglass_regular_001.jpg,p02,clearglass,regular,0.858735203742981,p02,0.567246,correct
4,/home/tahmid/crops/p02/p02_clearglass_regular_002.jpg,p02,clearglass,regular,0.8687552809715271,p02,0.575936,correct
4,/home/tahmid/crops/p02/p02_clearglass_regular_003.jpg,p02,clearglass,regular,0.8953168392181396,p02,0.563340,correct
4,/home/tahmid/crops/p02/p02_clearglass_regular_004.jpg,p02,clearglass,regular,0.8260906934738159,p02,0.512474,correct
4,/home/tahmid/crops/p02/p02_clearglass_regular_005.jpg,p02,clearglass,regular,0.7787538766860962,p02,0.538308,correct
4,/home/tahmid/crops/p02/p02_clearglass_regular_006.jpg,p02,clearglass,regular,0.882912278175354,p02,0.667184,correct
4,/home/tahmid/crops/p02/p02_clearglass_regular_007.jpg,p02,clearglass,regular,0.7530931234359741,p02,0.437708,correct
4,/home/tahmid/crops/p02/p02_clearglass_regular_008.jpg,p02,clearglass,regular,0.718438982963562,p02,0.422466,correct
4,/home/tahmid/crops/p02/p02_clearglass_regular_009.jpg,p02,clearglass,regular,0.7113262414932251,p02,0.492160,correct
4,/home/tahmid/crops/p02/p02_clearglass_regular_010.jpg,p02,clearglass,regular,0.7251701354980469,p02,0.424411,correct
4,/home/tahmid/crops/p02/p02_clearglass_regular_011.jpg,p02,clearglass,regular,0.7217707633972168,p02,0.426117,correct
4,/home/tahmid/crops/p02/p02_clearglass_regular_012.jpg,p02,clearglass,regular,0.7282952070236206,p02,0.367180,correct
4,/home/tahmid/crops/p02/p02_mask_clearglass_low_001.jpg,p02,mask_clearglass,low,0.8167302012443542,p02,0.320207,correct
4,/home/tahmid/crops/p02/p02_mask_clearglass_low_002.jpg,p02,mask_clearglass,low,0.8258247375488281,p02,0.311420,correct
4,/home/tahmid/crops/p02/p02_mask_clearglass_low_003.jpg,p02,mask_clearglass,low,0.8545972108840942,p02,0.220369,rejected
4,/home/tahmid/crops/p02/p02_mask_clearglass_low_004.jpg,p02,mask_clearglass,low,0.8407025933265686,p02,0.246545,rejected
4,/home/tahmid/crops/p02/p02_mask_clearglass_low_005.jpg,p02,mask_clearglass,low,0.8255457878112793,p02,0.286297,rejected
4,/home/tahmid/crops/p02/p02_mask_clearglass_low_006.jpg,p02,mask_clearglass,low,0.7589915990829468,p02,0.428474,correct
4,/home/tahmid/crops/p02/p02_mask_clearglass_low_007.jpg,p02,mask_clearglass,low,0.7843272686004639,p02,0.418032,correct
4,/home/tahmid/crops/p02/p02_mask_clearglass_low_008.jpg,p02,mask_clearglass,low,0.699335515499115,p02,0.277676,rejected
4,/home/tahmid/crops/p02/p02_mask_clearglass_low_009.jpg,p02,mask_clearglass,low,0.69953453540802,p02,0.308636,correct
4,/home/tahmid/crops/p02/p02_mask_clearglass_low_010.jpg,p02,mask_clearglass,low,0.5647939443588257,p01,0.205484,rejected
4,/home/tahmid/crops/p02/p02_mask_clearglass_low_011.jpg,p02,mask_clearglass,low,0.6038627624511719,p01,0.209698,rejected
4,/home/tahmid/crops/p02/p02_mask_clearglass_low_012.jpg,p02,mask_clearglass,low,0.5685884952545166,p01,0.180922,rejected
4,/home/tahmid/crops/p02/p02_mask_clearglass_regular_001.jpg,p02,mask_clearglass,regular,0.8431755900382996,p02,0.337408,correct
4,/home/tahmid/crops/p02/p02_mask_clearglass_regular_002.jpg,p02,mask_clearglass,regular,0.8481835126876831,p02,0.324241,correct
4,/home/tahmid/crops/p02/p02_mask_clearglass_regular_003.jpg,p02,mask_clearglass,regular,0.840312123298645,p02,0.334880,correct
4,/home/tahmid/crops/p02/p02_mask_clearglass_regular_004.jpg,p02,mask_clearglass,regular,0.8205599188804626,p02,0.318225,correct
4,/home/tahmid/crops/p02/p02_mask_clearglass_regular_005.jpg,p02,mask_clearglass,regular,0.7813575267791748,p02,0.420253,correct
4,/home/tahmid/crops/p02/p02_mask_clearglass_regular_006.jpg,p02,mask_clearglass,regular,0.8381166458129883,p02,0.407735,correct
4,/home/tahmid/crops/p02/p02_mask_clearglass_regular_007.jpg,p02,mask_clearglass,regular,0.8139438033103943,p02,0.428724,correct
4,/home/tahmid/crops/p02/p02_mask_clearglass_regular_008.jpg,p02,mask_clearglass,regular,0.6357269287109375,p02,0.251954,rejected
4,/home/tahmid/crops/p02/p02_mask_clearglass_regular_009.jpg,p02,mask_clearglass,regular,0.6405664682388306,p02,0.307378,correct
4,/home/tahmid/crops/p02/p02_mask_clearglass_regular_010.jpg,p02,mask_clearglass,regular,0.552091121673584,p01,0.183924,rejected
4,/home/tahmid/crops/p02/p02_mask_clearglass_regular_011.jpg,p02,mask_clearglass,regular,0.5143066048622131,p01,0.249584,rejected
4,/home/tahmid/crops/p02/p02_mask_clearglass_regular_012.jpg,p02,mask_clearglass,regular,0.5476444363594055,p01,0.281509,rejected
4,/home/tahmid/crops/p02/p02_mask_low_001.jpg,p02,mask,low,0.8223280310630798,p02,0.255712,rejected
4,/home/tahmid/crops/p02/p02_mask_low_002.jpg,p02,mask,low,0.824915885925293,p02,0.313546,correct
4,/home/tahmid/crops/p02/p02_mask_low_003.jpg,p02,mask,low,0.8670860528945923,p02,0.270510,rejected
4,/home/tahmid/crops/p02/p02_mask_low_004.jpg,p02,mask,low,0.7784423828125,p02,0.268801,rejected
4,/home/tahmid/crops/p02/p02_mask_low_005.jpg,p02,mask,low,0.7539491653442383,p02,0.258851,rejected
4,/home/tahmid/crops/p02/p02_mask_low_006.jpg,p02,mask,low,0.7969077825546265,p02,0.223249,rejected
4,/home/tahmid/crops/p02/p02_mask_low_007.jpg,p02,mask,low,0.7674813270568848,p02,0.271998,rejected
4,/home/tahmid/crops/p02/p02_mask_low_008.jpg,p02,mask,low,0.8131613731384277,p02,0.301453,correct
4,/home/tahmid/crops/p02/p02_mask_low_009.jpg,p02,mask,low,0.6020656824111938,p20,0.162316,rejected
4,/home/tahmid/crops/p02/p02_mask_low_010.jpg,p02,mask,low,0.6565362215042114,p02,0.235009,rejected
4,/home/tahmid/crops/p02/p02_mask_low_011.jpg,p02,mask,low,0.6899696588516235,p02,0.164210,rejected
4,/home/tahmid/crops/p02/p02_mask_low_012.jpg,p02,mask,low,0.6987562775611877,p01,0.248940,rejected
4,/home/tahmid/crops/p02/p02_mask_regular_001.jpg,p02,mask,regular,0.870445728302002,p02,0.316315,correct
4,/home/tahmid/crops/p02/p02_mask_regular_002.jpg,p02,mask,regular,0.849542498588562,p02,0.340366,correct
4,/home/tahmid/crops/p02/p02_mask_regular_003.jpg,p02,mask,regular,0.8437386155128479,p02,0.325905,correct
4,/home/tahmid/crops/p02/p02_mask_regular_004.jpg,p02,mask,regular,0.7776342630386353,p02,0.307590,correct
4,/home/tahmid/crops/p02/p02_mask_regular_005.jpg,p02,mask,regular,0.8094134330749512,p02,0.325950,correct
4,/home/tahmid/crops/p02/p02_mask_regular_006.jpg,p02,mask,regular,0.7863349914550781,p02,0.282748,rejected
4,/home/tahmid/crops/p02/p02_mask_regular_007.jpg,p02,mask,regular,0.8104221224784851,p02,0.304348,correct
4,/home/tahmid/crops/p02/p02_mask_regular_008.jpg,p02,mask,regular,0.7923071980476379,p02,0.347426,correct
4,/home/tahmid/crops/p02/p02_mask_regular_009.jpg,p02,mask,regular,0.6863613724708557,p17,0.205823,rejected
4,/home/tahmid/crops/p02/p02_mask_regular_010.jpg,p02,mask,regular,0.6412502527236938,p01,0.225850,rejected
4,/home/tahmid/crops/p02/p02_mask_regular_011.jpg,p02,mask,regular,0.6642374992370605,p01,0.241186,rejected
4,/home/tahmid/crops/p02/p02_mask_regular_012.jpg,p02,mask,regular,0.6713188290596008,p01,0.231014,rejected
4,/home/tahmid/crops/p02/p02_mask_sunglass_low_001.jpg,p02,mask_sunglass,low,0.7640802264213562,p20,0.107052,rejected
4,/home/tahmid/crops/p02/p02_mask_sunglass_low_002.jpg,p02,mask_sunglass,low,0.748748242855072,p02,0.126303,rejected
4,/home/tahmid/crops/p02/p02_mask_sunglass_low_003.jpg,p02,mask_sunglass,low,0.7488730549812317,p01,0.082561,rejected
4,/home/tahmid/crops/p02/p02_mask_sunglass_low_004.jpg,p02,mask_sunglass,low,0.7598739266395569,p02,0.131051,rejected
4,/home/tahmid/crops/p02/p02_mask_sunglass_low_005.jpg,p02,mask_sunglass,low,0.7756163477897644,p20,0.152151,rejected
4,/home/tahmid/crops/p02/p02_mask_sunglass_low_006.jpg,p02,mask_sunglass,low,0.788654088973999,p20,0.112968,rejected
4,/home/tahmid/crops/p02/p02_mask_sunglass_low_007.jpg,p02,mask_sunglass,low,0.627955436706543,p20,0.208177,rejected
4,/home/tahmid/crops/p02/p02_mask_sunglass_low_008.jpg,p02,mask_sunglass,low,0.6865513324737549,p20,0.182088,rejected
4,/home/tahmid/crops/p02/p02_mask_sunglass_low_009.jpg,p02,mask_sunglass,low,0.6395691633224487,p02,0.259878,rejected
4,/home/tahmid/crops/p02/p02_mask_sunglass_low_010.jpg,p02,mask_sunglass,low,0.6081539988517761,p02,0.199641,rejected
4,/home/tahmid/crops/p02/p02_mask_sunglass_low_011.jpg,p02,mask_sunglass,low,0.6020188927650452,p02,0.214874,rejected
4,/home/tahmid/crops/p02/p02_mask_sunglass_low_012.jpg,p02,mask_sunglass,low,0.5958781242370605,p01,0.184742,rejected
4,/home/tahmid/crops/p02/p02_mask_sunglass_low_013.jpg,p02,mask_sunglass,low,0.6193870902061462,p05,0.148583,rejected
4,/home/tahmid/crops/p02/p02_mask_sunglass_regular_001.jpg,p02,mask_sunglass,regular,0.7670639753341675,p20,0.115397,rejected
4,/home/tahmid/crops/p02/p02_mask_sunglass_regular_002.jpg,p02,mask_sunglass,regular,0.7658920288085938,p20,0.167534,rejected
4,/home/tahmid/crops/p02/p02_mask_sunglass_regular_003.jpg,p02,mask_sunglass,regular,0.8068424463272095,p20,0.143452,rejected
4,/home/tahmid/crops/p02/p02_mask_sunglass_regular_004.jpg,p02,mask_sunglass,regular,0.8080651760101318,p20,0.151365,rejected
4,/home/tahmid/crops/p02/p02_mask_sunglass_regular_005.jpg,p02,mask_sunglass,regular,0.688022792339325,p20,0.141508,rejected
4,/home/tahmid/crops/p02/p02_mask_sunglass_regular_006.jpg,p02,mask_sunglass,regular,0.718154788017273,p20,0.197917,rejected
4,/home/tahmid/crops/p02/p02_mask_sunglass_regular_007.jpg,p02,mask_sunglass,regular,0.6694116592407227,p20,0.154061,rejected
4,/home/tahmid/crops/p02/p02_mask_sunglass_regular_008.jpg,p02,mask_sunglass,regular,0.6663888692855835,p02,0.178056,rejected
4,/home/tahmid/crops/p02/p02_mask_sunglass_regular_009.jpg,p02,mask_sunglass,regular,0.6522522568702698,p02,0.217280,rejected
4,/home/tahmid/crops/p02/p02_mask_sunglass_regular_010.jpg,p02,mask_sunglass,regular,0.6597939133644104,p02,0.204197,rejected
4,/home/tahmid/crops/p02/p02_mask_sunglass_regular_011.jpg,p02,mask_sunglass,regular,0.5465327501296997,p01,0.140536,rejected
4,/home/tahmid/crops/p02/p02_mask_sunglass_regular_012.jpg,p02,mask_sunglass,regular,0.5971976518630981,p01,0.183333,rejected
4,/home/tahmid/crops/p02/p02_mask_sunglass_regular_013.jpg,p02,mask_sunglass,regular,0.5256378650665283,p01,0.167330,rejected
4,/home/tahmid/crops/p02/p02_none_low_001.jpg,p02,none,low,0.9066060781478882,p02,0.604973,correct
4,/home/tahmid/crops/p02/p02_none_low_002.jpg,p02,none,low,0.8944832682609558,p02,0.599400,correct
4,/home/tahmid/crops/p02/p02_none_low_003.jpg,p02,none,low,0.8322159051895142,p02,0.463024,correct
4,/home/tahmid/crops/p02/p02_none_low_004.jpg,p02,none,low,0.7920432090759277,p02,0.486670,correct
4,/home/tahmid/crops/p02/p02_none_low_005.jpg,p02,none,low,0.7544089555740356,p02,0.449400,correct
4,/home/tahmid/crops/p02/p02_none_low_006.jpg,p02,none,low,0.7696864008903503,p02,0.461161,correct
4,/home/tahmid/crops/p02/p02_none_low_007.jpg,p02,none,low,0.7338335514068604,p02,0.435173,correct
4,/home/tahmid/crops/p02/p02_none_low_008.jpg,p02,none,low,0.8776766061782837,p02,0.556602,correct
4,/home/tahmid/crops/p02/p02_none_low_009.jpg,p02,none,low,0.8892483711242676,p02,0.539331,correct
4,/home/tahmid/crops/p02/p02_none_low_010.jpg,p02,none,low,0.8762750029563904,p02,0.537181,correct
4,/home/tahmid/crops/p02/p02_none_low_011.jpg,p02,none,low,0.8889676332473755,p02,0.694444,correct
4,/home/tahmid/crops/p02/p02_none_low_012.jpg,p02,none,low,0.8788249492645264,p02,0.714432,correct
4,/home/tahmid/crops/p02/p02_none_low_013.jpg,p02,none,low,0.8567219972610474,p02,0.711259,correct
4,/home/tahmid/crops/p02/p02_none_regular_001.jpg,p02,none,regular,0.8662259578704834,p02,0.628920,correct
4,/home/tahmid/crops/p02/p02_none_regular_002.jpg,p02,none,regular,0.892653226852417,p02,0.622253,correct
4,/home/tahmid/crops/p02/p02_none_regular_003.jpg,p02,none,regular,0.8191694021224976,p02,0.469871,correct
4,/home/tahmid/crops/p02/p02_none_regular_004.jpg,p02,none,regular,0.8392460346221924,p02,0.514993,correct
4,/home/tahmid/crops/p02/p02_none_regular_005.jpg,p02,none,regular,0.8028199076652527,p02,0.489830,correct
4,/home/tahmid/crops/p02/p02_none_regular_006.jpg,p02,none,regular,0.7589334845542908,p02,0.425344,correct
4,/home/tahmid/crops/p02/p02_none_regular_007.jpg,p02,none,regular,0.8026231527328491,p02,0.418413,correct
4,/home/tahmid/crops/p02/p02_none_regular_008.jpg,p02,none,regular,0.8053189516067505,p02,0.460894,correct
4,/home/tahmid/crops/p02/p02_none_regular_009.jpg,p02,none,regular,0.8603906035423279,p02,0.543159,correct
4,/home/tahmid/crops/p02/p02_none_regular_010.jpg,p02,none,regular,0.8738549947738647,p02,0.556885,correct
4,/home/tahmid/crops/p02/p02_none_regular_011.jpg,p02,none,regular,0.8394712209701538,p02,0.558944,correct
4,/home/tahmid/crops/p02/p02_none_regular_012.jpg,p02,none,regular,0.8869919776916504,p02,0.732385,correct
4,/home/tahmid/crops/p02/p02_scarf_low_001.jpg,p02,scarf,low,0.8123536705970764,p02,0.572435,correct
4,/home/tahmid/crops/p02/p02_scarf_low_002.jpg,p02,scarf,low,0.8274183869361877,p02,0.535322,correct
4,/home/tahmid/crops/p02/p02_scarf_low_003.jpg,p02,scarf,low,0.829150378704071,p02,0.544302,correct
4,/home/tahmid/crops/p02/p02_scarf_low_004.jpg,p02,scarf,low,0.8216520547866821,p02,0.533146,correct
4,/home/tahmid/crops/p02/p02_scarf_low_005.jpg,p02,scarf,low,0.8382871747016907,p02,0.485129,correct
4,/home/tahmid/crops/p02/p02_scarf_low_006.jpg,p02,scarf,low,0.848259687423706,p02,0.510921,correct
4,/home/tahmid/crops/p02/p02_scarf_low_007.jpg,p02,scarf,low,0.8384740352630615,p02,0.486023,correct
4,/home/tahmid/crops/p02/p02_scarf_low_008.jpg,p02,scarf,low,0.8003029227256775,p02,0.470951,correct
4,/home/tahmid/crops/p02/p02_scarf_low_009.jpg,p02,scarf,low,0.7898927927017212,p02,0.503870,correct
4,/home/tahmid/crops/p02/p02_scarf_low_010.jpg,p02,scarf,low,0.8063884973526001,p02,0.491736,correct
4,/home/tahmid/crops/p02/p02_scarf_low_011.jpg,p02,scarf,low,0.7719652652740479,p02,0.420941,correct
4,/home/tahmid/crops/p02/p02_scarf_low_012.jpg,p02,scarf,low,0.7679997682571411,p02,0.422115,correct
4,/home/tahmid/crops/p02/p02_scarf_low_013.jpg,p02,scarf,low,0.7488126754760742,p02,0.479624,correct
4,/home/tahmid/crops/p02/p02_scarf_regular_001.jpg,p02,scarf,regular,0.735595703125,p02,0.578836,correct
4,/home/tahmid/crops/p02/p02_scarf_regular_002.jpg,p02,scarf,regular,0.7493656277656555,p02,0.563693,correct
4,/home/tahmid/crops/p02/p02_scarf_regular_003.jpg,p02,scarf,regular,0.7431285977363586,p02,0.556267,correct
4,/home/tahmid/crops/p02/p02_scarf_regular_004.jpg,p02,scarf,regular,0.8595066666603088,p02,0.585551,correct
4,/home/tahmid/crops/p02/p02_scarf_regular_005.jpg,p02,scarf,regular,0.8672677278518677,p02,0.561626,correct
4,/home/tahmid/crops/p02/p02_scarf_regular_006.jpg,p02,scarf,regular,0.8495872616767883,p02,0.562811,correct
4,/home/tahmid/crops/p02/p02_scarf_regular_007.jpg,p02,scarf,regular,0.8273595571517944,p02,0.508961,correct
4,/home/tahmid/crops/p02/p02_scarf_regular_008.jpg,p02,scarf,regular,0.8254388570785522,p02,0.520932,correct
4,/home/tahmid/crops/p02/p02_scarf_regular_009.jpg,p02,scarf,regular,0.8194319605827332,p02,0.514457,correct
4,/home/tahmid/crops/p02/p02_scarf_regular_010.jpg,p02,scarf,regular,0.8092162609100342,p02,0.506531,correct
4,/home/tahmid/crops/p02/p02_scarf_regular_011.jpg,p02,scarf,regular,0.8045063614845276,p02,0.498622,correct
4,/home/tahmid/crops/p02/p02_scarf_regular_012.jpg,p02,scarf,regular,0.7607827186584473,p02,0.498664,correct
4,/home/tahmid/crops/p02/p02_scarf_regular_013.jpg,p02,scarf,regular,0.7192807197570801,p02,0.467927,correct
4,/home/tahmid/crops/p02/p02_sunglass_low_001.jpg,p02,sunglass,low,0.8310133814811707,p02,0.530458,correct
4,/home/tahmid/crops/p02/p02_sunglass_low_002.jpg,p02,sunglass,low,0.831470251083374,p02,0.568230,correct
4,/home/tahmid/crops/p02/p02_sunglass_low_003.jpg,p02,sunglass,low,0.7633757591247559,p02,0.414316,correct
4,/home/tahmid/crops/p02/p02_sunglass_low_004.jpg,p02,sunglass,low,0.7809855937957764,p02,0.420906,correct
4,/home/tahmid/crops/p02/p02_sunglass_low_005.jpg,p02,sunglass,low,0.7895945310592651,p02,0.452679,correct
4,/home/tahmid/crops/p02/p02_sunglass_low_006.jpg,p02,sunglass,low,0.8533139228820801,p02,0.648013,correct
4,/home/tahmid/crops/p02/p02_sunglass_low_007.jpg,p02,sunglass,low,0.8515255451202393,p02,0.636015,correct
4,/home/tahmid/crops/p02/p02_sunglass_low_008.jpg,p02,sunglass,low,0.7997879981994629,p02,0.439129,correct
4,/home/tahmid/crops/p02/p02_sunglass_low_009.jpg,p02,sunglass,low,0.8075317144393921,p02,0.425281,correct
4,/home/tahmid/crops/p02/p02_sunglass_low_010.jpg,p02,sunglass,low,0.8153879642486572,p02,0.414123,correct
4,/home/tahmid/crops/p02/p02_sunglass_low_011.jpg,p02,sunglass,low,0.8231719136238098,p02,0.441706,correct
4,/home/tahmid/crops/p02/p02_sunglass_low_012.jpg,p02,sunglass,low,0.8026806116104126,p02,0.432447,correct
4,/home/tahmid/crops/p02/p02_sunglass_low_013.jpg,p02,sunglass,low,0.7756664752960205,p02,0.458362,correct
4,/home/tahmid/crops/p02/p02_sunglass_regular_001.jpg,p02,sunglass,regular,0.8622069358825684,p02,0.537520,correct
4,/home/tahmid/crops/p02/p02_sunglass_regular_002.jpg,p02,sunglass,regular,0.8646385073661804,p02,0.570741,correct
4,/home/tahmid/crops/p02/p02_sunglass_regular_003.jpg,p02,sunglass,regular,0.868087887763977,p02,0.561833,correct
4,/home/tahmid/crops/p02/p02_sunglass_regular_004.jpg,p02,sunglass,regular,0.7796213626861572,p02,0.447950,correct
4,/home/tahmid/crops/p02/p02_sunglass_regular_005.jpg,p02,sunglass,regular,0.7902501821517944,p02,0.457561,correct
4,/home/tahmid/crops/p02/p02_sunglass_regular_006.jpg,p02,sunglass,regular,0.8211089372634888,p02,0.479185,correct
4,/home/tahmid/crops/p02/p02_sunglass_regular_007.jpg,p02,sunglass,regular,0.8657010197639465,p02,0.629803,correct
4,/home/tahmid/crops/p02/p02_sunglass_regular_008.jpg,p02,sunglass,regular,0.8719381093978882,p02,0.635143,correct
4,/home/tahmid/crops/p02/p02_sunglass_regular_009.jpg,p02,sunglass,regular,0.7725592851638794,p02,0.457612,correct
4,/home/tahmid/crops/p02/p02_sunglass_regular_010.jpg,p02,sunglass,regular,0.7819186449050903,p02,0.429089,correct
4,/home/tahmid/crops/p02/p02_sunglass_regular_011.jpg,p02,sunglass,regular,0.8017107248306274,p02,0.434685,correct
4,/home/tahmid/crops/p02/p02_sunglass_regular_012.jpg,p02,sunglass,regular,0.8297463655471802,p02,0.443860,correct
4,/home/tahmid/crops/p02/p02_sunglass_regular_013.jpg,p02,sunglass,regular,0.8469266891479492,p02,0.475473,correct
4,/home/tahmid/crops/p03/p03_cap_low_001.jpg,p03,cap,low,0.8079274892807007,p03,0.527665,correct
4,/home/tahmid/crops/p03/p03_cap_low_002.jpg,p03,cap,low,0.8149732947349548,p03,0.520020,correct
4,/home/tahmid/crops/p03/p03_cap_low_003.jpg,p03,cap,low,0.8671876192092896,p03,0.501915,correct
4,/home/tahmid/crops/p03/p03_cap_low_004.jpg,p03,cap,low,0.8775678873062134,p03,0.488254,correct
4,/home/tahmid/crops/p03/p03_cap_low_005.jpg,p03,cap,low,0.7598541378974915,p03,0.394724,correct
4,/home/tahmid/crops/p03/p03_cap_low_006.jpg,p03,cap,low,0.7900324463844299,p03,0.405269,correct
4,/home/tahmid/crops/p03/p03_cap_low_007.jpg,p03,cap,low,0.7280025482177734,p03,0.407340,correct
4,/home/tahmid/crops/p03/p03_cap_low_008.jpg,p03,cap,low,0.5531431436538696,p01,0.266700,rejected
4,/home/tahmid/crops/p03/p03_cap_low_009.jpg,p03,cap,low,0.5839991569519043,p01,0.235632,rejected
4,/home/tahmid/crops/p03/p03_cap_low_010.jpg,p03,cap,low,0.5224342942237854,p01,0.274868,rejected
4,/home/tahmid/crops/p03/p03_cap_low_011.jpg,p03,cap,low,0.6564251184463501,p03,0.273232,rejected
4,/home/tahmid/crops/p03/p03_cap_low_012.jpg,p03,cap,low,0.6571515798568726,p03,0.202768,rejected
4,/home/tahmid/crops/p03/p03_cap_regular_001.jpg,p03,cap,regular,0.8354142904281616,p03,0.568846,correct
4,/home/tahmid/crops/p03/p03_cap_regular_002.jpg,p03,cap,regular,0.8338018655776978,p03,0.566500,correct
4,/home/tahmid/crops/p03/p03_cap_regular_003.jpg,p03,cap,regular,0.8756378889083862,p03,0.506485,correct
4,/home/tahmid/crops/p03/p03_cap_regular_004.jpg,p03,cap,regular,0.8652657270431519,p03,0.493716,correct
4,/home/tahmid/crops/p03/p03_cap_regular_005.jpg,p03,cap,regular,0.7010266780853271,p03,0.345273,correct
4,/home/tahmid/crops/p03/p03_cap_regular_006.jpg,p03,cap,regular,0.7388836741447449,p03,0.376587,correct
4,/home/tahmid/crops/p03/p03_cap_regular_007.jpg,p03,cap,regular,0.74481600522995,p03,0.395578,correct
4,/home/tahmid/crops/p03/p03_cap_regular_008.jpg,p03,cap,regular,0.5611245632171631,p03,0.240324,rejected
4,/home/tahmid/crops/p03/p03_cap_regular_009.jpg,p03,cap,regular,0.6263211965560913,p03,0.337886,correct
4,/home/tahmid/crops/p03/p03_cap_regular_010.jpg,p03,cap,regular,0.6765878200531006,p03,0.259458,rejected
4,/home/tahmid/crops/p03/p03_cap_regular_011.jpg,p03,cap,regular,0.619356632232666,p03,0.257814,rejected
4,/home/tahmid/crops/p03/p03_cap_regular_012.jpg,p03,cap,regular,0.6578692197799683,p03,0.384988,correct
4,/home/tahmid/crops/p03/p03_clearglass_low_001.jpg,p03,clearglass,low,0.8428657054901123,p03,0.559493,correct
4,/home/tahmid/crops/p03/p03_clearglass_low_002.jpg,p03,clearglass,low,0.8564044237136841,p03,0.560773,correct
4,/home/tahmid/crops/p03/p03_clearglass_low_003.jpg,p03,clearglass,low,0.772623598575592,p03,0.555705,correct
4,/home/tahmid/crops/p03/p03_clearglass_low_004.jpg,p03,clearglass,low,0.7589803338050842,p03,0.567839,correct
4,/home/tahmid/crops/p03/p03_clearglass_low_005.jpg,p03,clearglass,low,0.8661860227584839,p03,0.427422,correct
4,/home/tahmid/crops/p03/p03_clearglass_low_006.jpg,p03,clearglass,low,0.8690199851989746,p03,0.451002,correct
4,/home/tahmid/crops/p03/p03_clearglass_low_007.jpg,p03,clearglass,low,0.8663758635520935,p03,0.462340,correct
4,/home/tahmid/crops/p03/p03_clearglass_low_008.jpg,p03,clearglass,low,0.7884156703948975,p03,0.487857,correct
4,/home/tahmid/crops/p03/p03_clearglass_low_009.jpg,p03,clearglass,low,0.7588392496109009,p03,0.491438,correct
4,/home/tahmid/crops/p03/p03_clearglass_low_010.jpg,p03,clearglass,low,0.7259044647216797,p03,0.506086,correct
4,/home/tahmid/crops/p03/p03_clearglass_low_011.jpg,p03,clearglass,low,0.6629658937454224,p01,0.322909,misidentified
4,/home/tahmid/crops/p03/p03_clearglass_low_012.jpg,p03,clearglass,low,0.6196208596229553,p03,0.377087,correct
4,/home/tahmid/crops/p03/p03_clearglass_regular_001.jpg,p03,clearglass,regular,0.8802206516265869,p03,0.625326,correct
4,/home/tahmid/crops/p03/p03_clearglass_regular_002.jpg,p03,clearglass,regular,0.8367848992347717,p03,0.599699,correct
4,/home/tahmid/crops/p03/p03_clearglass_regular_003.jpg,p03,clearglass,regular,0.8312405347824097,p03,0.582136,correct
4,/home/tahmid/crops/p03/p03_clearglass_regular_004.jpg,p03,clearglass,regular,0.8288677930831909,p03,0.562358,correct
4,/home/tahmid/crops/p03/p03_clearglass_regular_005.jpg,p03,clearglass,regular,0.8214532732963562,p03,0.539781,correct
4,/home/tahmid/crops/p03/p03_clearglass_regular_006.jpg,p03,clearglass,regular,0.879275918006897,p03,0.444007,correct
4,/home/tahmid/crops/p03/p03_clearglass_regular_007.jpg,p03,clearglass,regular,0.8547950387001038,p03,0.445787,correct
4,/home/tahmid/crops/p03/p03_clearglass_regular_008.jpg,p03,clearglass,regular,0.8296239376068115,p03,0.460543,correct
4,/home/tahmid/crops/p03/p03_clearglass_regular_009.jpg,p03,clearglass,regular,0.8199279308319092,p03,0.516526,correct
4,/home/tahmid/crops/p03/p03_clearglass_regular_010.jpg,p03,clearglass,regular,0.8199545741081238,p03,0.467213,correct
4,/home/tahmid/crops/p03/p03_clearglass_regular_011.jpg,p03,clearglass,regular,0.6409673690795898,p01,0.298213,rejected
4,/home/tahmid/crops/p03/p03_clearglass_regular_012.jpg,p03,clearglass,regular,0.6139100790023804,p03,0.394754,correct
4,/home/tahmid/crops/p03/p03_mask_clearglass_low_001.jpg,p03,mask_clearglass,low,0.7897331118583679,p03,0.377201,correct
4,/home/tahmid/crops/p03/p03_mask_clearglass_low_002.jpg,p03,mask_clearglass,low,0.7911531925201416,p03,0.392026,correct
4,/home/tahmid/crops/p03/p03_mask_clearglass_low_003.jpg,p03,mask_clearglass,low,0.7457141280174255,p03,0.289786,rejected
4,/home/tahmid/crops/p03/p03_mask_clearglass_low_004.jpg,p03,mask_clearglass,low,0.7405614852905273,p01,0.254637,rejected
4,/home/tahmid/crops/p03/p03_mask_clearglass_low_005.jpg,p03,mask_clearglass,low,0.8235172629356384,p03,0.383611,correct
4,/home/tahmid/crops/p03/p03_mask_clearglass_low_006.jpg,p03,mask_clearglass,low,0.8506146669387817,p03,0.388142,correct
4,/home/tahmid/crops/p03/p03_mask_clearglass_low_007.jpg,p03,mask_clearglass,low,0.5847154259681702,p01,0.239768,rejected
4,/home/tahmid/crops/p03/p03_mask_clearglass_low_008.jpg,p03,mask_clearglass,low,0.5550218224525452,p03,0.265192,rejected
4,/home/tahmid/crops/p03/p03_mask_clearglass_low_009.jpg,p03,mask_clearglass,low,0.603116512298584,p03,0.220473,rejected
4,/home/tahmid/crops/p03/p03_mask_clearglass_low_010.jpg,p03,mask_clearglass,low,0.5811864733695984,p01,0.238232,rejected
4,/home/tahmid/crops/p03/p03_mask_clearglass_low_011.jpg,p03,mask_clearglass,low,0.6334577798843384,p01,0.243840,rejected
4,/home/tahmid/crops/p03/p03_mask_clearglass_low_012.jpg,p03,mask_clearglass,low,0.6291273832321167,p01,0.251573,rejected
4,/home/tahmid/crops/p03/p03_mask_clearglass_regular_001.jpg,p03,mask_clearglass,regular,0.7413361072540283,p03,0.429467,correct
4,/home/tahmid/crops/p03/p03_mask_clearglass_regular_002.jpg,p03,mask_clearglass,regular,0.7746813297271729,p03,0.417652,correct
4,/home/tahmid/crops/p03/p03_mask_clearglass_regular_003.jpg,p03,mask_clearglass,regular,0.7285956740379333,p03,0.413358,correct
4,/home/tahmid/crops/p03/p03_mask_clearglass_regular_004.jpg,p03,mask_clearglass,regular,0.7046718597412109,p03,0.218110,rejected
4,/home/tahmid/crops/p03/p03_mask_clearglass_regular_005.jpg,p03,mask_clearglass,regular,0.8103907108306885,p03,0.233003,rejected
4,/home/tahmid/crops/p03/p03_mask_clearglass_regular_006.jpg,p03,mask_clearglass,regular,0.8313016891479492,p03,0.319704,correct
4,/home/tahmid/crops/p03/p03_mask_clearglass_regular_007.jpg,p03,mask_clearglass,regular,0.8451223373413086,p03,0.384365,correct
4,/home/tahmid/crops/p03/p03_mask_clearglass_regular_008.jpg,p03,mask_clearglass,regular,0.6666381359100342,p03,0.315920,correct
4,/home/tahmid/crops/p03/p03_mask_clearglass_regular_009.jpg,p03,mask_clearglass,regular,0.6681323647499084,p03,0.323740,correct
4,/home/tahmid/crops/p03/p03_mask_clearglass_regular_010.jpg,p03,mask_clearglass,regular,0.6413054466247559,p03,0.295117,rejected
4,/home/tahmid/crops/p03/p03_mask_clearglass_regular_011.jpg,p03,mask_clearglass,regular,0.6448729038238525,p01,0.203068,rejected
4,/home/tahmid/crops/p03/p03_mask_clearglass_regular_012.jpg,p03,mask_clearglass,regular,0.6652299165725708,p01,0.222830,rejected
4,/home/tahmid/crops/p03/p03_mask_clearglass_regular_013.jpg,p03,mask_clearglass,regular,0.6531376242637634,p03,0.208698,rejected
4,/home/tahmid/crops/p03/p03_mask_low_001.jpg,p03,mask,low,0.7838709950447083,p03,0.486637,correct
4,/home/tahmid/crops/p03/p03_mask_low_002.jpg,p03,mask,low,0.7534803152084351,p03,0.454808,correct
4,/home/tahmid/crops/p03/p03_mask_low_003.jpg,p03,mask,low,0.7473822236061096,p03,0.509867,correct
4,/home/tahmid/crops/p03/p03_mask_low_004.jpg,p03,mask,low,0.7666648626327515,p03,0.507915,correct
4,/home/tahmid/crops/p03/p03_mask_low_005.jpg,p03,mask,low,0.7984418869018555,p03,0.505277,correct
4,/home/tahmid/crops/p03/p03_mask_low_006.jpg,p03,mask,low,0.7182042598724365,p03,0.388967,correct
4,/home/tahmid/crops/p03/p03_mask_low_007.jpg,p03,mask,low,0.6943960189819336,p03,0.408964,correct
4,/home/tahmid/crops/p03/p03_mask_low_008.jpg,p03,mask,low,0.6756942272186279,p03,0.185150,rejected
4,/home/tahmid/crops/p03/p03_mask_low_009.jpg,p03,mask,low,0.630604088306427,p03,0.201010,rejected
4,/home/tahmid/crops/p03/p03_mask_low_010.jpg,p03,mask,low,0.5861283540725708,p01,0.301501,misidentified
4,/home/tahmid/crops/p03/p03_mask_low_011.jpg,p03,mask,low,0.5569984912872314,p01,0.342779,misidentified
4,/home/tahmid/crops/p03/p03_mask_low_012.jpg,p03,mask,low,0.5717086791992188,p01,0.221019,rejected
4,/home/tahmid/crops/p03/p03_mask_regular_001.jpg,p03,mask,regular,0.8090189695358276,p03,0.492879,correct
4,/home/tahmid/crops/p03/p03_mask_regular_002.jpg,p03,mask,regular,0.767196536064148,p03,0.490909,correct
4,/home/tahmid/crops/p03/p03_mask_regular_003.jpg,p03,mask,regular,0.7298597097396851,p03,0.479616,correct
4,/home/tahmid/crops/p03/p03_mask_regular_004.jpg,p03,mask,regular,0.7906928062438965,p03,0.486347,correct
4,/home/tahmid/crops/p03/p03_mask_regular_005.jpg,p03,mask,regular,0.7841857075691223,p03,0.485963,correct
4,/home/tahmid/crops/p03/p03_mask_regular_006.jpg,p03,mask,regular,0.8363120555877686,p03,0.508491,correct
4,/home/tahmid/crops/p03/p03_mask_regular_007.jpg,p03,mask,regular,0.772472620010376,p03,0.352095,correct
4,/home/tahmid/crops/p03/p03_mask_regular_008.jpg,p03,mask,regular,0.699752688407898,p03,0.308349,correct
4,/home/tahmid/crops/p03/p03_mask_regular_009.jpg,p03,mask,regular,0.6289911866188049,p01,0.193483,rejected
4,/home/tahmid/crops/p03/p03_mask_regular_010.jpg,p03,mask,regular,0.6677665710449219,p01,0.184228,rejected
4,/home/tahmid/crops/p03/p03_mask_regular_011.jpg,p03,mask,regular,0.5927329659461975,p03,0.166480,rejected
4,/home/tahmid/crops/p03/p03_mask_regular_012.jpg,p03,mask,regular,0.5942220091819763,p03,0.288404,rejected
4,/home/tahmid/crops/p03/p03_mask_sunglass_low_001.jpg,p03,mask_sunglass,low,0.6651233434677124,p03,0.207091,rejected
4,/home/tahmid/crops/p03/p03_mask_sunglass_low_002.jpg,p03,mask_sunglass,low,0.6492035388946533,p03,0.221998,rejected
4,/home/tahmid/crops/p03/p03_mask_sunglass_low_003.jpg,p03,mask_sunglass,low,0.681812047958374,p20,0.210673,rejected
4,/home/tahmid/crops/p03/p03_mask_sunglass_low_004.jpg,p03,mask_sunglass,low,0.6326117515563965,p20,0.244503,rejected
4,/home/tahmid/crops/p03/p03_mask_sunglass_low_005.jpg,p03,mask_sunglass,low,0.7221688032150269,p20,0.189369,rejected
4,/home/tahmid/crops/p03/p03_mask_sunglass_low_006.jpg,p03,mask_sunglass,low,0.6968719959259033,p20,0.244922,rejected
4,/home/tahmid/crops/p03/p03_mask_sunglass_low_007.jpg,p03,mask_sunglass,low,0.6868792772293091,p20,0.204514,rejected
4,/home/tahmid/crops/p03/p03_mask_sunglass_low_008.jpg,p03,mask_sunglass,low,0.5492233633995056,p01,0.150182,rejected
4,/home/tahmid/crops/p03/p03_mask_sunglass_low_009.jpg,p03,mask_sunglass,low,0.48109614849090576,p01,0.195624,rejected
4,/home/tahmid/crops/p03/p03_mask_sunglass_low_010.jpg,p03,mask_sunglass,low,0.509395182132721,p01,0.179799,rejected
4,/home/tahmid/crops/p03/p03_mask_sunglass_low_011.jpg,p03,mask_sunglass,low,0.4019378125667572,p01,0.197424,rejected
4,/home/tahmid/crops/p03/p03_mask_sunglass_low_012.jpg,p03,mask_sunglass,low,0.42556095123291016,p01,0.200185,rejected
4,/home/tahmid/crops/p03/p03_mask_sunglass_low_013.jpg,p03,mask_sunglass,low,0.44121798872947693,p01,0.189423,rejected
4,/home/tahmid/crops/p03/p03_mask_sunglass_regular_001.jpg,p03,mask_sunglass,regular,0.6837053894996643,p20,0.187384,rejected
4,/home/tahmid/crops/p03/p03_mask_sunglass_regular_002.jpg,p03,mask_sunglass,regular,0.6763097047805786,p03,0.224034,rejected
4,/home/tahmid/crops/p03/p03_mask_sunglass_regular_003.jpg,p03,mask_sunglass,regular,0.6490412950515747,p03,0.216792,rejected
4,/home/tahmid/crops/p03/p03_mask_sunglass_regular_004.jpg,p03,mask_sunglass,regular,0.6311658620834351,p20,0.225374,rejected
4,/home/tahmid/crops/p03/p03_mask_sunglass_regular_005.jpg,p03,mask_sunglass,regular,0.6604593992233276,p03,0.231093,rejected
4,/home/tahmid/crops/p03/p03_mask_sunglass_regular_006.jpg,p03,mask_sunglass,regular,0.6654295921325684,p20,0.192263,rejected
4,/home/tahmid/crops/p03/p03_mask_sunglass_regular_007.jpg,p03,mask_sunglass,regular,0.7607550621032715,p20,0.184387,rejected
4,/home/tahmid/crops/p03/p03_mask_sunglass_regular_008.jpg,p03,mask_sunglass,regular,0.7288428544998169,p02,0.193695,rejected
4,/home/tahmid/crops/p03/p03_mask_sunglass_regular_009.jpg,p03,mask_sunglass,regular,0.5197964310646057,p01,0.279376,rejected
4,/home/tahmid/crops/p03/p03_mask_sunglass_regular_010.jpg,p03,mask_sunglass,regular,0.498989075422287,p01,0.211366,rejected
4,/home/tahmid/crops/p03/p03_mask_sunglass_regular_011.jpg,p03,mask_sunglass,regular,0.560417890548706,p01,0.189053,rejected
4,/home/tahmid/crops/p03/p03_mask_sunglass_regular_012.jpg,p03,mask_sunglass,regular,0.38414475321769714,p01,0.174041,rejected
4,/home/tahmid/crops/p03/p03_none_low_001.jpg,p03,none,low,0.9038351774215698,p03,0.684657,correct
4,/home/tahmid/crops/p03/p03_none_low_002.jpg,p03,none,low,0.906024694442749,p03,0.643104,correct
4,/home/tahmid/crops/p03/p03_none_low_003.jpg,p03,none,low,0.9046471118927002,p03,0.680856,correct
4,/home/tahmid/crops/p03/p03_none_low_004.jpg,p03,none,low,0.8390332460403442,p03,0.629028,correct
4,/home/tahmid/crops/p03/p03_none_low_005.jpg,p03,none,low,0.8529253602027893,p03,0.647674,correct
4,/home/tahmid/crops/p03/p03_none_low_006.jpg,p03,none,low,0.8371129631996155,p03,0.658692,correct
4,/home/tahmid/crops/p03/p03_none_low_007.jpg,p03,none,low,0.8535202741622925,p03,0.587090,correct
4,/home/tahmid/crops/p03/p03_none_low_008.jpg,p03,none,low,0.7903869152069092,p03,0.559629,correct
4,/home/tahmid/crops/p03/p03_none_low_009.jpg,p03,none,low,0.8185174465179443,p03,0.570126,correct
4,/home/tahmid/crops/p03/p03_none_low_010.jpg,p03,none,low,0.810625433921814,p03,0.578604,correct
4,/home/tahmid/crops/p03/p03_none_low_011.jpg,p03,none,low,0.7368124723434448,p03,0.542037,correct
4,/home/tahmid/crops/p03/p03_none_low_012.jpg,p03,none,low,0.7101989984512329,p03,0.575095,correct
4,/home/tahmid/crops/p03/p03_none_low_013.jpg,p03,none,low,0.7305333614349365,p03,0.549567,correct
4,/home/tahmid/crops/p03/p03_none_regular_001.jpg,p03,none,regular,0.8564387559890747,p03,0.586448,correct
4,/home/tahmid/crops/p03/p03_none_regular_002.jpg,p03,none,regular,0.8825311064720154,p03,0.604767,correct
4,/home/tahmid/crops/p03/p03_none_regular_004.jpg,p03,none,regular,0.9035580158233643,p03,0.705294,correct
4,/home/tahmid/crops/p03/p03_none_regular_005.jpg,p03,none,regular,0.8134505748748779,p03,0.661420,correct
4,/home/tahmid/crops/p03/p03_none_regular_006.jpg,p03,none,regular,0.8460507392883301,p03,0.645037,correct
4,/home/tahmid/crops/p03/p03_none_regular_007.jpg,p03,none,regular,0.8465936183929443,p03,0.623038,correct
4,/home/tahmid/crops/p03/p03_none_regular_008.jpg,p03,none,regular,0.832641065120697,p03,0.558301,correct
4,/home/tahmid/crops/p03/p03_none_regular_009.jpg,p03,none,regular,0.8829057812690735,p03,0.559680,correct
4,/home/tahmid/crops/p03/p03_none_regular_010.jpg,p03,none,regular,0.8013136386871338,p03,0.597430,correct
4,/home/tahmid/crops/p03/p03_none_regular_011.jpg,p03,none,regular,0.850350022315979,p03,0.590893,correct
4,/home/tahmid/crops/p03/p03_none_regular_012.jpg,p03,none,regular,0.7649798393249512,p03,0.539702,correct
4,/home/tahmid/crops/p03/p03_none_regular_013.jpg,p03,none,regular,0.7527951002120972,p03,0.535506,correct
4,/home/tahmid/crops/p03/p03_scarf_low_001.jpg,p03,scarf,low,0.8504500985145569,p03,0.575492,correct
4,/home/tahmid/crops/p03/p03_scarf_low_002.jpg,p03,scarf,low,0.8558462858200073,p03,0.586572,correct
4,/home/tahmid/crops/p03/p03_scarf_low_003.jpg,p03,scarf,low,0.8711992502212524,p03,0.596693,correct
4,/home/tahmid/crops/p03/p03_scarf_low_004.jpg,p03,scarf,low,0.8590185642242432,p03,0.570961,correct
4,/home/tahmid/crops/p03/p03_scarf_low_005.jpg,p03,scarf,low,0.8285889029502869,p03,0.588902,correct
4,/home/tahmid/crops/p03/p03_scarf_low_006.jpg,p03,scarf,low,0.839922308921814,p03,0.568482,correct
4,/home/tahmid/crops/p03/p03_scarf_low_007.jpg,p03,scarf,low,0.7463665008544922,p03,0.507087,correct
4,/home/tahmid/crops/p03/p03_scarf_low_008.jpg,p03,scarf,low,0.7741001844406128,p03,0.500717,correct
4,/home/tahmid/crops/p03/p03_scarf_low_009.jpg,p03,scarf,low,0.7611361742019653,p03,0.507951,correct
4,/home/tahmid/crops/p03/p03_scarf_low_010.jpg,p03,scarf,low,0.7825286984443665,p03,0.434244,correct
4,/home/tahmid/crops/p03/p03_scarf_low_011.jpg,p03,scarf,low,0.8106836080551147,p03,0.427836,correct
4,/home/tahmid/crops/p03/p03_scarf_low_012.jpg,p03,scarf,low,0.8039485216140747,p03,0.415976,correct
4,/home/tahmid/crops/p03/p03_scarf_regular_001.jpg,p03,scarf,regular,0.8601851463317871,p03,0.594653,correct
4,/home/tahmid/crops/p03/p03_scarf_regular_002.jpg,p03,scarf,regular,0.8794476985931396,p03,0.603960,correct
4,/home/tahmid/crops/p03/p03_scarf_regular_003.jpg,p03,scarf,regular,0.8664790391921997,p03,0.562176,correct
4,/home/tahmid/crops/p03/p03_scarf_regular_004.jpg,p03,scarf,regular,0.8721058964729309,p03,0.565920,correct
4,/home/tahmid/crops/p03/p03_scarf_regular_005.jpg,p03,scarf,regular,0.8832465410232544,p03,0.546813,correct
4,/home/tahmid/crops/p03/p03_scarf_regular_006.jpg,p03,scarf,regular,0.8645399808883667,p03,0.518682,correct
4,/home/tahmid/crops/p03/p03_scarf_regular_007.jpg,p03,scarf,regular,0.8596959710121155,p03,0.509612,correct
4,/home/tahmid/crops/p03/p03_scarf_regular_008.jpg,p03,scarf,regular,0.8405076265335083,p03,0.531266,correct
4,/home/tahmid/crops/p03/p03_scarf_regular_009.jpg,p03,scarf,regular,0.7543739080429077,p03,0.468106,correct
4,/home/tahmid/crops/p03/p03_scarf_regular_010.jpg,p03,scarf,regular,0.7795521020889282,p03,0.500609,correct
4,/home/tahmid/crops/p03/p03_scarf_regular_011.jpg,p03,scarf,regular,0.7619588971138,p03,0.453814,correct
4,/home/tahmid/crops/p03/p03_scarf_regular_012.jpg,p03,scarf,regular,0.7260115742683411,p03,0.378076,correct
4,/home/tahmid/crops/p03/p03_scarf_regular_013.jpg,p03,scarf,regular,0.7401286363601685,p03,0.389433,correct
4,/home/tahmid/crops/p03/p03_sunglass_low_001.jpg,p03,sunglass,low,0.8660150766372681,p03,0.603169,correct
4,/home/tahmid/crops/p03/p03_sunglass_low_002.jpg,p03,sunglass,low,0.871696949005127,p03,0.550697,correct
4,/home/tahmid/crops/p03/p03_sunglass_low_003.jpg,p03,sunglass,low,0.7153196930885315,p03,0.443882,correct
4,/home/tahmid/crops/p03/p03_sunglass_low_004.jpg,p03,sunglass,low,0.6781966686248779,p03,0.443185,correct
4,/home/tahmid/crops/p03/p03_sunglass_low_005.jpg,p03,sunglass,low,0.6230816841125488,p03,0.434752,correct
4,/home/tahmid/crops/p03/p03_sunglass_low_006.jpg,p03,sunglass,low,0.7916026711463928,p03,0.495567,correct
4,/home/tahmid/crops/p03/p03_sunglass_low_007.jpg,p03,sunglass,low,0.8301378488540649,p03,0.490101,correct
4,/home/tahmid/crops/p03/p03_sunglass_low_008.jpg,p03,sunglass,low,0.6903455853462219,p03,0.445872,correct
4,/home/tahmid/crops/p03/p03_sunglass_low_009.jpg,p03,sunglass,low,0.6654828190803528,p03,0.415391,correct
4,/home/tahmid/crops/p03/p03_sunglass_low_010.jpg,p03,sunglass,low,0.6788684725761414,p03,0.415422,correct
4,/home/tahmid/crops/p03/p03_sunglass_low_011.jpg,p03,sunglass,low,0.8168478012084961,p03,0.437706,correct
4,/home/tahmid/crops/p03/p03_sunglass_low_012.jpg,p03,sunglass,low,0.7932237386703491,p03,0.435403,correct
4,/home/tahmid/crops/p03/p03_sunglass_low_013.jpg,p03,sunglass,low,0.761330246925354,p03,0.411033,correct
4,/home/tahmid/crops/p03/p03_sunglass_regular_001.jpg,p03,sunglass,regular,0.8745757341384888,p03,0.578720,correct
4,/home/tahmid/crops/p03/p03_sunglass_regular_002.jpg,p03,sunglass,regular,0.8619086742401123,p03,0.588851,correct
4,/home/tahmid/crops/p03/p03_sunglass_regular_003.jpg,p03,sunglass,regular,0.8397113084793091,p03,0.596429,correct
4,/home/tahmid/crops/p03/p03_sunglass_regular_004.jpg,p03,sunglass,regular,0.7180941700935364,p03,0.509471,correct
4,/home/tahmid/crops/p03/p03_sunglass_regular_005.jpg,p03,sunglass,regular,0.73323655128479,p03,0.472963,correct
4,/home/tahmid/crops/p03/p03_sunglass_regular_006.jpg,p03,sunglass,regular,0.7379710078239441,p03,0.453764,correct
4,/home/tahmid/crops/p03/p03_sunglass_regular_007.jpg,p03,sunglass,regular,0.8604832887649536,p03,0.532912,correct
4,/home/tahmid/crops/p03/p03_sunglass_regular_008.jpg,p03,sunglass,regular,0.8491723537445068,p03,0.512535,correct
4,/home/tahmid/crops/p03/p03_sunglass_regular_009.jpg,p03,sunglass,regular,0.8396793603897095,p03,0.523680,correct
4,/home/tahmid/crops/p03/p03_sunglass_regular_010.jpg,p03,sunglass,regular,0.675800085067749,p03,0.462795,correct
4,/home/tahmid/crops/p03/p03_sunglass_regular_011.jpg,p03,sunglass,regular,0.6978246569633484,p03,0.422132,correct
4,/home/tahmid/crops/p03/p03_sunglass_regular_012.jpg,p03,sunglass,regular,0.7631394863128662,p03,0.451768,correct
4,/home/tahmid/crops/p03/p03_sunglass_regular_013.jpg,p03,sunglass,regular,0.7887269258499146,p03,0.465636,correct
4,/home/tahmid/crops/p14/p14_cap_low_001.jpg,p14,cap,low,0.7363739013671875,p14,0.654452,correct
4,/home/tahmid/crops/p14/p14_cap_low_002.jpg,p14,cap,low,0.7957340478897095,p14,0.659052,correct
4,/home/tahmid/crops/p14/p14_cap_low_003.jpg,p14,cap,low,0.5757846236228943,p14,0.397710,correct
4,/home/tahmid/crops/p14/p14_cap_low_004.jpg,p14,cap,low,0.5754321813583374,p14,0.429668,correct
4,/home/tahmid/crops/p14/p14_cap_low_005.jpg,p14,cap,low,0.7371332049369812,p14,0.628512,correct
4,/home/tahmid/crops/p14/p14_cap_low_006.jpg,p14,cap,low,0.7762575745582581,p14,0.606298,correct
4,/home/tahmid/crops/p14/p14_cap_low_007.jpg,p14,cap,low,0.6880300641059875,p14,0.538923,correct
4,/home/tahmid/crops/p14/p14_cap_low_008.jpg,p14,cap,low,0.7058970928192139,p14,0.559579,correct
4,/home/tahmid/crops/p14/p14_cap_low_009.jpg,p14,cap,low,0.7188872694969177,p14,0.521215,correct
4,/home/tahmid/crops/p14/p14_cap_low_010.jpg,p14,cap,low,0.679463267326355,p14,0.552957,correct
4,/home/tahmid/crops/p14/p14_cap_regular_001.jpg,p14,cap,regular,0.7583647966384888,p14,0.657520,correct
4,/home/tahmid/crops/p14/p14_cap_regular_002.jpg,p14,cap,regular,0.8261572122573853,p14,0.653802,correct
4,/home/tahmid/crops/p14/p14_cap_regular_003.jpg,p14,cap,regular,0.6173693537712097,p14,0.457237,correct
4,/home/tahmid/crops/p14/p14_cap_regular_004.jpg,p14,cap,regular,0.5958746671676636,p14,0.412711,correct
4,/home/tahmid/crops/p14/p14_cap_regular_005.jpg,p14,cap,regular,0.7646816372871399,p14,0.623780,correct
4,/home/tahmid/crops/p14/p14_cap_regular_006.jpg,p14,cap,regular,0.8076620101928711,p14,0.602589,correct
4,/home/tahmid/crops/p14/p14_cap_regular_007.jpg,p14,cap,regular,0.6826919317245483,p14,0.536341,correct
4,/home/tahmid/crops/p14/p14_cap_regular_008.jpg,p14,cap,regular,0.7048285007476807,p14,0.541077,correct
4,/home/tahmid/crops/p14/p14_cap_regular_009.jpg,p14,cap,regular,0.63408362865448,p14,0.491843,correct
4,/home/tahmid/crops/p14/p14_cap_regular_010.jpg,p14,cap,regular,0.629169762134552,p14,0.538061,correct
4,/home/tahmid/crops/p14/p14_clearglass_low_001.jpg,p14,clearglass,low,0.7962746620178223,p14,0.629879,correct
4,/home/tahmid/crops/p14/p14_clearglass_low_002.jpg,p14,clearglass,low,0.8083474040031433,p14,0.641732,correct
4,/home/tahmid/crops/p14/p14_clearglass_low_003.jpg,p14,clearglass,low,0.6857713460922241,p14,0.447448,correct
4,/home/tahmid/crops/p14/p14_clearglass_low_004.jpg,p14,clearglass,low,0.6774111986160278,p14,0.499418,correct
4,/home/tahmid/crops/p14/p14_clearglass_low_005.jpg,p14,clearglass,low,0.8242962956428528,p14,0.555046,correct
4,/home/tahmid/crops/p14/p14_clearglass_low_006.jpg,p14,clearglass,low,0.8188418745994568,p14,0.553849,correct
4,/home/tahmid/crops/p14/p14_clearglass_low_007.jpg,p14,clearglass,low,0.6728872060775757,p14,0.453639,correct
4,/home/tahmid/crops/p14/p14_clearglass_low_008.jpg,p14,clearglass,low,0.7264329791069031,p14,0.475939,correct
4,/home/tahmid/crops/p14/p14_clearglass_low_009.jpg,p14,clearglass,low,0.7273231744766235,p14,0.453050,correct
4,/home/tahmid/crops/p14/p14_clearglass_low_010.jpg,p14,clearglass,low,0.7341016530990601,p14,0.480110,correct
4,/home/tahmid/crops/p14/p14_clearglass_regular_001.jpg,p14,clearglass,regular,0.827630877494812,p14,0.627957,correct
4,/home/tahmid/crops/p14/p14_clearglass_regular_002.jpg,p14,clearglass,regular,0.8231920003890991,p14,0.630016,correct
4,/home/tahmid/crops/p14/p14_clearglass_regular_003.jpg,p14,clearglass,regular,0.6946051716804504,p14,0.456358,correct
4,/home/tahmid/crops/p14/p14_clearglass_regular_004.jpg,p14,clearglass,regular,0.6682175993919373,p14,0.526100,correct
4,/home/tahmid/crops/p14/p14_clearglass_regular_005.jpg,p14,clearglass,regular,0.8365837931632996,p14,0.542186,correct
4,/home/tahmid/crops/p14/p14_clearglass_regular_006.jpg,p14,clearglass,regular,0.8347445726394653,p14,0.568247,correct
4,/home/tahmid/crops/p14/p14_clearglass_regular_007.jpg,p14,clearglass,regular,0.6821829080581665,p14,0.498057,correct
4,/home/tahmid/crops/p14/p14_clearglass_regular_008.jpg,p14,clearglass,regular,0.7223395109176636,p14,0.478496,correct
4,/home/tahmid/crops/p14/p14_clearglass_regular_009.jpg,p14,clearglass,regular,0.7222215533256531,p14,0.464291,correct
4,/home/tahmid/crops/p14/p14_clearglass_regular_010.jpg,p14,clearglass,regular,0.7175767421722412,p14,0.462946,correct
4,/home/tahmid/crops/p14/p14_mask_clearglass_low_001.jpg,p14,mask_clearglass,low,0.7813940048217773,p14,0.416827,correct
4,/home/tahmid/crops/p14/p14_mask_clearglass_low_002.jpg,p14,mask_clearglass,low,0.7202954292297363,p14,0.394463,correct
4,/home/tahmid/crops/p14/p14_mask_clearglass_low_003.jpg,p14,mask_clearglass,low,0.7483558654785156,p14,0.259106,rejected
4,/home/tahmid/crops/p14/p14_mask_clearglass_low_004.jpg,p14,mask_clearglass,low,0.7553979158401489,p14,0.284467,rejected
4,/home/tahmid/crops/p14/p14_mask_clearglass_low_005.jpg,p14,mask_clearglass,low,0.47892919182777405,p14,0.271387,rejected
4,/home/tahmid/crops/p14/p14_mask_clearglass_low_006.jpg,p14,mask_clearglass,low,0.48319607973098755,p20,0.204230,rejected
4,/home/tahmid/crops/p14/p14_mask_clearglass_low_007.jpg,p14,mask_clearglass,low,0.5860301852226257,p14,0.249593,rejected
4,/home/tahmid/crops/p14/p14_mask_clearglass_low_008.jpg,p14,mask_clearglass,low,0.6296706795692444,p14,0.292912,rejected
4,/home/tahmid/crops/p14/p14_mask_clearglass_low_009.jpg,p14,mask_clearglass,low,0.669965386390686,p14,0.206235,rejected
4,/home/tahmid/crops/p14/p14_mask_clearglass_low_010.jpg,p14,mask_clearglass,low,0.5549437403678894,p16,0.140533,rejected
4,/home/tahmid/crops/p14/p14_mask_clearglass_regular_001.jpg,p14,mask_clearglass,regular,0.8054829835891724,p14,0.417750,correct
4,/home/tahmid/crops/p14/p14_mask_clearglass_regular_002.jpg,p14,mask_clearglass,regular,0.7491148114204407,p14,0.419029,correct
4,/home/tahmid/crops/p14/p14_mask_clearglass_regular_003.jpg,p14,mask_clearglass,regular,0.7479087114334106,p14,0.234933,rejected
4,/home/tahmid/crops/p14/p14_mask_clearglass_regular_004.jpg,p14,mask_clearglass,regular,0.7521767020225525,p14,0.280056,rejected
4,/home/tahmid/crops/p14/p14_mask_clearglass_regular_005.jpg,p14,mask_clearglass,regular,0.5172159671783447,p16,0.250150,rejected
4,/home/tahmid/crops/p14/p14_mask_clearglass_regular_006.jpg,p14,mask_clearglass,regular,0.4779673218727112,p14,0.212143,rejected
4,/home/tahmid/crops/p14/p14_mask_clearglass_regular_007.jpg,p14,mask_clearglass,regular,0.5944012403488159,p14,0.281956,rejected
4,/home/tahmid/crops/p14/p14_mask_clearglass_regular_008.jpg,p14,mask_clearglass,regular,0.5908840894699097,p14,0.253821,rejected
4,/home/tahmid/crops/p14/p14_mask_clearglass_regular_009.jpg,p14,mask_clearglass,regular,0.6356604099273682,p14,0.269162,rejected
4,/home/tahmid/crops/p14/p14_mask_clearglass_regular_010.jpg,p14,mask_clearglass,regular,0.5525705218315125,p14,0.262240,rejected
4,/home/tahmid/crops/p14/p14_mask_low_001.jpg,p14,mask,low,0.7193030118942261,p14,0.537130,correct
4,/home/tahmid/crops/p14/p14_mask_low_002.jpg,p14,mask,low,0.8112591505050659,p14,0.530349,correct
4,/home/tahmid/crops/p14/p14_mask_low_003.jpg,p14,mask,low,0.7798869609832764,p14,0.430681,correct
4,/home/tahmid/crops/p14/p14_mask_low_004.jpg,p14,mask,low,0.7675835490226746,p14,0.416746,correct
4,/home/tahmid/crops/p14/p14_mask_low_006.jpg,p14,mask,low,0.40939974784851074,p14,0.250071,rejected
4,/home/tahmid/crops/p14/p14_mask_low_007.jpg,p14,mask,low,0.860283613204956,p14,0.478325,correct
4,/home/tahmid/crops/p14/p14_mask_low_008.jpg,p14,mask,low,0.7931647896766663,p14,0.403752,correct
4,/home/tahmid/crops/p14/p14_mask_low_009.jpg,p14,mask,low,0.5494384765625,p16,0.171076,rejected
4,/home/tahmid/crops/p14/p14_mask_low_010.jpg,p14,mask,low,0.7172908782958984,p14,0.353154,correct
4,/home/tahmid/crops/p14/p14_mask_low_011.jpg,p14,mask,low,0.6525274515151978,p14,0.333869,correct
4,/home/tahmid/crops/p14/p14_mask_low_012.jpg,p14,mask,low,0.5561423897743225,p14,0.262684,rejected
4,/home/tahmid/crops/p14/p14_mask_low_013.jpg,p14,mask,low,0.64435875415802,p16,0.196619,rejected
4,/home/tahmid/crops/p14/p14_mask_low_014.jpg,p14,mask,low,0.6404483318328857,p16,0.157581,rejected
4,/home/tahmid/crops/p14/p14_mask_low_015.jpg,p14,mask,low,0.5990228056907654,p16,0.184861,rejected
4,/home/tahmid/crops/p14/p14_mask_regular_001.jpg,p14,mask,regular,0.7324843406677246,p14,0.550445,correct
4,/home/tahmid/crops/p14/p14_mask_regular_002.jpg,p14,mask,regular,0.8022150993347168,p14,0.530412,correct
4,/home/tahmid/crops/p14/p14_mask_regular_003.jpg,p14,mask,regular,0.7505499720573425,p14,0.448247,correct
4,/home/tahmid/crops/p14/p14_mask_regular_004.jpg,p14,mask,regular,0.7976316809654236,p14,0.447640,correct
4,/home/tahmid/crops/p14/p14_mask_regular_005.jpg,p14,mask,regular,0.6494861841201782,p14,0.372356,correct
4,/home/tahmid/crops/p14/p14_mask_regular_006.jpg,p14,mask,regular,0.7202303409576416,p14,0.313871,correct
4,/home/tahmid/crops/p14/p14_mask_regular_007.jpg,p14,mask,regular,0.8365796804428101,p14,0.496769,correct
4,/home/tahmid/crops/p14/p14_mask_regular_008.jpg,p14,mask,regular,0.7697551250457764,p14,0.449833,correct
4,/home/tahmid/crops/p14/p14_mask_regular_009.jpg,p14,mask,regular,0.7265828847885132,p14,0.343160,correct
4,/home/tahmid/crops/p14/p14_mask_regular_010.jpg,p14,mask,regular,0.7090047001838684,p14,0.380863,correct
4,/home/tahmid/crops/p14/p14_mask_regular_011.jpg,p14,mask,regular,0.6708863973617554,p14,0.351546,correct
4,/home/tahmid/crops/p14/p14_mask_regular_012.jpg,p14,mask,regular,0.5716615915298462,p14,0.284453,rejected
4,/home/tahmid/crops/p14/p14_mask_regular_013.jpg,p14,mask,regular,0.6869769096374512,p14,0.305104,correct
4,/home/tahmid/crops/p14/p14_mask_regular_014.jpg,p14,mask,regular,0.6457582712173462,p14,0.325029,correct
4,/home/tahmid/crops/p14/p14_mask_regular_015.jpg,p14,mask,regular,0.6669232845306396,p14,0.353595,correct
4,/home/tahmid/crops/p14/p14_mask_sunglass_low_001.jpg,p14,mask_sunglass,low,0.8374698162078857,p14,0.315972,correct
4,/home/tahmid/crops/p14/p14_mask_sunglass_low_002.jpg,p14,mask_sunglass,low,0.7833478450775146,p14,0.221923,rejected
4,/home/tahmid/crops/p14/p14_mask_sunglass_low_003.jpg,p14,mask_sunglass,low,0.7949549555778503,p14,0.250978,rejected
4,/home/tahmid/crops/p14/p14_mask_sunglass_low_004.jpg,p14,mask_sunglass,low,0.6928343772888184,p14,0.167272,rejected
4,/home/tahmid/crops/p14/p14_mask_sunglass_low_005.jpg,p14,mask_sunglass,low,0.7148670554161072,p14,0.181508,rejected
4,/home/tahmid/crops/p14/p14_mask_sunglass_low_006.jpg,p14,mask_sunglass,low,0.6881424784660339,p15,0.193007,rejected
4,/home/tahmid/crops/p14/p14_mask_sunglass_low_007.jpg,p14,mask_sunglass,low,0.380357950925827,p07,0.172021,rejected
4,/home/tahmid/crops/p14/p14_mask_sunglass_low_008.jpg,p14,mask_sunglass,low,0.3073124885559082,p07,0.152862,rejected
4,/home/tahmid/crops/p14/p14_mask_sunglass_low_010.jpg,p14,mask_sunglass,low,0.6188417673110962,p16,0.158102,rejected
4,/home/tahmid/crops/p14/p14_mask_sunglass_low_011.jpg,p14,mask_sunglass,low,0.6948283910751343,p04,0.124118,rejected
4,/home/tahmid/crops/p14/p14_mask_sunglass_low_012.jpg,p14,mask_sunglass,low,0.6303465962409973,p25,0.157619,rejected
4,/home/tahmid/crops/p14/p14_mask_sunglass_low_013.jpg,p14,mask_sunglass,low,0.5600792169570923,p13,0.179664,rejected
4,/home/tahmid/crops/p14/p14_mask_sunglass_low_014.jpg,p14,mask_sunglass,low,0.5487680435180664,p16,0.174416,rejected
4,/home/tahmid/crops/p14/p14_mask_sunglass_low_015.jpg,p14,mask_sunglass,low,0.6977946162223816,p16,0.162831,rejected
4,/home/tahmid/crops/p14/p14_mask_sunglass_regular_001.jpg,p14,mask_sunglass,regular,0.8411574959754944,p14,0.316358,correct
4,/home/tahmid/crops/p14/p14_mask_sunglass_regular_002.jpg,p14,mask_sunglass,regular,0.8049416542053223,p14,0.296146,rejected
4,/home/tahmid/crops/p14/p14_mask_sunglass_regular_003.jpg,p14,mask_sunglass,regular,0.7820132374763489,p14,0.293680,rejected
4,/home/tahmid/crops/p14/p14_mask_sunglass_regular_004.jpg,p14,mask_sunglass,regular,0.6930013298988342,p15,0.209963,rejected
4,/home/tahmid/crops/p14/p14_mask_sunglass_regular_005.jpg,p14,mask_sunglass,regular,0.715118408203125,p14,0.193039,rejected
4,/home/tahmid/crops/p14/p14_mask_sunglass_regular_006.jpg,p14,mask_sunglass,regular,0.7201688289642334,p30,0.229160,rejected
4,/home/tahmid/crops/p14/p14_mask_sunglass_regular_009.jpg,p14,mask_sunglass,regular,0.30444610118865967,p20,0.160900,rejected
4,/home/tahmid/crops/p14/p14_mask_sunglass_regular_010.jpg,p14,mask_sunglass,regular,0.5294903516769409,p16,0.176188,rejected
4,/home/tahmid/crops/p14/p14_mask_sunglass_regular_011.jpg,p14,mask_sunglass,regular,0.6409647464752197,p25,0.158349,rejected
4,/home/tahmid/crops/p14/p14_mask_sunglass_regular_012.jpg,p14,mask_sunglass,regular,0.6616666316986084,p25,0.175291,rejected
4,/home/tahmid/crops/p14/p14_mask_sunglass_regular_013.jpg,p14,mask_sunglass,regular,0.5499852895736694,p04,0.185995,rejected
4,/home/tahmid/crops/p14/p14_mask_sunglass_regular_014.jpg,p14,mask_sunglass,regular,0.5481332540512085,p16,0.158052,rejected
4,/home/tahmid/crops/p14/p14_mask_sunglass_regular_015.jpg,p14,mask_sunglass,regular,0.7064663171768188,p16,0.211807,rejected
4,/home/tahmid/crops/p14/p14_none_low_004.jpg,p14,none,low,0.8017944097518921,p14,0.554558,correct
4,/home/tahmid/crops/p14/p14_none_low_005.jpg,p14,none,low,0.8347570300102234,p14,0.547597,correct
4,/home/tahmid/crops/p14/p14_none_low_006.jpg,p14,none,low,0.8166420459747314,p14,0.517628,correct
4,/home/tahmid/crops/p14/p14_none_low_007.jpg,p14,none,low,0.7619820237159729,p14,0.518272,correct
4,/home/tahmid/crops/p14/p14_none_low_008.jpg,p14,none,low,0.8072963953018188,p14,0.490191,correct
4,/home/tahmid/crops/p14/p14_none_low_009.jpg,p14,none,low,0.8064711093902588,p14,0.494486,correct
4,/home/tahmid/crops/p14/p14_none_low_010.jpg,p14,none,low,0.7539897561073303,p14,0.575680,correct
4,/home/tahmid/crops/p14/p14_none_low_011.jpg,p14,none,low,0.7717002630233765,p14,0.555165,correct
4,/home/tahmid/crops/p14/p14_none_low_012.jpg,p14,none,low,0.7572649121284485,p14,0.567881,correct
4,/home/tahmid/crops/p14/p14_none_low_013.jpg,p14,none,low,0.8383042812347412,p14,0.557942,correct
4,/home/tahmid/crops/p14/p14_none_low_014.jpg,p14,none,low,0.833048939704895,p14,0.544641,correct
4,/home/tahmid/crops/p14/p14_none_low_015.jpg,p14,none,low,0.8255729675292969,p14,0.547792,correct
4,/home/tahmid/crops/p14/p14_none_regular_004.jpg,p14,none,regular,0.7914472818374634,p14,0.545770,correct
4,/home/tahmid/crops/p14/p14_none_regular_005.jpg,p14,none,regular,0.828781008720398,p14,0.521830,correct
4,/home/tahmid/crops/p14/p14_none_regular_006.jpg,p14,none,regular,0.82405686378479,p14,0.541799,correct
4,/home/tahmid/crops/p14/p14_none_regular_007.jpg,p14,none,regular,0.7886130809783936,p14,0.518385,correct
4,/home/tahmid/crops/p14/p14_none_regular_008.jpg,p14,none,regular,0.8306190967559814,p14,0.508387,correct
4,/home/tahmid/crops/p14/p14_none_regular_009.jpg,p14,none,regular,0.8378527164459229,p14,0.509108,correct
4,/home/tahmid/crops/p14/p14_none_regular_010.jpg,p14,none,regular,0.7451779246330261,p14,0.565910,correct
4,/home/tahmid/crops/p14/p14_none_regular_011.jpg,p14,none,regular,0.7514144778251648,p14,0.588016,correct
4,/home/tahmid/crops/p14/p14_none_regular_012.jpg,p14,none,regular,0.7470453977584839,p14,0.575950,correct
4,/home/tahmid/crops/p14/p14_none_regular_013.jpg,p14,none,regular,0.8548569083213806,p14,0.543594,correct
4,/home/tahmid/crops/p14/p14_none_regular_014.jpg,p14,none,regular,0.8461771607398987,p14,0.537617,correct
4,/home/tahmid/crops/p14/p14_none_regular_015.jpg,p14,none,regular,0.8172848224639893,p14,0.539833,correct
4,/home/tahmid/crops/p14/p14_scarf_low_001.jpg,p14,scarf,low,0.7797102928161621,p14,0.483292,correct
4,/home/tahmid/crops/p14/p14_scarf_low_002.jpg,p14,scarf,low,0.8189353942871094,p14,0.491401,correct
4,/home/tahmid/crops/p14/p14_scarf_low_003.jpg,p14,scarf,low,0.6489291191101074,p14,0.323791,correct
4,/home/tahmid/crops/p14/p14_scarf_low_004.jpg,p14,scarf,low,0.6762382984161377,p14,0.319980,correct
4,/home/tahmid/crops/p14/p14_scarf_low_005.jpg,p14,scarf,low,0.7451894283294678,p14,0.370956,correct
4,/home/tahmid/crops/p14/p14_scarf_low_006.jpg,p14,scarf,low,0.7666355967521667,p14,0.404336,correct
4,/home/tahmid/crops/p14/p14_scarf_low_007.jpg,p14,scarf,low,0.6481987833976746,p14,0.349840,correct
4,/home/tahmid/crops/p14/p14_scarf_low_008.jpg,p14,scarf,low,0.5708774924278259,p14,0.332914,correct
4,/home/tahmid/crops/p14/p14_scarf_low_009.jpg,p14,scarf,low,0.6729777455329895,p14,0.485954,correct
4,/home/tahmid/crops/p14/p14_scarf_low_010.jpg,p14,scarf,low,0.665791928768158,p14,0.491209,correct
4,/home/tahmid/crops/p14/p14_scarf_regular_001.jpg,p14,scarf,regular,0.7494008541107178,p14,0.526286,correct
4,/home/tahmid/crops/p14/p14_scarf_regular_002.jpg,p14,scarf,regular,0.8456385135650635,p14,0.526101,correct
4,/home/tahmid/crops/p14/p14_scarf_regular_003.jpg,p14,scarf,regular,0.5912402868270874,p14,0.308776,correct
4,/home/tahmid/crops/p14/p14_scarf_regular_004.jpg,p14,scarf,regular,0.6717361211776733,p14,0.428278,correct
4,/home/tahmid/crops/p14/p14_scarf_regular_005.jpg,p14,scarf,regular,0.7454689145088196,p14,0.437349,correct
4,/home/tahmid/crops/p14/p14_scarf_regular_006.jpg,p14,scarf,regular,0.7699057459831238,p14,0.426517,correct
4,/home/tahmid/crops/p14/p14_scarf_regular_007.jpg,p14,scarf,regular,0.6351630091667175,p14,0.508021,correct
4,/home/tahmid/crops/p14/p14_scarf_regular_008.jpg,p14,scarf,regular,0.6426458954811096,p14,0.482406,correct
4,/home/tahmid/crops/p14/p14_scarf_regular_009.jpg,p14,scarf,regular,0.6902800798416138,p14,0.507122,correct
4,/home/tahmid/crops/p14/p14_scarf_regular_010.jpg,p14,scarf,regular,0.7380223274230957,p14,0.476413,correct
4,/home/tahmid/crops/p14/p14_sunglass_low_001.jpg,p14,sunglass,low,0.791211724281311,p14,0.521727,correct
4,/home/tahmid/crops/p14/p14_sunglass_low_002.jpg,p14,sunglass,low,0.8322032690048218,p14,0.512747,correct
4,/home/tahmid/crops/p14/p14_sunglass_low_003.jpg,p14,sunglass,low,0.6489604711532593,p14,0.307371,correct
4,/home/tahmid/crops/p14/p14_sunglass_low_004.jpg,p14,sunglass,low,0.6379850506782532,p14,0.420108,correct
4,/home/tahmid/crops/p14/p14_sunglass_low_005.jpg,p14,sunglass,low,0.8192062377929688,p14,0.508908,correct
4,/home/tahmid/crops/p14/p14_sunglass_low_006.jpg,p14,sunglass,low,0.864929735660553,p14,0.495365,correct
4,/home/tahmid/crops/p14/p14_sunglass_low_007.jpg,p14,sunglass,low,0.7577387094497681,p14,0.442599,correct
4,/home/tahmid/crops/p14/p14_sunglass_low_008.jpg,p14,sunglass,low,0.7409473657608032,p14,0.457778,correct
4,/home/tahmid/crops/p14/p14_sunglass_low_009.jpg,p14,sunglass,low,0.7600211501121521,p14,0.481177,correct
4,/home/tahmid/crops/p14/p14_sunglass_low_010.jpg,p14,sunglass,low,0.7357551455497742,p14,0.465757,correct
4,/home/tahmid/crops/p14/p14_sunglass_low_011.jpg,p14,sunglass,low,0.8284329771995544,p14,0.532822,correct
4,/home/tahmid/crops/p14/p14_sunglass_low_012.jpg,p14,sunglass,low,0.6637061834335327,p14,0.407309,correct
4,/home/tahmid/crops/p14/p14_sunglass_low_013.jpg,p14,sunglass,low,0.7994769811630249,p14,0.465788,correct
4,/home/tahmid/crops/p14/p14_sunglass_low_014.jpg,p14,sunglass,low,0.7218015193939209,p14,0.420653,correct
4,/home/tahmid/crops/p14/p14_sunglass_low_015.jpg,p14,sunglass,low,0.7497619390487671,p14,0.496798,correct
4,/home/tahmid/crops/p14/p14_sunglass_regular_001.jpg,p14,sunglass,regular,0.7911503314971924,p14,0.554621,correct
4,/home/tahmid/crops/p14/p14_sunglass_regular_002.jpg,p14,sunglass,regular,0.8077377080917358,p14,0.571532,correct
4,/home/tahmid/crops/p14/p14_sunglass_regular_003.jpg,p14,sunglass,regular,0.7023525834083557,p14,0.356396,correct
4,/home/tahmid/crops/p14/p14_sunglass_regular_004.jpg,p14,sunglass,regular,0.6676416397094727,p14,0.452175,correct
4,/home/tahmid/crops/p14/p14_sunglass_regular_005.jpg,p14,sunglass,regular,0.8158855438232422,p14,0.522937,correct
4,/home/tahmid/crops/p14/p14_sunglass_regular_006.jpg,p14,sunglass,regular,0.8584938049316406,p14,0.532694,correct
4,/home/tahmid/crops/p14/p14_sunglass_regular_007.jpg,p14,sunglass,regular,0.7503699064254761,p14,0.462382,correct
4,/home/tahmid/crops/p14/p14_sunglass_regular_008.jpg,p14,sunglass,regular,0.7249464988708496,p14,0.467508,correct
4,/home/tahmid/crops/p14/p14_sunglass_regular_009.jpg,p14,sunglass,regular,0.7591789960861206,p14,0.484300,correct
4,/home/tahmid/crops/p14/p14_sunglass_regular_010.jpg,p14,sunglass,regular,0.7452176213264465,p14,0.492413,correct
4,/home/tahmid/crops/p14/p14_sunglass_regular_011.jpg,p14,sunglass,regular,0.8272362947463989,p14,0.570324,correct
4,/home/tahmid/crops/p14/p14_sunglass_regular_012.jpg,p14,sunglass,regular,0.7238790392875671,p14,0.427330,correct
4,/home/tahmid/crops/p14/p14_sunglass_regular_013.jpg,p14,sunglass,regular,0.8212107419967651,p14,0.495609,correct
4,/home/tahmid/crops/p14/p14_sunglass_regular_014.jpg,p14,sunglass,regular,0.707965075969696,p14,0.421421,correct
4,/home/tahmid/crops/p14/p14_sunglass_regular_015.jpg,p14,sunglass,regular,0.7494692802429199,p14,0.481579,correct
4,/home/tahmid/crops/p19/p19_cap_low_001.jpg,p19,cap,low,0.673506498336792,p19,0.491443,correct
4,/home/tahmid/crops/p19/p19_cap_low_002.jpg,p19,cap,low,0.7120894193649292,p19,0.520870,correct
4,/home/tahmid/crops/p19/p19_cap_low_003.jpg,p19,cap,low,0.7316860556602478,p19,0.515791,correct
4,/home/tahmid/crops/p19/p19_cap_low_004.jpg,p19,cap,low,0.7650365829467773,p19,0.461974,correct
4,/home/tahmid/crops/p19/p19_cap_low_005.jpg,p19,cap,low,0.7553073763847351,p19,0.492033,correct
4,/home/tahmid/crops/p19/p19_cap_low_006.jpg,p19,cap,low,0.7666467428207397,p19,0.473626,correct
4,/home/tahmid/crops/p19/p19_cap_low_007.jpg,p19,cap,low,0.6046053171157837,p01,0.266825,rejected
4,/home/tahmid/crops/p19/p19_cap_low_008.jpg,p19,cap,low,0.5975265502929688,p01,0.327038,misidentified
4,/home/tahmid/crops/p19/p19_cap_low_009.jpg,p19,cap,low,0.5704895257949829,p01,0.303998,misidentified
4,/home/tahmid/crops/p19/p19_cap_low_010.jpg,p19,cap,low,0.7269918918609619,p19,0.406898,correct
4,/home/tahmid/crops/p19/p19_cap_low_011.jpg,p19,cap,low,0.726313591003418,p19,0.391669,correct
4,/home/tahmid/crops/p19/p19_cap_low_012.jpg,p19,cap,low,0.7400974631309509,p19,0.425006,correct
4,/home/tahmid/crops/p19/p19_cap_regular_001.jpg,p19,cap,regular,0.7656533718109131,p19,0.503980,correct
4,/home/tahmid/crops/p19/p19_cap_regular_002.jpg,p19,cap,regular,0.8223088979721069,p19,0.542900,correct
4,/home/tahmid/crops/p19/p19_cap_regular_003.jpg,p19,cap,regular,0.7420968413352966,p19,0.463590,correct
4,/home/tahmid/crops/p19/p19_cap_regular_004.jpg,p19,cap,regular,0.7999019622802734,p19,0.494621,correct
4,/home/tahmid/crops/p19/p19_cap_regular_005.jpg,p19,cap,regular,0.7407344579696655,p19,0.489115,correct
4,/home/tahmid/crops/p19/p19_cap_regular_006.jpg,p19,cap,regular,0.7795078754425049,p19,0.475434,correct
4,/home/tahmid/crops/p19/p19_cap_regular_007.jpg,p19,cap,regular,0.803917407989502,p19,0.503003,correct
4,/home/tahmid/crops/p19/p19_cap_regular_008.jpg,p19,cap,regular,0.7462036609649658,p19,0.475367,correct
4,/home/tahmid/crops/p19/p19_cap_regular_009.jpg,p19,cap,regular,0.6234772801399231,p19,0.300509,correct
4,/home/tahmid/crops/p19/p19_cap_regular_010.jpg,p19,cap,regular,0.5898250341415405,p19,0.316864,correct
4,/home/tahmid/crops/p19/p19_cap_regular_011.jpg,p19,cap,regular,0.6453908085823059,p19,0.306131,correct
4,/home/tahmid/crops/p19/p19_cap_regular_012.jpg,p19,cap,regular,0.8174771070480347,p19,0.405178,correct
4,/home/tahmid/crops/p19/p19_cap_regular_013.jpg,p19,cap,regular,0.8309094309806824,p19,0.405457,correct
4,/home/tahmid/crops/p19/p19_cap_regular_014.jpg,p19,cap,regular,0.8095201253890991,p19,0.403643,correct
4,/home/tahmid/crops/p19/p19_clearglass_low_001.jpg,p19,clearglass,low,0.7297782897949219,p19,0.482199,correct
4,/home/tahmid/crops/p19/p19_clearglass_low_002.jpg,p19,clearglass,low,0.760157585144043,p19,0.547927,correct
4,/home/tahmid/crops/p19/p19_clearglass_low_003.jpg,p19,clearglass,low,0.7315905690193176,p19,0.540223,correct
4,/home/tahmid/crops/p19/p19_clearglass_low_004.jpg,p19,clearglass,low,0.7225826382637024,p19,0.558922,correct
4,/home/tahmid/crops/p19/p19_clearglass_low_005.jpg,p19,clearglass,low,0.8063212633132935,p19,0.479154,correct
4,/home/tahmid/crops/p19/p19_clearglass_low_006.jpg,p19,clearglass,low,0.789215087890625,p19,0.494072,correct
4,/home/tahmid/crops/p19/p19_clearglass_low_007.jpg,p19,clearglass,low,0.7731833457946777,p19,0.501175,correct
4,/home/tahmid/crops/p19/p19_clearglass_regular_001.jpg,p19,clearglass,regular,0.7987285256385803,p19,0.613171,correct
4,/home/tahmid/crops/p19/p19_clearglass_regular_002.jpg,p19,clearglass,regular,0.7307520508766174,p19,0.509716,correct
4,/home/tahmid/crops/p19/p19_clearglass_regular_003.jpg,p19,clearglass,regular,0.773878812789917,p19,0.498790,correct
4,/home/tahmid/crops/p19/p19_clearglass_regular_004.jpg,p19,clearglass,regular,0.8001726865768433,p19,0.505773,correct
4,/home/tahmid/crops/p19/p19_clearglass_regular_005.jpg,p19,clearglass,regular,0.8099687099456787,p19,0.479738,correct
4,/home/tahmid/crops/p19/p19_mask_clearglass_low_001.jpg,p19,mask_clearglass,low,0.7668862342834473,p19,0.464296,correct
4,/home/tahmid/crops/p19/p19_mask_clearglass_low_002.jpg,p19,mask_clearglass,low,0.7545242309570312,p19,0.471880,correct
4,/home/tahmid/crops/p19/p19_mask_clearglass_low_003.jpg,p19,mask_clearglass,low,0.7748740911483765,p19,0.463190,correct
4,/home/tahmid/crops/p19/p19_mask_clearglass_low_004.jpg,p19,mask_clearglass,low,0.6748852729797363,p19,0.403453,correct
4,/home/tahmid/crops/p19/p19_mask_clearglass_low_005.jpg,p19,mask_clearglass,low,0.6445366144180298,p19,0.367815,correct
4,/home/tahmid/crops/p19/p19_mask_clearglass_low_006.jpg,p19,mask_clearglass,low,0.639624297618866,p19,0.368405,correct
4,/home/tahmid/crops/p19/p19_mask_clearglass_low_007.jpg,p19,mask_clearglass,low,0.7004772424697876,p19,0.351196,correct
4,/home/tahmid/crops/p19/p19_mask_clearglass_low_008.jpg,p19,mask_clearglass,low,0.6794602870941162,p19,0.401917,correct
4,/home/tahmid/crops/p19/p19_mask_clearglass_low_009.jpg,p19,mask_clearglass,low,0.7017010450363159,p19,0.368111,correct
4,/home/tahmid/crops/p19/p19_mask_clearglass_low_010.jpg,p19,mask_clearglass,low,0.7189444899559021,p19,0.429615,correct
4,/home/tahmid/crops/p19/p19_mask_clearglass_low_011.jpg,p19,mask_clearglass,low,0.7171034216880798,p19,0.430343,correct
4,/home/tahmid/crops/p19/p19_mask_clearglass_low_012.jpg,p19,mask_clearglass,low,0.6945101022720337,p19,0.379886,correct
4,/home/tahmid/crops/p19/p19_mask_clearglass_low_013.jpg,p19,mask_clearglass,low,0.6880216002464294,p19,0.395109,correct
4,/home/tahmid/crops/p19/p19_mask_clearglass_low_014.jpg,p19,mask_clearglass,low,0.680080771446228,p19,0.427685,correct
4,/home/tahmid/crops/p19/p19_mask_clearglass_low_015.jpg,p19,mask_clearglass,low,0.7766122817993164,p19,0.409662,correct
4,/home/tahmid/crops/p19/p19_mask_clearglass_regular_001.jpg,p19,mask_clearglass,regular,0.7460768222808838,p19,0.421252,correct
4,/home/tahmid/crops/p19/p19_mask_clearglass_regular_002.jpg,p19,mask_clearglass,regular,0.7745081186294556,p19,0.467001,correct
4,/home/tahmid/crops/p19/p19_mask_clearglass_regular_003.jpg,p19,mask_clearglass,regular,0.8153512477874756,p19,0.432065,correct
4,/home/tahmid/crops/p19/p19_mask_clearglass_regular_004.jpg,p19,mask_clearglass,regular,0.8023372888565063,p19,0.464870,correct
4,/home/tahmid/crops/p19/p19_mask_clearglass_regular_005.jpg,p19,mask_clearglass,regular,0.6933108568191528,p19,0.370322,correct
4,/home/tahmid/crops/p19/p19_mask_clearglass_regular_006.jpg,p19,mask_clearglass,regular,0.683565616607666,p19,0.346416,correct
4,/home/tahmid/crops/p19/p19_mask_clearglass_regular_007.jpg,p19,mask_clearglass,regular,0.687511146068573,p19,0.389776,correct
4,/home/tahmid/crops/p19/p19_mask_clearglass_regular_008.jpg,p19,mask_clearglass,regular,0.6611533164978027,p19,0.352344,correct
4,/home/tahmid/crops/p19/p19_mask_clearglass_regular_009.jpg,p19,mask_clearglass,regular,0.6455591320991516,p19,0.351448,correct
4,/home/tahmid/crops/p19/p19_mask_clearglass_regular_010.jpg,p19,mask_clearglass,regular,0.6554006338119507,p19,0.347650,correct
4,/home/tahmid/crops/p19/p19_mask_clearglass_regular_011.jpg,p19,mask_clearglass,regular,0.7537346482276917,p19,0.366504,correct
4,/home/tahmid/crops/p19/p19_mask_clearglass_regular_012.jpg,p19,mask_clearglass,regular,0.7398669123649597,p19,0.394983,correct
4,/home/tahmid/crops/p19/p19_mask_clearglass_regular_013.jpg,p19,mask_clearglass,regular,0.7578413486480713,p19,0.408325,correct
4,/home/tahmid/crops/p19/p19_mask_clearglass_regular_014.jpg,p19,mask_clearglass,regular,0.7953318357467651,p19,0.410840,correct
4,/home/tahmid/crops/p19/p19_mask_clearglass_regular_015.jpg,p19,mask_clearglass,regular,0.7915592193603516,p19,0.443447,correct
4,/home/tahmid/crops/p19/p19_mask_low_001.jpg,p19,mask,low,0.8106639981269836,p19,0.494080,correct
4,/home/tahmid/crops/p19/p19_mask_low_002.jpg,p19,mask,low,0.810981273651123,p19,0.499507,correct
4,/home/tahmid/crops/p19/p19_mask_low_003.jpg,p19,mask,low,0.7419015169143677,p19,0.511613,correct
4,/home/tahmid/crops/p19/p19_mask_low_004.jpg,p19,mask,low,0.6165561079978943,p19,0.422566,correct
4,/home/tahmid/crops/p19/p19_mask_low_005.jpg,p19,mask,low,0.6317263841629028,p19,0.430279,correct
4,/home/tahmid/crops/p19/p19_mask_low_006.jpg,p19,mask,low,0.6971499919891357,p19,0.431439,correct
4,/home/tahmid/crops/p19/p19_mask_low_007.jpg,p19,mask,low,0.6859745383262634,p19,0.384344,correct
4,/home/tahmid/crops/p19/p19_mask_low_008.jpg,p19,mask,low,0.7122560739517212,p19,0.401437,correct
4,/home/tahmid/crops/p19/p19_mask_low_009.jpg,p19,mask,low,0.7023729681968689,p19,0.404157,correct
4,/home/tahmid/crops/p19/p19_mask_low_010.jpg,p19,mask,low,0.7462108731269836,p19,0.422188,correct
4,/home/tahmid/crops/p19/p19_mask_low_011.jpg,p19,mask,low,0.7404196858406067,p19,0.392198,correct
4,/home/tahmid/crops/p19/p19_mask_low_012.jpg,p19,mask,low,0.7291864156723022,p19,0.399835,correct
4,/home/tahmid/crops/p19/p19_mask_low_013.jpg,p19,mask,low,0.7525667548179626,p19,0.506273,correct
4,/home/tahmid/crops/p19/p19_mask_low_014.jpg,p19,mask,low,0.774092435836792,p19,0.502523,correct
4,/home/tahmid/crops/p19/p19_mask_low_015.jpg,p19,mask,low,0.792094349861145,p19,0.421615,correct
4,/home/tahmid/crops/p19/p19_mask_regular_001.jpg,p19,mask,regular,0.7913873195648193,p19,0.491424,correct
4,/home/tahmid/crops/p19/p19_mask_regular_002.jpg,p19,mask,regular,0.7818800210952759,p19,0.483767,correct
4,/home/tahmid/crops/p19/p19_mask_regular_003.jpg,p19,mask,regular,0.7076283097267151,p19,0.495052,correct
4,/home/tahmid/crops/p19/p19_mask_regular_004.jpg,p19,mask,regular,0.6661081910133362,p19,0.433491,correct
4,/home/tahmid/crops/p19/p19_mask_regular_005.jpg,p19,mask,regular,0.6753790378570557,p19,0.428351,correct
4,/home/tahmid/crops/p19/p19_mask_regular_006.jpg,p19,mask,regular,0.6492205858230591,p19,0.416234,correct
4,/home/tahmid/crops/p19/p19_mask_regular_007.jpg,p19,mask,regular,0.6793423891067505,p19,0.389019,correct
4,/home/tahmid/crops/p19/p19_mask_regular_008.jpg,p19,mask,regular,0.6888731718063354,p19,0.403553,correct
4,/home/tahmid/crops/p19/p19_mask_regular_009.jpg,p19,mask,regular,0.7137249708175659,p19,0.397386,correct
4,/home/tahmid/crops/p19/p19_mask_regular_010.jpg,p19,mask,regular,0.7220874428749084,p19,0.403656,correct
4,/home/tahmid/crops/p19/p19_mask_regular_011.jpg,p19,mask,regular,0.7220610976219177,p19,0.394376,correct
4,/home/tahmid/crops/p19/p19_mask_regular_012.jpg,p19,mask,regular,0.7488684058189392,p19,0.378746,correct
4,/home/tahmid/crops/p19/p19_mask_regular_013.jpg,p19,mask,regular,0.7049179673194885,p19,0.478037,correct
4,/home/tahmid/crops/p19/p19_mask_regular_014.jpg,p19,mask,regular,0.7586839199066162,p19,0.475353,correct
4,/home/tahmid/crops/p19/p19_mask_regular_015.jpg,p19,mask,regular,0.7655675411224365,p19,0.496547,correct
4,/home/tahmid/crops/p19/p19_mask_sunglass_low_001.jpg,p19,mask_sunglass,low,0.6974902153015137,p19,0.411074,correct
4,/home/tahmid/crops/p19/p19_mask_sunglass_low_002.jpg,p19,mask_sunglass,low,0.6553264856338501,p19,0.417891,correct
4,/home/tahmid/crops/p19/p19_mask_sunglass_low_003.jpg,p19,mask_sunglass,low,0.666312575340271,p19,0.425456,correct
4,/home/tahmid/crops/p19/p19_mask_sunglass_low_004.jpg,p19,mask_sunglass,low,0.6433828473091125,p19,0.365041,correct
4,/home/tahmid/crops/p19/p19_mask_sunglass_low_005.jpg,p19,mask_sunglass,low,0.6458402872085571,p19,0.313803,correct
4,/home/tahmid/crops/p19/p19_mask_sunglass_low_006.jpg,p19,mask_sunglass,low,0.6321890354156494,p19,0.332633,correct
4,/home/tahmid/crops/p19/p19_mask_sunglass_low_007.jpg,p19,mask_sunglass,low,0.6404196619987488,p19,0.346909,correct
4,/home/tahmid/crops/p19/p19_mask_sunglass_low_008.jpg,p19,mask_sunglass,low,0.6372941136360168,p19,0.367518,correct
4,/home/tahmid/crops/p19/p19_mask_sunglass_low_009.jpg,p19,mask_sunglass,low,0.6624374389648438,p19,0.364488,correct
4,/home/tahmid/crops/p19/p19_mask_sunglass_low_010.jpg,p19,mask_sunglass,low,0.7695708274841309,p19,0.343230,correct
4,/home/tahmid/crops/p19/p19_mask_sunglass_low_011.jpg,p19,mask_sunglass,low,0.7111474871635437,p19,0.322528,correct
4,/home/tahmid/crops/p19/p19_mask_sunglass_low_012.jpg,p19,mask_sunglass,low,0.7186665534973145,p19,0.340514,correct
4,/home/tahmid/crops/p19/p19_mask_sunglass_low_013.jpg,p19,mask_sunglass,low,0.6943274736404419,p19,0.337046,correct
4,/home/tahmid/crops/p19/p19_mask_sunglass_low_014.jpg,p19,mask_sunglass,low,0.7069216370582581,p19,0.372013,correct
4,/home/tahmid/crops/p19/p19_mask_sunglass_low_015.jpg,p19,mask_sunglass,low,0.7098618149757385,p19,0.334958,correct
4,/home/tahmid/crops/p19/p19_mask_sunglass_regular_001.jpg,p19,mask_sunglass,regular,0.738001823425293,p19,0.416400,correct
4,/home/tahmid/crops/p19/p19_mask_sunglass_regular_002.jpg,p19,mask_sunglass,regular,0.7285715341567993,p19,0.420072,correct
4,/home/tahmid/crops/p19/p19_mask_sunglass_regular_003.jpg,p19,mask_sunglass,regular,0.7217553853988647,p19,0.433958,correct
4,/home/tahmid/crops/p19/p19_mask_sunglass_regular_004.jpg,p19,mask_sunglass,regular,0.6443036794662476,p19,0.249680,rejected
4,/home/tahmid/crops/p19/p19_mask_sunglass_regular_005.jpg,p19,mask_sunglass,regular,0.6408489346504211,p19,0.268683,rejected
4,/home/tahmid/crops/p19/p19_mask_sunglass_regular_006.jpg,p19,mask_sunglass,regular,0.6284496784210205,p19,0.300361,correct
4,/home/tahmid/crops/p19/p19_mask_sunglass_regular_007.jpg,p19,mask_sunglass,regular,0.6895163655281067,p19,0.328836,correct
4,/home/tahmid/crops/p19/p19_mask_sunglass_regular_008.jpg,p19,mask_sunglass,regular,0.6502671241760254,p19,0.368171,correct
4,/home/tahmid/crops/p19/p19_mask_sunglass_regular_009.jpg,p19,mask_sunglass,regular,0.6240615844726562,p19,0.346333,correct
4,/home/tahmid/crops/p19/p19_mask_sunglass_regular_010.jpg,p19,mask_sunglass,regular,0.7431237101554871,p19,0.345313,correct
4,/home/tahmid/crops/p19/p19_mask_sunglass_regular_011.jpg,p19,mask_sunglass,regular,0.710404634475708,p19,0.347354,correct
4,/home/tahmid/crops/p19/p19_mask_sunglass_regular_012.jpg,p19,mask_sunglass,regular,0.7649732828140259,p19,0.347182,correct
4,/home/tahmid/crops/p19/p19_mask_sunglass_regular_013.jpg,p19,mask_sunglass,regular,0.6625329852104187,p19,0.239538,rejected
4,/home/tahmid/crops/p19/p19_mask_sunglass_regular_014.jpg,p19,mask_sunglass,regular,0.6591980457305908,p19,0.282115,rejected
4,/home/tahmid/crops/p19/p19_mask_sunglass_regular_015.jpg,p19,mask_sunglass,regular,0.6990755796432495,p19,0.320694,correct
4,/home/tahmid/crops/p19/p19_none_low_001.jpg,p19,none,low,0.7997616529464722,p19,0.693403,correct
4,/home/tahmid/crops/p19/p19_none_low_002.jpg,p19,none,low,0.800431489944458,p19,0.679576,correct
4,/home/tahmid/crops/p19/p19_none_low_003.jpg,p19,none,low,0.7940624952316284,p19,0.689763,correct
4,/home/tahmid/crops/p19/p19_none_low_004.jpg,p19,none,low,0.7515527009963989,p19,0.531124,correct
4,/home/tahmid/crops/p19/p19_none_low_005.jpg,p19,none,low,0.6619889140129089,p19,0.421967,correct
4,/home/tahmid/crops/p19/p19_none_low_006.jpg,p19,none,low,0.730292558670044,p19,0.540879,correct
4,/home/tahmid/crops/p19/p19_none_low_007.jpg,p19,none,low,0.7485825419425964,p19,0.532501,correct
4,/home/tahmid/crops/p19/p19_none_low_008.jpg,p19,none,low,0.8030216693878174,p19,0.484197,correct
4,/home/tahmid/crops/p19/p19_none_low_009.jpg,p19,none,low,0.8278871774673462,p19,0.483815,correct
4,/home/tahmid/crops/p19/p19_none_regular_002.jpg,p19,none,regular,0.7409555315971375,p19,0.540057,correct
4,/home/tahmid/crops/p19/p19_none_regular_003.jpg,p19,none,regular,0.6979358196258545,p19,0.530791,correct
4,/home/tahmid/crops/p19/p19_none_regular_004.jpg,p19,none,regular,0.7438663244247437,p19,0.574436,correct
4,/home/tahmid/crops/p19/p19_none_regular_005.jpg,p19,none,regular,0.7179303169250488,p19,0.554576,correct
4,/home/tahmid/crops/p19/p19_none_regular_006.jpg,p19,none,regular,0.7332543134689331,p19,0.570538,correct
4,/home/tahmid/crops/p19/p19_none_regular_007.jpg,p19,none,regular,0.7675399780273438,p19,0.369582,correct
4,/home/tahmid/crops/p19/p19_none_regular_008.jpg,p19,none,regular,0.8341165781021118,p19,0.454753,correct
4,/home/tahmid/crops/p19/p19_scarf_low_001.jpg,p19,scarf,low,0.8452413082122803,p19,0.588362,correct
4,/home/tahmid/crops/p19/p19_scarf_low_002.jpg,p19,scarf,low,0.8285977840423584,p19,0.589580,correct
4,/home/tahmid/crops/p19/p19_scarf_low_003.jpg,p19,scarf,low,0.8393062353134155,p19,0.459955,correct
4,/home/tahmid/crops/p19/p19_scarf_low_004.jpg,p19,scarf,low,0.8111018538475037,p19,0.439676,correct
4,/home/tahmid/crops/p19/p19_scarf_low_005.jpg,p19,scarf,low,0.8320174813270569,p19,0.472113,correct
4,/home/tahmid/crops/p19/p19_scarf_low_006.jpg,p19,scarf,low,0.7198850512504578,p19,0.464063,correct
4,/home/tahmid/crops/p19/p19_scarf_low_007.jpg,p19,scarf,low,0.7575207948684692,p19,0.468481,correct
4,/home/tahmid/crops/p19/p19_scarf_low_008.jpg,p19,scarf,low,0.705546498298645,p19,0.568764,correct
4,/home/tahmid/crops/p19/p19_scarf_low_009.jpg,p19,scarf,low,0.6009387969970703,p19,0.580637,correct
4,/home/tahmid/crops/p19/p19_scarf_low_010.jpg,p19,scarf,low,0.5852169990539551,p19,0.585746,correct
4,/home/tahmid/crops/p19/p19_scarf_low_011.jpg,p19,scarf,low,0.8449864387512207,p19,0.538557,correct
4,/home/tahmid/crops/p19/p19_scarf_low_012.jpg,p19,scarf,low,0.8484418392181396,p19,0.514053,correct
4,/home/tahmid/crops/p19/p19_scarf_regular_001.jpg,p19,scarf,regular,0.8180694580078125,p19,0.565605,correct
4,/home/tahmid/crops/p19/p19_scarf_regular_002.jpg,p19,scarf,regular,0.8421045541763306,p19,0.576908,correct
4,/home/tahmid/crops/p19/p19_scarf_regular_003.jpg,p19,scarf,regular,0.8527606725692749,p19,0.580206,correct
4,/home/tahmid/crops/p19/p19_scarf_regular_004.jpg,p19,scarf,regular,0.8078746795654297,p19,0.382676,correct
4,/home/tahmid/crops/p19/p19_scarf_regular_005.jpg,p19,scarf,regular,0.7906919717788696,p19,0.410070,correct
4,/home/tahmid/crops/p19/p19_scarf_regular_006.jpg,p19,scarf,regular,0.8181596994400024,p19,0.422297,correct
4,/home/tahmid/crops/p19/p19_scarf_regular_007.jpg,p19,scarf,regular,0.7226102352142334,p19,0.387292,correct
4,/home/tahmid/crops/p19/p19_scarf_regular_008.jpg,p19,scarf,regular,0.7318135499954224,p19,0.424271,correct
4,/home/tahmid/crops/p19/p19_scarf_regular_009.jpg,p19,scarf,regular,0.7952994108200073,p19,0.416610,correct
4,/home/tahmid/crops/p19/p19_scarf_regular_010.jpg,p19,scarf,regular,0.7545234560966492,p19,0.567663,correct
4,/home/tahmid/crops/p19/p19_scarf_regular_011.jpg,p19,scarf,regular,0.7532107830047607,p19,0.500861,correct
4,/home/tahmid/crops/p19/p19_scarf_regular_012.jpg,p19,scarf,regular,0.8082020282745361,p19,0.503004,correct
4,/home/tahmid/crops/p19/p19_scarf_regular_013.jpg,p19,scarf,regular,0.8172619938850403,p19,0.509949,correct
4,/home/tahmid/crops/p19/p19_scarf_regular_014.jpg,p19,scarf,regular,0.8633910417556763,p19,0.488972,correct
4,/home/tahmid/crops/p19/p19_sunglass_low_001.jpg,p19,sunglass,low,0.7846095561981201,p19,0.584677,correct
4,/home/tahmid/crops/p19/p19_sunglass_low_002.jpg,p19,sunglass,low,0.8026050925254822,p19,0.559871,correct
4,/home/tahmid/crops/p19/p19_sunglass_low_003.jpg,p19,sunglass,low,0.7654552459716797,p19,0.501916,correct
4,/home/tahmid/crops/p19/p19_sunglass_low_004.jpg,p19,sunglass,low,0.7362437844276428,p19,0.484299,correct
4,/home/tahmid/crops/p19/p19_sunglass_low_005.jpg,p19,sunglass,low,0.704007089138031,p19,0.500788,correct
4,/home/tahmid/crops/p19/p19_sunglass_low_006.jpg,p19,sunglass,low,0.7671808004379272,p19,0.511625,correct
4,/home/tahmid/crops/p19/p19_sunglass_low_007.jpg,p19,sunglass,low,0.7527365684509277,p19,0.518479,correct
4,/home/tahmid/crops/p19/p19_sunglass_low_008.jpg,p19,sunglass,low,0.7855319380760193,p19,0.484756,correct
4,/home/tahmid/crops/p19/p19_sunglass_low_009.jpg,p19,sunglass,low,0.6324147582054138,p19,0.337267,correct
4,/home/tahmid/crops/p19/p19_sunglass_low_010.jpg,p19,sunglass,low,0.6581969261169434,p19,0.348839,correct
4,/home/tahmid/crops/p19/p19_sunglass_low_011.jpg,p19,sunglass,low,0.6282259225845337,p19,0.340199,correct
4,/home/tahmid/crops/p19/p19_sunglass_low_012.jpg,p19,sunglass,low,0.8464584350585938,p19,0.490664,correct
4,/home/tahmid/crops/p19/p19_sunglass_low_013.jpg,p19,sunglass,low,0.8629655838012695,p19,0.458310,correct
4,/home/tahmid/crops/p19/p19_sunglass_low_014.jpg,p19,sunglass,low,0.8350754976272583,p19,0.451512,correct
4,/home/tahmid/crops/p19/p19_sunglass_regular_001.jpg,p19,sunglass,regular,0.7516945600509644,p19,0.554925,correct
4,/home/tahmid/crops/p19/p19_sunglass_regular_002.jpg,p19,sunglass,regular,0.8198745250701904,p19,0.554394,correct
4,/home/tahmid/crops/p19/p19_sunglass_regular_003.jpg,p19,sunglass,regular,0.8441846966743469,p19,0.560217,correct
4,/home/tahmid/crops/p19/p19_sunglass_regular_004.jpg,p19,sunglass,regular,0.7970435619354248,p19,0.538022,correct
4,/home/tahmid/crops/p19/p19_sunglass_regular_005.jpg,p19,sunglass,regular,0.8226480484008789,p19,0.585798,correct
4,/home/tahmid/crops/p19/p19_sunglass_regular_006.jpg,p19,sunglass,regular,0.7465912699699402,p19,0.469469,correct
4,/home/tahmid/crops/p19/p19_sunglass_regular_007.jpg,p19,sunglass,regular,0.7308328151702881,p19,0.506411,correct
4,/home/tahmid/crops/p19/p19_sunglass_regular_008.jpg,p19,sunglass,regular,0.7805948257446289,p19,0.510804,correct
4,/home/tahmid/crops/p19/p19_sunglass_regular_009.jpg,p19,sunglass,regular,0.783812403678894,p19,0.498142,correct
4,/home/tahmid/crops/p19/p19_sunglass_regular_010.jpg,p19,sunglass,regular,0.5774151682853699,p19,0.385927,correct
4,/home/tahmid/crops/p19/p19_sunglass_regular_011.jpg,p19,sunglass,regular,0.7100183963775635,p19,0.354406,correct
4,/home/tahmid/crops/p19/p19_sunglass_regular_012.jpg,p19,sunglass,regular,0.6677850484848022,p19,0.356181,correct
4,/home/tahmid/crops/p19/p19_sunglass_regular_013.jpg,p19,sunglass,regular,0.822590708732605,p19,0.465570,correct
4,/home/tahmid/crops/p19/p19_sunglass_regular_014.jpg,p19,sunglass,regular,0.8515357971191406,p19,0.474176,correct
4,/home/tahmid/crops/p19/p19_sunglass_regular_015.jpg,p19,sunglass,regular,0.8609764575958252,p19,0.462813,correct
4,/home/tahmid/crops/p28/p28_cap_low_001.jpg,p28,cap,low,0.7773569822311401,p28,0.500687,correct
4,/home/tahmid/crops/p28/p28_cap_low_002.jpg,p28,cap,low,0.8505619168281555,p28,0.482402,correct
4,/home/tahmid/crops/p28/p28_cap_low_003.jpg,p28,cap,low,0.7870803475379944,p28,0.506317,correct
4,/home/tahmid/crops/p28/p28_cap_low_004.jpg,p28,cap,low,0.8251744508743286,p28,0.516791,correct
4,/home/tahmid/crops/p28/p28_cap_low_005.jpg,p28,cap,low,0.8041341304779053,p28,0.500411,correct
4,/home/tahmid/crops/p28/p28_cap_low_006.jpg,p28,cap,low,0.792251706123352,p28,0.518260,correct
4,/home/tahmid/crops/p28/p28_cap_low_007.jpg,p28,cap,low,0.8079258799552917,p28,0.521299,correct
4,/home/tahmid/crops/p28/p28_cap_low_008.jpg,p28,cap,low,0.7508654594421387,p28,0.368480,correct
4,/home/tahmid/crops/p28/p28_cap_low_009.jpg,p28,cap,low,0.6186846494674683,p28,0.407936,correct
4,/home/tahmid/crops/p28/p28_cap_low_010.jpg,p28,cap,low,0.6785917282104492,p28,0.448632,correct
4,/home/tahmid/crops/p28/p28_cap_low_011.jpg,p28,cap,low,0.7256088256835938,p28,0.431305,correct
4,/home/tahmid/crops/p28/p28_cap_low_012.jpg,p28,cap,low,0.7663904428482056,p28,0.398636,correct
4,/home/tahmid/crops/p28/p28_cap_low_013.jpg,p28,cap,low,0.7666856050491333,p28,0.394539,correct
4,/home/tahmid/crops/p28/p28_cap_low_014.jpg,p28,cap,low,0.7861385345458984,p28,0.488707,correct
4,/home/tahmid/crops/p28/p28_cap_low_015.jpg,p28,cap,low,0.7433702945709229,p28,0.503970,correct
4,/home/tahmid/crops/p28/p28_cap_low_016.jpg,p28,cap,low,0.7443316578865051,p28,0.493881,correct
4,/home/tahmid/crops/p28/p28_cap_regular_001.jpg,p28,cap,regular,0.7655539512634277,p28,0.472213,correct
4,/home/tahmid/crops/p28/p28_cap_regular_002.jpg,p28,cap,regular,0.8576108813285828,p28,0.492379,correct
4,/home/tahmid/crops/p28/p28_cap_regular_003.jpg,p28,cap,regular,0.7861080169677734,p28,0.476210,correct
4,/home/tahmid/crops/p28/p28_cap_regular_004.jpg,p28,cap,regular,0.8292478322982788,p28,0.513733,correct
4,/home/tahmid/crops/p28/p28_cap_regular_005.jpg,p28,cap,regular,0.8155878782272339,p28,0.501123,correct
4,/home/tahmid/crops/p28/p28_cap_regular_006.jpg,p28,cap,regular,0.8191272020339966,p28,0.519587,correct
4,/home/tahmid/crops/p28/p28_cap_regular_007.jpg,p28,cap,regular,0.7500590085983276,p28,0.386664,correct
4,/home/tahmid/crops/p28/p28_cap_regular_008.jpg,p28,cap,regular,0.6378064155578613,p28,0.405448,correct
4,/home/tahmid/crops/p28/p28_cap_regular_009.jpg,p28,cap,regular,0.6940026879310608,p28,0.447063,correct
4,/home/tahmid/crops/p28/p28_cap_regular_010.jpg,p28,cap,regular,0.7416086792945862,p28,0.436727,correct
4,/home/tahmid/crops/p28/p28_cap_regular_011.jpg,p28,cap,regular,0.7679798603057861,p28,0.415644,correct
4,/home/tahmid/crops/p28/p28_cap_regular_012.jpg,p28,cap,regular,0.7781206369400024,p28,0.424271,correct
4,/home/tahmid/crops/p28/p28_cap_regular_013.jpg,p28,cap,regular,0.8040770292282104,p28,0.468385,correct
4,/home/tahmid/crops/p28/p28_cap_regular_014.jpg,p28,cap,regular,0.7647868394851685,p28,0.474694,correct
4,/home/tahmid/crops/p28/p28_cap_regular_015.jpg,p28,cap,regular,0.7338937520980835,p28,0.502041,correct
4,/home/tahmid/crops/p28/p28_clearglass_low_001.jpg,p28,clearglass,low,0.7787477374076843,p28,0.632509,correct
4,/home/tahmid/crops/p28/p28_clearglass_low_002.jpg,p28,clearglass,low,0.8450148105621338,p28,0.637882,correct
4,/home/tahmid/crops/p28/p28_clearglass_low_003.jpg,p28,clearglass,low,0.7596697807312012,p28,0.636923,correct
4,/home/tahmid/crops/p28/p28_clearglass_low_004.jpg,p28,clearglass,low,0.7735249996185303,p28,0.625046,correct
4,/home/tahmid/crops/p28/p28_clearglass_low_005.jpg,p28,clearglass,low,0.7721048593521118,p28,0.633852,correct
4,/home/tahmid/crops/p28/p28_clearglass_low_006.jpg,p28,clearglass,low,0.6881972551345825,p28,0.587944,correct
4,/home/tahmid/crops/p28/p28_clearglass_low_007.jpg,p28,clearglass,low,0.8002796173095703,p28,0.626104,correct
4,/home/tahmid/crops/p28/p28_clearglass_low_008.jpg,p28,clearglass,low,0.7995715141296387,p28,0.649590,correct
4,/home/tahmid/crops/p28/p28_clearglass_regular_001.jpg,p28,clearglass,regular,0.7806626558303833,p28,0.645066,correct
4,/home/tahmid/crops/p28/p28_clearglass_regular_002.jpg,p28,clearglass,regular,0.7657805681228638,p28,0.636117,correct
4,/home/tahmid/crops/p28/p28_clearglass_regular_003.jpg,p28,clearglass,regular,0.76533442735672,p28,0.638828,correct
4,/home/tahmid/crops/p28/p28_clearglass_regular_004.jpg,p28,clearglass,regular,0.7688045501708984,p28,0.656518,correct
4,/home/tahmid/crops/p28/p28_clearglass_regular_005.jpg,p28,clearglass,regular,0.6872686147689819,p28,0.595730,correct
4,/home/tahmid/crops/p28/p28_clearglass_regular_006.jpg,p28,clearglass,regular,0.8044419288635254,p28,0.608838,correct
4,/home/tahmid/crops/p28/p28_clearglass_regular_007.jpg,p28,clearglass,regular,0.8039677143096924,p28,0.650264,correct
4,/home/tahmid/crops/p28/p28_mask_clearglass_low_001.jpg,p28,mask_clearglass,low,0.8621780276298523,p28,0.477073,correct
4,/home/tahmid/crops/p28/p28_mask_clearglass_low_002.jpg,p28,mask_clearglass,low,0.8526109457015991,p28,0.455613,correct
4,/home/tahmid/crops/p28/p28_mask_clearglass_low_003.jpg,p28,mask_clearglass,low,0.8037772178649902,p28,0.466494,correct
4,/home/tahmid/crops/p28/p28_mask_clearglass_low_004.jpg,p28,mask_clearglass,low,0.8512678146362305,p28,0.377834,correct
4,/home/tahmid/crops/p28/p28_mask_clearglass_low_005.jpg,p28,mask_clearglass,low,0.8757120370864868,p28,0.410453,correct
4,/home/tahmid/crops/p28/p28_mask_clearglass_low_006.jpg,p28,mask_clearglass,low,0.8689085245132446,p28,0.400841,correct
4,/home/tahmid/crops/p28/p28_mask_clearglass_low_007.jpg,p28,mask_clearglass,low,0.7320680618286133,p28,0.391339,correct
4,/home/tahmid/crops/p28/p28_mask_clearglass_low_008.jpg,p28,mask_clearglass,low,0.765477180480957,p28,0.452814,correct
4,/home/tahmid/crops/p28/p28_mask_clearglass_low_009.jpg,p28,mask_clearglass,low,0.7827029228210449,p28,0.520392,correct
4,/home/tahmid/crops/p28/p28_mask_clearglass_low_010.jpg,p28,mask_clearglass,low,0.8113046884536743,p28,0.359787,correct
4,/home/tahmid/crops/p28/p28_mask_clearglass_low_011.jpg,p28,mask_clearglass,low,0.8173881769180298,p28,0.343595,correct
4,/home/tahmid/crops/p28/p28_mask_clearglass_low_012.jpg,p28,mask_clearglass,low,0.8151119947433472,p28,0.334337,correct
4,/home/tahmid/crops/p28/p28_mask_clearglass_low_013.jpg,p28,mask_clearglass,low,0.8200532793998718,p28,0.368227,correct
4,/home/tahmid/crops/p28/p28_mask_clearglass_low_014.jpg,p28,mask_clearglass,low,0.7492994666099548,p28,0.341573,correct
4,/home/tahmid/crops/p28/p28_mask_clearglass_low_015.jpg,p28,mask_clearglass,low,0.6608256101608276,p28,0.318492,correct
4,/home/tahmid/crops/p28/p28_mask_clearglass_low_016.jpg,p28,mask_clearglass,low,0.6566514372825623,p28,0.308970,correct
4,/home/tahmid/crops/p28/p28_mask_clearglass_regular_001.jpg,p28,mask_clearglass,regular,0.8585060834884644,p28,0.523098,correct
4,/home/tahmid/crops/p28/p28_mask_clearglass_regular_002.jpg,p28,mask_clearglass,regular,0.8498053550720215,p28,0.497411,correct
4,/home/tahmid/crops/p28/p28_mask_clearglass_regular_003.jpg,p28,mask_clearglass,regular,0.792924702167511,p28,0.512938,correct
4,/home/tahmid/crops/p28/p28_mask_clearglass_regular_004.jpg,p28,mask_clearglass,regular,0.8658084869384766,p28,0.395155,correct
4,/home/tahmid/crops/p28/p28_mask_clearglass_regular_005.jpg,p28,mask_clearglass,regular,0.8712130188941956,p28,0.403476,correct
4,/home/tahmid/crops/p28/p28_mask_clearglass_regular_006.jpg,p28,mask_clearglass,regular,0.8634690046310425,p28,0.405498,correct
4,/home/tahmid/crops/p28/p28_mask_clearglass_regular_007.jpg,p28,mask_clearglass,regular,0.7766813039779663,p28,0.458410,correct
4,/home/tahmid/crops/p28/p28_mask_clearglass_regular_008.jpg,p28,mask_clearglass,regular,0.7878198027610779,p28,0.465064,correct
4,/home/tahmid/crops/p28/p28_mask_clearglass_regular_009.jpg,p28,mask_clearglass,regular,0.7628185749053955,p28,0.511298,correct
4,/home/tahmid/crops/p28/p28_mask_clearglass_regular_010.jpg,p28,mask_clearglass,regular,0.8203297257423401,p28,0.389505,correct
4,/home/tahmid/crops/p28/p28_mask_clearglass_regular_011.jpg,p28,mask_clearglass,regular,0.8124405741691589,p28,0.353766,correct
4,/home/tahmid/crops/p28/p28_mask_clearglass_regular_012.jpg,p28,mask_clearglass,regular,0.8264708518981934,p28,0.423316,correct
4,/home/tahmid/crops/p28/p28_mask_clearglass_regular_013.jpg,p28,mask_clearglass,regular,0.732705295085907,p28,0.335854,correct
4,/home/tahmid/crops/p28/p28_mask_clearglass_regular_014.jpg,p28,mask_clearglass,regular,0.6602116227149963,p28,0.350108,correct
4,/home/tahmid/crops/p28/p28_mask_clearglass_regular_015.jpg,p28,mask_clearglass,regular,0.6727638244628906,p28,0.342451,correct
4,/home/tahmid/crops/p28/p28_mask_low_001.jpg,p28,mask,low,0.7952061891555786,p28,0.470883,correct
4,/home/tahmid/crops/p28/p28_mask_low_002.jpg,p28,mask,low,0.7713596820831299,p28,0.497167,correct
4,/home/tahmid/crops/p28/p28_mask_low_003.jpg,p28,mask,low,0.6664143800735474,p28,0.479676,correct
4,/home/tahmid/crops/p28/p28_mask_low_004.jpg,p28,mask,low,0.7337088584899902,p28,0.495612,correct
4,/home/tahmid/crops/p28/p28_mask_low_005.jpg,p28,mask,low,0.7628713846206665,p28,0.473333,correct
4,/home/tahmid/crops/p28/p28_mask_low_006.jpg,p28,mask,low,0.7319408655166626,p28,0.431106,correct
4,/home/tahmid/crops/p28/p28_mask_low_007.jpg,p28,mask,low,0.7244452834129333,p28,0.458796,correct
4,/home/tahmid/crops/p28/p28_mask_low_008.jpg,p28,mask,low,0.7566643953323364,p28,0.465527,correct
4,/home/tahmid/crops/p28/p28_mask_low_009.jpg,p28,mask,low,0.7962017059326172,p28,0.465792,correct
4,/home/tahmid/crops/p28/p28_mask_low_010.jpg,p28,mask,low,0.6844509840011597,p28,0.412660,correct
4,/home/tahmid/crops/p28/p28_mask_low_011.jpg,p28,mask,low,0.6763700842857361,p28,0.385052,correct
4,/home/tahmid/crops/p28/p28_mask_low_012.jpg,p28,mask,low,0.7691242694854736,p28,0.447983,correct
4,/home/tahmid/crops/p28/p28_mask_low_013.jpg,p28,mask,low,0.6979260444641113,p28,0.489358,correct
4,/home/tahmid/crops/p28/p28_mask_low_014.jpg,p28,mask,low,0.738436222076416,p28,0.488089,correct
4,/home/tahmid/crops/p28/p28_mask_low_015.jpg,p28,mask,low,0.7903145551681519,p28,0.510203,correct
4,/home/tahmid/crops/p28/p28_mask_regular_001.jpg,p28,mask,regular,0.7670581936836243,p28,0.486166,correct
4,/home/tahmid/crops/p28/p28_mask_regular_002.jpg,p28,mask,regular,0.768994927406311,p28,0.496743,correct
4,/home/tahmid/crops/p28/p28_mask_regular_003.jpg,p28,mask,regular,0.6914581060409546,p28,0.506351,correct
4,/home/tahmid/crops/p28/p28_mask_regular_004.jpg,p28,mask,regular,0.7476212978363037,p28,0.512861,correct
4,/home/tahmid/crops/p28/p28_mask_regular_005.jpg,p28,mask,regular,0.7358214259147644,p28,0.483054,correct
4,/home/tahmid/crops/p28/p28_mask_regular_006.jpg,p28,mask,regular,0.7231754660606384,p28,0.437170,correct
4,/home/tahmid/crops/p28/p28_mask_regular_007.jpg,p28,mask,regular,0.7491151690483093,p28,0.467746,correct
4,/home/tahmid/crops/p28/p28_mask_regular_008.jpg,p28,mask,regular,0.7540587186813354,p28,0.476708,correct
4,/home/tahmid/crops/p28/p28_mask_regular_009.jpg,p28,mask,regular,0.7941200733184814,p28,0.517367,correct
4,/home/tahmid/crops/p28/p28_mask_regular_010.jpg,p28,mask,regular,0.6977398991584778,p28,0.411755,correct
4,/home/tahmid/crops/p28/p28_mask_regular_011.jpg,p28,mask,regular,0.7009450197219849,p28,0.430697,correct
4,/home/tahmid/crops/p28/p28_mask_regular_012.jpg,p28,mask,regular,0.7605941295623779,p28,0.438357,correct
4,/home/tahmid/crops/p28/p28_mask_regular_013.jpg,p28,mask,regular,0.6945263147354126,p28,0.499897,correct
4,/home/tahmid/crops/p28/p28_mask_regular_014.jpg,p28,mask,regular,0.7381607890129089,p28,0.513280,correct
4,/home/tahmid/crops/p28/p28_mask_regular_015.jpg,p28,mask,regular,0.7920299768447876,p28,0.498450,correct
4,/home/tahmid/crops/p28/p28_mask_sunglass_low_001.jpg,p28,mask_sunglass,low,0.800761342048645,p28,0.358570,correct
4,/home/tahmid/crops/p28/p28_mask_sunglass_low_002.jpg,p28,mask_sunglass,low,0.7704142332077026,p28,0.395851,correct
4,/home/tahmid/crops/p28/p28_mask_sunglass_low_003.jpg,p28,mask_sunglass,low,0.7886492609977722,p28,0.346548,correct
4,/home/tahmid/crops/p28/p28_mask_sunglass_low_004.jpg,p28,mask_sunglass,low,0.8051121234893799,p28,0.211409,rejected
4,/home/tahmid/crops/p28/p28_mask_sunglass_low_005.jpg,p28,mask_sunglass,low,0.7953921556472778,p28,0.262919,rejected
4,/home/tahmid/crops/p28/p28_mask_sunglass_low_006.jpg,p28,mask_sunglass,low,0.7860212326049805,p28,0.237245,rejected
4,/home/tahmid/crops/p28/p28_mask_sunglass_low_007.jpg,p28,mask_sunglass,low,0.7276765704154968,p28,0.242662,rejected
4,/home/tahmid/crops/p28/p28_mask_sunglass_low_008.jpg,p28,mask_sunglass,low,0.7832081317901611,p28,0.237526,rejected
4,/home/tahmid/crops/p28/p28_mask_sunglass_low_009.jpg,p28,mask_sunglass,low,0.7385856509208679,p28,0.383062,correct
4,/home/tahmid/crops/p28/p28_mask_sunglass_low_010.jpg,p28,mask_sunglass,low,0.7372526526451111,p28,0.361293,correct
4,/home/tahmid/crops/p28/p28_mask_sunglass_low_011.jpg,p28,mask_sunglass,low,0.8248909711837769,p28,0.362532,correct
4,/home/tahmid/crops/p28/p28_mask_sunglass_low_012.jpg,p28,mask_sunglass,low,0.8314212560653687,p28,0.364782,correct
4,/home/tahmid/crops/p28/p28_mask_sunglass_low_013.jpg,p28,mask_sunglass,low,0.7808448672294617,p28,0.325460,correct
4,/home/tahmid/crops/p28/p28_mask_sunglass_low_014.jpg,p28,mask_sunglass,low,0.8003728985786438,p28,0.321137,correct
4,/home/tahmid/crops/p28/p28_mask_sunglass_regular_001.jpg,p28,mask_sunglass,regular,0.8164712190628052,p28,0.346497,correct
4,/home/tahmid/crops/p28/p28_mask_sunglass_regular_002.jpg,p28,mask_sunglass,regular,0.7714047431945801,p28,0.348327,correct
4,/home/tahmid/crops/p28/p28_mask_sunglass_regular_003.jpg,p28,mask_sunglass,regular,0.8022491931915283,p28,0.374136,correct
4,/home/tahmid/crops/p28/p28_mask_sunglass_regular_004.jpg,p28,mask_sunglass,regular,0.8125237226486206,p28,0.261588,rejected
4,/home/tahmid/crops/p28/p28_mask_sunglass_regular_005.jpg,p28,mask_sunglass,regular,0.7999916672706604,p28,0.252031,rejected
4,/home/tahmid/crops/p28/p28_mask_sunglass_regular_006.jpg,p28,mask_sunglass,regular,0.7954497337341309,p28,0.248228,rejected
4,/home/tahmid/crops/p28/p28_mask_sunglass_regular_007.jpg,p28,mask_sunglass,regular,0.7162564992904663,p28,0.258355,rejected
4,/home/tahmid/crops/p28/p28_mask_sunglass_regular_008.jpg,p28,mask_sunglass,regular,0.7740001678466797,p28,0.268541,rejected
4,/home/tahmid/crops/p28/p28_mask_sunglass_regular_009.jpg,p28,mask_sunglass,regular,0.7338731288909912,p28,0.377806,correct
4,/home/tahmid/crops/p28/p28_mask_sunglass_regular_010.jpg,p28,mask_sunglass,regular,0.7387279868125916,p28,0.374606,correct
4,/home/tahmid/crops/p28/p28_mask_sunglass_regular_011.jpg,p28,mask_sunglass,regular,0.8474535942077637,p28,0.356203,correct
4,/home/tahmid/crops/p28/p28_mask_sunglass_regular_012.jpg,p28,mask_sunglass,regular,0.8357824087142944,p28,0.348601,correct
4,/home/tahmid/crops/p28/p28_mask_sunglass_regular_013.jpg,p28,mask_sunglass,regular,0.793287992477417,p28,0.366629,correct
4,/home/tahmid/crops/p28/p28_mask_sunglass_regular_014.jpg,p28,mask_sunglass,regular,0.8261426687240601,p28,0.367384,correct
4,/home/tahmid/crops/p28/p28_none_low_008.jpg,p28,none,low,0.8122870922088623,p28,0.638947,correct
4,/home/tahmid/crops/p28/p28_none_regular_007.jpg,p28,none,regular,0.8186697959899902,p28,0.658496,correct
4,/home/tahmid/crops/p28/p28_none_regular_008.jpg,p28,none,regular,0.8498570322990417,p28,0.641904,correct
4,/home/tahmid/crops/p28/p28_scarf_low_001.jpg,p28,scarf,low,0.810240626335144,p28,0.533031,correct
4,/home/tahmid/crops/p28/p28_scarf_low_002.jpg,p28,scarf,low,0.8177371025085449,p28,0.532789,correct
4,/home/tahmid/crops/p28/p28_scarf_low_003.jpg,p28,scarf,low,0.8209760189056396,p28,0.509270,correct
4,/home/tahmid/crops/p28/p28_scarf_low_004.jpg,p28,scarf,low,0.6356571316719055,p28,0.480940,correct
4,/home/tahmid/crops/p28/p28_scarf_low_005.jpg,p28,scarf,low,0.6481010913848877,p28,0.488442,correct
4,/home/tahmid/crops/p28/p28_scarf_low_006.jpg,p28,scarf,low,0.7336680293083191,p28,0.464911,correct
4,/home/tahmid/crops/p28/p28_scarf_low_007.jpg,p28,scarf,low,0.8150635957717896,p28,0.535771,correct
4,/home/tahmid/crops/p28/p28_scarf_low_008.jpg,p28,scarf,low,0.8002853393554688,p28,0.538496,correct
4,/home/tahmid/crops/p28/p28_scarf_low_009.jpg,p28,scarf,low,0.7976744174957275,p28,0.547618,correct
4,/home/tahmid/crops/p28/p28_scarf_low_010.jpg,p28,scarf,low,0.6159705519676208,p28,0.500116,correct
4,/home/tahmid/crops/p28/p28_scarf_low_011.jpg,p28,scarf,low,0.8040086627006531,p28,0.524297,correct
4,/home/tahmid/crops/p28/p28_scarf_low_012.jpg,p28,scarf,low,0.5465213060379028,p28,0.453030,correct
4,/home/tahmid/crops/p28/p28_scarf_regular_001.jpg,p28,scarf,regular,0.8089507222175598,p28,0.553674,correct
4,/home/tahmid/crops/p28/p28_scarf_regular_002.jpg,p28,scarf,regular,0.806830108165741,p28,0.541786,correct
4,/home/tahmid/crops/p28/p28_scarf_regular_003.jpg,p28,scarf,regular,0.6153030395507812,p28,0.480175,correct
4,/home/tahmid/crops/p28/p28_scarf_regular_004.jpg,p28,scarf,regular,0.6786032915115356,p28,0.496291,correct
4,/home/tahmid/crops/p28/p28_scarf_regular_005.jpg,p28,scarf,regular,0.7333794236183167,p28,0.480335,correct
4,/home/tahmid/crops/p28/p28_scarf_regular_006.jpg,p28,scarf,regular,0.8215032815933228,p28,0.544396,correct
4,/home/tahmid/crops/p28/p28_scarf_regular_007.jpg,p28,scarf,regular,0.7976102828979492,p28,0.559070,correct
4,/home/tahmid/crops/p28/p28_scarf_regular_008.jpg,p28,scarf,regular,0.797897458076477,p28,0.566428,correct
4,/home/tahmid/crops/p28/p28_scarf_regular_009.jpg,p28,scarf,regular,0.6052387952804565,p28,0.487738,correct
4,/home/tahmid/crops/p28/p28_scarf_regular_010.jpg,p28,scarf,regular,0.793060302734375,p28,0.527031,correct
4,/home/tahmid/crops/p28/p28_scarf_regular_011.jpg,p28,scarf,regular,0.5263018012046814,p28,0.423843,correct
4,/home/tahmid/crops/p28/p28_sunglass_low_001.jpg,p28,sunglass,low,0.8284397125244141,p28,0.629581,correct
4,/home/tahmid/crops/p28/p28_sunglass_low_002.jpg,p28,sunglass,low,0.8794211149215698,p28,0.622574,correct
4,/home/tahmid/crops/p28/p28_sunglass_low_003.jpg,p28,sunglass,low,0.8770101070404053,p28,0.642201,correct
4,/home/tahmid/crops/p28/p28_sunglass_low_004.jpg,p28,sunglass,low,0.7968072891235352,p28,0.585367,correct
4,/home/tahmid/crops/p28/p28_sunglass_low_005.jpg,p28,sunglass,low,0.8103166818618774,p28,0.566606,correct
4,/home/tahmid/crops/p28/p28_sunglass_low_006.jpg,p28,sunglass,low,0.7947587966918945,p28,0.566711,correct
4,/home/tahmid/crops/p28/p28_sunglass_low_007.jpg,p28,sunglass,low,0.8092292547225952,p28,0.538051,correct
4,/home/tahmid/crops/p28/p28_sunglass_low_008.jpg,p28,sunglass,low,0.7908507585525513,p28,0.555156,correct
4,/home/tahmid/crops/p28/p28_sunglass_low_009.jpg,p28,sunglass,low,0.7995816469192505,p28,0.578081,correct
4,/home/tahmid/crops/p28/p28_sunglass_low_010.jpg,p28,sunglass,low,0.845594584941864,p28,0.552572,correct
4,/home/tahmid/crops/p28/p28_sunglass_low_011.jpg,p28,sunglass,low,0.8511778712272644,p28,0.572083,correct
4,/home/tahmid/crops/p28/p28_sunglass_low_012.jpg,p28,sunglass,low,0.6972911953926086,p28,0.480522,correct
4,/home/tahmid/crops/p28/p28_sunglass_low_013.jpg,p28,sunglass,low,0.7017903923988342,p28,0.481492,correct
4,/home/tahmid/crops/p28/p28_sunglass_regular_001.jpg,p28,sunglass,regular,0.830614447593689,p28,0.610442,correct
4,/home/tahmid/crops/p28/p28_sunglass_regular_002.jpg,p28,sunglass,regular,0.8819503784179688,p28,0.612899,correct
4,/home/tahmid/crops/p28/p28_sunglass_regular_003.jpg,p28,sunglass,regular,0.8799413442611694,p28,0.631717,correct
4,/home/tahmid/crops/p28/p28_sunglass_regular_004.jpg,p28,sunglass,regular,0.7930223941802979,p28,0.603608,correct
4,/home/tahmid/crops/p28/p28_sunglass_regular_005.jpg,p28,sunglass,regular,0.810379147529602,p28,0.568971,correct
4,/home/tahmid/crops/p28/p28_sunglass_regular_006.jpg,p28,sunglass,regular,0.7930230498313904,p28,0.567808,correct
4,/home/tahmid/crops/p28/p28_sunglass_regular_007.jpg,p28,sunglass,regular,0.8110812306404114,p28,0.542132,correct
4,/home/tahmid/crops/p28/p28_sunglass_regular_008.jpg,p28,sunglass,regular,0.8035134077072144,p28,0.565679,correct
4,/home/tahmid/crops/p28/p28_sunglass_regular_009.jpg,p28,sunglass,regular,0.7911417484283447,p28,0.588393,correct
4,/home/tahmid/crops/p28/p28_sunglass_regular_010.jpg,p28,sunglass,regular,0.841048002243042,p28,0.558052,correct
4,/home/tahmid/crops/p28/p28_sunglass_regular_011.jpg,p28,sunglass,regular,0.8598546385765076,p28,0.567435,correct
4,/home/tahmid/crops/p28/p28_sunglass_regular_012.jpg,p28,sunglass,regular,0.7177387475967407,p28,0.481093,correct
4,/home/tahmid/crops/p28/p28_sunglass_regular_013.jpg,p28,sunglass,regular,0.7213378548622131,p28,0.449016,correct
5,/home/tahmid/crops/p05/p05_cap_low_001.jpg,p05,cap,low,0.6765466928482056,p05,0.477293,correct
5,/home/tahmid/crops/p05/p05_cap_low_002.jpg,p05,cap,low,0.6386196613311768,p05,0.483689,correct
5,/home/tahmid/crops/p05/p05_cap_low_003.jpg,p05,cap,low,0.6386196613311768,p05,0.483689,correct
5,/home/tahmid/crops/p05/p05_cap_low_004.jpg,p05,cap,low,0.675531268119812,p05,0.487682,correct
5,/home/tahmid/crops/p05/p05_cap_low_005.jpg,p05,cap,low,0.6620925068855286,p05,0.400861,correct
5,/home/tahmid/crops/p05/p05_cap_low_006.jpg,p05,cap,low,0.6923861503601074,p05,0.398635,correct
5,/home/tahmid/crops/p05/p05_cap_low_007.jpg,p05,cap,low,0.6744612455368042,p05,0.402238,correct
5,/home/tahmid/crops/p05/p05_cap_low_008.jpg,p05,cap,low,0.6744612455368042,p05,0.402238,correct
5,/home/tahmid/crops/p05/p05_cap_low_009.jpg,p05,cap,low,0.47836562991142273,p05,0.238730,rejected
5,/home/tahmid/crops/p05/p05_cap_low_010.jpg,p05,cap,low,0.4451356530189514,p03,0.204310,rejected
5,/home/tahmid/crops/p05/p05_cap_low_011.jpg,p05,cap,low,0.44948074221611023,p05,0.260295,rejected
5,/home/tahmid/crops/p05/p05_cap_low_012.jpg,p05,cap,low,0.44948074221611023,p05,0.260295,rejected
5,/home/tahmid/crops/p05/p05_cap_low_013.jpg,p05,cap,low,0.5808380842208862,p05,0.251404,rejected
5,/home/tahmid/crops/p05/p05_cap_low_014.jpg,p05,cap,low,0.6161743402481079,p05,0.235706,rejected
5,/home/tahmid/crops/p05/p05_cap_low_015.jpg,p05,cap,low,0.6161743402481079,p05,0.235706,rejected
5,/home/tahmid/crops/p05/p05_cap_regular_001.jpg,p05,cap,regular,0.7148131132125854,p05,0.484301,correct
5,/home/tahmid/crops/p05/p05_cap_regular_002.jpg,p05,cap,regular,0.7148131132125854,p05,0.484301,correct
5,/home/tahmid/crops/p05/p05_cap_regular_003.jpg,p05,cap,regular,0.6630884408950806,p05,0.525318,correct
5,/home/tahmid/crops/p05/p05_cap_regular_004.jpg,p05,cap,regular,0.7481287717819214,p05,0.334503,correct
5,/home/tahmid/crops/p05/p05_cap_regular_005.jpg,p05,cap,regular,0.7481287717819214,p05,0.334503,correct
5,/home/tahmid/crops/p05/p05_cap_regular_006.jpg,p05,cap,regular,0.7272248268127441,p05,0.379074,correct
5,/home/tahmid/crops/p05/p05_cap_regular_007.jpg,p05,cap,regular,0.7272248268127441,p05,0.379074,correct
5,/home/tahmid/crops/p05/p05_cap_regular_008.jpg,p05,cap,regular,0.6194272637367249,p05,0.261559,rejected
5,/home/tahmid/crops/p05/p05_cap_regular_009.jpg,p05,cap,regular,0.6476663947105408,p05,0.308734,correct
5,/home/tahmid/crops/p05/p05_cap_regular_010.jpg,p05,cap,regular,0.6579873561859131,p05,0.291234,rejected
5,/home/tahmid/crops/p05/p05_cap_regular_011.jpg,p05,cap,regular,0.6579873561859131,p05,0.291234,rejected
5,/home/tahmid/crops/p05/p05_cap_regular_012.jpg,p05,cap,regular,0.7273036241531372,p05,0.499269,correct
5,/home/tahmid/crops/p05/p05_cap_regular_013.jpg,p05,cap,regular,0.7228739261627197,p05,0.482978,correct
5,/home/tahmid/crops/p05/p05_cap_regular_014.jpg,p05,cap,regular,0.675531268119812,p05,0.487682,correct
5,/home/tahmid/crops/p05/p05_cap_regular_015.jpg,p05,cap,regular,0.6744612455368042,p05,0.402238,correct
5,/home/tahmid/crops/p05/p05_mask_clearglass_low_001.jpg,p05,mask_clearglass,low,0.7689104080200195,p05,0.420699,correct
5,/home/tahmid/crops/p05/p05_mask_clearglass_low_002.jpg,p05,mask_clearglass,low,0.5876747369766235,p05,0.305317,correct
5,/home/tahmid/crops/p05/p05_mask_clearglass_low_003.jpg,p05,mask_clearglass,low,0.680762529373169,p05,0.348159,correct
5,/home/tahmid/crops/p05/p05_mask_clearglass_low_004.jpg,p05,mask_clearglass,low,0.6660583019256592,p05,0.340006,correct
5,/home/tahmid/crops/p05/p05_mask_clearglass_low_005.jpg,p05,mask_clearglass,low,0.34781551361083984,p05,0.189023,rejected
5,/home/tahmid/crops/p05/p05_mask_clearglass_low_006.jpg,p05,mask_clearglass,low,0.35201534628868103,p02,0.195213,rejected
5,/home/tahmid/crops/p05/p05_mask_clearglass_low_007.jpg,p05,mask_clearglass,low,0.37466561794281006,p05,0.212399,rejected
5,/home/tahmid/crops/p05/p05_mask_clearglass_low_008.jpg,p05,mask_clearglass,low,0.40847188234329224,p05,0.231758,rejected
5,/home/tahmid/crops/p05/p05_mask_clearglass_regular_001.jpg,p05,mask_clearglass,regular,0.6860768795013428,p05,0.350871,correct
5,/home/tahmid/crops/p05/p05_mask_clearglass_regular_002.jpg,p05,mask_clearglass,regular,0.704914927482605,p05,0.363118,correct
5,/home/tahmid/crops/p05/p05_mask_clearglass_regular_003.jpg,p05,mask_clearglass,regular,0.7043548822402954,p05,0.345307,correct
5,/home/tahmid/crops/p05/p05_mask_clearglass_regular_004.jpg,p05,mask_clearglass,regular,0.5687585473060608,p05,0.234553,rejected
5,/home/tahmid/crops/p05/p05_mask_clearglass_regular_005.jpg,p05,mask_clearglass,regular,0.5587445497512817,p02,0.227353,rejected
5,/home/tahmid/crops/p05/p05_mask_clearglass_regular_006.jpg,p05,mask_clearglass,regular,0.326988160610199,p02,0.182559,rejected
5,/home/tahmid/crops/p05/p05_mask_low_001.jpg,p05,mask,low,0.7864782214164734,p05,0.571973,correct
5,/home/tahmid/crops/p05/p05_mask_low_002.jpg,p05,mask,low,0.7864782214164734,p05,0.571973,correct
5,/home/tahmid/crops/p05/p05_mask_low_003.jpg,p05,mask,low,0.7945327162742615,p05,0.543333,correct
5,/home/tahmid/crops/p05/p05_mask_low_004.jpg,p05,mask,low,0.7945327162742615,p05,0.543333,correct
5,/home/tahmid/crops/p05/p05_mask_low_005.jpg,p05,mask,low,0.8059983253479004,p05,0.505510,correct
5,/home/tahmid/crops/p05/p05_mask_low_006.jpg,p05,mask,low,0.8220059871673584,p05,0.503920,correct
5,/home/tahmid/crops/p05/p05_mask_low_007.jpg,p05,mask,low,0.7815080881118774,p05,0.503123,correct
5,/home/tahmid/crops/p05/p05_mask_low_008.jpg,p05,mask,low,0.7815080881118774,p05,0.503123,correct
5,/home/tahmid/crops/p05/p05_mask_low_009.jpg,p05,mask,low,0.7819499373435974,p05,0.485083,correct
5,/home/tahmid/crops/p05/p05_mask_low_010.jpg,p05,mask,low,0.7819499373435974,p05,0.485083,correct
5,/home/tahmid/crops/p05/p05_mask_low_011.jpg,p05,mask,low,0.7724156379699707,p05,0.453684,correct
5,/home/tahmid/crops/p05/p05_mask_low_012.jpg,p05,mask,low,0.7724156379699707,p05,0.453684,correct
5,/home/tahmid/crops/p05/p05_mask_low_013.jpg,p05,mask,low,0.7629043459892273,p05,0.397751,correct
5,/home/tahmid/crops/p05/p05_mask_low_014.jpg,p05,mask,low,0.7696022987365723,p05,0.442911,correct
5,/home/tahmid/crops/p05/p05_mask_low_015.jpg,p05,mask,low,0.7019997835159302,p05,0.424822,correct
5,/home/tahmid/crops/p05/p05_mask_regular_001.jpg,p05,mask,regular,0.8149241805076599,p05,0.558606,correct
5,/home/tahmid/crops/p05/p05_mask_regular_002.jpg,p05,mask,regular,0.8147807121276855,p05,0.533122,correct
5,/home/tahmid/crops/p05/p05_mask_regular_003.jpg,p05,mask,regular,0.7954912185668945,p05,0.542591,correct
5,/home/tahmid/crops/p05/p05_mask_regular_004.jpg,p05,mask,regular,0.7954912185668945,p05,0.542591,correct
5,/home/tahmid/crops/p05/p05_mask_regular_005.jpg,p05,mask,regular,0.8297408819198608,p05,0.501424,correct
5,/home/tahmid/crops/p05/p05_mask_regular_006.jpg,p05,mask,regular,0.7654170989990234,p05,0.487030,correct
5,/home/tahmid/crops/p05/p05_mask_regular_007.jpg,p05,mask,regular,0.7890225648880005,p05,0.501334,correct
5,/home/tahmid/crops/p05/p05_mask_regular_008.jpg,p05,mask,regular,0.7743890285491943,p05,0.490400,correct
5,/home/tahmid/crops/p05/p05_mask_regular_009.jpg,p05,mask,regular,0.791907548904419,p05,0.459194,correct
5,/home/tahmid/crops/p05/p05_mask_regular_010.jpg,p05,mask,regular,0.7600734233856201,p05,0.421665,correct
5,/home/tahmid/crops/p05/p05_mask_regular_011.jpg,p05,mask,regular,0.7494924068450928,p05,0.418793,correct
5,/home/tahmid/crops/p05/p05_mask_regular_012.jpg,p05,mask,regular,0.7019997835159302,p05,0.424822,correct
5,/home/tahmid/crops/p05/p05_mask_regular_013.jpg,p05,mask,regular,0.7019997835159302,p05,0.424822,correct
5,/home/tahmid/crops/p05/p05_mask_regular_014.jpg,p05,mask,regular,0.6005534529685974,p05,0.328571,correct
5,/home/tahmid/crops/p05/p05_mask_regular_015.jpg,p05,mask,regular,0.6585932970046997,p05,0.311039,correct
5,/home/tahmid/crops/p05/p05_mask_sunglass_low_001.jpg,p05,mask_sunglass,low,0.6994524598121643,p05,0.392781,correct
5,/home/tahmid/crops/p05/p05_mask_sunglass_low_002.jpg,p05,mask_sunglass,low,0.6149910688400269,p05,0.238478,rejected
5,/home/tahmid/crops/p05/p05_mask_sunglass_low_003.jpg,p05,mask_sunglass,low,0.596164345741272,p05,0.232170,rejected
5,/home/tahmid/crops/p05/p05_mask_sunglass_low_004.jpg,p05,mask_sunglass,low,0.6523985862731934,p05,0.224962,rejected
5,/home/tahmid/crops/p05/p05_mask_sunglass_low_005.jpg,p05,mask_sunglass,low,0.6523985862731934,p05,0.224962,rejected
5,/home/tahmid/crops/p05/p05_mask_sunglass_low_006.jpg,p05,mask_sunglass,low,0.7177537679672241,p05,0.273189,rejected
5,/home/tahmid/crops/p05/p05_mask_sunglass_low_007.jpg,p05,mask_sunglass,low,0.6787673830986023,p05,0.216269,rejected
5,/home/tahmid/crops/p05/p05_mask_sunglass_low_008.jpg,p05,mask_sunglass,low,0.5733416080474854,p02,0.278296,rejected
5,/home/tahmid/crops/p05/p05_mask_sunglass_low_009.jpg,p05,mask_sunglass,low,0.5737529397010803,p02,0.263268,rejected
5,/home/tahmid/crops/p05/p05_mask_sunglass_low_010.jpg,p05,mask_sunglass,low,0.5888365507125854,p05,0.231664,rejected
5,/home/tahmid/crops/p05/p05_mask_sunglass_low_011.jpg,p05,mask_sunglass,low,0.5562025308609009,p05,0.214940,rejected
5,/home/tahmid/crops/p05/p05_mask_sunglass_low_012.jpg,p05,mask_sunglass,low,0.5562025308609009,p05,0.214940,rejected
5,/home/tahmid/crops/p05/p05_mask_sunglass_low_013.jpg,p05,mask_sunglass,low,0.6895456910133362,p05,0.255348,rejected
5,/home/tahmid/crops/p05/p05_mask_sunglass_low_014.jpg,p05,mask_sunglass,low,0.6895456910133362,p05,0.255348,rejected
5,/home/tahmid/crops/p05/p05_mask_sunglass_low_015.jpg,p05,mask_sunglass,low,0.6904189586639404,p05,0.267570,rejected
5,/home/tahmid/crops/p05/p05_mask_sunglass_regular_001.jpg,p05,mask_sunglass,regular,0.7022174000740051,p05,0.314295,correct
5,/home/tahmid/crops/p05/p05_mask_sunglass_regular_002.jpg,p05,mask_sunglass,regular,0.7160717248916626,p05,0.279951,rejected
5,/home/tahmid/crops/p05/p05_mask_sunglass_regular_003.jpg,p05,mask_sunglass,regular,0.682241678237915,p02,0.214482,rejected
5,/home/tahmid/crops/p05/p05_mask_sunglass_regular_004.jpg,p05,mask_sunglass,regular,0.6703627705574036,p05,0.254798,rejected
5,/home/tahmid/crops/p05/p05_mask_sunglass_regular_005.jpg,p05,mask_sunglass,regular,0.7391866445541382,p05,0.262677,rejected
5,/home/tahmid/crops/p05/p05_mask_sunglass_regular_006.jpg,p05,mask_sunglass,regular,0.7597249746322632,p05,0.251693,rejected
5,/home/tahmid/crops/p05/p05_mask_sunglass_regular_007.jpg,p05,mask_sunglass,regular,0.686864972114563,p05,0.228110,rejected
5,/home/tahmid/crops/p05/p05_mask_sunglass_regular_008.jpg,p05,mask_sunglass,regular,0.686864972114563,p05,0.228110,rejected
5,/home/tahmid/crops/p05/p05_mask_sunglass_regular_009.jpg,p05,mask_sunglass,regular,0.6810057163238525,p02,0.269616,rejected
5,/home/tahmid/crops/p05/p05_mask_sunglass_regular_010.jpg,p05,mask_sunglass,regular,0.6810057163238525,p02,0.269616,rejected
5,/home/tahmid/crops/p05/p05_mask_sunglass_regular_011.jpg,p05,mask_sunglass,regular,0.7381935715675354,p05,0.188878,rejected
5,/home/tahmid/crops/p05/p05_mask_sunglass_regular_012.jpg,p05,mask_sunglass,regular,0.7381935715675354,p05,0.188878,rejected
5,/home/tahmid/crops/p05/p05_mask_sunglass_regular_013.jpg,p05,mask_sunglass,regular,0.7171350717544556,p05,0.237536,rejected
5,/home/tahmid/crops/p05/p05_mask_sunglass_regular_014.jpg,p05,mask_sunglass,regular,0.7042179703712463,p02,0.226574,rejected
5,/home/tahmid/crops/p05/p05_mask_sunglass_regular_015.jpg,p05,mask_sunglass,regular,0.6722167730331421,p05,0.236862,rejected
5,/home/tahmid/crops/p05/p05_none_low_001.jpg,p05,none,low,0.8495689630508423,p05,0.727226,correct
5,/home/tahmid/crops/p05/p05_none_low_002.jpg,p05,none,low,0.8495689630508423,p05,0.727226,correct
5,/home/tahmid/crops/p05/p05_none_low_003.jpg,p05,none,low,0.8589316606521606,p05,0.713718,correct
5,/home/tahmid/crops/p05/p05_none_low_004.jpg,p05,none,low,0.8589316606521606,p05,0.713718,correct
5,/home/tahmid/crops/p05/p05_none_low_005.jpg,p05,none,low,0.8623190522193909,p05,0.714213,correct
5,/home/tahmid/crops/p05/p05_none_low_006.jpg,p05,none,low,0.8623190522193909,p05,0.714213,correct
5,/home/tahmid/crops/p05/p05_none_low_007.jpg,p05,none,low,0.8439866304397583,p05,0.670276,correct
5,/home/tahmid/crops/p05/p05_none_low_008.jpg,p05,none,low,0.8372899889945984,p05,0.667528,correct
5,/home/tahmid/crops/p05/p05_none_low_009.jpg,p05,none,low,0.8150973916053772,p05,0.558375,correct
5,/home/tahmid/crops/p05/p05_none_low_010.jpg,p05,none,low,0.8150973916053772,p05,0.558375,correct
5,/home/tahmid/crops/p05/p05_none_low_011.jpg,p05,none,low,0.807330846786499,p05,0.570083,correct
5,/home/tahmid/crops/p05/p05_none_low_012.jpg,p05,none,low,0.807330846786499,p05,0.570083,correct
5,/home/tahmid/crops/p05/p05_none_low_013.jpg,p05,none,low,0.807330846786499,p05,0.570083,correct
5,/home/tahmid/crops/p05/p05_none_low_014.jpg,p05,none,low,0.7993876934051514,p05,0.576177,correct
5,/home/tahmid/crops/p05/p05_none_low_015.jpg,p05,none,low,0.8491296768188477,p05,0.571439,correct
5,/home/tahmid/crops/p05/p05_none_low_016.jpg,p05,none,low,0.8491296768188477,p05,0.571439,correct
5,/home/tahmid/crops/p05/p05_none_regular_001.jpg,p05,none,regular,0.8630181550979614,p05,0.732716,correct
5,/home/tahmid/crops/p05/p05_none_regular_003.jpg,p05,none,regular,0.8586552143096924,p05,0.734513,correct
5,/home/tahmid/crops/p05/p05_none_regular_004.jpg,p05,none,regular,0.8294107913970947,p05,0.710479,correct
5,/home/tahmid/crops/p05/p05_none_regular_005.jpg,p05,none,regular,0.8294107913970947,p05,0.710479,correct
5,/home/tahmid/crops/p05/p05_none_regular_006.jpg,p05,none,regular,0.853663444519043,p05,0.707850,correct
5,/home/tahmid/crops/p05/p05_none_regular_007.jpg,p05,none,regular,0.853663444519043,p05,0.707850,correct
5,/home/tahmid/crops/p05/p05_none_regular_008.jpg,p05,none,regular,0.853663444519043,p05,0.707850,correct
5,/home/tahmid/crops/p05/p05_none_regular_009.jpg,p05,none,regular,0.8307425379753113,p05,0.670325,correct
5,/home/tahmid/crops/p05/p05_none_regular_010.jpg,p05,none,regular,0.8253658413887024,p05,0.669175,correct
5,/home/tahmid/crops/p05/p05_none_regular_011.jpg,p05,none,regular,0.8202433586120605,p05,0.645779,correct
5,/home/tahmid/crops/p05/p05_none_regular_012.jpg,p05,none,regular,0.8202433586120605,p05,0.645779,correct
5,/home/tahmid/crops/p05/p05_none_regular_013.jpg,p05,none,regular,0.8414686918258667,p05,0.593364,correct
5,/home/tahmid/crops/p05/p05_none_regular_014.jpg,p05,none,regular,0.8372266888618469,p05,0.564126,correct
5,/home/tahmid/crops/p05/p05_none_regular_015.jpg,p05,none,regular,0.8127357363700867,p05,0.572184,correct
5,/home/tahmid/crops/p05/p05_none_regular_016.jpg,p05,none,regular,0.8168516755104065,p05,0.556657,correct
5,/home/tahmid/crops/p05/p05_scarf_low_001.jpg,p05,scarf,low,0.7681388854980469,p05,0.619653,correct
5,/home/tahmid/crops/p05/p05_scarf_low_002.jpg,p05,scarf,low,0.7657074928283691,p05,0.558076,correct
5,/home/tahmid/crops/p05/p05_scarf_low_003.jpg,p05,scarf,low,0.7363724708557129,p05,0.555162,correct
5,/home/tahmid/crops/p05/p05_scarf_low_004.jpg,p05,scarf,low,0.7363724708557129,p05,0.555162,correct
5,/home/tahmid/crops/p05/p05_scarf_low_005.jpg,p05,scarf,low,0.7363724708557129,p05,0.555162,correct
5,/home/tahmid/crops/p05/p05_scarf_low_006.jpg,p05,scarf,low,0.6534069180488586,p05,0.483486,correct
5,/home/tahmid/crops/p05/p05_scarf_low_007.jpg,p05,scarf,low,0.7166226506233215,p05,0.499200,correct
5,/home/tahmid/crops/p05/p05_scarf_low_008.jpg,p05,scarf,low,0.7166226506233215,p05,0.499200,correct
5,/home/tahmid/crops/p05/p05_scarf_low_009.jpg,p05,scarf,low,0.8353917598724365,p05,0.626128,correct
5,/home/tahmid/crops/p05/p05_scarf_low_010.jpg,p05,scarf,low,0.8081734776496887,p05,0.626120,correct
5,/home/tahmid/crops/p05/p05_scarf_low_011.jpg,p05,scarf,low,0.8081734776496887,p05,0.626120,correct
5,/home/tahmid/crops/p05/p05_scarf_low_012.jpg,p05,scarf,low,0.8640186786651611,p05,0.625300,correct
5,/home/tahmid/crops/p05/p05_scarf_low_013.jpg,p05,scarf,low,0.8640186786651611,p05,0.625300,correct
5,/home/tahmid/crops/p05/p05_scarf_low_014.jpg,p05,scarf,low,0.8826460242271423,p05,0.615564,correct
5,/home/tahmid/crops/p05/p05_scarf_low_015.jpg,p05,scarf,low,0.8826460242271423,p05,0.615564,correct
5,/home/tahmid/crops/p05/p05_scarf_low_016.jpg,p05,scarf,low,0.8826460242271423,p05,0.615564,correct
5,/home/tahmid/crops/p05/p05_scarf_regular_001.jpg,p05,scarf,regular,0.7522568702697754,p05,0.618903,correct
5,/home/tahmid/crops/p05/p05_scarf_regular_002.jpg,p05,scarf,regular,0.7478022575378418,p05,0.646963,correct
5,/home/tahmid/crops/p05/p05_scarf_regular_003.jpg,p05,scarf,regular,0.6980450749397278,p05,0.578267,correct
5,/home/tahmid/crops/p05/p05_scarf_regular_004.jpg,p05,scarf,regular,0.6365819573402405,p05,0.581928,correct
5,/home/tahmid/crops/p05/p05_scarf_regular_005.jpg,p05,scarf,regular,0.7657074928283691,p05,0.558076,correct
5,/home/tahmid/crops/p05/p05_scarf_regular_006.jpg,p05,scarf,regular,0.745976984500885,p05,0.499722,correct
5,/home/tahmid/crops/p05/p05_scarf_regular_007.jpg,p05,scarf,regular,0.7282615303993225,p05,0.495087,correct
5,/home/tahmid/crops/p05/p05_scarf_regular_008.jpg,p05,scarf,regular,0.7280873656272888,p05,0.474935,correct
5,/home/tahmid/crops/p05/p05_scarf_regular_009.jpg,p05,scarf,regular,0.8437435030937195,p05,0.651783,correct
5,/home/tahmid/crops/p05/p05_scarf_regular_010.jpg,p05,scarf,regular,0.8437435030937195,p05,0.651783,correct
5,/home/tahmid/crops/p05/p05_scarf_regular_011.jpg,p05,scarf,regular,0.8513880968093872,p05,0.641902,correct
5,/home/tahmid/crops/p05/p05_scarf_regular_012.jpg,p05,scarf,regular,0.8447760343551636,p05,0.624200,correct
5,/home/tahmid/crops/p05/p05_scarf_regular_013.jpg,p05,scarf,regular,0.8670029044151306,p05,0.623729,correct
5,/home/tahmid/crops/p05/p05_scarf_regular_014.jpg,p05,scarf,regular,0.8582100868225098,p05,0.627920,correct
5,/home/tahmid/crops/p05/p05_scarf_regular_015.jpg,p05,scarf,regular,0.8582100868225098,p05,0.627920,correct
5,/home/tahmid/crops/p05/p05_scarf_regular_016.jpg,p05,scarf,regular,0.8582100868225098,p05,0.627920,correct
5,/home/tahmid/crops/p05/p05_sunglass_low_001.jpg,p05,sunglass,low,0.7799594402313232,p05,0.571799,correct
5,/home/tahmid/crops/p05/p05_sunglass_low_002.jpg,p05,sunglass,low,0.7807855010032654,p05,0.601605,correct
5,/home/tahmid/crops/p05/p05_sunglass_low_003.jpg,p05,sunglass,low,0.7567405700683594,p05,0.567616,correct
5,/home/tahmid/crops/p05/p05_sunglass_low_004.jpg,p05,sunglass,low,0.7175174355506897,p05,0.571986,correct
5,/home/tahmid/crops/p05/p05_sunglass_low_005.jpg,p05,sunglass,low,0.7182507514953613,p05,0.557326,correct
5,/home/tahmid/crops/p05/p05_sunglass_low_006.jpg,p05,sunglass,low,0.7182507514953613,p05,0.557326,correct
5,/home/tahmid/crops/p05/p05_sunglass_low_007.jpg,p05,sunglass,low,0.7552888989448547,p05,0.551118,correct
5,/home/tahmid/crops/p05/p05_sunglass_low_008.jpg,p05,sunglass,low,0.7232190370559692,p05,0.571898,correct
5,/home/tahmid/crops/p05/p05_sunglass_low_009.jpg,p05,sunglass,low,0.7190507054328918,p05,0.584311,correct
5,/home/tahmid/crops/p05/p05_sunglass_low_010.jpg,p05,sunglass,low,0.7190507054328918,p05,0.584311,correct
5,/home/tahmid/crops/p05/p05_sunglass_low_011.jpg,p05,sunglass,low,0.7514268159866333,p05,0.464224,correct
5,/home/tahmid/crops/p05/p05_sunglass_low_012.jpg,p05,sunglass,low,0.7514268159866333,p05,0.464224,correct
5,/home/tahmid/crops/p05/p05_sunglass_low_013.jpg,p05,sunglass,low,0.7514268159866333,p05,0.464224,correct
5,/home/tahmid/crops/p05/p05_sunglass_low_014.jpg,p05,sunglass,low,0.6626695990562439,p05,0.344217,correct
5,/home/tahmid/crops/p05/p05_sunglass_low_015.jpg,p05,sunglass,low,0.7147486805915833,p05,0.355806,correct
5,/home/tahmid/crops/p05/p05_sunglass_low_016.jpg,p05,sunglass,low,0.7147486805915833,p05,0.355806,correct
5,/home/tahmid/crops/p05/p05_sunglass_regular_001.jpg,p05,sunglass,regular,0.7931652069091797,p05,0.599901,correct
5,/home/tahmid/crops/p05/p05_sunglass_regular_002.jpg,p05,sunglass,regular,0.7702971696853638,p05,0.593019,correct
5,/home/tahmid/crops/p05/p05_sunglass_regular_003.jpg,p05,sunglass,regular,0.7830478549003601,p05,0.590108,correct
5,/home/tahmid/crops/p05/p05_sunglass_regular_004.jpg,p05,sunglass,regular,0.7841944098472595,p05,0.557535,correct
5,/home/tahmid/crops/p05/p05_sunglass_regular_005.jpg,p05,sunglass,regular,0.7635695338249207,p05,0.562145,correct
5,/home/tahmid/crops/p05/p05_sunglass_regular_006.jpg,p05,sunglass,regular,0.7765137553215027,p05,0.574680,correct
5,/home/tahmid/crops/p05/p05_sunglass_regular_007.jpg,p05,sunglass,regular,0.7857949733734131,p05,0.581051,correct
5,/home/tahmid/crops/p05/p05_sunglass_regular_008.jpg,p05,sunglass,regular,0.7857949733734131,p05,0.581051,correct
5,/home/tahmid/crops/p05/p05_sunglass_regular_009.jpg,p05,sunglass,regular,0.682904839515686,p05,0.551805,correct
5,/home/tahmid/crops/p05/p05_sunglass_regular_010.jpg,p05,sunglass,regular,0.7552888989448547,p05,0.551118,correct
5,/home/tahmid/crops/p05/p05_sunglass_regular_011.jpg,p05,sunglass,regular,0.7552888989448547,p05,0.551118,correct
5,/home/tahmid/crops/p05/p05_sunglass_regular_012.jpg,p05,sunglass,regular,0.7590165734291077,p05,0.452339,correct
5,/home/tahmid/crops/p05/p05_sunglass_regular_013.jpg,p05,sunglass,regular,0.7642110586166382,p05,0.435032,correct
5,/home/tahmid/crops/p05/p05_sunglass_regular_014.jpg,p05,sunglass,regular,0.7147486805915833,p05,0.355806,correct
5,/home/tahmid/crops/p05/p05_sunglass_regular_015.jpg,p05,sunglass,regular,0.7293946743011475,p02,0.286650,rejected
5,/home/tahmid/crops/p05/p05_sunglass_regular_016.jpg,p05,sunglass,regular,0.7576843500137329,p05,0.285480,rejected
5,/home/tahmid/crops/p08/p08_cap_low_001.jpg,p08,cap,low,0.7358217239379883,p08,0.490710,correct
5,/home/tahmid/crops/p08/p08_cap_low_002.jpg,p08,cap,low,0.6845483183860779,p08,0.485009,correct
5,/home/tahmid/crops/p08/p08_cap_low_003.jpg,p08,cap,low,0.7303394079208374,p08,0.464491,correct
5,/home/tahmid/crops/p08/p08_cap_low_004.jpg,p08,cap,low,0.7782328128814697,p08,0.466067,correct
5,/home/tahmid/crops/p08/p08_cap_low_005.jpg,p08,cap,low,0.7457795143127441,p08,0.528626,correct
5,/home/tahmid/crops/p08/p08_cap_low_006.jpg,p08,cap,low,0.769105076789856,p08,0.529914,correct
5,/home/tahmid/crops/p08/p08_cap_low_007.jpg,p08,cap,low,0.6482894420623779,p08,0.406900,correct
5,/home/tahmid/crops/p08/p08_cap_low_008.jpg,p08,cap,low,0.6579437255859375,p08,0.403656,correct
5,/home/tahmid/crops/p08/p08_cap_low_009.jpg,p08,cap,low,0.699898898601532,p08,0.468072,correct
5,/home/tahmid/crops/p08/p08_cap_low_010.jpg,p08,cap,low,0.7965781688690186,p08,0.464867,correct
5,/home/tahmid/crops/p08/p08_cap_regular_001.jpg,p08,cap,regular,0.784392237663269,p08,0.514761,correct
5,/home/tahmid/crops/p08/p08_cap_regular_002.jpg,p08,cap,regular,0.798969030380249,p08,0.502834,correct
5,/home/tahmid/crops/p08/p08_cap_regular_003.jpg,p08,cap,regular,0.788957953453064,p08,0.484078,correct
5,/home/tahmid/crops/p08/p08_cap_regular_004.jpg,p08,cap,regular,0.7276933193206787,p08,0.471113,correct
5,/home/tahmid/crops/p08/p08_cap_regular_005.jpg,p08,cap,regular,0.7856202125549316,p08,0.549002,correct
5,/home/tahmid/crops/p08/p08_cap_regular_006.jpg,p08,cap,regular,0.7767218351364136,p08,0.543887,correct
5,/home/tahmid/crops/p08/p08_cap_regular_007.jpg,p08,cap,regular,0.7463021874427795,p08,0.441387,correct
5,/home/tahmid/crops/p08/p08_cap_regular_008.jpg,p08,cap,regular,0.7704579830169678,p08,0.419735,correct
5,/home/tahmid/crops/p08/p08_cap_regular_009.jpg,p08,cap,regular,0.7958305478096008,p08,0.484238,correct
5,/home/tahmid/crops/p08/p08_cap_regular_010.jpg,p08,cap,regular,0.8062986135482788,p08,0.493698,correct
5,/home/tahmid/crops/p08/p08_clearglass_low_001.jpg,p08,clearglass,low,0.7531003952026367,p08,0.502806,correct
5,/home/tahmid/crops/p08/p08_clearglass_low_002.jpg,p08,clearglass,low,0.7750977277755737,p08,0.504133,correct
5,/home/tahmid/crops/p08/p08_clearglass_low_003.jpg,p08,clearglass,low,0.7674127221107483,p08,0.490106,correct
5,/home/tahmid/crops/p08/p08_clearglass_low_004.jpg,p08,clearglass,low,0.7473761439323425,p08,0.471937,correct
5,/home/tahmid/crops/p08/p08_clearglass_low_005.jpg,p08,clearglass,low,0.7221915125846863,p08,0.552527,correct
5,/home/tahmid/crops/p08/p08_clearglass_low_006.jpg,p08,clearglass,low,0.7902865409851074,p08,0.549422,correct
5,/home/tahmid/crops/p08/p08_clearglass_low_007.jpg,p08,clearglass,low,0.8180922269821167,p08,0.467015,correct
5,/home/tahmid/crops/p08/p08_clearglass_low_008.jpg,p08,clearglass,low,0.7323444485664368,p08,0.470217,correct
5,/home/tahmid/crops/p08/p08_clearglass_low_009.jpg,p08,clearglass,low,0.8399442434310913,p08,0.482073,correct
5,/home/tahmid/crops/p08/p08_clearglass_low_010.jpg,p08,clearglass,low,0.7691535949707031,p08,0.472300,correct
5,/home/tahmid/crops/p08/p08_clearglass_regular_001.jpg,p08,clearglass,regular,0.7784507274627686,p08,0.530028,correct
5,/home/tahmid/crops/p08/p08_clearglass_regular_002.jpg,p08,clearglass,regular,0.7772610187530518,p08,0.522527,correct
5,/home/tahmid/crops/p08/p08_clearglass_regular_003.jpg,p08,clearglass,regular,0.7722650766372681,p08,0.497302,correct
5,/home/tahmid/crops/p08/p08_clearglass_regular_004.jpg,p08,clearglass,regular,0.7360077500343323,p08,0.496103,correct
5,/home/tahmid/crops/p08/p08_clearglass_regular_005.jpg,p08,clearglass,regular,0.7823748588562012,p08,0.556977,correct
5,/home/tahmid/crops/p08/p08_clearglass_regular_006.jpg,p08,clearglass,regular,0.7621361613273621,p08,0.569310,correct
5,/home/tahmid/crops/p08/p08_clearglass_regular_007.jpg,p08,clearglass,regular,0.7773920297622681,p08,0.502917,correct
5,/home/tahmid/crops/p08/p08_clearglass_regular_008.jpg,p08,clearglass,regular,0.7174842357635498,p08,0.500157,correct
5,/home/tahmid/crops/p08/p08_clearglass_regular_009.jpg,p08,clearglass,regular,0.7468847036361694,p08,0.513167,correct
5,/home/tahmid/crops/p08/p08_clearglass_regular_010.jpg,p08,clearglass,regular,0.7681511640548706,p08,0.519145,correct
5,/home/tahmid/crops/p08/p08_mask_clearglass_low_001.jpg,p08,mask_clearglass,low,0.7278810143470764,p08,0.393913,correct
5,/home/tahmid/crops/p08/p08_mask_clearglass_low_002.jpg,p08,mask_clearglass,low,0.714785099029541,p08,0.388519,correct
5,/home/tahmid/crops/p08/p08_mask_clearglass_low_003.jpg,p08,mask_clearglass,low,0.7354564666748047,p08,0.415809,correct
5,/home/tahmid/crops/p08/p08_mask_clearglass_low_004.jpg,p08,mask_clearglass,low,0.7304844856262207,p08,0.417199,correct
5,/home/tahmid/crops/p08/p08_mask_clearglass_low_005.jpg,p08,mask_clearglass,low,0.7426344156265259,p08,0.415274,correct
5,/home/tahmid/crops/p08/p08_mask_clearglass_low_006.jpg,p08,mask_clearglass,low,0.7345408797264099,p08,0.473990,correct
5,/home/tahmid/crops/p08/p08_mask_clearglass_low_007.jpg,p08,mask_clearglass,low,0.7808159589767456,p08,0.464787,correct
5,/home/tahmid/crops/p08/p08_mask_clearglass_low_008.jpg,p08,mask_clearglass,low,0.6829031109809875,p08,0.389387,correct
5,/home/tahmid/crops/p08/p08_mask_clearglass_low_009.jpg,p08,mask_clearglass,low,0.6760086417198181,p08,0.372203,correct
5,/home/tahmid/crops/p08/p08_mask_clearglass_low_010.jpg,p08,mask_clearglass,low,0.7529891729354858,p08,0.353907,correct
5,/home/tahmid/crops/p08/p08_mask_clearglass_low_011.jpg,p08,mask_clearglass,low,0.772437334060669,p08,0.354185,correct
5,/home/tahmid/crops/p08/p08_mask_clearglass_regular_001.jpg,p08,mask_clearglass,regular,0.7661625742912292,p08,0.409810,correct
5,/home/tahmid/crops/p08/p08_mask_clearglass_regular_002.jpg,p08,mask_clearglass,regular,0.7724788188934326,p08,0.404747,correct
5,/home/tahmid/crops/p08/p08_mask_clearglass_regular_003.jpg,p08,mask_clearglass,regular,0.764236569404602,p08,0.441500,correct
5,/home/tahmid/crops/p08/p08_mask_clearglass_regular_004.jpg,p08,mask_clearglass,regular,0.7596666812896729,p08,0.431427,correct
5,/home/tahmid/crops/p08/p08_mask_clearglass_regular_005.jpg,p08,mask_clearglass,regular,0.7660524845123291,p08,0.519255,correct
5,/home/tahmid/crops/p08/p08_mask_clearglass_regular_006.jpg,p08,mask_clearglass,regular,0.7198637127876282,p08,0.529102,correct
5,/home/tahmid/crops/p08/p08_mask_clearglass_regular_007.jpg,p08,mask_clearglass,regular,0.7250949144363403,p08,0.382414,correct
5,/home/tahmid/crops/p08/p08_mask_clearglass_regular_008.jpg,p08,mask_clearglass,regular,0.7672591805458069,p08,0.370525,correct
5,/home/tahmid/crops/p08/p08_mask_clearglass_regular_009.jpg,p08,mask_clearglass,regular,0.7723640203475952,p08,0.381239,correct
5,/home/tahmid/crops/p08/p08_mask_clearglass_regular_010.jpg,p08,mask_clearglass,regular,0.8045215606689453,p08,0.403223,correct
5,/home/tahmid/crops/p08/p08_mask_low_001.jpg,p08,mask,low,0.7951748371124268,p08,0.460268,correct
5,/home/tahmid/crops/p08/p08_mask_low_002.jpg,p08,mask,low,0.7873122096061707,p08,0.447132,correct
5,/home/tahmid/crops/p08/p08_mask_low_003.jpg,p08,mask,low,0.7733093500137329,p08,0.395651,correct
5,/home/tahmid/crops/p08/p08_mask_low_004.jpg,p08,mask,low,0.7131014466285706,p08,0.448049,correct
5,/home/tahmid/crops/p08/p08_mask_low_005.jpg,p08,mask,low,0.7597794532775879,p08,0.458634,correct
5,/home/tahmid/crops/p08/p08_mask_low_006.jpg,p08,mask,low,0.7650710344314575,p08,0.458186,correct
5,/home/tahmid/crops/p08/p08_mask_low_007.jpg,p08,mask,low,0.7184443473815918,p08,0.512436,correct
5,/home/tahmid/crops/p08/p08_mask_low_008.jpg,p08,mask,low,0.7413057684898376,p08,0.535927,correct
5,/home/tahmid/crops/p08/p08_mask_low_009.jpg,p08,mask,low,0.7774195671081543,p08,0.505586,correct
5,/home/tahmid/crops/p08/p08_mask_low_010.jpg,p08,mask,low,0.6851575374603271,p08,0.429104,correct
5,/home/tahmid/crops/p08/p08_mask_low_011.jpg,p08,mask,low,0.6682871580123901,p08,0.427540,correct
5,/home/tahmid/crops/p08/p08_mask_low_012.jpg,p08,mask,low,0.6995481252670288,p08,0.411656,correct
5,/home/tahmid/crops/p08/p08_mask_low_013.jpg,p08,mask,low,0.7833123803138733,p08,0.471761,correct
5,/home/tahmid/crops/p08/p08_mask_low_014.jpg,p08,mask,low,0.7985751628875732,p08,0.470890,correct
5,/home/tahmid/crops/p08/p08_mask_low_015.jpg,p08,mask,low,0.7825185656547546,p08,0.458255,correct
5,/home/tahmid/crops/p08/p08_mask_regular_001.jpg,p08,mask,regular,0.801774263381958,p08,0.486889,correct
5,/home/tahmid/crops/p08/p08_mask_regular_002.jpg,p08,mask,regular,0.7718793749809265,p08,0.488956,correct
5,/home/tahmid/crops/p08/p08_mask_regular_003.jpg,p08,mask,regular,0.7749274969100952,p08,0.490952,correct
5,/home/tahmid/crops/p08/p08_mask_regular_004.jpg,p08,mask,regular,0.7716110944747925,p08,0.447448,correct
5,/home/tahmid/crops/p08/p08_mask_regular_005.jpg,p08,mask,regular,0.7656894326210022,p08,0.455134,correct
5,/home/tahmid/crops/p08/p08_mask_regular_006.jpg,p08,mask,regular,0.7669264078140259,p08,0.447852,correct
5,/home/tahmid/crops/p08/p08_mask_regular_007.jpg,p08,mask,regular,0.6842069625854492,p08,0.558437,correct
5,/home/tahmid/crops/p08/p08_mask_regular_008.jpg,p08,mask,regular,0.7409886717796326,p08,0.571031,correct
5,/home/tahmid/crops/p08/p08_mask_regular_009.jpg,p08,mask,regular,0.7207733988761902,p08,0.541534,correct
5,/home/tahmid/crops/p08/p08_mask_regular_010.jpg,p08,mask,regular,0.7708855271339417,p08,0.450977,correct
5,/home/tahmid/crops/p08/p08_mask_regular_011.jpg,p08,mask,regular,0.7437372207641602,p08,0.458013,correct
5,/home/tahmid/crops/p08/p08_mask_regular_012.jpg,p08,mask,regular,0.7391339540481567,p08,0.460100,correct
5,/home/tahmid/crops/p08/p08_mask_regular_013.jpg,p08,mask,regular,0.7359892129898071,p08,0.477504,correct
5,/home/tahmid/crops/p08/p08_mask_regular_014.jpg,p08,mask,regular,0.7686103582382202,p08,0.497154,correct
5,/home/tahmid/crops/p08/p08_mask_sunglass_low_001.jpg,p08,mask_sunglass,low,0.8073059320449829,p08,0.341555,correct
5,/home/tahmid/crops/p08/p08_mask_sunglass_low_002.jpg,p08,mask_sunglass,low,0.7798851728439331,p08,0.342689,correct
5,/home/tahmid/crops/p08/p08_mask_sunglass_low_003.jpg,p08,mask_sunglass,low,0.7909854650497437,p08,0.305151,correct
5,/home/tahmid/crops/p08/p08_mask_sunglass_low_004.jpg,p08,mask_sunglass,low,0.7295044660568237,p08,0.348685,correct
5,/home/tahmid/crops/p08/p08_mask_sunglass_low_005.jpg,p08,mask_sunglass,low,0.7326304316520691,p08,0.350645,correct
5,/home/tahmid/crops/p08/p08_mask_sunglass_low_006.jpg,p08,mask_sunglass,low,0.7478613257408142,p08,0.384348,correct
5,/home/tahmid/crops/p08/p08_mask_sunglass_low_007.jpg,p08,mask_sunglass,low,0.7270435094833374,p08,0.465177,correct
5,/home/tahmid/crops/p08/p08_mask_sunglass_low_008.jpg,p08,mask_sunglass,low,0.7877014875411987,p08,0.432065,correct
5,/home/tahmid/crops/p08/p08_mask_sunglass_low_009.jpg,p08,mask_sunglass,low,0.7872570157051086,p08,0.486657,correct
5,/home/tahmid/crops/p08/p08_mask_sunglass_low_010.jpg,p08,mask_sunglass,low,0.7068037986755371,p08,0.378430,correct
5,/home/tahmid/crops/p08/p08_mask_sunglass_low_011.jpg,p08,mask_sunglass,low,0.7147043943405151,p08,0.358728,correct
5,/home/tahmid/crops/p08/p08_mask_sunglass_low_012.jpg,p08,mask_sunglass,low,0.7259911298751831,p08,0.371949,correct
5,/home/tahmid/crops/p08/p08_mask_sunglass_low_013.jpg,p08,mask_sunglass,low,0.7163380980491638,p08,0.312140,correct
5,/home/tahmid/crops/p08/p08_mask_sunglass_low_014.jpg,p08,mask_sunglass,low,0.764404296875,p08,0.284654,rejected
5,/home/tahmid/crops/p08/p08_mask_sunglass_low_015.jpg,p08,mask_sunglass,low,0.8035914897918701,p08,0.298301,rejected
5,/home/tahmid/crops/p08/p08_mask_sunglass_regular_001.jpg,p08,mask_sunglass,regular,0.7342994213104248,p08,0.373103,correct
5,/home/tahmid/crops/p08/p08_mask_sunglass_regular_002.jpg,p08,mask_sunglass,regular,0.72184818983078,p08,0.382012,correct
5,/home/tahmid/crops/p08/p08_mask_sunglass_regular_003.jpg,p08,mask_sunglass,regular,0.7862808704376221,p08,0.340216,correct
5,/home/tahmid/crops/p08/p08_mask_sunglass_regular_004.jpg,p08,mask_sunglass,regular,0.7396727204322815,p08,0.442993,correct
5,/home/tahmid/crops/p08/p08_mask_sunglass_regular_005.jpg,p08,mask_sunglass,regular,0.7533745765686035,p08,0.395281,correct
5,/home/tahmid/crops/p08/p08_mask_sunglass_regular_006.jpg,p08,mask_sunglass,regular,0.7666712999343872,p08,0.415209,correct
5,/home/tahmid/crops/p08/p08_mask_sunglass_regular_007.jpg,p08,mask_sunglass,regular,0.7305927276611328,p08,0.462506,correct
5,/home/tahmid/crops/p08/p08_mask_sunglass_regular_008.jpg,p08,mask_sunglass,regular,0.685248851776123,p08,0.483712,correct
5,/home/tahmid/crops/p08/p08_mask_sunglass_regular_009.jpg,p08,mask_sunglass,regular,0.718772292137146,p08,0.481462,correct
5,/home/tahmid/crops/p08/p08_mask_sunglass_regular_010.jpg,p08,mask_sunglass,regular,0.6766513586044312,p08,0.354045,correct
5,/home/tahmid/crops/p08/p08_mask_sunglass_regular_011.jpg,p08,mask_sunglass,regular,0.6850665807723999,p08,0.337391,correct
5,/home/tahmid/crops/p08/p08_mask_sunglass_regular_012.jpg,p08,mask_sunglass,regular,0.6763995289802551,p08,0.321005,correct
5,/home/tahmid/crops/p08/p08_mask_sunglass_regular_013.jpg,p08,mask_sunglass,regular,0.7796739339828491,p08,0.303542,correct
5,/home/tahmid/crops/p08/p08_mask_sunglass_regular_014.jpg,p08,mask_sunglass,regular,0.7180097699165344,p08,0.295443,rejected
5,/home/tahmid/crops/p08/p08_mask_sunglass_regular_015.jpg,p08,mask_sunglass,regular,0.7544902563095093,p08,0.340583,correct
5,/home/tahmid/crops/p08/p08_none_low_001.jpg,p08,none,low,0.8648681044578552,p08,0.520634,correct
5,/home/tahmid/crops/p08/p08_none_low_002.jpg,p08,none,low,0.7945777773857117,p08,0.517946,correct
5,/home/tahmid/crops/p08/p08_none_low_003.jpg,p08,none,low,0.7896789908409119,p08,0.517055,correct
5,/home/tahmid/crops/p08/p08_none_low_004.jpg,p08,none,low,0.7741093635559082,p08,0.492435,correct
5,/home/tahmid/crops/p08/p08_none_low_005.jpg,p08,none,low,0.7524456977844238,p08,0.495186,correct
5,/home/tahmid/crops/p08/p08_none_low_006.jpg,p08,none,low,0.7731978893280029,p08,0.493840,correct
5,/home/tahmid/crops/p08/p08_none_low_007.jpg,p08,none,low,0.7920280694961548,p08,0.549476,correct
5,/home/tahmid/crops/p08/p08_none_low_008.jpg,p08,none,low,0.7708868980407715,p08,0.558210,correct
5,/home/tahmid/crops/p08/p08_none_low_009.jpg,p08,none,low,0.7804375886917114,p08,0.572240,correct
5,/home/tahmid/crops/p08/p08_none_low_010.jpg,p08,none,low,0.7121089696884155,p08,0.467552,correct
5,/home/tahmid/crops/p08/p08_none_low_011.jpg,p08,none,low,0.7494263648986816,p08,0.471265,correct
5,/home/tahmid/crops/p08/p08_none_low_012.jpg,p08,none,low,0.6683598756790161,p08,0.473722,correct
5,/home/tahmid/crops/p08/p08_none_low_013.jpg,p08,none,low,0.8205956220626831,p08,0.510664,correct
5,/home/tahmid/crops/p08/p08_none_low_014.jpg,p08,none,low,0.8043864965438843,p08,0.515972,correct
5,/home/tahmid/crops/p08/p08_none_low_015.jpg,p08,none,low,0.778072714805603,p08,0.492138,correct
5,/home/tahmid/crops/p08/p08_none_regular_010.jpg,p08,none,regular,0.7348161935806274,p08,0.541666,correct
5,/home/tahmid/crops/p08/p08_none_regular_011.jpg,p08,none,regular,0.7634298205375671,p08,0.541735,correct
5,/home/tahmid/crops/p08/p08_none_regular_012.jpg,p08,none,regular,0.7662162184715271,p08,0.536215,correct
5,/home/tahmid/crops/p08/p08_none_regular_013.jpg,p08,none,regular,0.8090271949768066,p08,0.554935,correct
5,/home/tahmid/crops/p08/p08_none_regular_014.jpg,p08,none,regular,0.7933362722396851,p08,0.552013,correct
5,/home/tahmid/crops/p08/p08_none_regular_015.jpg,p08,none,regular,0.7830513119697571,p08,0.550504,correct
5,/home/tahmid/crops/p08/p08_scarf_low_001.jpg,p08,scarf,low,0.7578308582305908,p08,0.434062,correct
5,/home/tahmid/crops/p08/p08_scarf_low_002.jpg,p08,scarf,low,0.7584861516952515,p08,0.456950,correct
5,/home/tahmid/crops/p08/p08_scarf_low_003.jpg,p08,scarf,low,0.5485180616378784,p08,0.400673,correct
5,/home/tahmid/crops/p08/p08_scarf_low_004.jpg,p08,scarf,low,0.6662272214889526,p08,0.439418,correct
5,/home/tahmid/crops/p08/p08_scarf_low_005.jpg,p08,scarf,low,0.6455541849136353,p08,0.468325,correct
5,/home/tahmid/crops/p08/p08_scarf_low_006.jpg,p08,scarf,low,0.6412449479103088,p08,0.503070,correct
5,/home/tahmid/crops/p08/p08_scarf_low_007.jpg,p08,scarf,low,0.5014253854751587,p08,0.409860,correct
5,/home/tahmid/crops/p08/p08_scarf_low_008.jpg,p08,scarf,low,0.5251827836036682,p08,0.407499,correct
5,/home/tahmid/crops/p08/p08_scarf_low_009.jpg,p08,scarf,low,0.6453548669815063,p08,0.425370,correct
5,/home/tahmid/crops/p08/p08_scarf_low_010.jpg,p08,scarf,low,0.6250488758087158,p08,0.360706,correct
5,/home/tahmid/crops/p08/p08_scarf_regular_001.jpg,p08,scarf,regular,0.7372682690620422,p08,0.491927,correct
5,/home/tahmid/crops/p08/p08_scarf_regular_002.jpg,p08,scarf,regular,0.6835447549819946,p08,0.493935,correct
5,/home/tahmid/crops/p08/p08_scarf_regular_003.jpg,p08,scarf,regular,0.6144546270370483,p08,0.420384,correct
5,/home/tahmid/crops/p08/p08_scarf_regular_004.jpg,p08,scarf,regular,0.634893536567688,p08,0.398859,correct
5,/home/tahmid/crops/p08/p08_scarf_regular_005.jpg,p08,scarf,regular,0.680664598941803,p08,0.470226,correct
5,/home/tahmid/crops/p08/p08_scarf_regular_006.jpg,p08,scarf,regular,0.6926596760749817,p08,0.480954,correct
5,/home/tahmid/crops/p08/p08_scarf_regular_007.jpg,p08,scarf,regular,0.5727553367614746,p08,0.465336,correct
5,/home/tahmid/crops/p08/p08_scarf_regular_008.jpg,p08,scarf,regular,0.5959839224815369,p08,0.473408,correct
5,/home/tahmid/crops/p08/p08_scarf_regular_009.jpg,p08,scarf,regular,0.7409241199493408,p08,0.457270,correct
5,/home/tahmid/crops/p08/p08_scarf_regular_010.jpg,p08,scarf,regular,0.702877402305603,p08,0.475798,correct
5,/home/tahmid/crops/p08/p08_sunglass_low_001.jpg,p08,sunglass,low,0.7604940533638,p08,0.480755,correct
5,/home/tahmid/crops/p08/p08_sunglass_low_002.jpg,p08,sunglass,low,0.7428765296936035,p08,0.472136,correct
5,/home/tahmid/crops/p08/p08_sunglass_low_003.jpg,p08,sunglass,low,0.7309747934341431,p08,0.479295,correct
5,/home/tahmid/crops/p08/p08_sunglass_low_004.jpg,p08,sunglass,low,0.7819138169288635,p08,0.472921,correct
5,/home/tahmid/crops/p08/p08_sunglass_low_005.jpg,p08,sunglass,low,0.783531665802002,p08,0.490707,correct
5,/home/tahmid/crops/p08/p08_sunglass_low_006.jpg,p08,sunglass,low,0.8146383166313171,p08,0.476558,correct
5,/home/tahmid/crops/p08/p08_sunglass_low_007.jpg,p08,sunglass,low,0.7910559177398682,p08,0.503428,correct
5,/home/tahmid/crops/p08/p08_sunglass_low_008.jpg,p08,sunglass,low,0.7921797037124634,p08,0.519918,correct
5,/home/tahmid/crops/p08/p08_sunglass_low_009.jpg,p08,sunglass,low,0.7917826175689697,p08,0.508699,correct
5,/home/tahmid/crops/p08/p08_sunglass_low_010.jpg,p08,sunglass,low,0.7283471822738647,p08,0.463846,correct
5,/home/tahmid/crops/p08/p08_sunglass_low_011.jpg,p08,sunglass,low,0.7569409608840942,p08,0.471761,correct
5,/home/tahmid/crops/p08/p08_sunglass_low_012.jpg,p08,sunglass,low,0.7764724493026733,p08,0.465547,correct
5,/home/tahmid/crops/p08/p08_sunglass_low_013.jpg,p08,sunglass,low,0.8140432834625244,p08,0.452275,correct
5,/home/tahmid/crops/p08/p08_sunglass_low_014.jpg,p08,sunglass,low,0.7753199934959412,p08,0.460184,correct
5,/home/tahmid/crops/p08/p08_sunglass_low_015.jpg,p08,sunglass,low,0.7685668468475342,p08,0.458095,correct
5,/home/tahmid/crops/p08/p08_sunglass_regular_001.jpg,p08,sunglass,regular,0.7760637998580933,p08,0.528974,correct
5,/home/tahmid/crops/p08/p08_sunglass_regular_002.jpg,p08,sunglass,regular,0.7685601711273193,p08,0.530687,correct
5,/home/tahmid/crops/p08/p08_sunglass_regular_003.jpg,p08,sunglass,regular,0.7809367179870605,p08,0.528404,correct
5,/home/tahmid/crops/p08/p08_sunglass_regular_004.jpg,p08,sunglass,regular,0.7759581804275513,p08,0.484556,correct
5,/home/tahmid/crops/p08/p08_sunglass_regular_005.jpg,p08,sunglass,regular,0.7768633365631104,p08,0.491302,correct
5,/home/tahmid/crops/p08/p08_sunglass_regular_006.jpg,p08,sunglass,regular,0.7929580211639404,p08,0.493039,correct
5,/home/tahmid/crops/p08/p08_sunglass_regular_007.jpg,p08,sunglass,regular,0.7792119383811951,p08,0.575334,correct
5,/home/tahmid/crops/p08/p08_sunglass_regular_008.jpg,p08,sunglass,regular,0.7895931005477905,p08,0.542975,correct
5,/home/tahmid/crops/p08/p08_sunglass_regular_009.jpg,p08,sunglass,regular,0.7525149583816528,p08,0.558280,correct
5,/home/tahmid/crops/p08/p08_sunglass_regular_010.jpg,p08,sunglass,regular,0.7065777778625488,p08,0.504761,correct
5,/home/tahmid/crops/p08/p08_sunglass_regular_011.jpg,p08,sunglass,regular,0.7074763178825378,p08,0.524400,correct
5,/home/tahmid/crops/p08/p08_sunglass_regular_012.jpg,p08,sunglass,regular,0.7586795687675476,p08,0.502159,correct
5,/home/tahmid/crops/p08/p08_sunglass_regular_013.jpg,p08,sunglass,regular,0.7940545082092285,p08,0.502043,correct
5,/home/tahmid/crops/p08/p08_sunglass_regular_014.jpg,p08,sunglass,regular,0.7880135774612427,p08,0.498527,correct
5,/home/tahmid/crops/p08/p08_sunglass_regular_015.jpg,p08,sunglass,regular,0.7823355197906494,p08,0.515140,correct
5,/home/tahmid/crops/p18/p18_cap_low_001.jpg,p18,cap,low,0.8610237240791321,p18,0.573698,correct
5,/home/tahmid/crops/p18/p18_cap_low_002.jpg,p18,cap,low,0.8580180406570435,p18,0.580428,correct
5,/home/tahmid/crops/p18/p18_cap_low_003.jpg,p18,cap,low,0.84978187084198,p18,0.584925,correct
5,/home/tahmid/crops/p18/p18_cap_low_004.jpg,p18,cap,low,0.7017390727996826,p18,0.394015,correct
5,/home/tahmid/crops/p18/p18_cap_low_005.jpg,p18,cap,low,0.6841457486152649,p18,0.416525,correct
5,/home/tahmid/crops/p18/p18_cap_low_006.jpg,p18,cap,low,0.6959798336029053,p18,0.426539,correct
5,/home/tahmid/crops/p18/p18_cap_low_007.jpg,p18,cap,low,0.7574777603149414,p18,0.458991,correct
5,/home/tahmid/crops/p18/p18_cap_low_008.jpg,p18,cap,low,0.7559206485748291,p18,0.457676,correct
5,/home/tahmid/crops/p18/p18_cap_low_009.jpg,p18,cap,low,0.7498405575752258,p18,0.475041,correct
5,/home/tahmid/crops/p18/p18_cap_low_010.jpg,p18,cap,low,0.7791261672973633,p18,0.509510,correct
5,/home/tahmid/crops/p18/p18_cap_low_011.jpg,p18,cap,low,0.787162721157074,p18,0.485523,correct
5,/home/tahmid/crops/p18/p18_cap_low_012.jpg,p18,cap,low,0.8082885146141052,p18,0.481678,correct
5,/home/tahmid/crops/p18/p18_cap_low_013.jpg,p18,cap,low,0.7685444355010986,p18,0.415156,correct
5,/home/tahmid/crops/p18/p18_cap_low_014.jpg,p18,cap,low,0.750715434551239,p18,0.415012,correct
5,/home/tahmid/crops/p18/p18_cap_regular_001.jpg,p18,cap,regular,0.8490681052207947,p18,0.577451,correct
5,/home/tahmid/crops/p18/p18_cap_regular_002.jpg,p18,cap,regular,0.8570225238800049,p18,0.580658,correct
5,/home/tahmid/crops/p18/p18_cap_regular_003.jpg,p18,cap,regular,0.7036339044570923,p18,0.397578,correct
5,/home/tahmid/crops/p18/p18_cap_regular_004.jpg,p18,cap,regular,0.6831250190734863,p18,0.405990,correct
5,/home/tahmid/crops/p18/p18_cap_regular_005.jpg,p18,cap,regular,0.690457284450531,p18,0.422638,correct
5,/home/tahmid/crops/p18/p18_cap_regular_006.jpg,p18,cap,regular,0.7564747333526611,p18,0.455643,correct
5,/home/tahmid/crops/p18/p18_cap_regular_007.jpg,p18,cap,regular,0.7513498067855835,p18,0.449016,correct
5,/home/tahmid/crops/p18/p18_cap_regular_008.jpg,p18,cap,regular,0.7578480243682861,p18,0.464750,correct
5,/home/tahmid/crops/p18/p18_cap_regular_009.jpg,p18,cap,regular,0.8138574361801147,p18,0.519923,correct
5,/home/tahmid/crops/p18/p18_cap_regular_010.jpg,p18,cap,regular,0.7830541133880615,p18,0.520523,correct
5,/home/tahmid/crops/p18/p18_cap_regular_011.jpg,p18,cap,regular,0.7827771902084351,p18,0.512997,correct
5,/home/tahmid/crops/p18/p18_cap_regular_012.jpg,p18,cap,regular,0.7895370721817017,p18,0.384552,correct
5,/home/tahmid/crops/p18/p18_cap_regular_013.jpg,p18,cap,regular,0.776307225227356,p18,0.381272,correct
5,/home/tahmid/crops/p18/p18_cap_regular_014.jpg,p18,cap,regular,0.7814074754714966,p18,0.404244,correct
5,/home/tahmid/crops/p18/p18_clearglass_low_001.jpg,p18,clearglass,low,0.8577560186386108,p18,0.546267,correct
5,/home/tahmid/crops/p18/p18_clearglass_low_002.jpg,p18,clearglass,low,0.8527738451957703,p18,0.541496,correct
5,/home/tahmid/crops/p18/p18_clearglass_low_003.jpg,p18,clearglass,low,0.833297848701477,p18,0.515940,correct
5,/home/tahmid/crops/p18/p18_clearglass_low_004.jpg,p18,clearglass,low,0.7790976762771606,p18,0.427796,correct
5,/home/tahmid/crops/p18/p18_clearglass_low_005.jpg,p18,clearglass,low,0.7878261804580688,p18,0.437791,correct
5,/home/tahmid/crops/p18/p18_clearglass_low_006.jpg,p18,clearglass,low,0.7418774962425232,p18,0.448181,correct
5,/home/tahmid/crops/p18/p18_clearglass_low_007.jpg,p18,clearglass,low,0.7211395502090454,p18,0.459737,correct
5,/home/tahmid/crops/p18/p18_clearglass_low_008.jpg,p18,clearglass,low,0.7217874526977539,p18,0.408842,correct
5,/home/tahmid/crops/p18/p18_clearglass_low_009.jpg,p18,clearglass,low,0.6536687016487122,p18,0.428992,correct
5,/home/tahmid/crops/p18/p18_clearglass_low_010.jpg,p18,clearglass,low,0.6537951827049255,p18,0.409611,correct
5,/home/tahmid/crops/p18/p18_clearglass_low_011.jpg,p18,clearglass,low,0.6487404108047485,p18,0.435592,correct
5,/home/tahmid/crops/p18/p18_clearglass_low_012.jpg,p18,clearglass,low,0.7843053936958313,p18,0.445347,correct
5,/home/tahmid/crops/p18/p18_clearglass_low_013.jpg,p18,clearglass,low,0.7522060871124268,p18,0.441570,correct
5,/home/tahmid/crops/p18/p18_clearglass_low_014.jpg,p18,clearglass,low,0.7667074203491211,p18,0.445649,correct
5,/home/tahmid/crops/p18/p18_clearglass_regular_001.jpg,p18,clearglass,regular,0.8559050559997559,p18,0.520122,correct
5,/home/tahmid/crops/p18/p18_clearglass_regular_002.jpg,p18,clearglass,regular,0.851205050945282,p18,0.534385,correct
5,/home/tahmid/crops/p18/p18_clearglass_regular_003.jpg,p18,clearglass,regular,0.7781317830085754,p18,0.411010,correct
5,/home/tahmid/crops/p18/p18_clearglass_regular_004.jpg,p18,clearglass,regular,0.7934260368347168,p18,0.409592,correct
5,/home/tahmid/crops/p18/p18_clearglass_regular_005.jpg,p18,clearglass,regular,0.7814978361129761,p18,0.392588,correct
5,/home/tahmid/crops/p18/p18_clearglass_regular_006.jpg,p18,clearglass,regular,0.7508704662322998,p18,0.468687,correct
5,/home/tahmid/crops/p18/p18_clearglass_regular_007.jpg,p18,clearglass,regular,0.7220176458358765,p18,0.425824,correct
5,/home/tahmid/crops/p18/p18_clearglass_regular_008.jpg,p18,clearglass,regular,0.726518988609314,p18,0.417526,correct
5,/home/tahmid/crops/p18/p18_clearglass_regular_009.jpg,p18,clearglass,regular,0.6579765677452087,p18,0.419502,correct
5,/home/tahmid/crops/p18/p18_clearglass_regular_010.jpg,p18,clearglass,regular,0.646714448928833,p18,0.416946,correct
5,/home/tahmid/crops/p18/p18_clearglass_regular_011.jpg,p18,clearglass,regular,0.6489672660827637,p18,0.425948,correct
5,/home/tahmid/crops/p18/p18_clearglass_regular_012.jpg,p18,clearglass,regular,0.7863355875015259,p18,0.430266,correct
5,/home/tahmid/crops/p18/p18_clearglass_regular_013.jpg,p18,clearglass,regular,0.7599411010742188,p18,0.453840,correct
5,/home/tahmid/crops/p18/p18_clearglass_regular_014.jpg,p18,clearglass,regular,0.7660372257232666,p18,0.422896,correct
5,/home/tahmid/crops/p18/p18_mask_clearglass_low_001.jpg,p18,mask_clearglass,low,0.7617961168289185,p18,0.419546,correct
5,/home/tahmid/crops/p18/p18_mask_clearglass_low_002.jpg,p18,mask_clearglass,low,0.7875772714614868,p18,0.414121,correct
5,/home/tahmid/crops/p18/p18_mask_clearglass_low_003.jpg,p18,mask_clearglass,low,0.8158305883407593,p18,0.419427,correct
5,/home/tahmid/crops/p18/p18_mask_clearglass_low_004.jpg,p18,mask_clearglass,low,0.7423927783966064,p18,0.269683,rejected
5,/home/tahmid/crops/p18/p18_mask_clearglass_low_005.jpg,p18,mask_clearglass,low,0.8069099187850952,p18,0.305567,correct
5,/home/tahmid/crops/p18/p18_mask_clearglass_low_006.jpg,p18,mask_clearglass,low,0.7818949222564697,p18,0.267019,rejected
5,/home/tahmid/crops/p18/p18_mask_clearglass_low_007.jpg,p18,mask_clearglass,low,0.7888334393501282,p18,0.257116,rejected
5,/home/tahmid/crops/p18/p18_mask_clearglass_low_008.jpg,p18,mask_clearglass,low,0.7900846004486084,p18,0.255402,rejected
5,/home/tahmid/crops/p18/p18_mask_clearglass_low_009.jpg,p18,mask_clearglass,low,0.8295385241508484,p18,0.249980,rejected
5,/home/tahmid/crops/p18/p18_mask_clearglass_low_010.jpg,p18,mask_clearglass,low,0.7663747072219849,p18,0.354384,correct
5,/home/tahmid/crops/p18/p18_mask_clearglass_low_011.jpg,p18,mask_clearglass,low,0.773128867149353,p18,0.360670,correct
5,/home/tahmid/crops/p18/p18_mask_clearglass_low_012.jpg,p18,mask_clearglass,low,0.7723326086997986,p18,0.359780,correct
5,/home/tahmid/crops/p18/p18_mask_clearglass_regular_001.jpg,p18,mask_clearglass,regular,0.8022180795669556,p18,0.413614,correct
5,/home/tahmid/crops/p18/p18_mask_clearglass_regular_002.jpg,p18,mask_clearglass,regular,0.8121200799942017,p18,0.400645,correct
5,/home/tahmid/crops/p18/p18_mask_clearglass_regular_003.jpg,p18,mask_clearglass,regular,0.7788694500923157,p18,0.410943,correct
5,/home/tahmid/crops/p18/p18_mask_clearglass_regular_004.jpg,p18,mask_clearglass,regular,0.7713823318481445,p18,0.286303,rejected
5,/home/tahmid/crops/p18/p18_mask_clearglass_regular_005.jpg,p18,mask_clearglass,regular,0.8120346069335938,p03,0.236939,rejected
5,/home/tahmid/crops/p18/p18_mask_clearglass_regular_006.jpg,p18,mask_clearglass,regular,0.8103775382041931,p03,0.225811,rejected
5,/home/tahmid/crops/p18/p18_mask_clearglass_regular_007.jpg,p18,mask_clearglass,regular,0.7558800578117371,p18,0.346479,correct
5,/home/tahmid/crops/p18/p18_mask_clearglass_regular_008.jpg,p18,mask_clearglass,regular,0.7585043907165527,p18,0.335001,correct
5,/home/tahmid/crops/p18/p18_mask_clearglass_regular_009.jpg,p18,mask_clearglass,regular,0.8673624992370605,p18,0.263863,rejected
5,/home/tahmid/crops/p18/p18_mask_clearglass_regular_010.jpg,p18,mask_clearglass,regular,0.8633862733840942,p18,0.237804,rejected
5,/home/tahmid/crops/p18/p18_mask_clearglass_regular_011.jpg,p18,mask_clearglass,regular,0.867023229598999,p18,0.234171,rejected
5,/home/tahmid/crops/p18/p18_mask_clearglass_regular_012.jpg,p18,mask_clearglass,regular,0.8149813413619995,p18,0.276391,rejected
5,/home/tahmid/crops/p18/p18_mask_clearglass_regular_013.jpg,p18,mask_clearglass,regular,0.804810106754303,p18,0.238963,rejected
5,/home/tahmid/crops/p18/p18_mask_clearglass_regular_014.jpg,p18,mask_clearglass,regular,0.7801474332809448,p18,0.238173,rejected
5,/home/tahmid/crops/p18/p18_mask_low_001.jpg,p18,mask,low,0.8091388940811157,p18,0.435851,correct
5,/home/tahmid/crops/p18/p18_mask_low_002.jpg,p18,mask,low,0.7790376543998718,p18,0.429900,correct
5,/home/tahmid/crops/p18/p18_mask_low_003.jpg,p18,mask,low,0.7387850880622864,p18,0.416494,correct
5,/home/tahmid/crops/p18/p18_mask_low_004.jpg,p18,mask,low,0.7479546070098877,p18,0.337422,correct
5,/home/tahmid/crops/p18/p18_mask_low_005.jpg,p18,mask,low,0.7887294888496399,p18,0.367446,correct
5,/home/tahmid/crops/p18/p18_mask_regular_001.jpg,p18,mask,regular,0.7094686031341553,p18,0.418701,correct
5,/home/tahmid/crops/p18/p18_mask_regular_002.jpg,p18,mask,regular,0.7770800590515137,p18,0.421493,correct
5,/home/tahmid/crops/p18/p18_mask_regular_003.jpg,p18,mask,regular,0.8423701524734497,p18,0.435143,correct
5,/home/tahmid/crops/p18/p18_mask_regular_004.jpg,p18,mask,regular,0.8046050667762756,p18,0.300428,correct
5,/home/tahmid/crops/p18/p18_mask_regular_005.jpg,p18,mask,regular,0.7649197578430176,p18,0.346156,correct
5,/home/tahmid/crops/p18/p18_mask_regular_006.jpg,p18,mask,regular,0.8229370713233948,p18,0.343611,correct
5,/home/tahmid/crops/p18/p18_mask_regular_007.jpg,p18,mask,regular,0.7405856847763062,p18,0.199835,rejected
5,/home/tahmid/crops/p18/p18_mask_regular_008.jpg,p18,mask,regular,0.7671517133712769,p18,0.245659,rejected
5,/home/tahmid/crops/p18/p18_mask_regular_009.jpg,p18,mask,regular,0.7698454856872559,p18,0.227658,rejected
5,/home/tahmid/crops/p18/p18_mask_regular_010.jpg,p18,mask,regular,0.7976988554000854,p18,0.345028,correct
5,/home/tahmid/crops/p18/p18_mask_sunglass_low_001.jpg,p18,mask_sunglass,low,0.7074719071388245,p18,0.210204,rejected
5,/home/tahmid/crops/p18/p18_mask_sunglass_low_002.jpg,p18,mask_sunglass,low,0.7424413561820984,p18,0.237365,rejected
5,/home/tahmid/crops/p18/p18_mask_sunglass_low_003.jpg,p18,mask_sunglass,low,0.7039371132850647,p18,0.406825,correct
5,/home/tahmid/crops/p18/p18_mask_sunglass_low_004.jpg,p18,mask_sunglass,low,0.725144624710083,p18,0.394103,correct
5,/home/tahmid/crops/p18/p18_mask_sunglass_regular_001.jpg,p18,mask_sunglass,regular,0.8498047590255737,p18,0.402660,correct
5,/home/tahmid/crops/p18/p18_mask_sunglass_regular_002.jpg,p18,mask_sunglass,regular,0.8392043113708496,p18,0.437831,correct
5,/home/tahmid/crops/p18/p18_mask_sunglass_regular_003.jpg,p18,mask_sunglass,regular,0.8378379344940186,p18,0.417891,correct
5,/home/tahmid/crops/p18/p18_mask_sunglass_regular_004.jpg,p18,mask_sunglass,regular,0.7766569256782532,p18,0.206180,rejected
5,/home/tahmid/crops/p18/p18_mask_sunglass_regular_005.jpg,p18,mask_sunglass,regular,0.7483830451965332,p18,0.241214,rejected
5,/home/tahmid/crops/p18/p18_mask_sunglass_regular_006.jpg,p18,mask_sunglass,regular,0.7165478467941284,p18,0.375876,correct
5,/home/tahmid/crops/p18/p18_none_low_001.jpg,p18,none,low,0.8795700073242188,p18,0.619282,correct
5,/home/tahmid/crops/p18/p18_none_low_002.jpg,p18,none,low,0.9105236530303955,p18,0.600603,correct
5,/home/tahmid/crops/p18/p18_none_low_003.jpg,p18,none,low,0.9122285842895508,p18,0.598430,correct
5,/home/tahmid/crops/p18/p18_none_low_004.jpg,p18,none,low,0.8676272630691528,p18,0.469125,correct
5,/home/tahmid/crops/p18/p18_none_low_005.jpg,p18,none,low,0.8587003350257874,p18,0.467777,correct
5,/home/tahmid/crops/p18/p18_none_low_006.jpg,p18,none,low,0.8361208438873291,p18,0.470369,correct
5,/home/tahmid/crops/p18/p18_none_low_007.jpg,p18,none,low,0.8322920203208923,p18,0.456259,correct
5,/home/tahmid/crops/p18/p18_none_low_008.jpg,p18,none,low,0.8587076663970947,p18,0.445099,correct
5,/home/tahmid/crops/p18/p18_none_low_009.jpg,p18,none,low,0.8659356832504272,p18,0.445175,correct
5,/home/tahmid/crops/p18/p18_none_low_010.jpg,p18,none,low,0.8348320722579956,p18,0.534200,correct
5,/home/tahmid/crops/p18/p18_none_low_011.jpg,p18,none,low,0.8389540314674377,p18,0.528506,correct
5,/home/tahmid/crops/p18/p18_none_low_012.jpg,p18,none,low,0.8409202694892883,p18,0.532106,correct
5,/home/tahmid/crops/p18/p18_none_low_013.jpg,p18,none,low,0.8062511682510376,p18,0.349741,correct
5,/home/tahmid/crops/p18/p18_none_low_014.jpg,p18,none,low,0.7788432240486145,p18,0.353698,correct
5,/home/tahmid/crops/p18/p18_none_low_015.jpg,p18,none,low,0.7672981023788452,p18,0.349360,correct
5,/home/tahmid/crops/p18/p18_none_regular_002.jpg,p18,none,regular,0.8858188390731812,p18,0.640020,correct
5,/home/tahmid/crops/p18/p18_none_regular_003.jpg,p18,none,regular,0.8806113004684448,p18,0.656200,correct
5,/home/tahmid/crops/p18/p18_none_regular_004.jpg,p18,none,regular,0.8507941961288452,p18,0.443702,correct
5,/home/tahmid/crops/p18/p18_none_regular_005.jpg,p18,none,regular,0.847154974937439,p18,0.437831,correct
5,/home/tahmid/crops/p18/p18_none_regular_006.jpg,p18,none,regular,0.8455696105957031,p18,0.433607,correct
5,/home/tahmid/crops/p18/p18_none_regular_007.jpg,p18,none,regular,0.8470962643623352,p18,0.444708,correct
5,/home/tahmid/crops/p18/p18_none_regular_008.jpg,p18,none,regular,0.857966423034668,p18,0.444867,correct
5,/home/tahmid/crops/p18/p18_none_regular_009.jpg,p18,none,regular,0.8558661937713623,p18,0.454779,correct
5,/home/tahmid/crops/p18/p18_none_regular_010.jpg,p18,none,regular,0.855146050453186,p18,0.522125,correct
5,/home/tahmid/crops/p18/p18_none_regular_011.jpg,p18,none,regular,0.8330003023147583,p18,0.518216,correct
5,/home/tahmid/crops/p18/p18_none_regular_012.jpg,p18,none,regular,0.8437374234199524,p18,0.521719,correct
5,/home/tahmid/crops/p18/p18_none_regular_013.jpg,p18,none,regular,0.7780144214630127,p18,0.465688,correct
5,/home/tahmid/crops/p18/p18_none_regular_014.jpg,p18,none,regular,0.756668210029602,p18,0.428093,correct
5,/home/tahmid/crops/p18/p18_none_regular_015.jpg,p18,none,regular,0.7421769499778748,p18,0.435709,correct
5,/home/tahmid/crops/p18/p18_scarf_low_001.jpg,p18,scarf,low,0.8730831146240234,p18,0.613197,correct
5,/home/tahmid/crops/p18/p18_scarf_low_002.jpg,p18,scarf,low,0.8823896050453186,p18,0.598577,correct
5,/home/tahmid/crops/p18/p18_scarf_low_003.jpg,p18,scarf,low,0.8843843340873718,p18,0.616653,correct
5,/home/tahmid/crops/p18/p18_scarf_low_004.jpg,p18,scarf,low,0.7671706676483154,p18,0.475597,correct
5,/home/tahmid/crops/p18/p18_scarf_low_005.jpg,p18,scarf,low,0.7597312331199646,p18,0.473018,correct
5,/home/tahmid/crops/p18/p18_scarf_low_006.jpg,p18,scarf,low,0.7433288097381592,p18,0.461095,correct
5,/home/tahmid/crops/p18/p18_scarf_low_007.jpg,p18,scarf,low,0.7351046204566956,p18,0.424505,correct
5,/home/tahmid/crops/p18/p18_scarf_low_008.jpg,p18,scarf,low,0.7477414608001709,p18,0.409548,correct
5,/home/tahmid/crops/p18/p18_scarf_low_009.jpg,p18,scarf,low,0.7352980375289917,p18,0.412515,correct
5,/home/tahmid/crops/p18/p18_scarf_low_010.jpg,p18,scarf,low,0.7189798355102539,p18,0.435152,correct
5,/home/tahmid/crops/p18/p18_scarf_low_011.jpg,p18,scarf,low,0.8013402223587036,p18,0.501807,correct
5,/home/tahmid/crops/p18/p18_scarf_low_012.jpg,p18,scarf,low,0.7856408357620239,p18,0.520440,correct
5,/home/tahmid/crops/p18/p18_scarf_low_013.jpg,p18,scarf,low,0.7851237058639526,p18,0.495232,correct
5,/home/tahmid/crops/p18/p18_scarf_low_014.jpg,p18,scarf,low,0.8771516680717468,p18,0.347723,correct
5,/home/tahmid/crops/p18/p18_scarf_regular_001.jpg,p18,scarf,regular,0.8567537069320679,p18,0.594460,correct
5,/home/tahmid/crops/p18/p18_scarf_regular_002.jpg,p18,scarf,regular,0.8762463927268982,p18,0.593320,correct
5,/home/tahmid/crops/p18/p18_scarf_regular_003.jpg,p18,scarf,regular,0.8673409819602966,p18,0.600822,correct
5,/home/tahmid/crops/p18/p18_scarf_regular_004.jpg,p18,scarf,regular,0.8452392220497131,p18,0.445090,correct
5,/home/tahmid/crops/p18/p18_scarf_regular_005.jpg,p18,scarf,regular,0.8059558868408203,p18,0.446091,correct
5,/home/tahmid/crops/p18/p18_scarf_regular_006.jpg,p18,scarf,regular,0.7923110723495483,p18,0.445978,correct
5,/home/tahmid/crops/p18/p18_scarf_regular_007.jpg,p18,scarf,regular,0.8103551864624023,p18,0.475913,correct
5,/home/tahmid/crops/p18/p18_scarf_regular_008.jpg,p18,scarf,regular,0.7164767980575562,p18,0.426872,correct
5,/home/tahmid/crops/p18/p18_scarf_regular_009.jpg,p18,scarf,regular,0.8135650753974915,p18,0.509844,correct
5,/home/tahmid/crops/p18/p18_scarf_regular_010.jpg,p18,scarf,regular,0.8033759593963623,p18,0.467457,correct
5,/home/tahmid/crops/p18/p18_scarf_regular_011.jpg,p18,scarf,regular,0.7966320514678955,p18,0.483589,correct
5,/home/tahmid/crops/p18/p18_scarf_regular_012.jpg,p18,scarf,regular,0.7922684550285339,p18,0.334201,correct
5,/home/tahmid/crops/p18/p18_scarf_regular_013.jpg,p18,scarf,regular,0.8403652906417847,p18,0.339324,correct
5,/home/tahmid/crops/p18/p18_scarf_regular_014.jpg,p18,scarf,regular,0.8307645320892334,p18,0.332044,correct
5,/home/tahmid/crops/p18/p18_scarf_regular_015.jpg,p18,scarf,regular,0.8642661571502686,p18,0.354773,correct
5,/home/tahmid/crops/p18/p18_sunglass_low_001.jpg,p18,sunglass,low,0.8438284397125244,p18,0.567710,correct
5,/home/tahmid/crops/p18/p18_sunglass_low_002.jpg,p18,sunglass,low,0.8548746705055237,p18,0.566525,correct
5,/home/tahmid/crops/p18/p18_sunglass_low_003.jpg,p18,sunglass,low,0.8550928831100464,p18,0.564907,correct
5,/home/tahmid/crops/p18/p18_sunglass_low_004.jpg,p18,sunglass,low,0.7987775802612305,p18,0.432183,correct
5,/home/tahmid/crops/p18/p18_sunglass_low_005.jpg,p18,sunglass,low,0.8107243776321411,p18,0.426068,correct
5,/home/tahmid/crops/p18/p18_sunglass_low_006.jpg,p18,sunglass,low,0.7899767160415649,p18,0.437215,correct
5,/home/tahmid/crops/p18/p18_sunglass_low_007.jpg,p18,sunglass,low,0.7707645893096924,p18,0.376136,correct
5,/home/tahmid/crops/p18/p18_sunglass_low_008.jpg,p18,sunglass,low,0.7794578075408936,p18,0.389258,correct
5,/home/tahmid/crops/p18/p18_sunglass_low_009.jpg,p18,sunglass,low,0.7714669108390808,p18,0.360341,correct
5,/home/tahmid/crops/p18/p18_sunglass_low_010.jpg,p18,sunglass,low,0.7695717811584473,p18,0.404193,correct
5,/home/tahmid/crops/p18/p18_sunglass_low_011.jpg,p18,sunglass,low,0.7572561502456665,p18,0.360518,correct
5,/home/tahmid/crops/p18/p18_sunglass_low_012.jpg,p18,sunglass,low,0.7275549173355103,p18,0.454389,correct
5,/home/tahmid/crops/p18/p18_sunglass_low_013.jpg,p18,sunglass,low,0.7240831255912781,p18,0.455320,correct
5,/home/tahmid/crops/p18/p18_sunglass_low_014.jpg,p18,sunglass,low,0.7480303049087524,p18,0.463876,correct
5,/home/tahmid/crops/p18/p18_sunglass_regular_001.jpg,p18,sunglass,regular,0.8415709733963013,p18,0.555219,correct
5,/home/tahmid/crops/p18/p18_sunglass_regular_002.jpg,p18,sunglass,regular,0.8520442247390747,p18,0.543574,correct
5,/home/tahmid/crops/p18/p18_sunglass_regular_003.jpg,p18,sunglass,regular,0.853310227394104,p18,0.584835,correct
5,/home/tahmid/crops/p18/p18_sunglass_regular_004.jpg,p18,sunglass,regular,0.8055984973907471,p18,0.437068,correct
5,/home/tahmid/crops/p18/p18_sunglass_regular_005.jpg,p18,sunglass,regular,0.80927574634552,p18,0.409289,correct
5,/home/tahmid/crops/p18/p18_sunglass_regular_006.jpg,p18,sunglass,regular,0.7962337732315063,p18,0.393905,correct
5,/home/tahmid/crops/p18/p18_sunglass_regular_007.jpg,p18,sunglass,regular,0.7752310633659363,p18,0.383372,correct
5,/home/tahmid/crops/p18/p18_sunglass_regular_008.jpg,p18,sunglass,regular,0.7763571739196777,p18,0.390131,correct
5,/home/tahmid/crops/p18/p18_sunglass_regular_009.jpg,p18,sunglass,regular,0.775808572769165,p18,0.372225,correct
5,/home/tahmid/crops/p18/p18_sunglass_regular_010.jpg,p18,sunglass,regular,0.7758772373199463,p18,0.412379,correct
5,/home/tahmid/crops/p18/p18_sunglass_regular_011.jpg,p18,sunglass,regular,0.7771239876747131,p18,0.405140,correct
5,/home/tahmid/crops/p18/p18_sunglass_regular_012.jpg,p18,sunglass,regular,0.7508219480514526,p18,0.375047,correct
5,/home/tahmid/crops/p18/p18_sunglass_regular_013.jpg,p18,sunglass,regular,0.7454845905303955,p18,0.456893,correct
5,/home/tahmid/crops/p18/p18_sunglass_regular_014.jpg,p18,sunglass,regular,0.7398958206176758,p18,0.455083,correct
5,/home/tahmid/crops/p18/p18_sunglass_regular_015.jpg,p18,sunglass,regular,0.7489749789237976,p18,0.438561,correct
5,/home/tahmid/crops/p25/p25_cap_low_001.jpg,p25,cap,low,0.7681192755699158,p25,0.515074,correct
5,/home/tahmid/crops/p25/p25_cap_low_002.jpg,p25,cap,low,0.709536075592041,p25,0.420919,correct
5,/home/tahmid/crops/p25/p25_cap_low_003.jpg,p25,cap,low,0.7619673609733582,p25,0.528562,correct
5,/home/tahmid/crops/p25/p25_cap_low_004.jpg,p25,cap,low,0.7858299016952515,p25,0.485737,correct
5,/home/tahmid/crops/p25/p25_cap_low_005.jpg,p25,cap,low,0.7636847496032715,p25,0.478872,correct
5,/home/tahmid/crops/p25/p25_cap_low_006.jpg,p25,cap,low,0.6652451157569885,p25,0.489842,correct
5,/home/tahmid/crops/p25/p25_cap_low_007.jpg,p25,cap,low,0.7281916737556458,p25,0.485842,correct
5,/home/tahmid/crops/p25/p25_cap_low_008.jpg,p25,cap,low,0.7681192755699158,p25,0.515074,correct
5,/home/tahmid/crops/p25/p25_cap_low_009.jpg,p25,cap,low,0.709536075592041,p25,0.420919,correct
5,/home/tahmid/crops/p25/p25_cap_low_010.jpg,p25,cap,low,0.7672333717346191,p25,0.526219,correct
5,/home/tahmid/crops/p25/p25_cap_low_011.jpg,p25,cap,low,0.7619673609733582,p25,0.528562,correct
5,/home/tahmid/crops/p25/p25_cap_low_012.jpg,p25,cap,low,0.7858299016952515,p25,0.485737,correct
5,/home/tahmid/crops/p25/p25_cap_low_013.jpg,p25,cap,low,0.7636847496032715,p25,0.478872,correct
5,/home/tahmid/crops/p25/p25_cap_low_014.jpg,p25,cap,low,0.7281916737556458,p25,0.485842,correct
5,/home/tahmid/crops/p25/p25_cap_regular_001.jpg,p25,cap,regular,0.7796318531036377,p25,0.517661,correct
5,/home/tahmid/crops/p25/p25_cap_regular_002.jpg,p25,cap,regular,0.7601088881492615,p25,0.425383,correct
5,/home/tahmid/crops/p25/p25_cap_regular_003.jpg,p25,cap,regular,0.7692363262176514,p25,0.524315,correct
5,/home/tahmid/crops/p25/p25_cap_regular_004.jpg,p25,cap,regular,0.7593939304351807,p25,0.523642,correct
5,/home/tahmid/crops/p25/p25_cap_regular_005.jpg,p25,cap,regular,0.7866582870483398,p25,0.495374,correct
5,/home/tahmid/crops/p25/p25_cap_regular_006.jpg,p25,cap,regular,0.7610722780227661,p25,0.484283,correct
5,/home/tahmid/crops/p25/p25_cap_regular_007.jpg,p25,cap,regular,0.6588135957717896,p25,0.482141,correct
5,/home/tahmid/crops/p25/p25_cap_regular_008.jpg,p25,cap,regular,0.725867748260498,p25,0.481973,correct
5,/home/tahmid/crops/p25/p25_cap_regular_009.jpg,p25,cap,regular,0.7796318531036377,p25,0.517661,correct
5,/home/tahmid/crops/p25/p25_cap_regular_010.jpg,p25,cap,regular,0.7962329387664795,p25,0.523510,correct
5,/home/tahmid/crops/p25/p25_cap_regular_011.jpg,p25,cap,regular,0.7134738564491272,p25,0.411642,correct
5,/home/tahmid/crops/p25/p25_cap_regular_012.jpg,p25,cap,regular,0.7692363262176514,p25,0.524315,correct
5,/home/tahmid/crops/p25/p25_cap_regular_013.jpg,p25,cap,regular,0.7593939304351807,p25,0.523642,correct
5,/home/tahmid/crops/p25/p25_cap_regular_014.jpg,p25,cap,regular,0.6588135957717896,p25,0.482141,correct
5,/home/tahmid/crops/p25/p25_clearglass_low_001.jpg,p25,clearglass,low,0.8053166270256042,p25,0.558272,correct
5,/home/tahmid/crops/p25/p25_clearglass_low_002.jpg,p25,clearglass,low,0.8058197498321533,p25,0.558111,correct
5,/home/tahmid/crops/p25/p25_clearglass_low_003.jpg,p25,clearglass,low,0.8336242437362671,p25,0.563554,correct
5,/home/tahmid/crops/p25/p25_clearglass_low_004.jpg,p25,clearglass,low,0.6882531046867371,p25,0.525330,correct
5,/home/tahmid/crops/p25/p25_clearglass_low_005.jpg,p25,clearglass,low,0.8469579219818115,p25,0.572170,correct
5,/home/tahmid/crops/p25/p25_clearglass_low_006.jpg,p25,clearglass,low,0.8614929914474487,p25,0.574846,correct
5,/home/tahmid/crops/p25/p25_clearglass_low_007.jpg,p25,clearglass,low,0.7728004455566406,p25,0.543194,correct
5,/home/tahmid/crops/p25/p25_clearglass_low_008.jpg,p25,clearglass,low,0.7231295108795166,p25,0.625361,correct
5,/home/tahmid/crops/p25/p25_clearglass_low_009.jpg,p25,clearglass,low,0.7202328443527222,p25,0.624790,correct
5,/home/tahmid/crops/p25/p25_clearglass_low_010.jpg,p25,clearglass,low,0.8058197498321533,p25,0.558111,correct
5,/home/tahmid/crops/p25/p25_clearglass_low_011.jpg,p25,clearglass,low,0.8614929914474487,p25,0.574846,correct
5,/home/tahmid/crops/p25/p25_clearglass_low_012.jpg,p25,clearglass,low,0.7728004455566406,p25,0.543194,correct
5,/home/tahmid/crops/p25/p25_clearglass_low_013.jpg,p25,clearglass,low,0.7983051538467407,p25,0.538084,correct
5,/home/tahmid/crops/p25/p25_clearglass_low_014.jpg,p25,clearglass,low,0.7231295108795166,p25,0.625361,correct
5,/home/tahmid/crops/p25/p25_clearglass_regular_001.jpg,p25,clearglass,regular,0.8344248533248901,p25,0.566733,correct
5,/home/tahmid/crops/p25/p25_clearglass_regular_002.jpg,p25,clearglass,regular,0.6989085078239441,p25,0.541665,correct
5,/home/tahmid/crops/p25/p25_clearglass_regular_003.jpg,p25,clearglass,regular,0.8533233404159546,p25,0.572926,correct
5,/home/tahmid/crops/p25/p25_clearglass_regular_004.jpg,p25,clearglass,regular,0.777748703956604,p25,0.563061,correct
5,/home/tahmid/crops/p25/p25_clearglass_regular_005.jpg,p25,clearglass,regular,0.8045594692230225,p25,0.543673,correct
5,/home/tahmid/crops/p25/p25_clearglass_regular_006.jpg,p25,clearglass,regular,0.7050613164901733,p25,0.617607,correct
5,/home/tahmid/crops/p25/p25_clearglass_regular_007.jpg,p25,clearglass,regular,0.801906406879425,p25,0.564746,correct
5,/home/tahmid/crops/p25/p25_clearglass_regular_008.jpg,p25,clearglass,regular,0.8344248533248901,p25,0.566733,correct
5,/home/tahmid/crops/p25/p25_clearglass_regular_009.jpg,p25,clearglass,regular,0.6989085078239441,p25,0.541665,correct
5,/home/tahmid/crops/p25/p25_clearglass_regular_010.jpg,p25,clearglass,regular,0.8647734522819519,p25,0.577214,correct
5,/home/tahmid/crops/p25/p25_clearglass_regular_011.jpg,p25,clearglass,regular,0.777748703956604,p25,0.563061,correct
5,/home/tahmid/crops/p25/p25_clearglass_regular_012.jpg,p25,clearglass,regular,0.8045594692230225,p25,0.543673,correct
5,/home/tahmid/crops/p25/p25_clearglass_regular_013.jpg,p25,clearglass,regular,0.7242628335952759,p25,0.625169,correct
5,/home/tahmid/crops/p25/p25_clearglass_regular_014.jpg,p25,clearglass,regular,0.7050613164901733,p25,0.617607,correct
5,/home/tahmid/crops/p25/p25_mask_clearglass_low_001.jpg,p25,mask_clearglass,low,0.7734763622283936,p25,0.485192,correct
5,/home/tahmid/crops/p25/p25_mask_clearglass_low_002.jpg,p25,mask_clearglass,low,0.7622995376586914,p25,0.487346,correct
5,/home/tahmid/crops/p25/p25_mask_clearglass_low_003.jpg,p25,mask_clearglass,low,0.7989857792854309,p25,0.487583,correct
5,/home/tahmid/crops/p25/p25_mask_clearglass_low_004.jpg,p25,mask_clearglass,low,0.6854156255722046,p25,0.406060,correct
5,/home/tahmid/crops/p25/p25_mask_clearglass_low_005.jpg,p25,mask_clearglass,low,0.7313568592071533,p25,0.433403,correct
5,/home/tahmid/crops/p25/p25_mask_clearglass_low_006.jpg,p25,mask_clearglass,low,0.763703465461731,p25,0.431813,correct
5,/home/tahmid/crops/p25/p25_mask_clearglass_low_007.jpg,p25,mask_clearglass,low,0.7989857792854309,p25,0.487583,correct
5,/home/tahmid/crops/p25/p25_mask_clearglass_low_008.jpg,p25,mask_clearglass,low,0.7575842142105103,p25,0.403651,correct
5,/home/tahmid/crops/p25/p25_mask_clearglass_low_009.jpg,p25,mask_clearglass,low,0.6854156255722046,p25,0.406060,correct
5,/home/tahmid/crops/p25/p25_mask_clearglass_low_010.jpg,p25,mask_clearglass,low,0.8075488805770874,p25,0.419473,correct
5,/home/tahmid/crops/p25/p25_mask_clearglass_low_011.jpg,p25,mask_clearglass,low,0.7313568592071533,p25,0.433403,correct
5,/home/tahmid/crops/p25/p25_mask_clearglass_low_012.jpg,p25,mask_clearglass,low,0.7909421324729919,p25,0.435038,correct
5,/home/tahmid/crops/p25/p25_mask_clearglass_low_013.jpg,p25,mask_clearglass,low,0.743797242641449,p25,0.488870,correct
5,/home/tahmid/crops/p25/p25_mask_clearglass_low_014.jpg,p25,mask_clearglass,low,0.7198320627212524,p25,0.464127,correct
5,/home/tahmid/crops/p25/p25_mask_clearglass_regular_001.jpg,p25,mask_clearglass,regular,0.7987196445465088,p25,0.478454,correct
5,/home/tahmid/crops/p25/p25_mask_clearglass_regular_002.jpg,p25,mask_clearglass,regular,0.7502806186676025,p25,0.384601,correct
5,/home/tahmid/crops/p25/p25_mask_clearglass_regular_003.jpg,p25,mask_clearglass,regular,0.6867068409919739,p25,0.398776,correct
5,/home/tahmid/crops/p25/p25_mask_clearglass_regular_004.jpg,p25,mask_clearglass,regular,0.7260602712631226,p25,0.430365,correct
5,/home/tahmid/crops/p25/p25_mask_clearglass_regular_005.jpg,p25,mask_clearglass,regular,0.7983566522598267,p25,0.453102,correct
5,/home/tahmid/crops/p25/p25_mask_clearglass_regular_006.jpg,p25,mask_clearglass,regular,0.7505390644073486,p25,0.504942,correct
5,/home/tahmid/crops/p25/p25_mask_clearglass_regular_007.jpg,p25,mask_clearglass,regular,0.712306022644043,p25,0.462047,correct
5,/home/tahmid/crops/p25/p25_mask_clearglass_regular_008.jpg,p25,mask_clearglass,regular,0.7637382745742798,p25,0.489378,correct
5,/home/tahmid/crops/p25/p25_mask_clearglass_regular_009.jpg,p25,mask_clearglass,regular,0.7502806186676025,p25,0.384601,correct
5,/home/tahmid/crops/p25/p25_mask_clearglass_regular_010.jpg,p25,mask_clearglass,regular,0.6867068409919739,p25,0.398776,correct
5,/home/tahmid/crops/p25/p25_mask_clearglass_regular_011.jpg,p25,mask_clearglass,regular,0.8031240701675415,p25,0.430072,correct
5,/home/tahmid/crops/p25/p25_mask_clearglass_regular_012.jpg,p25,mask_clearglass,regular,0.7260602712631226,p25,0.430365,correct
5,/home/tahmid/crops/p25/p25_mask_clearglass_regular_013.jpg,p25,mask_clearglass,regular,0.7983566522598267,p25,0.453102,correct
5,/home/tahmid/crops/p25/p25_mask_clearglass_regular_014.jpg,p25,mask_clearglass,regular,0.712306022644043,p25,0.462047,correct
5,/home/tahmid/crops/p25/p25_mask_low_001.jpg,p25,mask,low,0.7574697732925415,p25,0.451176,correct
5,/home/tahmid/crops/p25/p25_mask_low_002.jpg,p25,mask,low,0.7280030250549316,p25,0.462394,correct
5,/home/tahmid/crops/p25/p25_mask_low_003.jpg,p25,mask,low,0.7477262020111084,p25,0.467708,correct
5,/home/tahmid/crops/p25/p25_mask_low_004.jpg,p25,mask,low,0.8185100555419922,p25,0.438167,correct
5,/home/tahmid/crops/p25/p25_mask_low_005.jpg,p25,mask,low,0.8280016183853149,p25,0.429767,correct
5,/home/tahmid/crops/p25/p25_mask_low_006.jpg,p25,mask,low,0.8232489824295044,p25,0.459790,correct
5,/home/tahmid/crops/p25/p25_mask_low_007.jpg,p25,mask,low,0.806075930595398,p25,0.478888,correct
5,/home/tahmid/crops/p25/p25_mask_low_008.jpg,p25,mask,low,0.7727826237678528,p25,0.508354,correct
5,/home/tahmid/crops/p25/p25_mask_low_009.jpg,p25,mask,low,0.731065034866333,p25,0.455556,correct
5,/home/tahmid/crops/p25/p25_mask_low_010.jpg,p25,mask,low,0.8185100555419922,p25,0.438167,correct
5,/home/tahmid/crops/p25/p25_mask_low_011.jpg,p25,mask,low,0.8232489824295044,p25,0.459790,correct
5,/home/tahmid/crops/p25/p25_mask_low_012.jpg,p25,mask,low,0.806075930595398,p25,0.478888,correct
5,/home/tahmid/crops/p25/p25_mask_low_013.jpg,p25,mask,low,0.7727826237678528,p25,0.508354,correct
5,/home/tahmid/crops/p25/p25_mask_low_014.jpg,p25,mask,low,0.6514103412628174,p25,0.490834,correct
5,/home/tahmid/crops/p25/p25_mask_regular_001.jpg,p25,mask,regular,0.7732912302017212,p25,0.461452,correct
5,/home/tahmid/crops/p25/p25_mask_regular_002.jpg,p25,mask,regular,0.731065034866333,p25,0.455556,correct
5,/home/tahmid/crops/p25/p25_mask_regular_003.jpg,p25,mask,regular,0.7525554895401001,p25,0.470187,correct
5,/home/tahmid/crops/p25/p25_mask_regular_004.jpg,p25,mask,regular,0.7650995254516602,p25,0.480780,correct
5,/home/tahmid/crops/p25/p25_mask_regular_005.jpg,p25,mask,regular,0.7043577432632446,p25,0.480984,correct
5,/home/tahmid/crops/p25/p25_mask_regular_006.jpg,p25,mask,regular,0.8210396766662598,p25,0.425347,correct
5,/home/tahmid/crops/p25/p25_mask_regular_007.jpg,p25,mask,regular,0.8282995223999023,p25,0.433353,correct
5,/home/tahmid/crops/p25/p25_mask_regular_008.jpg,p25,mask,regular,0.8213199377059937,p25,0.468740,correct
5,/home/tahmid/crops/p25/p25_mask_regular_009.jpg,p25,mask,regular,0.7689416408538818,p25,0.512250,correct
5,/home/tahmid/crops/p25/p25_mask_regular_010.jpg,p25,mask,regular,0.6309580206871033,p25,0.513211,correct
5,/home/tahmid/crops/p25/p25_mask_regular_011.jpg,p25,mask,regular,0.8282995223999023,p25,0.433353,correct
5,/home/tahmid/crops/p25/p25_mask_regular_012.jpg,p25,mask,regular,0.8213199377059937,p25,0.468740,correct
5,/home/tahmid/crops/p25/p25_mask_regular_013.jpg,p25,mask,regular,0.800330400466919,p25,0.454680,correct
5,/home/tahmid/crops/p25/p25_mask_regular_014.jpg,p25,mask,regular,0.7689416408538818,p25,0.512250,correct
5,/home/tahmid/crops/p25/p25_mask_sunglass_low_001.jpg,p25,mask_sunglass,low,0.736550509929657,p25,0.427449,correct
5,/home/tahmid/crops/p25/p25_mask_sunglass_low_002.jpg,p25,mask_sunglass,low,0.7616078853607178,p25,0.416261,correct
5,/home/tahmid/crops/p25/p25_mask_sunglass_low_003.jpg,p25,mask_sunglass,low,0.7007527947425842,p25,0.407630,correct
5,/home/tahmid/crops/p25/p25_mask_sunglass_low_004.jpg,p25,mask_sunglass,low,0.7537015676498413,p25,0.380235,correct
5,/home/tahmid/crops/p25/p25_mask_sunglass_low_005.jpg,p25,mask_sunglass,low,0.8011907935142517,p25,0.406316,correct
5,/home/tahmid/crops/p25/p25_mask_sunglass_low_006.jpg,p25,mask_sunglass,low,0.8187050819396973,p25,0.403437,correct
5,/home/tahmid/crops/p25/p25_mask_sunglass_low_007.jpg,p25,mask_sunglass,low,0.779000997543335,p25,0.434803,correct
5,/home/tahmid/crops/p25/p25_mask_sunglass_low_008.jpg,p25,mask_sunglass,low,0.6587332487106323,p25,0.391939,correct
5,/home/tahmid/crops/p25/p25_mask_sunglass_low_009.jpg,p25,mask_sunglass,low,0.7007527947425842,p25,0.407630,correct
5,/home/tahmid/crops/p25/p25_mask_sunglass_low_010.jpg,p25,mask_sunglass,low,0.7639081478118896,p25,0.384952,correct
5,/home/tahmid/crops/p25/p25_mask_sunglass_low_011.jpg,p25,mask_sunglass,low,0.8011907935142517,p25,0.406316,correct
5,/home/tahmid/crops/p25/p25_mask_sunglass_low_012.jpg,p25,mask_sunglass,low,0.7684522867202759,p25,0.405515,correct
5,/home/tahmid/crops/p25/p25_mask_sunglass_low_013.jpg,p25,mask_sunglass,low,0.778165340423584,p25,0.363547,correct
5,/home/tahmid/crops/p25/p25_mask_sunglass_low_014.jpg,p25,mask_sunglass,low,0.6587332487106323,p25,0.391939,correct
5,/home/tahmid/crops/p25/p25_mask_sunglass_regular_001.jpg,p25,mask_sunglass,regular,0.7519652843475342,p25,0.420412,correct
5,/home/tahmid/crops/p25/p25_mask_sunglass_regular_002.jpg,p25,mask_sunglass,regular,0.7493089437484741,p25,0.378485,correct
5,/home/tahmid/crops/p25/p25_mask_sunglass_regular_003.jpg,p25,mask_sunglass,regular,0.8028516173362732,p25,0.413391,correct
5,/home/tahmid/crops/p25/p25_mask_sunglass_regular_004.jpg,p25,mask_sunglass,regular,0.8198950290679932,p25,0.402840,correct
5,/home/tahmid/crops/p25/p25_mask_sunglass_regular_005.jpg,p25,mask_sunglass,regular,0.7708340883255005,p25,0.409386,correct
5,/home/tahmid/crops/p25/p25_mask_sunglass_regular_006.jpg,p25,mask_sunglass,regular,0.6944694519042969,p25,0.430459,correct
5,/home/tahmid/crops/p25/p25_mask_sunglass_regular_007.jpg,p25,mask_sunglass,regular,0.7519652843475342,p25,0.420412,correct
5,/home/tahmid/crops/p25/p25_mask_sunglass_regular_008.jpg,p25,mask_sunglass,regular,0.6974765062332153,p25,0.408719,correct
5,/home/tahmid/crops/p25/p25_mask_sunglass_regular_009.jpg,p25,mask_sunglass,regular,0.7811359167098999,p25,0.390797,correct
5,/home/tahmid/crops/p25/p25_mask_sunglass_regular_010.jpg,p25,mask_sunglass,regular,0.7493089437484741,p25,0.378485,correct
5,/home/tahmid/crops/p25/p25_mask_sunglass_regular_011.jpg,p25,mask_sunglass,regular,0.8028516173362732,p25,0.413391,correct
5,/home/tahmid/crops/p25/p25_mask_sunglass_regular_012.jpg,p25,mask_sunglass,regular,0.7806051969528198,p25,0.384665,correct
5,/home/tahmid/crops/p25/p25_mask_sunglass_regular_013.jpg,p25,mask_sunglass,regular,0.7917048931121826,p25,0.418270,correct
5,/home/tahmid/crops/p25/p25_mask_sunglass_regular_014.jpg,p25,mask_sunglass,regular,0.6944694519042969,p25,0.430459,correct
5,/home/tahmid/crops/p25/p25_none_low_001.jpg,p25,none,low,0.8586156368255615,p25,0.575271,correct
5,/home/tahmid/crops/p25/p25_none_low_002.jpg,p25,none,low,0.8361363410949707,p25,0.574297,correct
5,/home/tahmid/crops/p25/p25_none_low_003.jpg,p25,none,low,0.7932469844818115,p25,0.607900,correct
5,/home/tahmid/crops/p25/p25_none_low_004.jpg,p25,none,low,0.8024786710739136,p25,0.606702,correct
5,/home/tahmid/crops/p25/p25_none_low_005.jpg,p25,none,low,0.8290209770202637,p25,0.580150,correct
5,/home/tahmid/crops/p25/p25_none_low_006.jpg,p25,none,low,0.7963595986366272,p25,0.583678,correct
5,/home/tahmid/crops/p25/p25_none_low_009.jpg,p25,none,low,0.8558589220046997,p25,0.579482,correct
5,/home/tahmid/crops/p25/p25_none_low_010.jpg,p25,none,low,0.7932469844818115,p25,0.607900,correct
5,/home/tahmid/crops/p25/p25_none_low_011.jpg,p25,none,low,0.8024786710739136,p25,0.606702,correct
5,/home/tahmid/crops/p25/p25_none_low_012.jpg,p25,none,low,0.8290209770202637,p25,0.580150,correct
5,/home/tahmid/crops/p25/p25_none_low_013.jpg,p25,none,low,0.7963595986366272,p25,0.583678,correct
5,/home/tahmid/crops/p25/p25_none_regular_001.jpg,p25,none,regular,0.8531210422515869,p25,0.572821,correct
5,/home/tahmid/crops/p25/p25_none_regular_002.jpg,p25,none,regular,0.8300612568855286,p25,0.565398,correct
5,/home/tahmid/crops/p25/p25_none_regular_003.jpg,p25,none,regular,0.8076144456863403,p25,0.609339,correct
5,/home/tahmid/crops/p25/p25_none_regular_004.jpg,p25,none,regular,0.8295691013336182,p25,0.577866,correct
5,/home/tahmid/crops/p25/p25_none_regular_008.jpg,p25,none,regular,0.7659158706665039,p25,0.689968,correct
5,/home/tahmid/crops/p25/p25_none_regular_009.jpg,p25,none,regular,0.8531210422515869,p25,0.572821,correct
5,/home/tahmid/crops/p25/p25_none_regular_010.jpg,p25,none,regular,0.7904870510101318,p25,0.609486,correct
5,/home/tahmid/crops/p25/p25_none_regular_011.jpg,p25,none,regular,0.8076144456863403,p25,0.609339,correct
5,/home/tahmid/crops/p25/p25_none_regular_012.jpg,p25,none,regular,0.8295691013336182,p25,0.577866,correct
5,/home/tahmid/crops/p25/p25_none_regular_013.jpg,p25,none,regular,0.7946155667304993,p25,0.584128,correct
5,/home/tahmid/crops/p25/p25_sunglass_low_001.jpg,p25,sunglass,low,0.7970374226570129,p25,0.562918,correct
5,/home/tahmid/crops/p25/p25_sunglass_low_002.jpg,p25,sunglass,low,0.7911736965179443,p25,0.564897,correct
5,/home/tahmid/crops/p25/p25_sunglass_low_003.jpg,p25,sunglass,low,0.8164086937904358,p25,0.561756,correct
5,/home/tahmid/crops/p25/p25_sunglass_low_004.jpg,p25,sunglass,low,0.7445031404495239,p25,0.505559,correct
5,/home/tahmid/crops/p25/p25_sunglass_low_005.jpg,p25,sunglass,low,0.7859066724777222,p25,0.574710,correct
5,/home/tahmid/crops/p25/p25_sunglass_low_006.jpg,p25,sunglass,low,0.7859066724777222,p25,0.574710,correct
5,/home/tahmid/crops/p25/p25_sunglass_low_007.jpg,p25,sunglass,low,0.7747002840042114,p25,0.552414,correct
5,/home/tahmid/crops/p25/p25_sunglass_low_008.jpg,p25,sunglass,low,0.7472485303878784,p25,0.559411,correct
5,/home/tahmid/crops/p25/p25_sunglass_low_009.jpg,p25,sunglass,low,0.6342433094978333,p25,0.610471,correct
5,/home/tahmid/crops/p25/p25_sunglass_low_010.jpg,p25,sunglass,low,0.8164086937904358,p25,0.561756,correct
5,/home/tahmid/crops/p25/p25_sunglass_low_011.jpg,p25,sunglass,low,0.7425355911254883,p25,0.502262,correct
5,/home/tahmid/crops/p25/p25_sunglass_low_012.jpg,p25,sunglass,low,0.8460603952407837,p25,0.580737,correct
5,/home/tahmid/crops/p25/p25_sunglass_low_013.jpg,p25,sunglass,low,0.7747002840042114,p25,0.552414,correct
5,/home/tahmid/crops/p25/p25_sunglass_low_014.jpg,p25,sunglass,low,0.6342433094978333,p25,0.610471,correct
5,/home/tahmid/crops/p25/p25_sunglass_low_015.jpg,p25,sunglass,low,0.7577860355377197,p25,0.614042,correct
5,/home/tahmid/crops/p25/p25_sunglass_regular_001.jpg,p25,sunglass,regular,0.7870219349861145,p25,0.554509,correct
5,/home/tahmid/crops/p25/p25_sunglass_regular_002.jpg,p25,sunglass,regular,0.7320830225944519,p25,0.499842,correct
5,/home/tahmid/crops/p25/p25_sunglass_regular_003.jpg,p25,sunglass,regular,0.7325187921524048,p25,0.504308,correct
5,/home/tahmid/crops/p25/p25_sunglass_regular_004.jpg,p25,sunglass,regular,0.7883855104446411,p25,0.580951,correct
5,/home/tahmid/crops/p25/p25_sunglass_regular_005.jpg,p25,sunglass,regular,0.8464171886444092,p25,0.586181,correct
5,/home/tahmid/crops/p25/p25_sunglass_regular_006.jpg,p25,sunglass,regular,0.7817074060440063,p25,0.561211,correct
5,/home/tahmid/crops/p25/p25_sunglass_regular_007.jpg,p25,sunglass,regular,0.6352450251579285,p25,0.611712,correct
5,/home/tahmid/crops/p25/p25_sunglass_regular_008.jpg,p25,sunglass,regular,0.7602835893630981,p25,0.589596,correct
5,/home/tahmid/crops/p25/p25_sunglass_regular_009.jpg,p25,sunglass,regular,0.7870219349861145,p25,0.554509,correct
5,/home/tahmid/crops/p25/p25_sunglass_regular_010.jpg,p25,sunglass,regular,0.8181157112121582,p25,0.564345,correct
5,/home/tahmid/crops/p25/p25_sunglass_regular_011.jpg,p25,sunglass,regular,0.7325187921524048,p25,0.504308,correct
5,/home/tahmid/crops/p25/p25_sunglass_regular_012.jpg,p25,sunglass,regular,0.8464171886444092,p25,0.586181,correct
5,/home/tahmid/crops/p25/p25_sunglass_regular_013.jpg,p25,sunglass,regular,0.7817074060440063,p25,0.561211,correct
5,/home/tahmid/crops/p25/p25_sunglass_regular_014.jpg,p25,sunglass,regular,0.7574056386947632,p25,0.560787,correct
5,/home/tahmid/crops/p25/p25_sunglass_regular_015.jpg,p25,sunglass,regular,0.7602835893630981,p25,0.589596,correct
5,/home/tahmid/crops/p29/p29_cap_low_001.jpg,p29,cap,low,0.824394702911377,p29,0.557297,correct
5,/home/tahmid/crops/p29/p29_cap_low_002.jpg,p29,cap,low,0.8188316822052002,p29,0.517601,correct
5,/home/tahmid/crops/p29/p29_cap_low_003.jpg,p29,cap,low,0.7755199670791626,p29,0.537529,correct
5,/home/tahmid/crops/p29/p29_cap_low_004.jpg,p29,cap,low,0.713039755821228,p29,0.526273,correct
5,/home/tahmid/crops/p29/p29_cap_low_005.jpg,p29,cap,low,0.7288219928741455,p29,0.529504,correct
5,/home/tahmid/crops/p29/p29_cap_low_006.jpg,p29,cap,low,0.783779501914978,p29,0.523580,correct
5,/home/tahmid/crops/p29/p29_cap_low_007.jpg,p29,cap,low,0.7776030898094177,p29,0.503196,correct
5,/home/tahmid/crops/p29/p29_cap_low_008.jpg,p29,cap,low,0.7919585704803467,p29,0.493805,correct
5,/home/tahmid/crops/p29/p29_cap_low_009.jpg,p29,cap,low,0.8174501657485962,p29,0.508040,correct
5,/home/tahmid/crops/p29/p29_cap_low_010.jpg,p29,cap,low,0.8262791633605957,p29,0.542742,correct
5,/home/tahmid/crops/p29/p29_cap_low_011.jpg,p29,cap,low,0.808443009853363,p29,0.546852,correct
5,/home/tahmid/crops/p29/p29_cap_low_012.jpg,p29,cap,low,0.8263533115386963,p29,0.576561,correct
5,/home/tahmid/crops/p29/p29_cap_low_013.jpg,p29,cap,low,0.8025491237640381,p29,0.553488,correct
5,/home/tahmid/crops/p29/p29_cap_low_014.jpg,p29,cap,low,0.8305405378341675,p29,0.526558,correct
5,/home/tahmid/crops/p29/p29_cap_low_015.jpg,p29,cap,low,0.8362162113189697,p29,0.538080,correct
5,/home/tahmid/crops/p29/p29_cap_low_016.jpg,p29,cap,low,0.8226702213287354,p29,0.555960,correct
5,/home/tahmid/crops/p29/p29_cap_low_017.jpg,p29,cap,low,0.8457202315330505,p29,0.536129,correct
5,/home/tahmid/crops/p29/p29_cap_regular_001.jpg,p29,cap,regular,0.7742363214492798,p29,0.528950,correct
5,/home/tahmid/crops/p29/p29_cap_regular_002.jpg,p29,cap,regular,0.7743065357208252,p29,0.551944,correct
5,/home/tahmid/crops/p29/p29_cap_regular_003.jpg,p29,cap,regular,0.8401833772659302,p29,0.520992,correct
5,/home/tahmid/crops/p29/p29_cap_regular_004.jpg,p29,cap,regular,0.7801604270935059,p29,0.539680,correct
5,/home/tahmid/crops/p29/p29_cap_regular_005.jpg,p29,cap,regular,0.7613164186477661,p29,0.536283,correct
5,/home/tahmid/crops/p29/p29_cap_regular_006.jpg,p29,cap,regular,0.7591140270233154,p29,0.502735,correct
5,/home/tahmid/crops/p29/p29_cap_regular_007.jpg,p29,cap,regular,0.7905648946762085,p29,0.501038,correct
5,/home/tahmid/crops/p29/p29_cap_regular_008.jpg,p29,cap,regular,0.7990919351577759,p29,0.517991,correct
5,/home/tahmid/crops/p29/p29_cap_regular_009.jpg,p29,cap,regular,0.7680039405822754,p29,0.507799,correct
5,/home/tahmid/crops/p29/p29_cap_regular_010.jpg,p29,cap,regular,0.785205602645874,p29,0.495575,correct
5,/home/tahmid/crops/p29/p29_cap_regular_011.jpg,p29,cap,regular,0.8048408627510071,p29,0.510570,correct
5,/home/tahmid/crops/p29/p29_cap_regular_012.jpg,p29,cap,regular,0.8183187246322632,p29,0.522500,correct
5,/home/tahmid/crops/p29/p29_cap_regular_013.jpg,p29,cap,regular,0.7616727352142334,p29,0.500954,correct
5,/home/tahmid/crops/p29/p29_cap_regular_014.jpg,p29,cap,regular,0.8437259793281555,p29,0.538966,correct
5,/home/tahmid/crops/p29/p29_cap_regular_015.jpg,p29,cap,regular,0.8668473958969116,p29,0.556963,correct
5,/home/tahmid/crops/p29/p29_cap_regular_016.jpg,p29,cap,regular,0.8543956279754639,p29,0.545072,correct
5,/home/tahmid/crops/p29/p29_cap_regular_017.jpg,p29,cap,regular,0.8338899612426758,p29,0.557138,correct
5,/home/tahmid/crops/p29/p29_cap_regular_018.jpg,p29,cap,regular,0.7885984182357788,p29,0.505013,correct
5,/home/tahmid/crops/p29/p29_cap_regular_019.jpg,p29,cap,regular,0.8288815021514893,p29,0.529203,correct
5,/home/tahmid/crops/p29/p29_cap_regular_020.jpg,p29,cap,regular,0.7463140487670898,p29,0.517867,correct
5,/home/tahmid/crops/p29/p29_cap_regular_021.jpg,p29,cap,regular,0.8280966281890869,p29,0.542732,correct
5,/home/tahmid/crops/p29/p29_cap_regular_022.jpg,p29,cap,regular,0.852401614189148,p29,0.535425,correct
5,/home/tahmid/crops/p29/p29_clearglass_low_001.jpg,p29,clearglass,low,0.7310359477996826,p29,0.569377,correct
5,/home/tahmid/crops/p29/p29_clearglass_low_002.jpg,p29,clearglass,low,0.8575651049613953,p29,0.517117,correct
5,/home/tahmid/crops/p29/p29_clearglass_low_003.jpg,p29,clearglass,low,0.8341661691665649,p29,0.525505,correct
5,/home/tahmid/crops/p29/p29_clearglass_low_004.jpg,p29,clearglass,low,0.8539670705795288,p29,0.533411,correct
5,/home/tahmid/crops/p29/p29_clearglass_low_005.jpg,p29,clearglass,low,0.8426704406738281,p29,0.594620,correct
5,/home/tahmid/crops/p29/p29_clearglass_low_006.jpg,p29,clearglass,low,0.8177270293235779,p29,0.556064,correct
5,/home/tahmid/crops/p29/p29_clearglass_low_007.jpg,p29,clearglass,low,0.8449822664260864,p29,0.557623,correct
5,/home/tahmid/crops/p29/p29_clearglass_low_008.jpg,p29,clearglass,low,0.7710046768188477,p29,0.559182,correct
5,/home/tahmid/crops/p29/p29_clearglass_regular_001.jpg,p29,clearglass,regular,0.8554306030273438,p29,0.525771,correct
5,/home/tahmid/crops/p29/p29_clearglass_regular_002.jpg,p29,clearglass,regular,0.8360031843185425,p29,0.523819,correct
5,/home/tahmid/crops/p29/p29_clearglass_regular_003.jpg,p29,clearglass,regular,0.8544625639915466,p29,0.524833,correct
5,/home/tahmid/crops/p29/p29_clearglass_regular_004.jpg,p29,clearglass,regular,0.8241031169891357,p29,0.560040,correct
5,/home/tahmid/crops/p29/p29_clearglass_regular_005.jpg,p29,clearglass,regular,0.7212475538253784,p29,0.566508,correct
5,/home/tahmid/crops/p29/p29_clearglass_regular_006.jpg,p29,clearglass,regular,0.8399653434753418,p29,0.566668,correct
5,/home/tahmid/crops/p29/p29_clearglass_regular_007.jpg,p29,clearglass,regular,0.7976921200752258,p29,0.565941,correct
5,/home/tahmid/crops/p29/p29_clearglass_regular_008.jpg,p29,clearglass,regular,0.8472160696983337,p29,0.594979,correct
5,/home/tahmid/crops/p29/p29_mask_clearglass_low_001.jpg,p29,mask_clearglass,low,0.7557163238525391,p29,0.470705,correct
5,/home/tahmid/crops/p29/p29_mask_clearglass_low_002.jpg,p29,mask_clearglass,low,0.7271803021430969,p29,0.471181,correct
5,/home/tahmid/crops/p29/p29_mask_clearglass_low_003.jpg,p29,mask_clearglass,low,0.8058058023452759,p29,0.457983,correct
5,/home/tahmid/crops/p29/p29_mask_clearglass_low_004.jpg,p29,mask_clearglass,low,0.8577944040298462,p29,0.423937,correct
5,/home/tahmid/crops/p29/p29_mask_clearglass_low_005.jpg,p29,mask_clearglass,low,0.7984212040901184,p29,0.321990,correct
5,/home/tahmid/crops/p29/p29_mask_clearglass_low_006.jpg,p29,mask_clearglass,low,0.7703025341033936,p29,0.335027,correct
5,/home/tahmid/crops/p29/p29_mask_clearglass_low_007.jpg,p29,mask_clearglass,low,0.8300684690475464,p29,0.421172,correct
5,/home/tahmid/crops/p29/p29_mask_clearglass_regular_001.jpg,p29,mask_clearglass,regular,0.7557045221328735,p29,0.477023,correct
5,/home/tahmid/crops/p29/p29_mask_clearglass_regular_002.jpg,p29,mask_clearglass,regular,0.7451174855232239,p29,0.474881,correct
5,/home/tahmid/crops/p29/p29_mask_clearglass_regular_003.jpg,p29,mask_clearglass,regular,0.6944577097892761,p29,0.470974,correct
5,/home/tahmid/crops/p29/p29_mask_clearglass_regular_004.jpg,p29,mask_clearglass,regular,0.6633670330047607,p29,0.486115,correct
5,/home/tahmid/crops/p29/p29_mask_clearglass_regular_005.jpg,p29,mask_clearglass,regular,0.7239343523979187,p29,0.474005,correct
5,/home/tahmid/crops/p29/p29_mask_clearglass_regular_006.jpg,p29,mask_clearglass,regular,0.7488850355148315,p29,0.487942,correct
5,/home/tahmid/crops/p29/p29_mask_clearglass_regular_007.jpg,p29,mask_clearglass,regular,0.8020910620689392,p29,0.452921,correct
5,/home/tahmid/crops/p29/p29_mask_clearglass_regular_008.jpg,p29,mask_clearglass,regular,0.8054380416870117,p29,0.467085,correct
5,/home/tahmid/crops/p29/p29_mask_clearglass_regular_009.jpg,p29,mask_clearglass,regular,0.8612227439880371,p29,0.446723,correct
5,/home/tahmid/crops/p29/p29_mask_clearglass_regular_010.jpg,p29,mask_clearglass,regular,0.8613054752349854,p29,0.449064,correct
5,/home/tahmid/crops/p29/p29_mask_clearglass_regular_011.jpg,p29,mask_clearglass,regular,0.8508681058883667,p29,0.452963,correct
5,/home/tahmid/crops/p29/p29_mask_clearglass_regular_012.jpg,p29,mask_clearglass,regular,0.7756340503692627,p29,0.359756,correct
5,/home/tahmid/crops/p29/p29_mask_clearglass_regular_013.jpg,p29,mask_clearglass,regular,0.8013899922370911,p29,0.341071,correct
5,/home/tahmid/crops/p29/p29_mask_clearglass_regular_014.jpg,p29,mask_clearglass,regular,0.7789492607116699,p29,0.368820,correct
5,/home/tahmid/crops/p29/p29_mask_clearglass_regular_015.jpg,p29,mask_clearglass,regular,0.8117718696594238,p29,0.353972,correct
5,/home/tahmid/crops/p29/p29_mask_clearglass_regular_016.jpg,p29,mask_clearglass,regular,0.8225025534629822,p29,0.375263,correct
5,/home/tahmid/crops/p29/p29_mask_clearglass_regular_017.jpg,p29,mask_clearglass,regular,0.8151519894599915,p29,0.373384,correct
5,/home/tahmid/crops/p29/p29_mask_clearglass_regular_018.jpg,p29,mask_clearglass,regular,0.8378567695617676,p29,0.423367,correct
5,/home/tahmid/crops/p29/p29_mask_clearglass_regular_019.jpg,p29,mask_clearglass,regular,0.8275724649429321,p29,0.387350,correct
5,/home/tahmid/crops/p29/p29_mask_clearglass_regular_020.jpg,p29,mask_clearglass,regular,0.8191161155700684,p29,0.471242,correct
5,/home/tahmid/crops/p29/p29_mask_low_001.jpg,p29,mask,low,0.8013734817504883,p29,0.470658,correct
5,/home/tahmid/crops/p29/p29_mask_low_002.jpg,p29,mask,low,0.7957127094268799,p29,0.433896,correct
5,/home/tahmid/crops/p29/p29_mask_low_003.jpg,p29,mask,low,0.7919187545776367,p29,0.454665,correct
5,/home/tahmid/crops/p29/p29_mask_low_004.jpg,p29,mask,low,0.7385591864585876,p29,0.493978,correct
5,/home/tahmid/crops/p29/p29_mask_low_005.jpg,p29,mask,low,0.7929626107215881,p29,0.437181,correct
5,/home/tahmid/crops/p29/p29_mask_low_006.jpg,p29,mask,low,0.8298557996749878,p29,0.443575,correct
5,/home/tahmid/crops/p29/p29_mask_low_007.jpg,p29,mask,low,0.7207490801811218,p29,0.424624,correct
5,/home/tahmid/crops/p29/p29_mask_low_008.jpg,p29,mask,low,0.7405843734741211,p29,0.474223,correct
5,/home/tahmid/crops/p29/p29_mask_low_009.jpg,p29,mask,low,0.7598793506622314,p29,0.433786,correct
5,/home/tahmid/crops/p29/p29_mask_low_010.jpg,p29,mask,low,0.6858440637588501,p29,0.446422,correct
5,/home/tahmid/crops/p29/p29_mask_low_011.jpg,p29,mask,low,0.7241844534873962,p29,0.398346,correct
5,/home/tahmid/crops/p29/p29_mask_low_012.jpg,p29,mask,low,0.6698399782180786,p29,0.400886,correct
5,/home/tahmid/crops/p29/p29_mask_low_013.jpg,p29,mask,low,0.7686681747436523,p29,0.440103,correct
5,/home/tahmid/crops/p29/p29_mask_low_014.jpg,p29,mask,low,0.743904173374176,p29,0.432393,correct
5,/home/tahmid/crops/p29/p29_mask_low_015.jpg,p29,mask,low,0.7630555629730225,p29,0.388816,correct
5,/home/tahmid/crops/p29/p29_mask_regular_001.jpg,p29,mask,regular,0.756583571434021,p29,0.465123,correct
5,/home/tahmid/crops/p29/p29_mask_regular_002.jpg,p29,mask,regular,0.7745504379272461,p29,0.459061,correct
5,/home/tahmid/crops/p29/p29_mask_regular_003.jpg,p29,mask,regular,0.7821296453475952,p29,0.446316,correct
5,/home/tahmid/crops/p29/p29_mask_regular_004.jpg,p29,mask,regular,0.8008530139923096,p29,0.443351,correct
5,/home/tahmid/crops/p29/p29_mask_regular_005.jpg,p29,mask,regular,0.7930507659912109,p29,0.437236,correct
5,/home/tahmid/crops/p29/p29_mask_regular_006.jpg,p29,mask,regular,0.8063369989395142,p29,0.500149,correct
5,/home/tahmid/crops/p29/p29_mask_regular_007.jpg,p29,mask,regular,0.778313934803009,p29,0.506779,correct
5,/home/tahmid/crops/p29/p29_mask_regular_008.jpg,p29,mask,regular,0.7996290922164917,p29,0.478193,correct
5,/home/tahmid/crops/p29/p29_mask_regular_009.jpg,p29,mask,regular,0.7764651775360107,p29,0.447944,correct
5,/home/tahmid/crops/p29/p29_mask_regular_010.jpg,p29,mask,regular,0.784369707107544,p29,0.440305,correct
5,/home/tahmid/crops/p29/p29_mask_regular_011.jpg,p29,mask,regular,0.7767879366874695,p29,0.450653,correct
5,/home/tahmid/crops/p29/p29_mask_regular_012.jpg,p29,mask,regular,0.8292288184165955,p29,0.472024,correct
5,/home/tahmid/crops/p29/p29_mask_regular_013.jpg,p29,mask,regular,0.6971191167831421,p29,0.445797,correct
5,/home/tahmid/crops/p29/p29_mask_regular_014.jpg,p29,mask,regular,0.7599787712097168,p29,0.454128,correct
5,/home/tahmid/crops/p29/p29_mask_regular_015.jpg,p29,mask,regular,0.7254506945610046,p29,0.468012,correct
5,/home/tahmid/crops/p29/p29_mask_regular_016.jpg,p29,mask,regular,0.6990870833396912,p29,0.473868,correct
5,/home/tahmid/crops/p29/p29_mask_regular_017.jpg,p29,mask,regular,0.7209808826446533,p29,0.491465,correct
5,/home/tahmid/crops/p29/p29_mask_regular_018.jpg,p29,mask,regular,0.7810307741165161,p29,0.440610,correct
5,/home/tahmid/crops/p29/p29_mask_regular_019.jpg,p29,mask,regular,0.7399567365646362,p29,0.394355,correct
5,/home/tahmid/crops/p29/p29_mask_regular_020.jpg,p29,mask,regular,0.776058554649353,p29,0.396927,correct
5,/home/tahmid/crops/p29/p29_mask_regular_021.jpg,p29,mask,regular,0.7490074634552002,p29,0.419044,correct
5,/home/tahmid/crops/p29/p29_mask_regular_022.jpg,p29,mask,regular,0.764565110206604,p29,0.393089,correct
5,/home/tahmid/crops/p29/p29_mask_sunglass_low_001.jpg,p29,mask_sunglass,low,0.7971866726875305,p29,0.272654,rejected
5,/home/tahmid/crops/p29/p29_mask_sunglass_low_002.jpg,p29,mask_sunglass,low,0.7837817072868347,p29,0.391718,correct
5,/home/tahmid/crops/p29/p29_mask_sunglass_low_003.jpg,p29,mask_sunglass,low,0.7901872396469116,p29,0.380288,correct
5,/home/tahmid/crops/p29/p29_mask_sunglass_low_004.jpg,p29,mask_sunglass,low,0.817435622215271,p29,0.345560,correct
5,/home/tahmid/crops/p29/p29_mask_sunglass_low_005.jpg,p29,mask_sunglass,low,0.8502593636512756,p29,0.347460,correct
5,/home/tahmid/crops/p29/p29_mask_sunglass_low_006.jpg,p29,mask_sunglass,low,0.8001958727836609,p29,0.381174,correct
5,/home/tahmid/crops/p29/p29_mask_sunglass_low_007.jpg,p29,mask_sunglass,low,0.7948735356330872,p29,0.320996,correct
5,/home/tahmid/crops/p29/p29_mask_sunglass_low_008.jpg,p29,mask_sunglass,low,0.7234048247337341,p29,0.322603,correct
5,/home/tahmid/crops/p29/p29_mask_sunglass_regular_001.jpg,p29,mask_sunglass,regular,0.8082035779953003,p29,0.285625,rejected
5,/home/tahmid/crops/p29/p29_mask_sunglass_regular_002.jpg,p29,mask_sunglass,regular,0.7285676598548889,p29,0.323209,correct
5,/home/tahmid/crops/p29/p29_mask_sunglass_regular_003.jpg,p29,mask_sunglass,regular,0.8035726547241211,p29,0.398711,correct
5,/home/tahmid/crops/p29/p29_mask_sunglass_regular_004.jpg,p29,mask_sunglass,regular,0.8277608156204224,p29,0.336437,correct
5,/home/tahmid/crops/p29/p29_mask_sunglass_regular_005.jpg,p29,mask_sunglass,regular,0.8584387302398682,p29,0.353901,correct
5,/home/tahmid/crops/p29/p29_mask_sunglass_regular_006.jpg,p29,mask_sunglass,regular,0.8003150224685669,p29,0.401049,correct
5,/home/tahmid/crops/p29/p29_mask_sunglass_regular_007.jpg,p29,mask_sunglass,regular,0.8094128370285034,p29,0.406822,correct
5,/home/tahmid/crops/p29/p29_mask_sunglass_regular_008.jpg,p29,mask_sunglass,regular,0.8106327056884766,p29,0.335203,correct
5,/home/tahmid/crops/p29/p29_none_low_005.jpg,p29,none,low,0.8397941589355469,p29,0.551934,correct
5,/home/tahmid/crops/p29/p29_none_low_006.jpg,p29,none,low,0.8655372858047485,p29,0.561205,correct
5,/home/tahmid/crops/p29/p29_none_regular_012.jpg,p29,none,regular,0.8322574496269226,p29,0.523243,correct
5,/home/tahmid/crops/p29/p29_none_regular_013.jpg,p29,none,regular,0.844651460647583,p29,0.539794,correct
5,/home/tahmid/crops/p29/p29_none_regular_014.jpg,p29,none,regular,0.8673124313354492,p29,0.553803,correct
5,/home/tahmid/crops/p29/p29_none_regular_015.jpg,p29,none,regular,0.8624647259712219,p29,0.557054,correct
5,/home/tahmid/crops/p29/p29_none_regular_016.jpg,p29,none,regular,0.8580640554428101,p29,0.536984,correct
5,/home/tahmid/crops/p29/p29_scarf_low_001.jpg,p29,scarf,low,0.7115070819854736,p29,0.557303,correct
5,/home/tahmid/crops/p29/p29_scarf_low_002.jpg,p29,scarf,low,0.8118090629577637,p29,0.505789,correct
5,/home/tahmid/crops/p29/p29_scarf_low_003.jpg,p29,scarf,low,0.7563519477844238,p29,0.563603,correct
5,/home/tahmid/crops/p29/p29_scarf_low_004.jpg,p29,scarf,low,0.8087729215621948,p29,0.500699,correct
5,/home/tahmid/crops/p29/p29_scarf_low_005.jpg,p29,scarf,low,0.7423440217971802,p29,0.501758,correct
5,/home/tahmid/crops/p29/p29_scarf_low_006.jpg,p29,scarf,low,0.7406535744667053,p29,0.537210,correct
5,/home/tahmid/crops/p29/p29_scarf_low_007.jpg,p29,scarf,low,0.8164644837379456,p29,0.552669,correct
5,/home/tahmid/crops/p29/p29_scarf_low_008.jpg,p29,scarf,low,0.7778648734092712,p29,0.525173,correct
5,/home/tahmid/crops/p29/p29_scarf_regular_001.jpg,p29,scarf,regular,0.8210873007774353,p29,0.498703,correct
5,/home/tahmid/crops/p29/p29_scarf_regular_002.jpg,p29,scarf,regular,0.8011651039123535,p29,0.493243,correct
5,/home/tahmid/crops/p29/p29_scarf_regular_003.jpg,p29,scarf,regular,0.7489264011383057,p29,0.507622,correct
5,/home/tahmid/crops/p29/p29_scarf_regular_004.jpg,p29,scarf,regular,0.7162758111953735,p29,0.549299,correct
5,/home/tahmid/crops/p29/p29_scarf_regular_005.jpg,p29,scarf,regular,0.7632248401641846,p29,0.564253,correct
5,/home/tahmid/crops/p29/p29_scarf_regular_006.jpg,p29,scarf,regular,0.756195068359375,p29,0.537987,correct
5,/home/tahmid/crops/p29/p29_scarf_regular_007.jpg,p29,scarf,regular,0.8122977018356323,p29,0.561415,correct
5,/home/tahmid/crops/p29/p29_scarf_regular_008.jpg,p29,scarf,regular,0.7830451726913452,p29,0.522962,correct
5,/home/tahmid/crops/p29/p29_sunglass_low_001.jpg,p29,sunglass,low,0.8393889665603638,p29,0.556933,correct
5,/home/tahmid/crops/p29/p29_sunglass_low_002.jpg,p29,sunglass,low,0.8178185820579529,p29,0.563095,correct
5,/home/tahmid/crops/p29/p29_sunglass_low_003.jpg,p29,sunglass,low,0.8393722772598267,p29,0.573218,correct
5,/home/tahmid/crops/p29/p29_sunglass_low_004.jpg,p29,sunglass,low,0.8401962518692017,p29,0.550725,correct
5,/home/tahmid/crops/p29/p29_sunglass_low_005.jpg,p29,sunglass,low,0.8591510057449341,p29,0.538235,correct
5,/home/tahmid/crops/p29/p29_sunglass_low_006.jpg,p29,sunglass,low,0.8382453918457031,p29,0.533658,correct
5,/home/tahmid/crops/p29/p29_sunglass_low_007.jpg,p29,sunglass,low,0.8621878623962402,p29,0.500054,correct
5,/home/tahmid/crops/p29/p29_sunglass_regular_001.jpg,p29,sunglass,regular,0.8374392986297607,p29,0.559720,correct
5,/home/tahmid/crops/p29/p29_sunglass_regular_002.jpg,p29,sunglass,regular,0.8156090974807739,p29,0.559540,correct
5,/home/tahmid/crops/p29/p29_sunglass_regular_003.jpg,p29,sunglass,regular,0.8630623817443848,p29,0.568526,correct
5,/home/tahmid/crops/p29/p29_sunglass_regular_004.jpg,p29,sunglass,regular,0.8531882762908936,p29,0.544603,correct
5,/home/tahmid/crops/p29/p29_sunglass_regular_005.jpg,p29,sunglass,regular,0.8356865644454956,p29,0.555153,correct
5,/home/tahmid/crops/p29/p29_sunglass_regular_006.jpg,p29,sunglass,regular,0.8431396484375,p29,0.570795,correct
5,/home/tahmid/crops/p29/p29_sunglass_regular_007.jpg,p29,sunglass,regular,0.8702876567840576,p29,0.567528,correct
5,/home/tahmid/crops/p29/p29_sunglass_regular_008.jpg,p29,sunglass,regular,0.8557471036911011,p29,0.565214,correct
5,/home/tahmid/crops/p29/p29_sunglass_regular_009.jpg,p29,sunglass,regular,0.8493298292160034,p29,0.550669,correct
5,/home/tahmid/crops/p29/p29_sunglass_regular_010.jpg,p29,sunglass,regular,0.8784163594245911,p29,0.554302,correct
5,/home/tahmid/crops/p29/p29_sunglass_regular_011.jpg,p29,sunglass,regular,0.8669124841690063,p29,0.553674,correct
5,/home/tahmid/crops/p29/p29_sunglass_regular_012.jpg,p29,sunglass,regular,0.8618960380554199,p29,0.550473,correct
5,/home/tahmid/crops/p29/p29_sunglass_regular_013.jpg,p29,sunglass,regular,0.8404499292373657,p29,0.552655,correct
5,/home/tahmid/crops/p29/p29_sunglass_regular_014.jpg,p29,sunglass,regular,0.8758169412612915,p29,0.539472,correct
5,/home/tahmid/crops/p29/p29_sunglass_regular_015.jpg,p29,sunglass,regular,0.8578776121139526,p29,0.516376,correct
5,/home/tahmid/crops/p29/p29_sunglass_regular_016.jpg,p29,sunglass,regular,0.8335028290748596,p29,0.534557,correct
5,/home/tahmid/crops/p29/p29_sunglass_regular_017.jpg,p29,sunglass,regular,0.8550482988357544,p29,0.528393,correct
5,/home/tahmid/crops/p29/p29_sunglass_regular_018.jpg,p29,sunglass,regular,0.8584163188934326,p29,0.518740,correct
5,/home/tahmid/crops/p29/p29_sunglass_regular_019.jpg,p29,sunglass,regular,0.8624435663223267,p29,0.530509,correct
5,/home/tahmid/crops/p29/p29_sunglass_regular_020.jpg,p29,sunglass,regular,0.7954728603363037,p29,0.507305,correct
6,/home/tahmid/crops/p01/p01_cap_low_001.jpg,p01,cap,low,0.7659834623336792,p01,0.372516,correct
6,/home/tahmid/crops/p01/p01_cap_low_002.jpg,p01,cap,low,0.7992340922355652,p01,0.352953,correct
6,/home/tahmid/crops/p01/p01_cap_low_003.jpg,p01,cap,low,0.6113721132278442,p01,0.258044,rejected
6,/home/tahmid/crops/p01/p01_cap_low_004.jpg,p01,cap,low,0.6967820525169373,p21,0.307085,misidentified
6,/home/tahmid/crops/p01/p01_cap_low_005.jpg,p01,cap,low,0.7313180565834045,p21,0.283097,rejected
6,/home/tahmid/crops/p01/p01_cap_low_006.jpg,p01,cap,low,0.7188972234725952,p21,0.312737,misidentified
6,/home/tahmid/crops/p01/p01_cap_low_007.jpg,p01,cap,low,0.7139408588409424,p01,0.329876,correct
6,/home/tahmid/crops/p01/p01_cap_low_008.jpg,p01,cap,low,0.7295897006988525,p01,0.366349,correct
6,/home/tahmid/crops/p01/p01_cap_low_009.jpg,p01,cap,low,0.7295897006988525,p01,0.366349,correct
6,/home/tahmid/crops/p01/p01_cap_low_010.jpg,p01,cap,low,0.7377419471740723,p01,0.361476,correct
6,/home/tahmid/crops/p01/p01_cap_low_011.jpg,p01,cap,low,0.6892623901367188,p01,0.294624,rejected
6,/home/tahmid/crops/p01/p01_cap_low_012.jpg,p01,cap,low,0.7069518566131592,p01,0.319089,correct
6,/home/tahmid/crops/p01/p01_cap_regular_001.jpg,p01,cap,regular,0.7577440738677979,p01,0.410054,correct
6,/home/tahmid/crops/p01/p01_cap_regular_002.jpg,p01,cap,regular,0.7577440738677979,p01,0.410054,correct
6,/home/tahmid/crops/p01/p01_cap_regular_003.jpg,p01,cap,regular,0.5719086527824402,p01,0.259923,rejected
6,/home/tahmid/crops/p01/p01_cap_regular_004.jpg,p01,cap,regular,0.5719086527824402,p01,0.259923,rejected
6,/home/tahmid/crops/p01/p01_cap_regular_005.jpg,p01,cap,regular,0.7047780752182007,p01,0.272513,rejected
6,/home/tahmid/crops/p01/p01_cap_regular_006.jpg,p01,cap,regular,0.7485781311988831,p01,0.337547,correct
6,/home/tahmid/crops/p01/p01_cap_regular_007.jpg,p01,cap,regular,0.7787865400314331,p01,0.365470,correct
6,/home/tahmid/crops/p01/p01_cap_regular_008.jpg,p01,cap,regular,0.8444292545318604,p01,0.354633,correct
6,/home/tahmid/crops/p01/p01_cap_regular_009.jpg,p01,cap,regular,0.7124278545379639,p01,0.318578,correct
6,/home/tahmid/crops/p01/p01_cap_regular_010.jpg,p01,cap,regular,0.7130603790283203,p01,0.355587,correct
6,/home/tahmid/crops/p01/p01_cap_regular_011.jpg,p01,cap,regular,0.7084701061248779,p01,0.332267,correct
6,/home/tahmid/crops/p01/p01_cap_regular_012.jpg,p01,cap,regular,0.7084701061248779,p01,0.332267,correct
6,/home/tahmid/crops/p01/p01_clearglass_low_001.jpg,p01,clearglass,low,0.8721979260444641,p01,0.468801,correct
6,/home/tahmid/crops/p01/p01_clearglass_low_002.jpg,p01,clearglass,low,0.8826411366462708,p01,0.476548,correct
6,/home/tahmid/crops/p01/p01_clearglass_low_003.jpg,p01,clearglass,low,0.8763241171836853,p01,0.489998,correct
6,/home/tahmid/crops/p01/p01_clearglass_low_004.jpg,p01,clearglass,low,0.787467896938324,p01,0.350076,correct
6,/home/tahmid/crops/p01/p01_clearglass_low_005.jpg,p01,clearglass,low,0.879793643951416,p01,0.424764,correct
6,/home/tahmid/crops/p01/p01_clearglass_low_006.jpg,p01,clearglass,low,0.8625013828277588,p01,0.452637,correct
6,/home/tahmid/crops/p01/p01_clearglass_low_007.jpg,p01,clearglass,low,0.8646193146705627,p01,0.453550,correct
6,/home/tahmid/crops/p01/p01_clearglass_low_008.jpg,p01,clearglass,low,0.737349271774292,p01,0.301055,correct
6,/home/tahmid/crops/p01/p01_clearglass_low_009.jpg,p01,clearglass,low,0.7600555419921875,p01,0.300173,correct
6,/home/tahmid/crops/p01/p01_clearglass_low_010.jpg,p01,clearglass,low,0.7970799803733826,p01,0.326162,correct
6,/home/tahmid/crops/p01/p01_clearglass_low_011.jpg,p01,clearglass,low,0.8063662648200989,p01,0.372763,correct
6,/home/tahmid/crops/p01/p01_clearglass_low_012.jpg,p01,clearglass,low,0.7565733194351196,p01,0.340300,correct
6,/home/tahmid/crops/p01/p01_clearglass_regular_001.jpg,p01,clearglass,regular,0.8715406656265259,p01,0.482934,correct
6,/home/tahmid/crops/p01/p01_clearglass_regular_002.jpg,p01,clearglass,regular,0.8642781972885132,p01,0.498392,correct
6,/home/tahmid/crops/p01/p01_clearglass_regular_003.jpg,p01,clearglass,regular,0.8068150281906128,p01,0.361000,correct
6,/home/tahmid/crops/p01/p01_clearglass_regular_004.jpg,p01,clearglass,regular,0.8150908946990967,p01,0.324769,correct
6,/home/tahmid/crops/p01/p01_clearglass_regular_005.jpg,p01,clearglass,regular,0.8873699307441711,p01,0.465798,correct
6,/home/tahmid/crops/p01/p01_clearglass_regular_006.jpg,p01,clearglass,regular,0.8817540407180786,p01,0.471895,correct
6,/home/tahmid/crops/p01/p01_clearglass_regular_007.jpg,p01,clearglass,regular,0.8740143775939941,p01,0.445832,correct
6,/home/tahmid/crops/p01/p01_clearglass_regular_008.jpg,p01,clearglass,regular,0.7594996690750122,p01,0.281715,rejected
6,/home/tahmid/crops/p01/p01_clearglass_regular_009.jpg,p01,clearglass,regular,0.7593986988067627,p24,0.302203,misidentified
6,/home/tahmid/crops/p01/p01_clearglass_regular_010.jpg,p01,clearglass,regular,0.772290825843811,p24,0.287417,rejected
6,/home/tahmid/crops/p01/p01_clearglass_regular_011.jpg,p01,clearglass,regular,0.808323323726654,p01,0.387367,correct
6,/home/tahmid/crops/p01/p01_clearglass_regular_012.jpg,p01,clearglass,regular,0.7776658535003662,p01,0.362883,correct
6,/home/tahmid/crops/p01/p01_mask_clearglass_low_001.jpg,p01,mask_clearglass,low,0.85176682472229,p01,0.334198,correct
6,/home/tahmid/crops/p01/p01_mask_clearglass_low_002.jpg,p01,mask_clearglass,low,0.8527911901473999,p01,0.333515,correct
6,/home/tahmid/crops/p01/p01_mask_clearglass_low_003.jpg,p01,mask_clearglass,low,0.843932032585144,p01,0.312032,correct
6,/home/tahmid/crops/p01/p01_mask_clearglass_low_004.jpg,p01,mask_clearglass,low,0.7025792598724365,p01,0.340227,correct
6,/home/tahmid/crops/p01/p01_mask_clearglass_low_005.jpg,p01,mask_clearglass,low,0.6725079417228699,p01,0.313505,correct
6,/home/tahmid/crops/p01/p01_mask_clearglass_low_006.jpg,p01,mask_clearglass,low,0.7827457189559937,p01,0.336506,correct
6,/home/tahmid/crops/p01/p01_mask_clearglass_low_007.jpg,p01,mask_clearglass,low,0.7523987293243408,p01,0.325443,correct
6,/home/tahmid/crops/p01/p01_mask_clearglass_low_008.jpg,p01,mask_clearglass,low,0.656647801399231,p02,0.199682,rejected
6,/home/tahmid/crops/p01/p01_mask_clearglass_low_009.jpg,p01,mask_clearglass,low,0.6494041085243225,p02,0.191991,rejected
6,/home/tahmid/crops/p01/p01_mask_clearglass_low_010.jpg,p01,mask_clearglass,low,0.7050302624702454,p08,0.230765,rejected
6,/home/tahmid/crops/p01/p01_mask_clearglass_low_011.jpg,p01,mask_clearglass,low,0.6697397232055664,p01,0.242507,rejected
6,/home/tahmid/crops/p01/p01_mask_clearglass_low_012.jpg,p01,mask_clearglass,low,0.6851205229759216,p01,0.204849,rejected
6,/home/tahmid/crops/p01/p01_mask_clearglass_regular_001.jpg,p01,mask_clearglass,regular,0.8361760377883911,p01,0.331340,correct
6,/home/tahmid/crops/p01/p01_mask_clearglass_regular_002.jpg,p01,mask_clearglass,regular,0.8525530099868774,p01,0.318324,correct
6,/home/tahmid/crops/p01/p01_mask_clearglass_regular_003.jpg,p01,mask_clearglass,regular,0.769723653793335,p01,0.365791,correct
6,/home/tahmid/crops/p01/p01_mask_clearglass_regular_004.jpg,p01,mask_clearglass,regular,0.7258887887001038,p01,0.363151,correct
6,/home/tahmid/crops/p01/p01_mask_clearglass_regular_005.jpg,p01,mask_clearglass,regular,0.72871994972229,p01,0.336585,correct
6,/home/tahmid/crops/p01/p01_mask_clearglass_regular_006.jpg,p01,mask_clearglass,regular,0.8311779499053955,p01,0.380477,correct
6,/home/tahmid/crops/p01/p01_mask_clearglass_regular_007.jpg,p01,mask_clearglass,regular,0.795354962348938,p01,0.374014,correct
6,/home/tahmid/crops/p01/p01_mask_clearglass_regular_008.jpg,p01,mask_clearglass,regular,0.6262423992156982,p03,0.288608,rejected
6,/home/tahmid/crops/p01/p01_mask_clearglass_regular_009.jpg,p01,mask_clearglass,regular,0.6682738065719604,p03,0.257525,rejected
6,/home/tahmid/crops/p01/p01_mask_clearglass_regular_010.jpg,p01,mask_clearglass,regular,0.6503821611404419,p03,0.208401,rejected
6,/home/tahmid/crops/p01/p01_mask_clearglass_regular_011.jpg,p01,mask_clearglass,regular,0.6763787269592285,p01,0.232815,rejected
6,/home/tahmid/crops/p01/p01_mask_clearglass_regular_012.jpg,p01,mask_clearglass,regular,0.7207615375518799,p18,0.232807,rejected
6,/home/tahmid/crops/p01/p01_mask_low_001.jpg,p01,mask,low,0.8375888466835022,p01,0.324194,correct
6,/home/tahmid/crops/p01/p01_mask_low_002.jpg,p01,mask,low,0.8442416787147522,p01,0.331188,correct
6,/home/tahmid/crops/p01/p01_mask_low_003.jpg,p01,mask,low,0.7697802782058716,p01,0.331944,correct
6,/home/tahmid/crops/p01/p01_mask_low_004.jpg,p01,mask,low,0.7697802782058716,p01,0.331944,correct
6,/home/tahmid/crops/p01/p01_mask_low_005.jpg,p01,mask,low,0.7181021571159363,p01,0.296512,rejected
6,/home/tahmid/crops/p01/p01_mask_low_006.jpg,p01,mask,low,0.7905601263046265,p01,0.337887,correct
6,/home/tahmid/crops/p01/p01_mask_low_007.jpg,p01,mask,low,0.816698431968689,p01,0.340173,correct
6,/home/tahmid/crops/p01/p01_mask_low_008.jpg,p01,mask,low,0.8180149793624878,p01,0.352280,correct
6,/home/tahmid/crops/p01/p01_mask_low_009.jpg,p01,mask,low,0.6499442458152771,p17,0.270749,rejected
6,/home/tahmid/crops/p01/p01_mask_low_010.jpg,p01,mask,low,0.6547669768333435,p17,0.260536,rejected
6,/home/tahmid/crops/p01/p01_mask_low_011.jpg,p01,mask,low,0.5870062708854675,p17,0.235033,rejected
6,/home/tahmid/crops/p01/p01_mask_low_012.jpg,p01,mask,low,0.6768543124198914,p01,0.223382,rejected
6,/home/tahmid/crops/p01/p01_mask_regular_001.jpg,p01,mask,regular,0.8757455945014954,p01,0.330072,correct
6,/home/tahmid/crops/p01/p01_mask_regular_002.jpg,p01,mask,regular,0.8674665689468384,p01,0.331748,correct
6,/home/tahmid/crops/p01/p01_mask_regular_003.jpg,p01,mask,regular,0.8674665689468384,p01,0.331748,correct
6,/home/tahmid/crops/p01/p01_mask_regular_004.jpg,p01,mask,regular,0.7508950233459473,p01,0.310483,correct
6,/home/tahmid/crops/p01/p01_mask_regular_005.jpg,p01,mask,regular,0.8571420907974243,p01,0.334879,correct
6,/home/tahmid/crops/p01/p01_mask_regular_006.jpg,p01,mask,regular,0.8606809973716736,p01,0.339749,correct
6,/home/tahmid/crops/p01/p01_mask_regular_007.jpg,p01,mask,regular,0.6948928236961365,p20,0.250684,rejected
6,/home/tahmid/crops/p01/p01_mask_regular_008.jpg,p01,mask,regular,0.7013911008834839,p17,0.247348,rejected
6,/home/tahmid/crops/p01/p01_mask_regular_009.jpg,p01,mask,regular,0.6922346353530884,p20,0.287523,rejected
6,/home/tahmid/crops/p01/p01_mask_regular_010.jpg,p01,mask,regular,0.6922346353530884,p20,0.287523,rejected
6,/home/tahmid/crops/p01/p01_mask_regular_011.jpg,p01,mask,regular,0.6205416917800903,p17,0.245229,rejected
6,/home/tahmid/crops/p01/p01_mask_regular_012.jpg,p01,mask,regular,0.6758400797843933,p01,0.270375,rejected
6,/home/tahmid/crops/p01/p01_mask_sunglass_low_001.jpg,p01,mask_sunglass,low,0.7421869039535522,p01,0.371590,correct
6,/home/tahmid/crops/p01/p01_mask_sunglass_low_002.jpg,p01,mask_sunglass,low,0.7796589136123657,p01,0.356044,correct
6,/home/tahmid/crops/p01/p01_mask_sunglass_low_003.jpg,p01,mask_sunglass,low,0.6640295386314392,p01,0.272960,rejected
6,/home/tahmid/crops/p01/p01_mask_sunglass_low_004.jpg,p01,mask_sunglass,low,0.6861801147460938,p01,0.266766,rejected
6,/home/tahmid/crops/p01/p01_mask_sunglass_low_005.jpg,p01,mask_sunglass,low,0.6628618240356445,p01,0.278126,rejected
6,/home/tahmid/crops/p01/p01_mask_sunglass_low_006.jpg,p01,mask_sunglass,low,0.5363696217536926,p01,0.240752,rejected
6,/home/tahmid/crops/p01/p01_mask_sunglass_low_007.jpg,p01,mask_sunglass,low,0.3204824924468994,p14,0.234924,rejected
6,/home/tahmid/crops/p01/p01_mask_sunglass_low_008.jpg,p01,mask_sunglass,low,0.6603978276252747,p02,0.212015,rejected
6,/home/tahmid/crops/p01/p01_mask_sunglass_low_009.jpg,p01,mask_sunglass,low,0.6053401231765747,p02,0.218269,rejected
6,/home/tahmid/crops/p01/p01_mask_sunglass_low_010.jpg,p01,mask_sunglass,low,0.6256112456321716,p02,0.192286,rejected
6,/home/tahmid/crops/p01/p01_mask_sunglass_low_011.jpg,p01,mask_sunglass,low,0.674943208694458,p01,0.256039,rejected
6,/home/tahmid/crops/p01/p01_mask_sunglass_low_012.jpg,p01,mask_sunglass,low,0.6904336214065552,p01,0.238350,rejected
6,/home/tahmid/crops/p01/p01_mask_sunglass_low_013.jpg,p01,mask_sunglass,low,0.694983959197998,p01,0.262711,rejected
6,/home/tahmid/crops/p01/p01_mask_sunglass_regular_001.jpg,p01,mask_sunglass,regular,0.8323137760162354,p01,0.362852,correct
6,/home/tahmid/crops/p01/p01_mask_sunglass_regular_002.jpg,p01,mask_sunglass,regular,0.8254995346069336,p01,0.351790,correct
6,/home/tahmid/crops/p01/p01_mask_sunglass_regular_003.jpg,p01,mask_sunglass,regular,0.6986055970191956,p01,0.262562,rejected
6,/home/tahmid/crops/p01/p01_mask_sunglass_regular_004.jpg,p01,mask_sunglass,regular,0.6840869188308716,p01,0.261984,rejected
6,/home/tahmid/crops/p01/p01_mask_sunglass_regular_005.jpg,p01,mask_sunglass,regular,0.7003041505813599,p01,0.234358,rejected
6,/home/tahmid/crops/p01/p01_mask_sunglass_regular_006.jpg,p01,mask_sunglass,regular,0.8245182037353516,p01,0.264884,rejected
6,/home/tahmid/crops/p01/p01_mask_sunglass_regular_007.jpg,p01,mask_sunglass,regular,0.7123404741287231,p01,0.295538,rejected
6,/home/tahmid/crops/p01/p01_mask_sunglass_regular_008.jpg,p01,mask_sunglass,regular,0.6088957190513611,p03,0.229685,rejected
6,/home/tahmid/crops/p01/p01_mask_sunglass_regular_009.jpg,p01,mask_sunglass,regular,0.6465414762496948,p03,0.232030,rejected
6,/home/tahmid/crops/p01/p01_mask_sunglass_regular_010.jpg,p01,mask_sunglass,regular,0.6746048927307129,p03,0.211108,rejected
6,/home/tahmid/crops/p01/p01_mask_sunglass_regular_011.jpg,p01,mask_sunglass,regular,0.6774699687957764,p01,0.260163,rejected
6,/home/tahmid/crops/p01/p01_mask_sunglass_regular_012.jpg,p01,mask_sunglass,regular,0.6628565788269043,p01,0.240364,rejected
6,/home/tahmid/crops/p01/p01_mask_sunglass_regular_013.jpg,p01,mask_sunglass,regular,0.6954390406608582,p01,0.237429,rejected
6,/home/tahmid/crops/p01/p01_none_low_001.jpg,p01,none,low,0.8884983062744141,p01,0.509971,correct
6,/home/tahmid/crops/p01/p01_none_low_002.jpg,p01,none,low,0.9004903435707092,p01,0.478670,correct
6,/home/tahmid/crops/p01/p01_none_low_003.jpg,p01,none,low,0.731440007686615,p01,0.422157,correct
6,/home/tahmid/crops/p01/p01_none_low_004.jpg,p01,none,low,0.7728008031845093,p01,0.389865,correct
6,/home/tahmid/crops/p01/p01_none_low_005.jpg,p01,none,low,0.7785356044769287,p01,0.425207,correct
6,/home/tahmid/crops/p01/p01_none_low_006.jpg,p01,none,low,0.8876627683639526,p01,0.580338,correct
6,/home/tahmid/crops/p01/p01_none_low_007.jpg,p01,none,low,0.8784757852554321,p01,0.590562,correct
6,/home/tahmid/crops/p01/p01_none_low_008.jpg,p01,none,low,0.7667933106422424,p01,0.304143,correct
6,/home/tahmid/crops/p01/p01_none_low_009.jpg,p01,none,low,0.8161271810531616,p01,0.296180,rejected
6,/home/tahmid/crops/p01/p01_none_low_010.jpg,p01,none,low,0.8161038160324097,p01,0.294601,rejected
6,/home/tahmid/crops/p01/p01_none_low_011.jpg,p01,none,low,0.7965046763420105,p01,0.349502,correct
6,/home/tahmid/crops/p01/p01_none_low_012.jpg,p01,none,low,0.7981388568878174,p01,0.372116,correct
6,/home/tahmid/crops/p01/p01_none_low_013.jpg,p01,none,low,0.8074612617492676,p01,0.355204,correct
6,/home/tahmid/crops/p01/p01_none_regular_001.jpg,p01,none,regular,0.9044716954231262,p01,0.499879,correct
6,/home/tahmid/crops/p01/p01_none_regular_002.jpg,p01,none,regular,0.8692623376846313,p01,0.526745,correct
6,/home/tahmid/crops/p01/p01_none_regular_003.jpg,p01,none,regular,0.8624911308288574,p01,0.498529,correct
6,/home/tahmid/crops/p01/p01_none_regular_004.jpg,p01,none,regular,0.8523111343383789,p01,0.495102,correct
6,/home/tahmid/crops/p01/p01_none_regular_005.jpg,p01,none,regular,0.7973358631134033,p01,0.411372,correct
6,/home/tahmid/crops/p01/p01_none_regular_006.jpg,p01,none,regular,0.7528985738754272,p01,0.416048,correct
6,/home/tahmid/crops/p01/p01_none_regular_007.jpg,p01,none,regular,0.748258650302887,p01,0.406840,correct
6,/home/tahmid/crops/p01/p01_none_regular_010.jpg,p01,none,regular,0.7543572187423706,p01,0.375571,correct
6,/home/tahmid/crops/p01/p01_none_regular_011.jpg,p01,none,regular,0.7661866545677185,p01,0.336858,correct
6,/home/tahmid/crops/p01/p01_none_regular_012.jpg,p01,none,regular,0.768210232257843,p01,0.338789,correct
6,/home/tahmid/crops/p01/p01_none_regular_013.jpg,p01,none,regular,0.8266452550888062,p01,0.330034,correct
6,/home/tahmid/crops/p01/p01_scarf_low_001.jpg,p01,scarf,low,0.8408495187759399,p01,0.373076,correct
6,/home/tahmid/crops/p01/p01_scarf_low_002.jpg,p01,scarf,low,0.8361532688140869,p01,0.373672,correct
6,/home/tahmid/crops/p01/p01_scarf_low_003.jpg,p01,scarf,low,0.8445870876312256,p01,0.369909,correct
6,/home/tahmid/crops/p01/p01_scarf_low_004.jpg,p01,scarf,low,0.8445870876312256,p01,0.369909,correct
6,/home/tahmid/crops/p01/p01_scarf_low_005.jpg,p01,scarf,low,0.7552967071533203,p01,0.297868,rejected
6,/home/tahmid/crops/p01/p01_scarf_low_006.jpg,p01,scarf,low,0.8014902472496033,p01,0.346596,correct
6,/home/tahmid/crops/p01/p01_scarf_low_007.jpg,p01,scarf,low,0.7678791284561157,p01,0.381844,correct
6,/home/tahmid/crops/p01/p01_scarf_low_008.jpg,p01,scarf,low,0.7895157933235168,p01,0.357185,correct
6,/home/tahmid/crops/p01/p01_scarf_low_009.jpg,p01,scarf,low,0.7289922833442688,p01,0.321527,correct
6,/home/tahmid/crops/p01/p01_scarf_low_010.jpg,p01,scarf,low,0.7289922833442688,p01,0.321527,correct
6,/home/tahmid/crops/p01/p01_scarf_low_011.jpg,p01,scarf,low,0.7776411771774292,p01,0.313899,correct
6,/home/tahmid/crops/p01/p01_scarf_low_012.jpg,p01,scarf,low,0.7013521194458008,p24,0.257458,rejected
6,/home/tahmid/crops/p01/p01_scarf_low_013.jpg,p01,scarf,low,0.6665694117546082,p24,0.283820,rejected
6,/home/tahmid/crops/p01/p01_scarf_regular_001.jpg,p01,scarf,regular,0.8707722425460815,p01,0.368792,correct
6,/home/tahmid/crops/p01/p01_scarf_regular_002.jpg,p01,scarf,regular,0.8707722425460815,p01,0.368792,correct
6,/home/tahmid/crops/p01/p01_scarf_regular_003.jpg,p01,scarf,regular,0.8623449206352234,p01,0.371581,correct
6,/home/tahmid/crops/p01/p01_scarf_regular_004.jpg,p01,scarf,regular,0.7876707315444946,p01,0.304878,correct
6,/home/tahmid/crops/p01/p01_scarf_regular_005.jpg,p01,scarf,regular,0.8087674379348755,p01,0.296395,rejected
6,/home/tahmid/crops/p01/p01_scarf_regular_006.jpg,p01,scarf,regular,0.799317479133606,p01,0.311074,correct
6,/home/tahmid/crops/p01/p01_scarf_regular_007.jpg,p01,scarf,regular,0.8093752861022949,p01,0.388045,correct
6,/home/tahmid/crops/p01/p01_scarf_regular_008.jpg,p01,scarf,regular,0.8324341177940369,p01,0.399953,correct
6,/home/tahmid/crops/p01/p01_scarf_regular_009.jpg,p01,scarf,regular,0.7916046380996704,p01,0.326167,correct
6,/home/tahmid/crops/p01/p01_scarf_regular_010.jpg,p01,scarf,regular,0.7857081890106201,p01,0.303155,correct
6,/home/tahmid/crops/p01/p01_scarf_regular_011.jpg,p01,scarf,regular,0.8012150526046753,p01,0.299227,rejected
6,/home/tahmid/crops/p01/p01_scarf_regular_012.jpg,p01,scarf,regular,0.7180598974227905,p01,0.313302,correct
6,/home/tahmid/crops/p01/p01_scarf_regular_013.jpg,p01,scarf,regular,0.7180598974227905,p01,0.313302,correct
6,/home/tahmid/crops/p01/p01_sunglass_low_001.jpg,p01,sunglass,low,0.8274689316749573,p01,0.425281,correct
6,/home/tahmid/crops/p01/p01_sunglass_low_002.jpg,p01,sunglass,low,0.8363178372383118,p01,0.394426,correct
6,/home/tahmid/crops/p01/p01_sunglass_low_003.jpg,p01,sunglass,low,0.7438273429870605,p01,0.338838,correct
6,/home/tahmid/crops/p01/p01_sunglass_low_004.jpg,p01,sunglass,low,0.7380086183547974,p01,0.342566,correct
6,/home/tahmid/crops/p01/p01_sunglass_low_005.jpg,p01,sunglass,low,0.7250422239303589,p01,0.375429,correct
6,/home/tahmid/crops/p01/p01_sunglass_low_006.jpg,p01,sunglass,low,0.8354456424713135,p01,0.465439,correct
6,/home/tahmid/crops/p01/p01_sunglass_low_007.jpg,p01,sunglass,low,0.8614193201065063,p01,0.465821,correct
6,/home/tahmid/crops/p01/p01_sunglass_low_008.jpg,p01,sunglass,low,0.8227074146270752,p01,0.415055,correct
6,/home/tahmid/crops/p01/p01_sunglass_low_009.jpg,p01,sunglass,low,0.798244059085846,p24,0.245768,rejected
6,/home/tahmid/crops/p01/p01_sunglass_low_010.jpg,p01,sunglass,low,0.8125214576721191,p01,0.246759,rejected
6,/home/tahmid/crops/p01/p01_sunglass_low_011.jpg,p01,sunglass,low,0.8430980443954468,p01,0.373144,correct
6,/home/tahmid/crops/p01/p01_sunglass_low_012.jpg,p01,sunglass,low,0.8562368154525757,p01,0.386109,correct
6,/home/tahmid/crops/p01/p01_sunglass_low_013.jpg,p01,sunglass,low,0.8499928712844849,p01,0.382619,correct
6,/home/tahmid/crops/p01/p01_sunglass_regular_001.jpg,p01,sunglass,regular,0.8846690654754639,p01,0.463431,correct
6,/home/tahmid/crops/p01/p01_sunglass_regular_002.jpg,p01,sunglass,regular,0.8871873021125793,p01,0.447911,correct
6,/home/tahmid/crops/p01/p01_sunglass_regular_003.jpg,p01,sunglass,regular,0.7002637982368469,p01,0.338142,correct
6,/home/tahmid/crops/p01/p01_sunglass_regular_004.jpg,p01,sunglass,regular,0.7556549310684204,p01,0.312451,correct
6,/home/tahmid/crops/p01/p01_sunglass_regular_005.jpg,p01,sunglass,regular,0.7188735008239746,p01,0.343172,correct
6,/home/tahmid/crops/p01/p01_sunglass_regular_006.jpg,p01,sunglass,regular,0.8505160808563232,p01,0.468835,correct
6,/home/tahmid/crops/p01/p01_sunglass_regular_007.jpg,p01,sunglass,regular,0.8545127511024475,p01,0.479105,correct
6,/home/tahmid/crops/p01/p01_sunglass_regular_008.jpg,p01,sunglass,regular,0.8584596514701843,p01,0.463695,correct
6,/home/tahmid/crops/p01/p01_sunglass_regular_009.jpg,p01,sunglass,regular,0.7518314123153687,p01,0.286221,rejected
6,/home/tahmid/crops/p01/p01_sunglass_regular_010.jpg,p01,sunglass,regular,0.7845735549926758,p01,0.319339,correct
6,/home/tahmid/crops/p01/p01_sunglass_regular_011.jpg,p01,sunglass,regular,0.8635724782943726,p01,0.371401,correct
6,/home/tahmid/crops/p01/p01_sunglass_regular_012.jpg,p01,sunglass,regular,0.8449101448059082,p01,0.382620,correct
6,/home/tahmid/crops/p01/p01_sunglass_regular_013.jpg,p01,sunglass,regular,0.8010581135749817,p01,0.368423,correct
6,/home/tahmid/crops/p04/p04_cap_low_001.jpg,p04,cap,low,0.8162673115730286,p04,0.484427,correct
6,/home/tahmid/crops/p04/p04_cap_low_002.jpg,p04,cap,low,0.7446182370185852,p04,0.497172,correct
6,/home/tahmid/crops/p04/p04_cap_low_003.jpg,p04,cap,low,0.7684909105300903,p04,0.492220,correct
6,/home/tahmid/crops/p04/p04_cap_low_004.jpg,p04,cap,low,0.8072483539581299,p04,0.405023,correct
6,/home/tahmid/crops/p04/p04_cap_low_005.jpg,p04,cap,low,0.7770943641662598,p04,0.408886,correct
6,/home/tahmid/crops/p04/p04_cap_low_006.jpg,p04,cap,low,0.8039579391479492,p04,0.433533,correct
6,/home/tahmid/crops/p04/p04_cap_low_007.jpg,p04,cap,low,0.8553088307380676,p04,0.443539,correct
6,/home/tahmid/crops/p04/p04_cap_low_008.jpg,p04,cap,low,0.8448117971420288,p04,0.476162,correct
6,/home/tahmid/crops/p04/p04_cap_low_009.jpg,p04,cap,low,0.8700035810470581,p04,0.477276,correct
6,/home/tahmid/crops/p04/p04_cap_low_010.jpg,p04,cap,low,0.6812513470649719,p04,0.348794,correct
6,/home/tahmid/crops/p04/p04_cap_low_011.jpg,p04,cap,low,0.6905994415283203,p04,0.337207,correct
6,/home/tahmid/crops/p04/p04_cap_low_012.jpg,p04,cap,low,0.7343558669090271,p04,0.235106,rejected
6,/home/tahmid/crops/p04/p04_cap_low_013.jpg,p04,cap,low,0.7624140977859497,p04,0.263146,rejected
6,/home/tahmid/crops/p04/p04_cap_regular_001.jpg,p04,cap,regular,0.8537493944168091,p04,0.489672,correct
6,/home/tahmid/crops/p04/p04_cap_regular_002.jpg,p04,cap,regular,0.8732881546020508,p04,0.491155,correct
6,/home/tahmid/crops/p04/p04_cap_regular_003.jpg,p04,cap,regular,0.8359097242355347,p04,0.512511,correct
6,/home/tahmid/crops/p04/p04_cap_regular_004.jpg,p04,cap,regular,0.837490975856781,p04,0.498155,correct
6,/home/tahmid/crops/p04/p04_cap_regular_005.jpg,p04,cap,regular,0.8412198424339294,p04,0.524284,correct
6,/home/tahmid/crops/p04/p04_cap_regular_006.jpg,p04,cap,regular,0.8438946008682251,p04,0.453819,correct
6,/home/tahmid/crops/p04/p04_cap_regular_007.jpg,p04,cap,regular,0.8665698766708374,p04,0.530506,correct
6,/home/tahmid/crops/p04/p04_cap_regular_008.jpg,p04,cap,regular,0.8318952918052673,p04,0.525305,correct
6,/home/tahmid/crops/p04/p04_cap_regular_009.jpg,p04,cap,regular,0.8516498804092407,p04,0.537841,correct
6,/home/tahmid/crops/p04/p04_cap_regular_010.jpg,p04,cap,regular,0.7193079590797424,p04,0.297087,rejected
6,/home/tahmid/crops/p04/p04_cap_regular_011.jpg,p04,cap,regular,0.8360613584518433,p04,0.316655,correct
6,/home/tahmid/crops/p04/p04_cap_regular_012.jpg,p04,cap,regular,0.804496169090271,p04,0.304425,correct
6,/home/tahmid/crops/p04/p04_cap_regular_013.jpg,p04,cap,regular,0.7349002957344055,p04,0.389816,correct
6,/home/tahmid/crops/p04/p04_cap_regular_014.jpg,p04,cap,regular,0.7668250799179077,p30,0.285113,rejected
6,/home/tahmid/crops/p04/p04_cap_regular_015.jpg,p04,cap,regular,0.7370645999908447,p30,0.287933,rejected
6,/home/tahmid/crops/p04/p04_clearglass_low_001.jpg,p04,clearglass,low,0.7958889007568359,p04,0.520204,correct
6,/home/tahmid/crops/p04/p04_clearglass_low_002.jpg,p04,clearglass,low,0.8011231422424316,p04,0.509844,correct
6,/home/tahmid/crops/p04/p04_clearglass_low_003.jpg,p04,clearglass,low,0.7936537265777588,p04,0.495046,correct
6,/home/tahmid/crops/p04/p04_clearglass_low_004.jpg,p04,clearglass,low,0.8237162828445435,p04,0.442296,correct
6,/home/tahmid/crops/p04/p04_clearglass_low_005.jpg,p04,clearglass,low,0.8236157894134521,p04,0.405453,correct
6,/home/tahmid/crops/p04/p04_clearglass_low_006.jpg,p04,clearglass,low,0.8355752229690552,p04,0.482460,correct
6,/home/tahmid/crops/p04/p04_clearglass_low_007.jpg,p04,clearglass,low,0.8341587781906128,p04,0.515594,correct
6,/home/tahmid/crops/p04/p04_clearglass_low_008.jpg,p04,clearglass,low,0.8583366870880127,p04,0.527038,correct
6,/home/tahmid/crops/p04/p04_clearglass_low_009.jpg,p04,clearglass,low,0.8353110551834106,p04,0.528996,correct
6,/home/tahmid/crops/p04/p04_clearglass_low_010.jpg,p04,clearglass,low,0.835266649723053,p04,0.452270,correct
6,/home/tahmid/crops/p04/p04_clearglass_low_011.jpg,p04,clearglass,low,0.7260976433753967,p04,0.347267,correct
6,/home/tahmid/crops/p04/p04_clearglass_low_012.jpg,p04,clearglass,low,0.719174325466156,p04,0.346373,correct
6,/home/tahmid/crops/p04/p04_clearglass_low_013.jpg,p04,clearglass,low,0.694561779499054,p04,0.307361,correct
6,/home/tahmid/crops/p04/p04_clearglass_low_014.jpg,p04,clearglass,low,0.7731338739395142,p04,0.375891,correct
6,/home/tahmid/crops/p04/p04_clearglass_low_015.jpg,p04,clearglass,low,0.7787860631942749,p04,0.367194,correct
6,/home/tahmid/crops/p04/p04_clearglass_low_016.jpg,p04,clearglass,low,0.8120931386947632,p04,0.386136,correct
6,/home/tahmid/crops/p04/p04_clearglass_regular_001.jpg,p04,clearglass,regular,0.8626874685287476,p04,0.577576,correct
6,/home/tahmid/crops/p04/p04_clearglass_regular_002.jpg,p04,clearglass,regular,0.8386068344116211,p04,0.551668,correct
6,/home/tahmid/crops/p04/p04_clearglass_regular_003.jpg,p04,clearglass,regular,0.8680253028869629,p04,0.528794,correct
6,/home/tahmid/crops/p04/p04_clearglass_regular_004.jpg,p04,clearglass,regular,0.892723798751831,p04,0.402040,correct
6,/home/tahmid/crops/p04/p04_clearglass_regular_005.jpg,p04,clearglass,regular,0.8879715800285339,p04,0.448174,correct
6,/home/tahmid/crops/p04/p04_clearglass_regular_006.jpg,p04,clearglass,regular,0.8660314083099365,p04,0.451857,correct
6,/home/tahmid/crops/p04/p04_clearglass_regular_007.jpg,p04,clearglass,regular,0.8476570248603821,p04,0.510077,correct
6,/home/tahmid/crops/p04/p04_clearglass_regular_008.jpg,p04,clearglass,regular,0.832198977470398,p04,0.533608,correct
6,/home/tahmid/crops/p04/p04_clearglass_regular_009.jpg,p04,clearglass,regular,0.8087443709373474,p04,0.524789,correct
6,/home/tahmid/crops/p04/p04_clearglass_regular_010.jpg,p04,clearglass,regular,0.8287917375564575,p04,0.297880,rejected
6,/home/tahmid/crops/p04/p04_clearglass_regular_011.jpg,p04,clearglass,regular,0.8222733736038208,p04,0.357355,correct
6,/home/tahmid/crops/p04/p04_clearglass_regular_012.jpg,p04,clearglass,regular,0.7744256258010864,p04,0.350310,correct
6,/home/tahmid/crops/p04/p04_clearglass_regular_013.jpg,p04,clearglass,regular,0.8359783887863159,p04,0.354505,correct
6,/home/tahmid/crops/p04/p04_clearglass_regular_014.jpg,p04,clearglass,regular,0.8026645183563232,p04,0.352468,correct
6,/home/tahmid/crops/p04/p04_clearglass_regular_015.jpg,p04,clearglass,regular,0.8357516527175903,p04,0.353713,correct
6,/home/tahmid/crops/p04/p04_mask_clearglass_low_001.jpg,p04,mask_clearglass,low,0.779192328453064,p04,0.408741,correct
6,/home/tahmid/crops/p04/p04_mask_clearglass_low_002.jpg,p04,mask_clearglass,low,0.7504782676696777,p04,0.419544,correct
6,/home/tahmid/crops/p04/p04_mask_clearglass_low_003.jpg,p04,mask_clearglass,low,0.7633174657821655,p04,0.398360,correct
6,/home/tahmid/crops/p04/p04_mask_clearglass_low_004.jpg,p04,mask_clearglass,low,0.7837569713592529,p04,0.346702,correct
6,/home/tahmid/crops/p04/p04_mask_clearglass_low_005.jpg,p04,mask_clearglass,low,0.785914421081543,p04,0.383334,correct
6,/home/tahmid/crops/p04/p04_mask_clearglass_low_006.jpg,p04,mask_clearglass,low,0.7926490306854248,p04,0.406307,correct
6,/home/tahmid/crops/p04/p04_mask_clearglass_low_007.jpg,p04,mask_clearglass,low,0.7449949979782104,p30,0.286388,rejected
6,/home/tahmid/crops/p04/p04_mask_clearglass_low_008.jpg,p04,mask_clearglass,low,0.7181815505027771,p04,0.256122,rejected
6,/home/tahmid/crops/p04/p04_mask_clearglass_low_009.jpg,p04,mask_clearglass,low,0.7441375255584717,p30,0.283438,rejected
6,/home/tahmid/crops/p04/p04_mask_clearglass_low_010.jpg,p04,mask_clearglass,low,0.5014825463294983,p04,0.277261,rejected
6,/home/tahmid/crops/p04/p04_mask_clearglass_low_011.jpg,p04,mask_clearglass,low,0.4882747530937195,p24,0.253360,rejected
6,/home/tahmid/crops/p04/p04_mask_clearglass_low_012.jpg,p04,mask_clearglass,low,0.49711373448371887,p24,0.235760,rejected
6,/home/tahmid/crops/p04/p04_mask_clearglass_low_013.jpg,p04,mask_clearglass,low,0.45171546936035156,p13,0.196192,rejected
6,/home/tahmid/crops/p04/p04_mask_clearglass_low_014.jpg,p04,mask_clearglass,low,0.5134633779525757,p14,0.214544,rejected
6,/home/tahmid/crops/p04/p04_mask_clearglass_low_015.jpg,p04,mask_clearglass,low,0.5338143110275269,p14,0.206662,rejected
6,/home/tahmid/crops/p04/p04_mask_clearglass_regular_001.jpg,p04,mask_clearglass,regular,0.7804943323135376,p04,0.405581,correct
6,/home/tahmid/crops/p04/p04_mask_clearglass_regular_002.jpg,p04,mask_clearglass,regular,0.7563067078590393,p04,0.409408,correct
6,/home/tahmid/crops/p04/p04_mask_clearglass_regular_003.jpg,p04,mask_clearglass,regular,0.8201640844345093,p04,0.398820,correct
6,/home/tahmid/crops/p04/p04_mask_clearglass_regular_004.jpg,p04,mask_clearglass,regular,0.7689963579177856,p04,0.352653,correct
6,/home/tahmid/crops/p04/p04_mask_clearglass_regular_005.jpg,p04,mask_clearglass,regular,0.7698286175727844,p04,0.387707,correct
6,/home/tahmid/crops/p04/p04_mask_clearglass_regular_006.jpg,p04,mask_clearglass,regular,0.8020200729370117,p04,0.373902,correct
6,/home/tahmid/crops/p04/p04_mask_clearglass_regular_007.jpg,p04,mask_clearglass,regular,0.7985057234764099,p04,0.297703,rejected
6,/home/tahmid/crops/p04/p04_mask_clearglass_regular_008.jpg,p04,mask_clearglass,regular,0.7729423642158508,p30,0.257281,rejected
6,/home/tahmid/crops/p04/p04_mask_clearglass_regular_009.jpg,p04,mask_clearglass,regular,0.7881942391395569,p04,0.295850,rejected
6,/home/tahmid/crops/p04/p04_mask_clearglass_regular_010.jpg,p04,mask_clearglass,regular,0.48509347438812256,p07,0.173592,rejected
6,/home/tahmid/crops/p04/p04_mask_clearglass_regular_011.jpg,p04,mask_clearglass,regular,0.5907544493675232,p24,0.217100,rejected
6,/home/tahmid/crops/p04/p04_mask_clearglass_regular_012.jpg,p04,mask_clearglass,regular,0.5030993223190308,p28,0.112563,rejected
6,/home/tahmid/crops/p04/p04_mask_clearglass_regular_013.jpg,p04,mask_clearglass,regular,0.5957472324371338,p04,0.210772,rejected
6,/home/tahmid/crops/p04/p04_mask_clearglass_regular_014.jpg,p04,mask_clearglass,regular,0.5848153829574585,p28,0.215964,rejected
6,/home/tahmid/crops/p04/p04_mask_clearglass_regular_015.jpg,p04,mask_clearglass,regular,0.5939071178436279,p22,0.209383,rejected
6,/home/tahmid/crops/p04/p04_mask_low_001.jpg,p04,mask,low,0.7913758158683777,p04,0.452580,correct
6,/home/tahmid/crops/p04/p04_mask_low_002.jpg,p04,mask,low,0.7880741357803345,p04,0.441950,correct
6,/home/tahmid/crops/p04/p04_mask_low_003.jpg,p04,mask,low,0.7582640647888184,p04,0.449093,correct
6,/home/tahmid/crops/p04/p04_mask_low_004.jpg,p04,mask,low,0.7582640647888184,p04,0.449093,correct
6,/home/tahmid/crops/p04/p04_mask_low_005.jpg,p04,mask,low,0.7524095773696899,p04,0.453041,correct
6,/home/tahmid/crops/p04/p04_mask_low_006.jpg,p04,mask,low,0.8235241174697876,p04,0.454925,correct
6,/home/tahmid/crops/p04/p04_mask_low_007.jpg,p04,mask,low,0.8235241174697876,p04,0.454925,correct
6,/home/tahmid/crops/p04/p04_mask_low_008.jpg,p04,mask,low,0.8092684745788574,p04,0.471330,correct
6,/home/tahmid/crops/p04/p04_mask_low_009.jpg,p04,mask,low,0.827763557434082,p04,0.457002,correct
6,/home/tahmid/crops/p04/p04_mask_low_010.jpg,p04,mask,low,0.827763557434082,p04,0.457002,correct
6,/home/tahmid/crops/p04/p04_mask_low_011.jpg,p04,mask,low,0.33121269941329956,p24,0.201219,rejected
6,/home/tahmid/crops/p04/p04_mask_low_012.jpg,p04,mask,low,0.4685169458389282,p04,0.302758,correct
6,/home/tahmid/crops/p04/p04_mask_low_013.jpg,p04,mask,low,0.4685169458389282,p04,0.302758,correct
6,/home/tahmid/crops/p04/p04_mask_low_014.jpg,p04,mask,low,0.5198646187782288,p04,0.237043,rejected
6,/home/tahmid/crops/p04/p04_mask_low_015.jpg,p04,mask,low,0.5459800958633423,p04,0.270667,rejected
6,/home/tahmid/crops/p04/p04_mask_low_016.jpg,p04,mask,low,0.5825120806694031,p04,0.256436,rejected
6,/home/tahmid/crops/p04/p04_mask_regular_001.jpg,p04,mask,regular,0.8207194209098816,p04,0.412698,correct
6,/home/tahmid/crops/p04/p04_mask_regular_002.jpg,p04,mask,regular,0.8333803415298462,p04,0.455161,correct
6,/home/tahmid/crops/p04/p04_mask_regular_003.jpg,p04,mask,regular,0.8333803415298462,p04,0.455161,correct
6,/home/tahmid/crops/p04/p04_mask_regular_004.jpg,p04,mask,regular,0.8173297643661499,p04,0.452135,correct
6,/home/tahmid/crops/p04/p04_mask_regular_005.jpg,p04,mask,regular,0.8593624830245972,p04,0.445826,correct
6,/home/tahmid/crops/p04/p04_mask_regular_006.jpg,p04,mask,regular,0.8184912204742432,p04,0.457364,correct
6,/home/tahmid/crops/p04/p04_mask_regular_007.jpg,p04,mask,regular,0.802899956703186,p04,0.458391,correct
6,/home/tahmid/crops/p04/p04_mask_regular_008.jpg,p04,mask,regular,0.7936915159225464,p04,0.477273,correct
6,/home/tahmid/crops/p04/p04_mask_regular_009.jpg,p04,mask,regular,0.7936915159225464,p04,0.477273,correct
6,/home/tahmid/crops/p04/p04_mask_regular_010.jpg,p04,mask,regular,0.606360137462616,p04,0.369005,correct
6,/home/tahmid/crops/p04/p04_mask_regular_011.jpg,p04,mask,regular,0.606360137462616,p04,0.369005,correct
6,/home/tahmid/crops/p04/p04_mask_regular_012.jpg,p04,mask,regular,0.6741544008255005,p04,0.341972,correct
6,/home/tahmid/crops/p04/p04_mask_regular_013.jpg,p04,mask,regular,0.7037250995635986,p04,0.315294,correct
6,/home/tahmid/crops/p04/p04_mask_regular_014.jpg,p04,mask,regular,0.49061310291290283,p24,0.273402,rejected
6,/home/tahmid/crops/p04/p04_mask_regular_015.jpg,p04,mask,regular,0.5459886789321899,p24,0.284246,rejected
6,/home/tahmid/crops/p04/p04_mask_regular_016.jpg,p04,mask,regular,0.6074311137199402,p04,0.306227,correct
6,/home/tahmid/crops/p04/p04_mask_sunglass_low_001.jpg,p04,mask_sunglass,low,0.738686740398407,p12,0.178918,rejected
6,/home/tahmid/crops/p04/p04_mask_sunglass_low_002.jpg,p04,mask_sunglass,low,0.722357988357544,p06,0.183087,rejected
6,/home/tahmid/crops/p04/p04_mask_sunglass_low_003.jpg,p04,mask_sunglass,low,0.7094791531562805,p12,0.158665,rejected
6,/home/tahmid/crops/p04/p04_mask_sunglass_low_004.jpg,p04,mask_sunglass,low,0.7700901031494141,p04,0.262686,rejected
6,/home/tahmid/crops/p04/p04_mask_sunglass_low_005.jpg,p04,mask_sunglass,low,0.7469919323921204,p06,0.201665,rejected
6,/home/tahmid/crops/p04/p04_mask_sunglass_low_006.jpg,p04,mask_sunglass,low,0.7952647805213928,p23,0.199407,rejected
6,/home/tahmid/crops/p04/p04_mask_sunglass_low_007.jpg,p04,mask_sunglass,low,0.6640253067016602,p06,0.171874,rejected
6,/home/tahmid/crops/p04/p04_mask_sunglass_low_008.jpg,p04,mask_sunglass,low,0.5811209678649902,p06,0.208377,rejected
6,/home/tahmid/crops/p04/p04_mask_sunglass_low_009.jpg,p04,mask_sunglass,low,0.712504506111145,p06,0.196112,rejected
6,/home/tahmid/crops/p04/p04_mask_sunglass_low_010.jpg,p04,mask_sunglass,low,0.5606382489204407,p04,0.252850,rejected
6,/home/tahmid/crops/p04/p04_mask_sunglass_low_011.jpg,p04,mask_sunglass,low,0.6260645389556885,p04,0.246389,rejected
6,/home/tahmid/crops/p04/p04_mask_sunglass_low_012.jpg,p04,mask_sunglass,low,0.6604605913162231,p04,0.201534,rejected
6,/home/tahmid/crops/p04/p04_mask_sunglass_low_013.jpg,p04,mask_sunglass,low,0.523941159248352,p14,0.171952,rejected
6,/home/tahmid/crops/p04/p04_mask_sunglass_low_014.jpg,p04,mask_sunglass,low,0.4783274531364441,p14,0.202868,rejected
6,/home/tahmid/crops/p04/p04_mask_sunglass_low_015.jpg,p04,mask_sunglass,low,0.4678686559200287,p07,0.196540,rejected
6,/home/tahmid/crops/p04/p04_mask_sunglass_regular_001.jpg,p04,mask_sunglass,regular,0.7837597131729126,p04,0.138324,rejected
6,/home/tahmid/crops/p04/p04_mask_sunglass_regular_002.jpg,p04,mask_sunglass,regular,0.7729748487472534,p30,0.177532,rejected
6,/home/tahmid/crops/p04/p04_mask_sunglass_regular_003.jpg,p04,mask_sunglass,regular,0.8035072088241577,p04,0.213721,rejected
6,/home/tahmid/crops/p04/p04_mask_sunglass_regular_004.jpg,p04,mask_sunglass,regular,0.8208627700805664,p04,0.307646,correct
6,/home/tahmid/crops/p04/p04_mask_sunglass_regular_005.jpg,p04,mask_sunglass,regular,0.8015947341918945,p04,0.338814,correct
6,/home/tahmid/crops/p04/p04_mask_sunglass_regular_006.jpg,p04,mask_sunglass,regular,0.710316002368927,p06,0.165010,rejected
6,/home/tahmid/crops/p04/p04_mask_sunglass_regular_007.jpg,p04,mask_sunglass,regular,0.6796594858169556,p04,0.202939,rejected
6,/home/tahmid/crops/p04/p04_mask_sunglass_regular_008.jpg,p04,mask_sunglass,regular,0.7270612716674805,p06,0.210215,rejected
6,/home/tahmid/crops/p04/p04_mask_sunglass_regular_009.jpg,p04,mask_sunglass,regular,0.740404486656189,p04,0.255445,rejected
6,/home/tahmid/crops/p04/p04_mask_sunglass_regular_010.jpg,p04,mask_sunglass,regular,0.7661093473434448,p04,0.238191,rejected
6,/home/tahmid/crops/p04/p04_mask_sunglass_regular_011.jpg,p04,mask_sunglass,regular,0.770371675491333,p04,0.287776,rejected
6,/home/tahmid/crops/p04/p04_mask_sunglass_regular_012.jpg,p04,mask_sunglass,regular,0.7217739224433899,p14,0.182515,rejected
6,/home/tahmid/crops/p04/p04_mask_sunglass_regular_013.jpg,p04,mask_sunglass,regular,0.6948050856590271,p28,0.220919,rejected
6,/home/tahmid/crops/p04/p04_mask_sunglass_regular_014.jpg,p04,mask_sunglass,regular,0.6573868989944458,p07,0.212725,rejected
6,/home/tahmid/crops/p04/p04_none_low_001.jpg,p04,none,low,0.8482310771942139,p04,0.526469,correct
6,/home/tahmid/crops/p04/p04_none_low_002.jpg,p04,none,low,0.7722844481468201,p04,0.453041,correct
6,/home/tahmid/crops/p04/p04_none_low_003.jpg,p04,none,low,0.8194465637207031,p04,0.461583,correct
6,/home/tahmid/crops/p04/p04_none_low_004.jpg,p04,none,low,0.8194465637207031,p04,0.461583,correct
6,/home/tahmid/crops/p04/p04_none_low_005.jpg,p04,none,low,0.794704258441925,p04,0.473446,correct
6,/home/tahmid/crops/p04/p04_none_low_006.jpg,p04,none,low,0.794704258441925,p04,0.473446,correct
6,/home/tahmid/crops/p04/p04_none_low_007.jpg,p04,none,low,0.7027374505996704,p04,0.564344,correct
6,/home/tahmid/crops/p04/p04_none_low_008.jpg,p04,none,low,0.7354367971420288,p04,0.416031,correct
6,/home/tahmid/crops/p04/p04_none_low_009.jpg,p04,none,low,0.7354367971420288,p04,0.416031,correct
6,/home/tahmid/crops/p04/p04_none_low_010.jpg,p04,none,low,0.733945369720459,p04,0.414796,correct
6,/home/tahmid/crops/p04/p04_none_low_011.jpg,p04,none,low,0.733945369720459,p04,0.414796,correct
6,/home/tahmid/crops/p04/p04_none_low_012.jpg,p04,none,low,0.7227660417556763,p04,0.422975,correct
6,/home/tahmid/crops/p04/p04_none_low_013.jpg,p04,none,low,0.712605357170105,p04,0.440245,correct
6,/home/tahmid/crops/p04/p04_none_low_014.jpg,p04,none,low,0.712605357170105,p04,0.440245,correct
6,/home/tahmid/crops/p04/p04_none_low_015.jpg,p04,none,low,0.7050891518592834,p04,0.439501,correct
6,/home/tahmid/crops/p04/p04_none_low_016.jpg,p04,none,low,0.7050891518592834,p04,0.439501,correct
6,/home/tahmid/crops/p04/p04_none_regular_004.jpg,p04,none,regular,0.8482990860939026,p04,0.544172,correct
6,/home/tahmid/crops/p04/p04_none_regular_005.jpg,p04,none,regular,0.8482990860939026,p04,0.544172,correct
6,/home/tahmid/crops/p04/p04_none_regular_006.jpg,p04,none,regular,0.8684037327766418,p04,0.510135,correct
6,/home/tahmid/crops/p04/p04_none_regular_007.jpg,p04,none,regular,0.8754615783691406,p04,0.527136,correct
6,/home/tahmid/crops/p04/p04_none_regular_008.jpg,p04,none,regular,0.8754615783691406,p04,0.527136,correct
6,/home/tahmid/crops/p04/p04_none_regular_009.jpg,p04,none,regular,0.7722844481468201,p04,0.453041,correct
6,/home/tahmid/crops/p04/p04_none_regular_010.jpg,p04,none,regular,0.8239644765853882,p04,0.583392,correct
6,/home/tahmid/crops/p04/p04_none_regular_011.jpg,p04,none,regular,0.8362464904785156,p04,0.562669,correct
6,/home/tahmid/crops/p04/p04_none_regular_012.jpg,p04,none,regular,0.8216917514801025,p04,0.577239,correct
6,/home/tahmid/crops/p04/p04_none_regular_013.jpg,p04,none,regular,0.7410532236099243,p04,0.431493,correct
6,/home/tahmid/crops/p04/p04_none_regular_014.jpg,p04,none,regular,0.7130531668663025,p04,0.431480,correct
6,/home/tahmid/crops/p04/p04_none_regular_015.jpg,p04,none,regular,0.6784380674362183,p04,0.405331,correct
6,/home/tahmid/crops/p04/p04_none_regular_016.jpg,p04,none,regular,0.6784380674362183,p04,0.405331,correct
6,/home/tahmid/crops/p04/p04_sunglass_low_001.jpg,p04,sunglass,low,0.794040322303772,p04,0.342863,correct
6,/home/tahmid/crops/p04/p04_sunglass_regular_001.jpg,p04,sunglass,regular,0.8800128698348999,p04,0.500502,correct
6,/home/tahmid/crops/p04/p04_sunglass_regular_002.jpg,p04,sunglass,regular,0.8846349716186523,p04,0.504020,correct
6,/home/tahmid/crops/p04/p04_sunglass_regular_003.jpg,p04,sunglass,regular,0.8145008087158203,p04,0.432464,correct
6,/home/tahmid/crops/p04/p04_sunglass_regular_004.jpg,p04,sunglass,regular,0.8262060284614563,p04,0.461970,correct
6,/home/tahmid/crops/p04/p04_sunglass_regular_005.jpg,p04,sunglass,regular,0.7904154062271118,p04,0.458606,correct
6,/home/tahmid/crops/p04/p04_sunglass_regular_006.jpg,p04,sunglass,regular,0.809933066368103,p04,0.428468,correct
6,/home/tahmid/crops/p04/p04_sunglass_regular_007.jpg,p04,sunglass,regular,0.8455657958984375,p04,0.484001,correct
6,/home/tahmid/crops/p04/p04_sunglass_regular_008.jpg,p04,sunglass,regular,0.8652704954147339,p04,0.486821,correct
6,/home/tahmid/crops/p04/p04_sunglass_regular_009.jpg,p04,sunglass,regular,0.8430725336074829,p04,0.467766,correct
6,/home/tahmid/crops/p04/p04_sunglass_regular_010.jpg,p04,sunglass,regular,0.8415942192077637,p04,0.458333,correct
6,/home/tahmid/crops/p04/p04_sunglass_regular_011.jpg,p04,sunglass,regular,0.852339506149292,p04,0.475480,correct
6,/home/tahmid/crops/p04/p04_sunglass_regular_012.jpg,p04,sunglass,regular,0.8151004314422607,p04,0.341027,correct
6,/home/tahmid/crops/p04/p04_sunglass_regular_013.jpg,p04,sunglass,regular,0.7733553647994995,p04,0.356832,correct
6,/home/tahmid/crops/p04/p04_sunglass_regular_014.jpg,p04,sunglass,regular,0.8053122758865356,p04,0.405645,correct
6,/home/tahmid/crops/p04/p04_sunglass_regular_015.jpg,p04,sunglass,regular,0.8102346062660217,p04,0.311718,correct
6,/home/tahmid/crops/p04/p04_sunglass_regular_016.jpg,p04,sunglass,regular,0.8111071586608887,p04,0.336812,correct
6,/home/tahmid/crops/p04/p04_sunglass_regular_017.jpg,p04,sunglass,regular,0.7679101228713989,p04,0.381929,correct
6,/home/tahmid/crops/p09/p09_cap_low_001.jpg,p09,cap,low,0.8267397880554199,p09,0.561026,correct
6,/home/tahmid/crops/p09/p09_cap_low_002.jpg,p09,cap,low,0.8175759315490723,p09,0.555757,correct
6,/home/tahmid/crops/p09/p09_cap_low_003.jpg,p09,cap,low,0.8126024007797241,p09,0.519321,correct
6,/home/tahmid/crops/p09/p09_cap_low_004.jpg,p09,cap,low,0.799024760723114,p09,0.526317,correct
6,/home/tahmid/crops/p09/p09_cap_low_005.jpg,p09,cap,low,0.7993377447128296,p09,0.498635,correct
6,/home/tahmid/crops/p09/p09_cap_low_006.jpg,p09,cap,low,0.7952083349227905,p09,0.491892,correct
6,/home/tahmid/crops/p09/p09_cap_low_007.jpg,p09,cap,low,0.7010605335235596,p09,0.502934,correct
6,/home/tahmid/crops/p09/p09_cap_low_008.jpg,p09,cap,low,0.6631414890289307,p09,0.484722,correct
6,/home/tahmid/crops/p09/p09_cap_low_009.jpg,p09,cap,low,0.6993374228477478,p09,0.553573,correct
6,/home/tahmid/crops/p09/p09_cap_low_010.jpg,p09,cap,low,0.7285650968551636,p09,0.544855,correct
6,/home/tahmid/crops/p09/p09_cap_regular_001.jpg,p09,cap,regular,0.8063911199569702,p09,0.528700,correct
6,/home/tahmid/crops/p09/p09_cap_regular_002.jpg,p09,cap,regular,0.7937085032463074,p09,0.540728,correct
6,/home/tahmid/crops/p09/p09_cap_regular_003.jpg,p09,cap,regular,0.7636041641235352,p09,0.501377,correct
6,/home/tahmid/crops/p09/p09_cap_regular_004.jpg,p09,cap,regular,0.7824205160140991,p09,0.479545,correct
6,/home/tahmid/crops/p09/p09_cap_regular_005.jpg,p09,cap,regular,0.7446703314781189,p09,0.441503,correct
6,/home/tahmid/crops/p09/p09_cap_regular_006.jpg,p09,cap,regular,0.7603951692581177,p09,0.439275,correct
6,/home/tahmid/crops/p09/p09_cap_regular_007.jpg,p09,cap,regular,0.692724883556366,p09,0.458118,correct
6,/home/tahmid/crops/p09/p09_cap_regular_008.jpg,p09,cap,regular,0.7349753379821777,p09,0.448184,correct
6,/home/tahmid/crops/p09/p09_cap_regular_009.jpg,p09,cap,regular,0.7263133525848389,p09,0.549564,correct
6,/home/tahmid/crops/p09/p09_cap_regular_010.jpg,p09,cap,regular,0.698983907699585,p09,0.545969,correct
6,/home/tahmid/crops/p09/p09_clearglass_low_001.jpg,p09,clearglass,low,0.8941422700881958,p09,0.548362,correct
6,/home/tahmid/crops/p09/p09_clearglass_low_002.jpg,p09,clearglass,low,0.879779040813446,p09,0.534173,correct
6,/home/tahmid/crops/p09/p09_clearglass_low_003.jpg,p09,clearglass,low,0.834691047668457,p09,0.514551,correct
6,/home/tahmid/crops/p09/p09_clearglass_low_004.jpg,p09,clearglass,low,0.8696088790893555,p09,0.524355,correct
6,/home/tahmid/crops/p09/p09_clearglass_low_005.jpg,p09,clearglass,low,0.8622982501983643,p09,0.509406,correct
6,/home/tahmid/crops/p09/p09_clearglass_low_006.jpg,p09,clearglass,low,0.8494744896888733,p09,0.527348,correct
6,/home/tahmid/crops/p09/p09_clearglass_low_007.jpg,p09,clearglass,low,0.7585276365280151,p09,0.504355,correct
6,/home/tahmid/crops/p09/p09_clearglass_low_008.jpg,p09,clearglass,low,0.7437070608139038,p09,0.508714,correct
6,/home/tahmid/crops/p09/p09_clearglass_low_009.jpg,p09,clearglass,low,0.8071959614753723,p09,0.528193,correct
6,/home/tahmid/crops/p09/p09_clearglass_low_010.jpg,p09,clearglass,low,0.8153669834136963,p09,0.513976,correct
6,/home/tahmid/crops/p09/p09_clearglass_regular_001.jpg,p09,clearglass,regular,0.8691145181655884,p09,0.538269,correct
6,/home/tahmid/crops/p09/p09_clearglass_regular_002.jpg,p09,clearglass,regular,0.8697142601013184,p09,0.528354,correct
6,/home/tahmid/crops/p09/p09_clearglass_regular_003.jpg,p09,clearglass,regular,0.8572036027908325,p09,0.528203,correct
6,/home/tahmid/crops/p09/p09_clearglass_regular_004.jpg,p09,clearglass,regular,0.8394445776939392,p09,0.544166,correct
6,/home/tahmid/crops/p09/p09_clearglass_regular_005.jpg,p09,clearglass,regular,0.7940715551376343,p09,0.459153,correct
6,/home/tahmid/crops/p09/p09_clearglass_regular_006.jpg,p09,clearglass,regular,0.7954796552658081,p09,0.457473,correct
6,/home/tahmid/crops/p09/p09_clearglass_regular_007.jpg,p09,clearglass,regular,0.823417067527771,p09,0.525215,correct
6,/home/tahmid/crops/p09/p09_clearglass_regular_008.jpg,p09,clearglass,regular,0.8182359933853149,p09,0.528442,correct
6,/home/tahmid/crops/p09/p09_clearglass_regular_009.jpg,p09,clearglass,regular,0.7775471806526184,p09,0.528635,correct
6,/home/tahmid/crops/p09/p09_clearglass_regular_010.jpg,p09,clearglass,regular,0.7905335426330566,p09,0.505091,correct
6,/home/tahmid/crops/p09/p09_mask_clearglass_low_001.jpg,p09,mask_clearglass,low,0.8117048740386963,p09,0.455011,correct
6,/home/tahmid/crops/p09/p09_mask_clearglass_low_002.jpg,p09,mask_clearglass,low,0.7967290878295898,p09,0.428024,correct
6,/home/tahmid/crops/p09/p09_mask_clearglass_low_003.jpg,p09,mask_clearglass,low,0.8165919184684753,p09,0.480073,correct
6,/home/tahmid/crops/p09/p09_mask_clearglass_low_004.jpg,p09,mask_clearglass,low,0.8457068204879761,p09,0.525102,correct
6,/home/tahmid/crops/p09/p09_mask_clearglass_low_005.jpg,p09,mask_clearglass,low,0.7501140832901001,p09,0.440728,correct
6,/home/tahmid/crops/p09/p09_mask_clearglass_low_006.jpg,p09,mask_clearglass,low,0.7460286617279053,p09,0.439665,correct
6,/home/tahmid/crops/p09/p09_mask_clearglass_low_007.jpg,p09,mask_clearglass,low,0.7703373432159424,p09,0.420556,correct
6,/home/tahmid/crops/p09/p09_mask_clearglass_low_008.jpg,p09,mask_clearglass,low,0.7820632457733154,p09,0.444777,correct
6,/home/tahmid/crops/p09/p09_mask_clearglass_low_009.jpg,p09,mask_clearglass,low,0.7991926670074463,p09,0.402484,correct
6,/home/tahmid/crops/p09/p09_mask_clearglass_low_010.jpg,p09,mask_clearglass,low,0.7792352437973022,p09,0.350209,correct
6,/home/tahmid/crops/p09/p09_mask_clearglass_regular_001.jpg,p09,mask_clearglass,regular,0.8006269931793213,p09,0.474304,correct
6,/home/tahmid/crops/p09/p09_mask_clearglass_regular_002.jpg,p09,mask_clearglass,regular,0.8241691589355469,p09,0.473706,correct
6,/home/tahmid/crops/p09/p09_mask_clearglass_regular_003.jpg,p09,mask_clearglass,regular,0.8563755750656128,p09,0.458343,correct
6,/home/tahmid/crops/p09/p09_mask_clearglass_regular_004.jpg,p09,mask_clearglass,regular,0.8484731316566467,p09,0.451170,correct
6,/home/tahmid/crops/p09/p09_mask_clearglass_regular_005.jpg,p09,mask_clearglass,regular,0.7823312282562256,p09,0.450373,correct
6,/home/tahmid/crops/p09/p09_mask_clearglass_regular_006.jpg,p09,mask_clearglass,regular,0.7886925935745239,p09,0.464385,correct
6,/home/tahmid/crops/p09/p09_mask_clearglass_regular_007.jpg,p09,mask_clearglass,regular,0.699552059173584,p09,0.413164,correct
6,/home/tahmid/crops/p09/p09_mask_clearglass_regular_008.jpg,p09,mask_clearglass,regular,0.7173505425453186,p09,0.433112,correct
6,/home/tahmid/crops/p09/p09_mask_clearglass_regular_009.jpg,p09,mask_clearglass,regular,0.8199471235275269,p09,0.451357,correct
6,/home/tahmid/crops/p09/p09_mask_clearglass_regular_010.jpg,p09,mask_clearglass,regular,0.7898861169815063,p09,0.392881,correct
6,/home/tahmid/crops/p09/p09_mask_low_001.jpg,p09,mask,low,0.8381991386413574,p09,0.512208,correct
6,/home/tahmid/crops/p09/p09_mask_low_002.jpg,p09,mask,low,0.816534161567688,p09,0.500540,correct
6,/home/tahmid/crops/p09/p09_mask_low_003.jpg,p09,mask,low,0.8081029057502747,p09,0.521370,correct
6,/home/tahmid/crops/p09/p09_mask_low_004.jpg,p09,mask,low,0.7766793370246887,p09,0.524732,correct
6,/home/tahmid/crops/p09/p09_mask_low_005.jpg,p09,mask,low,0.8018955588340759,p09,0.508956,correct
6,/home/tahmid/crops/p09/p09_mask_low_006.jpg,p09,mask,low,0.7938082218170166,p09,0.536753,correct
6,/home/tahmid/crops/p09/p09_mask_low_007.jpg,p09,mask,low,0.8403432965278625,p09,0.501270,correct
6,/home/tahmid/crops/p09/p09_mask_low_008.jpg,p09,mask,low,0.8163431286811829,p09,0.474048,correct
6,/home/tahmid/crops/p09/p09_mask_low_009.jpg,p09,mask,low,0.801844596862793,p09,0.489102,correct
6,/home/tahmid/crops/p09/p09_mask_low_010.jpg,p09,mask,low,0.8079755306243896,p09,0.491209,correct
6,/home/tahmid/crops/p09/p09_mask_low_011.jpg,p09,mask,low,0.8016266226768494,p09,0.483178,correct
6,/home/tahmid/crops/p09/p09_mask_low_012.jpg,p09,mask,low,0.7930209636688232,p09,0.473235,correct
6,/home/tahmid/crops/p09/p09_mask_low_013.jpg,p09,mask,low,0.7864335775375366,p09,0.422700,correct
6,/home/tahmid/crops/p09/p09_mask_low_014.jpg,p09,mask,low,0.7894636392593384,p09,0.436822,correct
6,/home/tahmid/crops/p09/p09_mask_low_015.jpg,p09,mask,low,0.7946820855140686,p09,0.448399,correct
6,/home/tahmid/crops/p09/p09_mask_regular_001.jpg,p09,mask,regular,0.8078560829162598,p09,0.528347,correct
6,/home/tahmid/crops/p09/p09_mask_regular_002.jpg,p09,mask,regular,0.8200088143348694,p09,0.517240,correct
6,/home/tahmid/crops/p09/p09_mask_regular_003.jpg,p09,mask,regular,0.8119900226593018,p09,0.531665,correct
6,/home/tahmid/crops/p09/p09_mask_regular_004.jpg,p09,mask,regular,0.8437848091125488,p09,0.518575,correct
6,/home/tahmid/crops/p09/p09_mask_regular_005.jpg,p09,mask,regular,0.8388069868087769,p09,0.505493,correct
6,/home/tahmid/crops/p09/p09_mask_regular_006.jpg,p09,mask,regular,0.8178186416625977,p09,0.509584,correct
6,/home/tahmid/crops/p09/p09_mask_regular_007.jpg,p09,mask,regular,0.8219527006149292,p09,0.472937,correct
6,/home/tahmid/crops/p09/p09_mask_regular_008.jpg,p09,mask,regular,0.8459801077842712,p09,0.450656,correct
6,/home/tahmid/crops/p09/p09_mask_regular_009.jpg,p09,mask,regular,0.8339645266532898,p09,0.450099,correct
6,/home/tahmid/crops/p09/p09_mask_regular_010.jpg,p09,mask,regular,0.7424615621566772,p09,0.481753,correct
6,/home/tahmid/crops/p09/p09_mask_regular_011.jpg,p09,mask,regular,0.7491532564163208,p09,0.467786,correct
6,/home/tahmid/crops/p09/p09_mask_regular_012.jpg,p09,mask,regular,0.7554745674133301,p09,0.442562,correct
6,/home/tahmid/crops/p09/p09_mask_regular_013.jpg,p09,mask,regular,0.8168378472328186,p09,0.481634,correct
6,/home/tahmid/crops/p09/p09_mask_regular_014.jpg,p09,mask,regular,0.8264011144638062,p09,0.471506,correct
6,/home/tahmid/crops/p09/p09_mask_regular_015.jpg,p09,mask,regular,0.806390643119812,p09,0.497900,correct
6,/home/tahmid/crops/p09/p09_mask_sunglass_low_001.jpg,p09,mask_sunglass,low,0.7456668615341187,p09,0.364818,correct
6,/home/tahmid/crops/p09/p09_mask_sunglass_low_002.jpg,p09,mask_sunglass,low,0.7536105513572693,p09,0.379416,correct
6,/home/tahmid/crops/p09/p09_mask_sunglass_low_003.jpg,p09,mask_sunglass,low,0.7559998035430908,p09,0.340475,correct
6,/home/tahmid/crops/p09/p09_mask_sunglass_low_004.jpg,p09,mask_sunglass,low,0.6911272406578064,p09,0.402019,correct
6,/home/tahmid/crops/p09/p09_mask_sunglass_low_005.jpg,p09,mask_sunglass,low,0.6786488890647888,p09,0.400317,correct
6,/home/tahmid/crops/p09/p09_mask_sunglass_low_006.jpg,p09,mask_sunglass,low,0.5951324105262756,p09,0.409548,correct
6,/home/tahmid/crops/p09/p09_mask_sunglass_low_007.jpg,p09,mask_sunglass,low,0.6724849939346313,p09,0.367391,correct
6,/home/tahmid/crops/p09/p09_mask_sunglass_low_008.jpg,p09,mask_sunglass,low,0.701273500919342,p09,0.384837,correct
6,/home/tahmid/crops/p09/p09_mask_sunglass_low_009.jpg,p09,mask_sunglass,low,0.6652019619941711,p09,0.412331,correct
6,/home/tahmid/crops/p09/p09_mask_sunglass_low_010.jpg,p09,mask_sunglass,low,0.650568962097168,p09,0.333829,correct
6,/home/tahmid/crops/p09/p09_mask_sunglass_low_011.jpg,p09,mask_sunglass,low,0.6310261487960815,p09,0.345313,correct
6,/home/tahmid/crops/p09/p09_mask_sunglass_low_012.jpg,p09,mask_sunglass,low,0.6600121259689331,p09,0.335598,correct
6,/home/tahmid/crops/p09/p09_mask_sunglass_low_013.jpg,p09,mask_sunglass,low,0.7400668859481812,p09,0.292209,rejected
6,/home/tahmid/crops/p09/p09_mask_sunglass_low_014.jpg,p09,mask_sunglass,low,0.8324240446090698,p09,0.334765,correct
6,/home/tahmid/crops/p09/p09_mask_sunglass_low_015.jpg,p09,mask_sunglass,low,0.7876923084259033,p09,0.305776,correct
6,/home/tahmid/crops/p09/p09_mask_sunglass_regular_001.jpg,p09,mask_sunglass,regular,0.7686772346496582,p09,0.345764,correct
6,/home/tahmid/crops/p09/p09_mask_sunglass_regular_002.jpg,p09,mask_sunglass,regular,0.76602703332901,p09,0.350776,correct
6,/home/tahmid/crops/p09/p09_mask_sunglass_regular_003.jpg,p09,mask_sunglass,regular,0.7849127650260925,p09,0.348161,correct
6,/home/tahmid/crops/p09/p09_mask_sunglass_regular_004.jpg,p09,mask_sunglass,regular,0.5916941165924072,p09,0.328838,correct
6,/home/tahmid/crops/p09/p09_mask_sunglass_regular_005.jpg,p09,mask_sunglass,regular,0.7373688220977783,p09,0.324955,correct
6,/home/tahmid/crops/p09/p09_mask_sunglass_regular_006.jpg,p09,mask_sunglass,regular,0.6488277912139893,p09,0.322776,correct
6,/home/tahmid/crops/p09/p09_mask_sunglass_regular_007.jpg,p09,mask_sunglass,regular,0.7879573106765747,p09,0.341114,correct
6,/home/tahmid/crops/p09/p09_mask_sunglass_regular_008.jpg,p09,mask_sunglass,regular,0.8317117691040039,p09,0.301867,correct
6,/home/tahmid/crops/p09/p09_mask_sunglass_regular_009.jpg,p09,mask_sunglass,regular,0.837346076965332,p09,0.299645,rejected
6,/home/tahmid/crops/p09/p09_mask_sunglass_regular_010.jpg,p09,mask_sunglass,regular,0.6606992483139038,p09,0.331313,correct
6,/home/tahmid/crops/p09/p09_mask_sunglass_regular_011.jpg,p09,mask_sunglass,regular,0.6671696305274963,p09,0.314981,correct
6,/home/tahmid/crops/p09/p09_mask_sunglass_regular_012.jpg,p09,mask_sunglass,regular,0.7020259499549866,p09,0.326071,correct
6,/home/tahmid/crops/p09/p09_mask_sunglass_regular_013.jpg,p09,mask_sunglass,regular,0.7800571918487549,p09,0.263455,rejected
6,/home/tahmid/crops/p09/p09_mask_sunglass_regular_014.jpg,p09,mask_sunglass,regular,0.7402760982513428,p09,0.257164,rejected
6,/home/tahmid/crops/p09/p09_mask_sunglass_regular_015.jpg,p09,mask_sunglass,regular,0.7698147892951965,p09,0.242185,rejected
6,/home/tahmid/crops/p09/p09_none_low_001.jpg,p09,none,low,0.8916637897491455,p09,0.577435,correct
6,/home/tahmid/crops/p09/p09_none_low_002.jpg,p09,none,low,0.8954182863235474,p09,0.575511,correct
6,/home/tahmid/crops/p09/p09_none_low_003.jpg,p09,none,low,0.8488591909408569,p09,0.571136,correct
6,/home/tahmid/crops/p09/p09_none_low_004.jpg,p09,none,low,0.8509756922721863,p09,0.533872,correct
6,/home/tahmid/crops/p09/p09_none_low_005.jpg,p09,none,low,0.8202574253082275,p09,0.535662,correct
6,/home/tahmid/crops/p09/p09_none_low_006.jpg,p09,none,low,0.855320394039154,p09,0.522334,correct
6,/home/tahmid/crops/p09/p09_none_low_007.jpg,p09,none,low,0.8591158986091614,p09,0.519392,correct
6,/home/tahmid/crops/p09/p09_none_low_008.jpg,p09,none,low,0.8549423813819885,p09,0.520766,correct
6,/home/tahmid/crops/p09/p09_none_low_009.jpg,p09,none,low,0.8720308542251587,p09,0.514273,correct
6,/home/tahmid/crops/p09/p09_none_low_010.jpg,p09,none,low,0.8359731435775757,p09,0.522990,correct
6,/home/tahmid/crops/p09/p09_none_low_011.jpg,p09,none,low,0.8200219869613647,p09,0.524052,correct
6,/home/tahmid/crops/p09/p09_none_low_012.jpg,p09,none,low,0.8490139245986938,p09,0.529578,correct
6,/home/tahmid/crops/p09/p09_none_low_013.jpg,p09,none,low,0.8535739183425903,p09,0.570823,correct
6,/home/tahmid/crops/p09/p09_none_low_014.jpg,p09,none,low,0.8405985832214355,p09,0.571642,correct
6,/home/tahmid/crops/p09/p09_none_low_015.jpg,p09,none,low,0.8335424661636353,p09,0.564678,correct
6,/home/tahmid/crops/p09/p09_none_regular_007.jpg,p09,none,regular,0.8407257199287415,p09,0.486103,correct
6,/home/tahmid/crops/p09/p09_none_regular_008.jpg,p09,none,regular,0.8249025940895081,p09,0.481587,correct
6,/home/tahmid/crops/p09/p09_none_regular_009.jpg,p09,none,regular,0.8668167591094971,p09,0.485155,correct
6,/home/tahmid/crops/p09/p09_none_regular_010.jpg,p09,none,regular,0.8474900722503662,p09,0.556749,correct
6,/home/tahmid/crops/p09/p09_none_regular_011.jpg,p09,none,regular,0.8459433913230896,p09,0.554602,correct
6,/home/tahmid/crops/p09/p09_none_regular_012.jpg,p09,none,regular,0.8413885235786438,p09,0.555703,correct
6,/home/tahmid/crops/p09/p09_none_regular_013.jpg,p09,none,regular,0.761877715587616,p09,0.552836,correct
6,/home/tahmid/crops/p09/p09_none_regular_014.jpg,p09,none,regular,0.7485781908035278,p09,0.560356,correct
6,/home/tahmid/crops/p09/p09_none_regular_015.jpg,p09,none,regular,0.7782469987869263,p09,0.560633,correct
6,/home/tahmid/crops/p09/p09_scarf_low_001.jpg,p09,scarf,low,0.8066415786743164,p09,0.467722,correct
6,/home/tahmid/crops/p09/p09_scarf_low_002.jpg,p09,scarf,low,0.7838274836540222,p09,0.476091,correct
6,/home/tahmid/crops/p09/p09_scarf_low_003.jpg,p09,scarf,low,0.6917092800140381,p09,0.497437,correct
6,/home/tahmid/crops/p09/p09_scarf_low_004.jpg,p09,scarf,low,0.6656464338302612,p09,0.471954,correct
6,/home/tahmid/crops/p09/p09_scarf_low_005.jpg,p09,scarf,low,0.6746992468833923,p09,0.402393,correct
6,/home/tahmid/crops/p09/p09_scarf_low_006.jpg,p09,scarf,low,0.6451321840286255,p09,0.423367,correct
6,/home/tahmid/crops/p09/p09_scarf_low_007.jpg,p09,scarf,low,0.6856266260147095,p09,0.492976,correct
6,/home/tahmid/crops/p09/p09_scarf_low_008.jpg,p09,scarf,low,0.6401764154434204,p09,0.438333,correct
6,/home/tahmid/crops/p09/p09_scarf_low_009.jpg,p09,scarf,low,0.6844909191131592,p09,0.433518,correct
6,/home/tahmid/crops/p09/p09_scarf_low_010.jpg,p09,scarf,low,0.6883589029312134,p09,0.449134,correct
6,/home/tahmid/crops/p09/p09_scarf_regular_001.jpg,p09,scarf,regular,0.7739838361740112,p09,0.545056,correct
6,/home/tahmid/crops/p09/p09_scarf_regular_002.jpg,p09,scarf,regular,0.7723733186721802,p09,0.537890,correct
6,/home/tahmid/crops/p09/p09_scarf_regular_003.jpg,p09,scarf,regular,0.6626478433609009,p09,0.488693,correct
6,/home/tahmid/crops/p09/p09_scarf_regular_004.jpg,p09,scarf,regular,0.6515778303146362,p09,0.497396,correct
6,/home/tahmid/crops/p09/p09_scarf_regular_005.jpg,p09,scarf,regular,0.727060079574585,p09,0.427664,correct
6,/home/tahmid/crops/p09/p09_scarf_regular_006.jpg,p09,scarf,regular,0.7521867752075195,p09,0.431910,correct
6,/home/tahmid/crops/p09/p09_scarf_regular_007.jpg,p09,scarf,regular,0.7143847346305847,p09,0.482682,correct
6,/home/tahmid/crops/p09/p09_scarf_regular_008.jpg,p09,scarf,regular,0.729493260383606,p09,0.462651,correct
6,/home/tahmid/crops/p09/p09_scarf_regular_009.jpg,p09,scarf,regular,0.7560771703720093,p09,0.485732,correct
6,/home/tahmid/crops/p09/p09_scarf_regular_010.jpg,p09,scarf,regular,0.7251945734024048,p09,0.482749,correct
6,/home/tahmid/crops/p09/p09_sunglass_low_001.jpg,p09,sunglass,low,0.9003400802612305,p09,0.537956,correct
6,/home/tahmid/crops/p09/p09_sunglass_low_002.jpg,p09,sunglass,low,0.8933095932006836,p09,0.539916,correct
6,/home/tahmid/crops/p09/p09_sunglass_low_003.jpg,p09,sunglass,low,0.8912379741668701,p09,0.540623,correct
6,/home/tahmid/crops/p09/p09_sunglass_low_004.jpg,p09,sunglass,low,0.8471405506134033,p09,0.481629,correct
6,/home/tahmid/crops/p09/p09_sunglass_low_005.jpg,p09,sunglass,low,0.8507465124130249,p09,0.493070,correct
6,/home/tahmid/crops/p09/p09_sunglass_low_006.jpg,p09,sunglass,low,0.8355441093444824,p09,0.510817,correct
6,/home/tahmid/crops/p09/p09_sunglass_low_007.jpg,p09,sunglass,low,0.8372936248779297,p09,0.494272,correct
6,/home/tahmid/crops/p09/p09_sunglass_low_008.jpg,p09,sunglass,low,0.8360850811004639,p09,0.497343,correct
6,/home/tahmid/crops/p09/p09_sunglass_low_009.jpg,p09,sunglass,low,0.8578119277954102,p09,0.493078,correct
6,/home/tahmid/crops/p09/p09_sunglass_low_010.jpg,p09,sunglass,low,0.843636691570282,p09,0.500606,correct
6,/home/tahmid/crops/p09/p09_sunglass_low_011.jpg,p09,sunglass,low,0.8456346988677979,p09,0.500492,correct
6,/home/tahmid/crops/p09/p09_sunglass_low_012.jpg,p09,sunglass,low,0.8520961999893188,p09,0.514407,correct
6,/home/tahmid/crops/p09/p09_sunglass_low_013.jpg,p09,sunglass,low,0.8269016742706299,p09,0.529534,correct
6,/home/tahmid/crops/p09/p09_sunglass_low_014.jpg,p09,sunglass,low,0.833270788192749,p09,0.540566,correct
6,/home/tahmid/crops/p09/p09_sunglass_low_015.jpg,p09,sunglass,low,0.8289226293563843,p09,0.539378,correct
6,/home/tahmid/crops/p09/p09_sunglass_regular_001.jpg,p09,sunglass,regular,0.8598016500473022,p09,0.539087,correct
6,/home/tahmid/crops/p09/p09_sunglass_regular_002.jpg,p09,sunglass,regular,0.8626418113708496,p09,0.526864,correct
6,/home/tahmid/crops/p09/p09_sunglass_regular_003.jpg,p09,sunglass,regular,0.8218882083892822,p09,0.523186,correct
6,/home/tahmid/crops/p09/p09_sunglass_regular_004.jpg,p09,sunglass,regular,0.7883427143096924,p09,0.533360,correct
6,/home/tahmid/crops/p09/p09_sunglass_regular_005.jpg,p09,sunglass,regular,0.8154352307319641,p09,0.531349,correct
6,/home/tahmid/crops/p09/p09_sunglass_regular_006.jpg,p09,sunglass,regular,0.8223922848701477,p09,0.521324,correct
6,/home/tahmid/crops/p09/p09_sunglass_regular_007.jpg,p09,sunglass,regular,0.8158074021339417,p09,0.446062,correct
6,/home/tahmid/crops/p09/p09_sunglass_regular_008.jpg,p09,sunglass,regular,0.812474250793457,p09,0.441426,correct
6,/home/tahmid/crops/p09/p09_sunglass_regular_009.jpg,p09,sunglass,regular,0.7907840013504028,p09,0.449430,correct
6,/home/tahmid/crops/p09/p09_sunglass_regular_010.jpg,p09,sunglass,regular,0.7949228286743164,p09,0.534659,correct
6,/home/tahmid/crops/p09/p09_sunglass_regular_011.jpg,p09,sunglass,regular,0.7929377555847168,p09,0.506043,correct
6,/home/tahmid/crops/p09/p09_sunglass_regular_012.jpg,p09,sunglass,regular,0.7889125347137451,p09,0.509928,correct
6,/home/tahmid/crops/p09/p09_sunglass_regular_013.jpg,p09,sunglass,regular,0.7779831886291504,p09,0.515282,correct
6,/home/tahmid/crops/p09/p09_sunglass_regular_014.jpg,p09,sunglass,regular,0.7871106863021851,p09,0.516384,correct
6,/home/tahmid/crops/p09/p09_sunglass_regular_015.jpg,p09,sunglass,regular,0.8117377758026123,p09,0.517946,correct
6,/home/tahmid/crops/p21/p21_cap_low_001.jpg,p21,cap,low,0.7831422090530396,p21,0.643883,correct
6,/home/tahmid/crops/p21/p21_cap_low_002.jpg,p21,cap,low,0.7945040464401245,p21,0.635463,correct
6,/home/tahmid/crops/p21/p21_cap_low_003.jpg,p21,cap,low,0.6976995468139648,p21,0.570389,correct
6,/home/tahmid/crops/p21/p21_cap_low_004.jpg,p21,cap,low,0.7471847534179688,p21,0.576609,correct
6,/home/tahmid/crops/p21/p21_cap_low_005.jpg,p21,cap,low,0.7991760969161987,p21,0.604672,correct
6,/home/tahmid/crops/p21/p21_cap_low_006.jpg,p21,cap,low,0.8316274881362915,p21,0.609944,correct
6,/home/tahmid/crops/p21/p21_cap_low_007.jpg,p21,cap,low,0.7465168237686157,p21,0.581475,correct
6,/home/tahmid/crops/p21/p21_cap_low_008.jpg,p21,cap,low,0.729661226272583,p21,0.572734,correct
6,/home/tahmid/crops/p21/p21_cap_low_009.jpg,p21,cap,low,0.7831422090530396,p21,0.643883,correct
6,/home/tahmid/crops/p21/p21_cap_low_010.jpg,p21,cap,low,0.6976995468139648,p21,0.570389,correct
6,/home/tahmid/crops/p21/p21_cap_low_011.jpg,p21,cap,low,0.7471847534179688,p21,0.576609,correct
6,/home/tahmid/crops/p21/p21_cap_low_012.jpg,p21,cap,low,0.8306398391723633,p21,0.656841,correct
6,/home/tahmid/crops/p21/p21_cap_low_013.jpg,p21,cap,low,0.7991760969161987,p21,0.604672,correct
6,/home/tahmid/crops/p21/p21_cap_low_014.jpg,p21,cap,low,0.8316274881362915,p21,0.609944,correct
6,/home/tahmid/crops/p21/p21_cap_regular_001.jpg,p21,cap,regular,0.8036200404167175,p21,0.636059,correct
6,/home/tahmid/crops/p21/p21_cap_regular_002.jpg,p21,cap,regular,0.7065079808235168,p21,0.565143,correct
6,/home/tahmid/crops/p21/p21_cap_regular_003.jpg,p21,cap,regular,0.7658834457397461,p21,0.563829,correct
6,/home/tahmid/crops/p21/p21_cap_regular_004.jpg,p21,cap,regular,0.8296680450439453,p21,0.653783,correct
6,/home/tahmid/crops/p21/p21_cap_regular_005.jpg,p21,cap,regular,0.7289298176765442,p21,0.657202,correct
6,/home/tahmid/crops/p21/p21_cap_regular_006.jpg,p21,cap,regular,0.8060363531112671,p21,0.607792,correct
6,/home/tahmid/crops/p21/p21_cap_regular_007.jpg,p21,cap,regular,0.8382415175437927,p21,0.608586,correct
6,/home/tahmid/crops/p21/p21_cap_regular_008.jpg,p21,cap,regular,0.7532461881637573,p21,0.575095,correct
6,/home/tahmid/crops/p21/p21_cap_regular_009.jpg,p21,cap,regular,0.7658834457397461,p21,0.563829,correct
6,/home/tahmid/crops/p21/p21_cap_regular_010.jpg,p21,cap,regular,0.8296680450439453,p21,0.653783,correct
6,/home/tahmid/crops/p21/p21_cap_regular_011.jpg,p21,cap,regular,0.7289298176765442,p21,0.657202,correct
6,/home/tahmid/crops/p21/p21_cap_regular_012.jpg,p21,cap,regular,0.8060363531112671,p21,0.607792,correct
6,/home/tahmid/crops/p21/p21_cap_regular_013.jpg,p21,cap,regular,0.8382415175437927,p21,0.608586,correct
6,/home/tahmid/crops/p21/p21_cap_regular_014.jpg,p21,cap,regular,0.7314904928207397,p21,0.567727,correct
6,/home/tahmid/crops/p21/p21_clearglass_low_001.jpg,p21,clearglass,low,0.8011627197265625,p21,0.657192,correct
6,/home/tahmid/crops/p21/p21_clearglass_low_002.jpg,p21,clearglass,low,0.7646223306655884,p21,0.600671,correct
6,/home/tahmid/crops/p21/p21_clearglass_low_003.jpg,p21,clearglass,low,0.7571277618408203,p21,0.614758,correct
6,/home/tahmid/crops/p21/p21_clearglass_low_004.jpg,p21,clearglass,low,0.7248071432113647,p21,0.614264,correct
6,/home/tahmid/crops/p21/p21_clearglass_low_005.jpg,p21,clearglass,low,0.7451668977737427,p21,0.625340,correct
6,/home/tahmid/crops/p21/p21_clearglass_low_006.jpg,p21,clearglass,low,0.8148747682571411,p21,0.612067,correct
6,/home/tahmid/crops/p21/p21_clearglass_low_007.jpg,p21,clearglass,low,0.8424689769744873,p21,0.607710,correct
6,/home/tahmid/crops/p21/p21_clearglass_low_008.jpg,p21,clearglass,low,0.7464041709899902,p21,0.573485,correct
6,/home/tahmid/crops/p21/p21_clearglass_low_009.jpg,p21,clearglass,low,0.7953265309333801,p21,0.652912,correct
6,/home/tahmid/crops/p21/p21_clearglass_low_010.jpg,p21,clearglass,low,0.8542932271957397,p21,0.647781,correct
6,/home/tahmid/crops/p21/p21_clearglass_low_011.jpg,p21,clearglass,low,0.7646223306655884,p21,0.600671,correct
6,/home/tahmid/crops/p21/p21_clearglass_low_012.jpg,p21,clearglass,low,0.7571277618408203,p21,0.614758,correct
6,/home/tahmid/crops/p21/p21_clearglass_low_013.jpg,p21,clearglass,low,0.770363450050354,p21,0.598671,correct
6,/home/tahmid/crops/p21/p21_clearglass_low_014.jpg,p21,clearglass,low,0.7464041709899902,p21,0.573485,correct
6,/home/tahmid/crops/p21/p21_clearglass_regular_001.jpg,p21,clearglass,regular,0.7642102837562561,p21,0.604359,correct
6,/home/tahmid/crops/p21/p21_clearglass_regular_002.jpg,p21,clearglass,regular,0.7534632682800293,p21,0.606832,correct
6,/home/tahmid/crops/p21/p21_clearglass_regular_003.jpg,p21,clearglass,regular,0.7364629507064819,p21,0.618813,correct
6,/home/tahmid/crops/p21/p21_clearglass_regular_004.jpg,p21,clearglass,regular,0.7499918937683105,p21,0.621076,correct
6,/home/tahmid/crops/p21/p21_clearglass_regular_005.jpg,p21,clearglass,regular,0.8139489889144897,p21,0.605564,correct
6,/home/tahmid/crops/p21/p21_clearglass_regular_006.jpg,p21,clearglass,regular,0.8433852195739746,p21,0.601844,correct
6,/home/tahmid/crops/p21/p21_clearglass_regular_007.jpg,p21,clearglass,regular,0.7801170349121094,p21,0.597490,correct
6,/home/tahmid/crops/p21/p21_clearglass_regular_008.jpg,p21,clearglass,regular,0.747931718826294,p21,0.570174,correct
6,/home/tahmid/crops/p21/p21_clearglass_regular_009.jpg,p21,clearglass,regular,0.7642102837562561,p21,0.604359,correct
6,/home/tahmid/crops/p21/p21_clearglass_regular_010.jpg,p21,clearglass,regular,0.7534632682800293,p21,0.606832,correct
6,/home/tahmid/crops/p21/p21_clearglass_regular_011.jpg,p21,clearglass,regular,0.7499918937683105,p21,0.621076,correct
6,/home/tahmid/crops/p21/p21_clearglass_regular_012.jpg,p21,clearglass,regular,0.8433852195739746,p21,0.601844,correct
6,/home/tahmid/crops/p21/p21_clearglass_regular_013.jpg,p21,clearglass,regular,0.7801170349121094,p21,0.597490,correct
6,/home/tahmid/crops/p21/p21_clearglass_regular_014.jpg,p21,clearglass,regular,0.747931718826294,p21,0.570174,correct
6,/home/tahmid/crops/p21/p21_mask_clearglass_low_001.jpg,p21,mask_clearglass,low,0.7196343541145325,p21,0.562673,correct
6,/home/tahmid/crops/p21/p21_mask_clearglass_low_002.jpg,p21,mask_clearglass,low,0.7151614427566528,p21,0.426389,correct
6,/home/tahmid/crops/p21/p21_mask_clearglass_low_003.jpg,p21,mask_clearglass,low,0.7301658391952515,p21,0.491554,correct
6,/home/tahmid/crops/p21/p21_mask_clearglass_low_004.jpg,p21,mask_clearglass,low,0.8127771615982056,p21,0.500540,correct
6,/home/tahmid/crops/p21/p21_mask_clearglass_low_005.jpg,p21,mask_clearglass,low,0.8068034648895264,p21,0.472426,correct
6,/home/tahmid/crops/p21/p21_mask_clearglass_low_006.jpg,p21,mask_clearglass,low,0.7634751796722412,p21,0.451955,correct
6,/home/tahmid/crops/p21/p21_mask_clearglass_low_007.jpg,p21,mask_clearglass,low,0.7522945404052734,p21,0.473080,correct
6,/home/tahmid/crops/p21/p21_mask_clearglass_low_008.jpg,p21,mask_clearglass,low,0.7316766381263733,p21,0.550867,correct
6,/home/tahmid/crops/p21/p21_mask_clearglass_low_009.jpg,p21,mask_clearglass,low,0.7423087954521179,p21,0.576488,correct
6,/home/tahmid/crops/p21/p21_mask_clearglass_low_010.jpg,p21,mask_clearglass,low,0.7151614427566528,p21,0.426389,correct
6,/home/tahmid/crops/p21/p21_mask_clearglass_low_011.jpg,p21,mask_clearglass,low,0.7301658391952515,p21,0.491554,correct
6,/home/tahmid/crops/p21/p21_mask_clearglass_low_012.jpg,p21,mask_clearglass,low,0.8068034648895264,p21,0.472426,correct
6,/home/tahmid/crops/p21/p21_mask_clearglass_low_013.jpg,p21,mask_clearglass,low,0.7243081331253052,p21,0.492630,correct
6,/home/tahmid/crops/p21/p21_mask_clearglass_low_014.jpg,p21,mask_clearglass,low,0.7522945404052734,p21,0.473080,correct
6,/home/tahmid/crops/p21/p21_mask_clearglass_regular_001.jpg,p21,mask_clearglass,regular,0.714763343334198,p21,0.415523,correct
6,/home/tahmid/crops/p21/p21_mask_clearglass_regular_002.jpg,p21,mask_clearglass,regular,0.7438419461250305,p21,0.464768,correct
6,/home/tahmid/crops/p21/p21_mask_clearglass_regular_003.jpg,p21,mask_clearglass,regular,0.7850441932678223,p21,0.473570,correct
6,/home/tahmid/crops/p21/p21_mask_clearglass_regular_004.jpg,p21,mask_clearglass,regular,0.7162860631942749,p21,0.480559,correct
6,/home/tahmid/crops/p21/p21_mask_clearglass_regular_005.jpg,p21,mask_clearglass,regular,0.7167608141899109,p21,0.411259,correct
6,/home/tahmid/crops/p21/p21_mask_clearglass_regular_006.jpg,p21,mask_clearglass,regular,0.7476954460144043,p21,0.566685,correct
6,/home/tahmid/crops/p21/p21_mask_clearglass_regular_007.jpg,p21,mask_clearglass,regular,0.7434777617454529,p21,0.565568,correct
6,/home/tahmid/crops/p21/p21_mask_clearglass_regular_008.jpg,p21,mask_clearglass,regular,0.714763343334198,p21,0.415523,correct
6,/home/tahmid/crops/p21/p21_mask_clearglass_regular_009.jpg,p21,mask_clearglass,regular,0.7986434698104858,p21,0.400471,correct
6,/home/tahmid/crops/p21/p21_mask_clearglass_regular_010.jpg,p21,mask_clearglass,regular,0.7438419461250305,p21,0.464768,correct
6,/home/tahmid/crops/p21/p21_mask_clearglass_regular_011.jpg,p21,mask_clearglass,regular,0.8088490962982178,p21,0.470615,correct
6,/home/tahmid/crops/p21/p21_mask_clearglass_regular_012.jpg,p21,mask_clearglass,regular,0.7850441932678223,p21,0.473570,correct
6,/home/tahmid/crops/p21/p21_mask_clearglass_regular_013.jpg,p21,mask_clearglass,regular,0.7733994126319885,p21,0.454621,correct
6,/home/tahmid/crops/p21/p21_mask_clearglass_regular_014.jpg,p21,mask_clearglass,regular,0.7167608141899109,p21,0.411259,correct
6,/home/tahmid/crops/p21/p21_mask_low_001.jpg,p21,mask,low,0.7551938891410828,p21,0.614077,correct
6,/home/tahmid/crops/p21/p21_mask_low_002.jpg,p21,mask,low,0.715345561504364,p21,0.594161,correct
6,/home/tahmid/crops/p21/p21_mask_low_003.jpg,p21,mask,low,0.7477570176124573,p21,0.594569,correct
6,/home/tahmid/crops/p21/p21_mask_low_004.jpg,p21,mask,low,0.7401602268218994,p21,0.597347,correct
6,/home/tahmid/crops/p21/p21_mask_low_005.jpg,p21,mask,low,0.7590774893760681,p21,0.591823,correct
6,/home/tahmid/crops/p21/p21_mask_low_006.jpg,p21,mask,low,0.7751604318618774,p21,0.569348,correct
6,/home/tahmid/crops/p21/p21_mask_low_007.jpg,p21,mask,low,0.8187428712844849,p21,0.622728,correct
6,/home/tahmid/crops/p21/p21_mask_low_008.jpg,p21,mask,low,0.7434297204017639,p21,0.535052,correct
6,/home/tahmid/crops/p21/p21_mask_low_009.jpg,p21,mask,low,0.715345561504364,p21,0.594161,correct
6,/home/tahmid/crops/p21/p21_mask_low_010.jpg,p21,mask,low,0.7453986406326294,p21,0.562192,correct
6,/home/tahmid/crops/p21/p21_mask_low_011.jpg,p21,mask,low,0.7477570176124573,p21,0.594569,correct
6,/home/tahmid/crops/p21/p21_mask_low_012.jpg,p21,mask,low,0.7401602268218994,p21,0.597347,correct
6,/home/tahmid/crops/p21/p21_mask_low_013.jpg,p21,mask,low,0.7590774893760681,p21,0.591823,correct
6,/home/tahmid/crops/p21/p21_mask_low_014.jpg,p21,mask,low,0.7751604318618774,p21,0.569348,correct
6,/home/tahmid/crops/p21/p21_mask_regular_001.jpg,p21,mask,regular,0.7602525949478149,p21,0.617055,correct
6,/home/tahmid/crops/p21/p21_mask_regular_002.jpg,p21,mask,regular,0.8302979469299316,p21,0.636145,correct
6,/home/tahmid/crops/p21/p21_mask_regular_003.jpg,p21,mask,regular,0.7227550745010376,p21,0.533280,correct
6,/home/tahmid/crops/p21/p21_mask_regular_004.jpg,p21,mask,regular,0.7168449759483337,p21,0.547068,correct
6,/home/tahmid/crops/p21/p21_mask_regular_005.jpg,p21,mask,regular,0.7287042140960693,p21,0.606652,correct
6,/home/tahmid/crops/p21/p21_mask_regular_006.jpg,p21,mask,regular,0.7527885437011719,p21,0.601743,correct
6,/home/tahmid/crops/p21/p21_mask_regular_007.jpg,p21,mask,regular,0.7764813899993896,p21,0.598034,correct
6,/home/tahmid/crops/p21/p21_mask_regular_008.jpg,p21,mask,regular,0.7602525949478149,p21,0.617055,correct
6,/home/tahmid/crops/p21/p21_mask_regular_009.jpg,p21,mask,regular,0.8302979469299316,p21,0.636145,correct
6,/home/tahmid/crops/p21/p21_mask_regular_010.jpg,p21,mask,regular,0.7168449759483337,p21,0.547068,correct
6,/home/tahmid/crops/p21/p21_mask_regular_011.jpg,p21,mask,regular,0.7287042140960693,p21,0.606652,correct
6,/home/tahmid/crops/p21/p21_mask_regular_012.jpg,p21,mask,regular,0.7546850442886353,p21,0.585642,correct
6,/home/tahmid/crops/p21/p21_mask_regular_013.jpg,p21,mask,regular,0.7425410747528076,p21,0.556055,correct
6,/home/tahmid/crops/p21/p21_mask_regular_014.jpg,p21,mask,regular,0.7764813899993896,p21,0.598034,correct
6,/home/tahmid/crops/p21/p21_mask_sunglass_low_001.jpg,p21,mask_sunglass,low,0.8036842346191406,p21,0.405639,correct
6,/home/tahmid/crops/p21/p21_mask_sunglass_low_002.jpg,p21,mask_sunglass,low,0.8070937395095825,p21,0.393089,correct
6,/home/tahmid/crops/p21/p21_mask_sunglass_low_003.jpg,p21,mask_sunglass,low,0.7833071947097778,p21,0.324916,correct
6,/home/tahmid/crops/p21/p21_mask_sunglass_low_004.jpg,p21,mask_sunglass,low,0.841550886631012,p21,0.309041,correct
6,/home/tahmid/crops/p21/p21_mask_sunglass_low_005.jpg,p21,mask_sunglass,low,0.7504684925079346,p21,0.384180,correct
6,/home/tahmid/crops/p21/p21_mask_sunglass_low_006.jpg,p21,mask_sunglass,low,0.7110845446586609,p21,0.348431,correct
6,/home/tahmid/crops/p21/p21_mask_sunglass_low_007.jpg,p21,mask_sunglass,low,0.8070937395095825,p21,0.393089,correct
6,/home/tahmid/crops/p21/p21_mask_sunglass_low_008.jpg,p21,mask_sunglass,low,0.744442343711853,p21,0.321389,correct
6,/home/tahmid/crops/p21/p21_mask_sunglass_low_009.jpg,p21,mask_sunglass,low,0.783698558807373,p21,0.368457,correct
6,/home/tahmid/crops/p21/p21_mask_sunglass_low_010.jpg,p21,mask_sunglass,low,0.7318176031112671,p21,0.329386,correct
6,/home/tahmid/crops/p21/p21_mask_sunglass_low_011.jpg,p21,mask_sunglass,low,0.7833071947097778,p21,0.324916,correct
6,/home/tahmid/crops/p21/p21_mask_sunglass_low_012.jpg,p21,mask_sunglass,low,0.841550886631012,p21,0.309041,correct
6,/home/tahmid/crops/p21/p21_mask_sunglass_low_013.jpg,p21,mask_sunglass,low,0.8136350512504578,p21,0.365515,correct
6,/home/tahmid/crops/p21/p21_mask_sunglass_low_014.jpg,p21,mask_sunglass,low,0.7110845446586609,p21,0.348431,correct
6,/home/tahmid/crops/p21/p21_mask_sunglass_regular_001.jpg,p21,mask_sunglass,regular,0.8030543923377991,p21,0.370060,correct
6,/home/tahmid/crops/p21/p21_mask_sunglass_regular_002.jpg,p21,mask_sunglass,regular,0.7895190715789795,p21,0.349596,correct
6,/home/tahmid/crops/p21/p21_mask_sunglass_regular_003.jpg,p21,mask_sunglass,regular,0.7318671941757202,p21,0.344517,correct
6,/home/tahmid/crops/p21/p21_mask_sunglass_regular_004.jpg,p21,mask_sunglass,regular,0.840849757194519,p21,0.300708,correct
6,/home/tahmid/crops/p21/p21_mask_sunglass_regular_005.jpg,p21,mask_sunglass,regular,0.8175399303436279,p21,0.350920,correct
6,/home/tahmid/crops/p21/p21_mask_sunglass_regular_006.jpg,p21,mask_sunglass,regular,0.8347312211990356,p21,0.333142,correct
6,/home/tahmid/crops/p21/p21_mask_sunglass_regular_007.jpg,p21,mask_sunglass,regular,0.7541340589523315,p21,0.382705,correct
6,/home/tahmid/crops/p21/p21_mask_sunglass_regular_008.jpg,p21,mask_sunglass,regular,0.7312926650047302,p21,0.313076,correct
6,/home/tahmid/crops/p21/p21_mask_sunglass_regular_009.jpg,p21,mask_sunglass,regular,0.7318671941757202,p21,0.344517,correct
6,/home/tahmid/crops/p21/p21_mask_sunglass_regular_010.jpg,p21,mask_sunglass,regular,0.7855164408683777,p21,0.298952,rejected
6,/home/tahmid/crops/p21/p21_mask_sunglass_regular_011.jpg,p21,mask_sunglass,regular,0.8175399303436279,p21,0.350920,correct
6,/home/tahmid/crops/p21/p21_mask_sunglass_regular_012.jpg,p21,mask_sunglass,regular,0.8347312211990356,p21,0.333142,correct
6,/home/tahmid/crops/p21/p21_mask_sunglass_regular_013.jpg,p21,mask_sunglass,regular,0.7541340589523315,p21,0.382705,correct
6,/home/tahmid/crops/p21/p21_mask_sunglass_regular_014.jpg,p21,mask_sunglass,regular,0.6954081058502197,p21,0.338611,correct
6,/home/tahmid/crops/p21/p21_none_low_005.jpg,p21,none,low,0.8196247220039368,p21,0.681627,correct
6,/home/tahmid/crops/p21/p21_none_low_006.jpg,p21,none,low,0.783280074596405,p21,0.645218,correct
6,/home/tahmid/crops/p21/p21_none_low_007.jpg,p21,none,low,0.8643293380737305,p21,0.641644,correct
6,/home/tahmid/crops/p21/p21_none_low_012.jpg,p21,none,low,0.8036021590232849,p21,0.688358,correct
6,/home/tahmid/crops/p21/p21_none_low_013.jpg,p21,none,low,0.8196247220039368,p21,0.681627,correct
6,/home/tahmid/crops/p21/p21_none_low_014.jpg,p21,none,low,0.783280074596405,p21,0.645218,correct
6,/home/tahmid/crops/p21/p21_none_low_015.jpg,p21,none,low,0.8643293380737305,p21,0.641644,correct
6,/home/tahmid/crops/p21/p21_none_regular_005.jpg,p21,none,regular,0.8193619251251221,p21,0.692342,correct
6,/home/tahmid/crops/p21/p21_none_regular_006.jpg,p21,none,regular,0.8232040405273438,p21,0.689061,correct
6,/home/tahmid/crops/p21/p21_none_regular_007.jpg,p21,none,regular,0.7901841998100281,p21,0.640084,correct
6,/home/tahmid/crops/p21/p21_none_regular_008.jpg,p21,none,regular,0.8666352033615112,p21,0.643348,correct
6,/home/tahmid/crops/p21/p21_none_regular_009.jpg,p21,none,regular,0.7613048553466797,p21,0.641274,correct
6,/home/tahmid/crops/p21/p21_none_regular_010.jpg,p21,none,regular,0.7923680543899536,p21,0.627807,correct
6,/home/tahmid/crops/p21/p21_none_regular_014.jpg,p21,none,regular,0.8193619251251221,p21,0.692342,correct
6,/home/tahmid/crops/p21/p21_none_regular_015.jpg,p21,none,regular,0.8666352033615112,p21,0.643348,correct
6,/home/tahmid/crops/p21/p21_sunglass_low_001.jpg,p21,sunglass,low,0.8320863246917725,p21,0.588273,correct
6,/home/tahmid/crops/p21/p21_sunglass_low_002.jpg,p21,sunglass,low,0.8667618036270142,p21,0.598132,correct
6,/home/tahmid/crops/p21/p21_sunglass_low_003.jpg,p21,sunglass,low,0.8040347099304199,p21,0.551989,correct
6,/home/tahmid/crops/p21/p21_sunglass_low_004.jpg,p21,sunglass,low,0.7338063716888428,p21,0.530343,correct
6,/home/tahmid/crops/p21/p21_sunglass_low_005.jpg,p21,sunglass,low,0.80424565076828,p21,0.560253,correct
6,/home/tahmid/crops/p21/p21_sunglass_low_006.jpg,p21,sunglass,low,0.6776872277259827,p21,0.563332,correct
6,/home/tahmid/crops/p21/p21_sunglass_low_007.jpg,p21,sunglass,low,0.7383313775062561,p21,0.550466,correct
6,/home/tahmid/crops/p21/p21_sunglass_low_008.jpg,p21,sunglass,low,0.8493976593017578,p21,0.581733,correct
6,/home/tahmid/crops/p21/p21_sunglass_low_009.jpg,p21,sunglass,low,0.8426437377929688,p21,0.575445,correct
6,/home/tahmid/crops/p21/p21_sunglass_low_010.jpg,p21,sunglass,low,0.8336628675460815,p21,0.592478,correct
6,/home/tahmid/crops/p21/p21_sunglass_low_011.jpg,p21,sunglass,low,0.8040347099304199,p21,0.551989,correct
6,/home/tahmid/crops/p21/p21_sunglass_low_012.jpg,p21,sunglass,low,0.7338063716888428,p21,0.530343,correct
6,/home/tahmid/crops/p21/p21_sunglass_low_013.jpg,p21,sunglass,low,0.6776872277259827,p21,0.563332,correct
6,/home/tahmid/crops/p21/p21_sunglass_low_014.jpg,p21,sunglass,low,0.7383313775062561,p21,0.550466,correct
6,/home/tahmid/crops/p21/p21_sunglass_low_015.jpg,p21,sunglass,low,0.8493976593017578,p21,0.581733,correct
6,/home/tahmid/crops/p21/p21_sunglass_regular_001.jpg,p21,sunglass,regular,0.8291416168212891,p21,0.589687,correct
6,/home/tahmid/crops/p21/p21_sunglass_regular_002.jpg,p21,sunglass,regular,0.8683111071586609,p21,0.595993,correct
6,/home/tahmid/crops/p21/p21_sunglass_regular_003.jpg,p21,sunglass,regular,0.8148825168609619,p21,0.557138,correct
6,/home/tahmid/crops/p21/p21_sunglass_regular_004.jpg,p21,sunglass,regular,0.8016139268875122,p21,0.554065,correct
6,/home/tahmid/crops/p21/p21_sunglass_regular_005.jpg,p21,sunglass,regular,0.8005329370498657,p21,0.557731,correct
6,/home/tahmid/crops/p21/p21_sunglass_regular_006.jpg,p21,sunglass,regular,0.6705861687660217,p21,0.571736,correct
6,/home/tahmid/crops/p21/p21_sunglass_regular_007.jpg,p21,sunglass,regular,0.8549885153770447,p21,0.581277,correct
6,/home/tahmid/crops/p21/p21_sunglass_regular_008.jpg,p21,sunglass,regular,0.8374311327934265,p21,0.568849,correct
6,/home/tahmid/crops/p21/p21_sunglass_regular_009.jpg,p21,sunglass,regular,0.8291416168212891,p21,0.589687,correct
6,/home/tahmid/crops/p21/p21_sunglass_regular_010.jpg,p21,sunglass,regular,0.8683111071586609,p21,0.595993,correct
6,/home/tahmid/crops/p21/p21_sunglass_regular_011.jpg,p21,sunglass,regular,0.8148825168609619,p21,0.557138,correct
6,/home/tahmid/crops/p21/p21_sunglass_regular_012.jpg,p21,sunglass,regular,0.7119174003601074,p21,0.546872,correct
6,/home/tahmid/crops/p21/p21_sunglass_regular_013.jpg,p21,sunglass,regular,0.6705861687660217,p21,0.571736,correct
6,/home/tahmid/crops/p21/p21_sunglass_regular_014.jpg,p21,sunglass,regular,0.8549885153770447,p21,0.581277,correct
6,/home/tahmid/crops/p21/p21_sunglass_regular_015.jpg,p21,sunglass,regular,0.8374311327934265,p21,0.568849,correct
6,/home/tahmid/crops/p24/p24_cap_low_001.jpg,p24,cap,low,0.719250500202179,p24,0.564483,correct
6,/home/tahmid/crops/p24/p24_cap_low_002.jpg,p24,cap,low,0.6905834674835205,p24,0.556985,correct
6,/home/tahmid/crops/p24/p24_cap_low_003.jpg,p24,cap,low,0.6083148121833801,p24,0.384389,correct
6,/home/tahmid/crops/p24/p24_cap_low_004.jpg,p24,cap,low,0.5925657153129578,p24,0.401511,correct
6,/home/tahmid/crops/p24/p24_cap_low_005.jpg,p24,cap,low,0.7735073566436768,p24,0.566453,correct
6,/home/tahmid/crops/p24/p24_cap_low_006.jpg,p24,cap,low,0.7402403950691223,p24,0.541588,correct
6,/home/tahmid/crops/p24/p24_cap_low_007.jpg,p24,cap,low,0.7277963757514954,p24,0.542747,correct
6,/home/tahmid/crops/p24/p24_cap_low_008.jpg,p24,cap,low,0.6905834674835205,p24,0.556985,correct
6,/home/tahmid/crops/p24/p24_cap_low_009.jpg,p24,cap,low,0.6083148121833801,p24,0.384389,correct
6,/home/tahmid/crops/p24/p24_cap_low_010.jpg,p24,cap,low,0.5925657153129578,p24,0.401511,correct
6,/home/tahmid/crops/p24/p24_cap_low_011.jpg,p24,cap,low,0.670654296875,p24,0.562545,correct
6,/home/tahmid/crops/p24/p24_cap_low_012.jpg,p24,cap,low,0.7735073566436768,p24,0.566453,correct
6,/home/tahmid/crops/p24/p24_cap_low_013.jpg,p24,cap,low,0.6437112092971802,p24,0.499915,correct
6,/home/tahmid/crops/p24/p24_cap_low_014.jpg,p24,cap,low,0.6375287175178528,p24,0.480915,correct
6,/home/tahmid/crops/p24/p24_cap_regular_001.jpg,p24,cap,regular,0.7253609299659729,p24,0.573220,correct
6,/home/tahmid/crops/p24/p24_cap_regular_002.jpg,p24,cap,regular,0.6977669596672058,p24,0.564914,correct
6,/home/tahmid/crops/p24/p24_cap_regular_003.jpg,p24,cap,regular,0.5790266990661621,p24,0.408205,correct
6,/home/tahmid/crops/p24/p24_cap_regular_004.jpg,p24,cap,regular,0.6765015125274658,p24,0.564450,correct
6,/home/tahmid/crops/p24/p24_cap_regular_005.jpg,p24,cap,regular,0.771209716796875,p24,0.568042,correct
6,/home/tahmid/crops/p24/p24_cap_regular_006.jpg,p24,cap,regular,0.7437224984169006,p24,0.526948,correct
6,/home/tahmid/crops/p24/p24_cap_regular_007.jpg,p24,cap,regular,0.7330183386802673,p24,0.529126,correct
6,/home/tahmid/crops/p24/p24_cap_regular_008.jpg,p24,cap,regular,0.6493649482727051,p24,0.501733,correct
6,/home/tahmid/crops/p24/p24_cap_regular_009.jpg,p24,cap,regular,0.633630633354187,p24,0.474306,correct
6,/home/tahmid/crops/p24/p24_cap_regular_010.jpg,p24,cap,regular,0.7253609299659729,p24,0.573220,correct
6,/home/tahmid/crops/p24/p24_cap_regular_011.jpg,p24,cap,regular,0.5790266990661621,p24,0.408205,correct
6,/home/tahmid/crops/p24/p24_cap_regular_012.jpg,p24,cap,regular,0.6765015125274658,p24,0.564450,correct
6,/home/tahmid/crops/p24/p24_cap_regular_013.jpg,p24,cap,regular,0.7437224984169006,p24,0.526948,correct
6,/home/tahmid/crops/p24/p24_cap_regular_014.jpg,p24,cap,regular,0.7330183386802673,p24,0.529126,correct
6,/home/tahmid/crops/p24/p24_clearglass_low_001.jpg,p24,clearglass,low,0.8012171983718872,p24,0.603209,correct
6,/home/tahmid/crops/p24/p24_clearglass_low_002.jpg,p24,clearglass,low,0.8211584091186523,p24,0.614441,correct
6,/home/tahmid/crops/p24/p24_clearglass_low_003.jpg,p24,clearglass,low,0.7537933588027954,p24,0.559566,correct
6,/home/tahmid/crops/p24/p24_clearglass_low_004.jpg,p24,clearglass,low,0.8014992475509644,p24,0.564830,correct
6,/home/tahmid/crops/p24/p24_clearglass_low_005.jpg,p24,clearglass,low,0.6910918354988098,p24,0.515336,correct
6,/home/tahmid/crops/p24/p24_clearglass_low_006.jpg,p24,clearglass,low,0.7084600329399109,p24,0.534069,correct
6,/home/tahmid/crops/p24/p24_clearglass_low_007.jpg,p24,clearglass,low,0.8012171983718872,p24,0.603209,correct
6,/home/tahmid/crops/p24/p24_clearglass_low_008.jpg,p24,clearglass,low,0.8211584091186523,p24,0.614441,correct
6,/home/tahmid/crops/p24/p24_clearglass_low_009.jpg,p24,clearglass,low,0.7177978157997131,p24,0.530068,correct
6,/home/tahmid/crops/p24/p24_clearglass_low_010.jpg,p24,clearglass,low,0.7293847799301147,p24,0.533935,correct
6,/home/tahmid/crops/p24/p24_clearglass_low_011.jpg,p24,clearglass,low,0.7537933588027954,p24,0.559566,correct
6,/home/tahmid/crops/p24/p24_clearglass_low_012.jpg,p24,clearglass,low,0.6876706480979919,p24,0.515376,correct
6,/home/tahmid/crops/p24/p24_clearglass_low_013.jpg,p24,clearglass,low,0.6910918354988098,p24,0.515336,correct
6,/home/tahmid/crops/p24/p24_clearglass_low_014.jpg,p24,clearglass,low,0.7084600329399109,p24,0.534069,correct
6,/home/tahmid/crops/p24/p24_clearglass_regular_001.jpg,p24,clearglass,regular,0.818045973777771,p24,0.622283,correct
6,/home/tahmid/crops/p24/p24_clearglass_regular_002.jpg,p24,clearglass,regular,0.717886745929718,p24,0.522825,correct
6,/home/tahmid/crops/p24/p24_clearglass_regular_003.jpg,p24,clearglass,regular,0.7378005981445312,p24,0.542891,correct
6,/home/tahmid/crops/p24/p24_clearglass_regular_004.jpg,p24,clearglass,regular,0.7524622678756714,p24,0.553345,correct
6,/home/tahmid/crops/p24/p24_clearglass_regular_005.jpg,p24,clearglass,regular,0.7995544672012329,p24,0.555477,correct
6,/home/tahmid/crops/p24/p24_clearglass_regular_006.jpg,p24,clearglass,regular,0.673267126083374,p24,0.521971,correct
6,/home/tahmid/crops/p24/p24_clearglass_regular_007.jpg,p24,clearglass,regular,0.6870372891426086,p24,0.523189,correct
6,/home/tahmid/crops/p24/p24_clearglass_regular_008.jpg,p24,clearglass,regular,0.7399667501449585,p24,0.535841,correct
6,/home/tahmid/crops/p24/p24_clearglass_regular_009.jpg,p24,clearglass,regular,0.6926597356796265,p24,0.550767,correct
6,/home/tahmid/crops/p24/p24_clearglass_regular_010.jpg,p24,clearglass,regular,0.717886745929718,p24,0.522825,correct
6,/home/tahmid/crops/p24/p24_clearglass_regular_011.jpg,p24,clearglass,regular,0.7378005981445312,p24,0.542891,correct
6,/home/tahmid/crops/p24/p24_clearglass_regular_012.jpg,p24,clearglass,regular,0.7524622678756714,p24,0.553345,correct
6,/home/tahmid/crops/p24/p24_clearglass_regular_013.jpg,p24,clearglass,regular,0.7995544672012329,p24,0.555477,correct
6,/home/tahmid/crops/p24/p24_clearglass_regular_014.jpg,p24,clearglass,regular,0.673267126083374,p24,0.521971,correct
6,/home/tahmid/crops/p24/p24_mask_clearglass_low_001.jpg,p24,mask_clearglass,low,0.7491856813430786,p24,0.527397,correct
6,/home/tahmid/crops/p24/p24_mask_clearglass_low_002.jpg,p24,mask_clearglass,low,0.7358481884002686,p24,0.514695,correct
6,/home/tahmid/crops/p24/p24_mask_clearglass_low_003.jpg,p24,mask_clearglass,low,0.7149376273155212,p24,0.484602,correct
6,/home/tahmid/crops/p24/p24_mask_clearglass_low_004.jpg,p24,mask_clearglass,low,0.7767496109008789,p24,0.381357,correct
6,/home/tahmid/crops/p24/p24_mask_clearglass_low_005.jpg,p24,mask_clearglass,low,0.7312231063842773,p24,0.347696,correct
6,/home/tahmid/crops/p24/p24_mask_clearglass_low_006.jpg,p24,mask_clearglass,low,0.6712393760681152,p24,0.316802,correct
6,/home/tahmid/crops/p24/p24_mask_clearglass_low_007.jpg,p24,mask_clearglass,low,0.6342867016792297,p24,0.446619,correct
6,/home/tahmid/crops/p24/p24_mask_clearglass_low_008.jpg,p24,mask_clearglass,low,0.6242882013320923,p24,0.445241,correct
6,/home/tahmid/crops/p24/p24_mask_clearglass_low_009.jpg,p24,mask_clearglass,low,0.7149376273155212,p24,0.484602,correct
6,/home/tahmid/crops/p24/p24_mask_clearglass_low_010.jpg,p24,mask_clearglass,low,0.803112268447876,p24,0.369113,correct
6,/home/tahmid/crops/p24/p24_mask_clearglass_low_011.jpg,p24,mask_clearglass,low,0.7767496109008789,p24,0.381357,correct
6,/home/tahmid/crops/p24/p24_mask_clearglass_low_012.jpg,p24,mask_clearglass,low,0.7312231063842773,p24,0.347696,correct
6,/home/tahmid/crops/p24/p24_mask_clearglass_low_013.jpg,p24,mask_clearglass,low,0.6712393760681152,p24,0.316802,correct
6,/home/tahmid/crops/p24/p24_mask_clearglass_low_014.jpg,p24,mask_clearglass,low,0.6342867016792297,p24,0.446619,correct
6,/home/tahmid/crops/p24/p24_mask_clearglass_regular_001.jpg,p24,mask_clearglass,regular,0.7326309084892273,p24,0.523886,correct
6,/home/tahmid/crops/p24/p24_mask_clearglass_regular_002.jpg,p24,mask_clearglass,regular,0.7390068769454956,p24,0.510193,correct
6,/home/tahmid/crops/p24/p24_mask_clearglass_regular_003.jpg,p24,mask_clearglass,regular,0.6641554236412048,p24,0.471193,correct
6,/home/tahmid/crops/p24/p24_mask_clearglass_regular_004.jpg,p24,mask_clearglass,regular,0.7663407325744629,p24,0.376213,correct
6,/home/tahmid/crops/p24/p24_mask_clearglass_regular_005.jpg,p24,mask_clearglass,regular,0.7438965439796448,p24,0.401771,correct
6,/home/tahmid/crops/p24/p24_mask_clearglass_regular_006.jpg,p24,mask_clearglass,regular,0.7254140973091125,p24,0.335043,correct
6,/home/tahmid/crops/p24/p24_mask_clearglass_regular_007.jpg,p24,mask_clearglass,regular,0.6554710865020752,p24,0.326402,correct
6,/home/tahmid/crops/p24/p24_mask_clearglass_regular_008.jpg,p24,mask_clearglass,regular,0.6269292235374451,p24,0.476839,correct
6,/home/tahmid/crops/p24/p24_mask_clearglass_regular_009.jpg,p24,mask_clearglass,regular,0.7390068769454956,p24,0.510193,correct
6,/home/tahmid/crops/p24/p24_mask_clearglass_regular_010.jpg,p24,mask_clearglass,regular,0.7092698812484741,p24,0.487712,correct
6,/home/tahmid/crops/p24/p24_mask_clearglass_regular_011.jpg,p24,mask_clearglass,regular,0.7663407325744629,p24,0.376213,correct
6,/home/tahmid/crops/p24/p24_mask_clearglass_regular_012.jpg,p24,mask_clearglass,regular,0.7438965439796448,p24,0.401771,correct
6,/home/tahmid/crops/p24/p24_mask_clearglass_regular_013.jpg,p24,mask_clearglass,regular,0.6554710865020752,p24,0.326402,correct
6,/home/tahmid/crops/p24/p24_mask_clearglass_regular_014.jpg,p24,mask_clearglass,regular,0.6269292235374451,p24,0.476839,correct
6,/home/tahmid/crops/p24/p24_mask_low_001.jpg,p24,mask,low,0.7682241201400757,p24,0.546445,correct
6,/home/tahmid/crops/p24/p24_mask_low_002.jpg,p24,mask,low,0.8290153741836548,p24,0.509667,correct
6,/home/tahmid/crops/p24/p24_mask_low_003.jpg,p24,mask,low,0.7872222661972046,p24,0.521823,correct
6,/home/tahmid/crops/p24/p24_mask_low_004.jpg,p24,mask,low,0.7317637205123901,p24,0.420151,correct
6,/home/tahmid/crops/p24/p24_mask_low_005.jpg,p24,mask,low,0.6694672107696533,p24,0.358300,correct
6,/home/tahmid/crops/p24/p24_mask_low_006.jpg,p24,mask,low,0.6327787637710571,p24,0.506249,correct
6,/home/tahmid/crops/p24/p24_mask_low_007.jpg,p24,mask,low,0.8501101732254028,p24,0.554506,correct
6,/home/tahmid/crops/p24/p24_mask_low_008.jpg,p24,mask,low,0.7682241201400757,p24,0.546445,correct
6,/home/tahmid/crops/p24/p24_mask_low_009.jpg,p24,mask,low,0.7317637205123901,p24,0.420151,correct
6,/home/tahmid/crops/p24/p24_mask_low_010.jpg,p24,mask,low,0.751155436038971,p24,0.360764,correct
6,/home/tahmid/crops/p24/p24_mask_low_011.jpg,p24,mask,low,0.6694672107696533,p24,0.358300,correct
6,/home/tahmid/crops/p24/p24_mask_low_012.jpg,p24,mask,low,0.7056247591972351,p24,0.361556,correct
6,/home/tahmid/crops/p24/p24_mask_low_013.jpg,p24,mask,low,0.7077454924583435,p24,0.494565,correct
6,/home/tahmid/crops/p24/p24_mask_low_014.jpg,p24,mask,low,0.6327787637710571,p24,0.506249,correct
6,/home/tahmid/crops/p24/p24_mask_regular_001.jpg,p24,mask,regular,0.8419128656387329,p24,0.556615,correct
6,/home/tahmid/crops/p24/p24_mask_regular_002.jpg,p24,mask,regular,0.8354436159133911,p24,0.526480,correct
6,/home/tahmid/crops/p24/p24_mask_regular_003.jpg,p24,mask,regular,0.7911971807479858,p24,0.535134,correct
6,/home/tahmid/crops/p24/p24_mask_regular_004.jpg,p24,mask,regular,0.7308096885681152,p24,0.430114,correct
6,/home/tahmid/crops/p24/p24_mask_regular_005.jpg,p24,mask,regular,0.7498903274536133,p24,0.325672,correct
6,/home/tahmid/crops/p24/p24_mask_regular_006.jpg,p24,mask,regular,0.6553725004196167,p24,0.336369,correct
6,/home/tahmid/crops/p24/p24_mask_regular_007.jpg,p24,mask,regular,0.706246018409729,p24,0.502506,correct
6,/home/tahmid/crops/p24/p24_mask_regular_008.jpg,p24,mask,regular,0.8419128656387329,p24,0.556615,correct
6,/home/tahmid/crops/p24/p24_mask_regular_009.jpg,p24,mask,regular,0.7620846033096313,p24,0.553397,correct
6,/home/tahmid/crops/p24/p24_mask_regular_010.jpg,p24,mask,regular,0.8354436159133911,p24,0.526480,correct
6,/home/tahmid/crops/p24/p24_mask_regular_011.jpg,p24,mask,regular,0.7911971807479858,p24,0.535134,correct
6,/home/tahmid/crops/p24/p24_mask_regular_012.jpg,p24,mask,regular,0.6553725004196167,p24,0.336369,correct
6,/home/tahmid/crops/p24/p24_mask_regular_013.jpg,p24,mask,regular,0.6950923204421997,p24,0.335046,correct
6,/home/tahmid/crops/p24/p24_mask_regular_014.jpg,p24,mask,regular,0.706246018409729,p24,0.502506,correct
6,/home/tahmid/crops/p24/p24_mask_sunglass_low_001.jpg,p24,mask_sunglass,low,0.8040729761123657,p24,0.397447,correct
6,/home/tahmid/crops/p24/p24_mask_sunglass_low_002.jpg,p24,mask_sunglass,low,0.7815420031547546,p24,0.444659,correct
6,/home/tahmid/crops/p24/p24_mask_sunglass_low_003.jpg,p24,mask_sunglass,low,0.8119202852249146,p24,0.422643,correct
6,/home/tahmid/crops/p24/p24_mask_sunglass_low_004.jpg,p24,mask_sunglass,low,0.7004226446151733,p24,0.331354,correct
6,/home/tahmid/crops/p24/p24_mask_sunglass_low_005.jpg,p24,mask_sunglass,low,0.7937989830970764,p24,0.336869,correct
6,/home/tahmid/crops/p24/p24_mask_sunglass_low_006.jpg,p24,mask_sunglass,low,0.7369312644004822,p24,0.338927,correct
6,/home/tahmid/crops/p24/p24_mask_sunglass_low_007.jpg,p24,mask_sunglass,low,0.683504581451416,p24,0.427876,correct
6,/home/tahmid/crops/p24/p24_mask_sunglass_low_008.jpg,p24,mask_sunglass,low,0.7815420031547546,p24,0.444659,correct
6,/home/tahmid/crops/p24/p24_mask_sunglass_low_009.jpg,p24,mask_sunglass,low,0.8119202852249146,p24,0.422643,correct
6,/home/tahmid/crops/p24/p24_mask_sunglass_low_010.jpg,p24,mask_sunglass,low,0.7011860609054565,p24,0.330005,correct
6,/home/tahmid/crops/p24/p24_mask_sunglass_low_011.jpg,p24,mask_sunglass,low,0.79921954870224,p24,0.243354,rejected
6,/home/tahmid/crops/p24/p24_mask_sunglass_low_012.jpg,p24,mask_sunglass,low,0.8068321943283081,p24,0.210400,rejected
6,/home/tahmid/crops/p24/p24_mask_sunglass_low_013.jpg,p24,mask_sunglass,low,0.7369312644004822,p24,0.338927,correct
6,/home/tahmid/crops/p24/p24_mask_sunglass_low_014.jpg,p24,mask_sunglass,low,0.6418255567550659,p24,0.452826,correct
6,/home/tahmid/crops/p24/p24_mask_sunglass_regular_001.jpg,p24,mask_sunglass,regular,0.7805217504501343,p24,0.429896,correct
6,/home/tahmid/crops/p24/p24_mask_sunglass_regular_002.jpg,p24,mask_sunglass,regular,0.6942784786224365,p24,0.304728,correct
6,/home/tahmid/crops/p24/p24_mask_sunglass_regular_003.jpg,p24,mask_sunglass,regular,0.8025469183921814,p24,0.204981,rejected
6,/home/tahmid/crops/p24/p24_mask_sunglass_regular_004.jpg,p24,mask_sunglass,regular,0.8103768229484558,p24,0.195098,rejected
6,/home/tahmid/crops/p24/p24_mask_sunglass_regular_005.jpg,p24,mask_sunglass,regular,0.7377626895904541,p24,0.381311,correct
6,/home/tahmid/crops/p24/p24_mask_sunglass_regular_006.jpg,p24,mask_sunglass,regular,0.6372856497764587,p24,0.450238,correct
6,/home/tahmid/crops/p24/p24_mask_sunglass_regular_007.jpg,p24,mask_sunglass,regular,0.6792292594909668,p24,0.426795,correct
6,/home/tahmid/crops/p24/p24_mask_sunglass_regular_008.jpg,p24,mask_sunglass,regular,0.7805217504501343,p24,0.429896,correct
6,/home/tahmid/crops/p24/p24_mask_sunglass_regular_009.jpg,p24,mask_sunglass,regular,0.6942784786224365,p24,0.304728,correct
6,/home/tahmid/crops/p24/p24_mask_sunglass_regular_010.jpg,p24,mask_sunglass,regular,0.6975691318511963,p24,0.345497,correct
6,/home/tahmid/crops/p24/p24_mask_sunglass_regular_011.jpg,p24,mask_sunglass,regular,0.8025469183921814,p24,0.204981,rejected
6,/home/tahmid/crops/p24/p24_mask_sunglass_regular_012.jpg,p24,mask_sunglass,regular,0.8103768229484558,p24,0.195098,rejected
6,/home/tahmid/crops/p24/p24_mask_sunglass_regular_013.jpg,p24,mask_sunglass,regular,0.7377626895904541,p24,0.381311,correct
6,/home/tahmid/crops/p24/p24_mask_sunglass_regular_014.jpg,p24,mask_sunglass,regular,0.6792292594909668,p24,0.426795,correct
6,/home/tahmid/crops/p24/p24_none_low_004.jpg,p24,none,low,0.7728843688964844,p24,0.619870,correct
6,/home/tahmid/crops/p24/p24_none_low_005.jpg,p24,none,low,0.7372277975082397,p24,0.563796,correct
6,/home/tahmid/crops/p24/p24_none_low_006.jpg,p24,none,low,0.7656841278076172,p24,0.569916,correct
6,/home/tahmid/crops/p24/p24_none_low_007.jpg,p24,none,low,0.6949275135993958,p24,0.572468,correct
6,/home/tahmid/crops/p24/p24_none_low_008.jpg,p24,none,low,0.7230839729309082,p24,0.595435,correct
6,/home/tahmid/crops/p24/p24_none_low_012.jpg,p24,none,low,0.7728843688964844,p24,0.619870,correct
6,/home/tahmid/crops/p24/p24_none_low_013.jpg,p24,none,low,0.8146108388900757,p24,0.619625,correct
6,/home/tahmid/crops/p24/p24_none_low_014.jpg,p24,none,low,0.7372277975082397,p24,0.563796,correct
6,/home/tahmid/crops/p24/p24_none_low_015.jpg,p24,none,low,0.6949275135993958,p24,0.572468,correct
6,/home/tahmid/crops/p24/p24_none_regular_005.jpg,p24,none,regular,0.7812004089355469,p24,0.622160,correct
6,/home/tahmid/crops/p24/p24_none_regular_006.jpg,p24,none,regular,0.8141198754310608,p24,0.627436,correct
6,/home/tahmid/crops/p24/p24_none_regular_007.jpg,p24,none,regular,0.7368853688240051,p24,0.553730,correct
6,/home/tahmid/crops/p24/p24_none_regular_008.jpg,p24,none,regular,0.7579455375671387,p24,0.557561,correct
6,/home/tahmid/crops/p24/p24_none_regular_012.jpg,p24,none,regular,0.7812004089355469,p24,0.622160,correct
6,/home/tahmid/crops/p24/p24_none_regular_013.jpg,p24,none,regular,0.7368853688240051,p24,0.553730,correct
6,/home/tahmid/crops/p24/p24_none_regular_014.jpg,p24,none,regular,0.689826488494873,p24,0.577975,correct
6,/home/tahmid/crops/p24/p24_none_regular_015.jpg,p24,none,regular,0.7165634632110596,p24,0.588499,correct
6,/home/tahmid/crops/p24/p24_sunglass_low_001.jpg,p24,sunglass,low,0.7865579128265381,p24,0.593821,correct
6,/home/tahmid/crops/p24/p24_sunglass_low_002.jpg,p24,sunglass,low,0.7894564270973206,p24,0.589821,correct
6,/home/tahmid/crops/p24/p24_sunglass_low_003.jpg,p24,sunglass,low,0.7736635804176331,p24,0.609542,correct
6,/home/tahmid/crops/p24/p24_sunglass_low_004.jpg,p24,sunglass,low,0.6798879504203796,p24,0.549333,correct
6,/home/tahmid/crops/p24/p24_sunglass_low_005.jpg,p24,sunglass,low,0.71759033203125,p24,0.548069,correct
6,/home/tahmid/crops/p24/p24_sunglass_low_006.jpg,p24,sunglass,low,0.7792174220085144,p24,0.526809,correct
6,/home/tahmid/crops/p24/p24_sunglass_low_007.jpg,p24,sunglass,low,0.6800854206085205,p24,0.548259,correct
6,/home/tahmid/crops/p24/p24_sunglass_low_008.jpg,p24,sunglass,low,0.7214992046356201,p24,0.560041,correct
6,/home/tahmid/crops/p24/p24_sunglass_low_009.jpg,p24,sunglass,low,0.7736635804176331,p24,0.609542,correct
6,/home/tahmid/crops/p24/p24_sunglass_low_010.jpg,p24,sunglass,low,0.6798879504203796,p24,0.549333,correct
6,/home/tahmid/crops/p24/p24_sunglass_low_011.jpg,p24,sunglass,low,0.7833988666534424,p24,0.544830,correct
6,/home/tahmid/crops/p24/p24_sunglass_low_012.jpg,p24,sunglass,low,0.7552036046981812,p24,0.534236,correct
6,/home/tahmid/crops/p24/p24_sunglass_low_013.jpg,p24,sunglass,low,0.7302082180976868,p24,0.518596,correct
6,/home/tahmid/crops/p24/p24_sunglass_low_014.jpg,p24,sunglass,low,0.6800854206085205,p24,0.548259,correct
6,/home/tahmid/crops/p24/p24_sunglass_low_015.jpg,p24,sunglass,low,0.7214992046356201,p24,0.560041,correct
6,/home/tahmid/crops/p24/p24_sunglass_regular_001.jpg,p24,sunglass,regular,0.7792963981628418,p24,0.586294,correct
6,/home/tahmid/crops/p24/p24_sunglass_regular_002.jpg,p24,sunglass,regular,0.7651910185813904,p24,0.607609,correct
6,/home/tahmid/crops/p24/p24_sunglass_regular_003.jpg,p24,sunglass,regular,0.6665433645248413,p24,0.563092,correct
6,/home/tahmid/crops/p24/p24_sunglass_regular_004.jpg,p24,sunglass,regular,0.7084611654281616,p24,0.565243,correct
6,/home/tahmid/crops/p24/p24_sunglass_regular_005.jpg,p24,sunglass,regular,0.7818171977996826,p24,0.531681,correct
6,/home/tahmid/crops/p24/p24_sunglass_regular_006.jpg,p24,sunglass,regular,0.7792311906814575,p24,0.530781,correct
6,/home/tahmid/crops/p24/p24_sunglass_regular_007.jpg,p24,sunglass,regular,0.7277122735977173,p24,0.520670,correct
6,/home/tahmid/crops/p24/p24_sunglass_regular_008.jpg,p24,sunglass,regular,0.7213810086250305,p24,0.556631,correct
6,/home/tahmid/crops/p24/p24_sunglass_regular_009.jpg,p24,sunglass,regular,0.7651910185813904,p24,0.607609,correct
6,/home/tahmid/crops/p24/p24_sunglass_regular_010.jpg,p24,sunglass,regular,0.6665433645248413,p24,0.563092,correct
6,/home/tahmid/crops/p24/p24_sunglass_regular_011.jpg,p24,sunglass,regular,0.7818171977996826,p24,0.531681,correct
6,/home/tahmid/crops/p24/p24_sunglass_regular_012.jpg,p24,sunglass,regular,0.7537637948989868,p24,0.528217,correct
6,/home/tahmid/crops/p24/p24_sunglass_regular_013.jpg,p24,sunglass,regular,0.7277122735977173,p24,0.520670,correct
6,/home/tahmid/crops/p24/p24_sunglass_regular_014.jpg,p24,sunglass,regular,0.6957907676696777,p24,0.566909,correct
6,/home/tahmid/crops/p24/p24_sunglass_regular_015.jpg,p24,sunglass,regular,0.7213810086250305,p24,0.556631,correct
