fold,crop_path,person_id,occlusion,lighting,det_score,pred_person,score,outcome
1,/home/tahmid/crops/p11/p11_cap_low_001.jpg,p11,cap,low,0.7079179286956787,p11,0.543263,correct
1,/home/tahmid/crops/p11/p11_cap_low_002.jpg,p11,cap,low,0.8019769191741943,p11,0.548153,correct
1,/home/tahmid/crops/p11/p11_cap_low_003.jpg,p11,cap,low,0.7562605142593384,p11,0.566437,correct
1,/home/tahmid/crops/p11/p11_cap_low_004.jpg,p11,cap,low,0.7168989777565002,p11,0.570265,correct
1,/home/tahmid/crops/p11/p11_cap_low_005.jpg,p11,cap,low,0.7993367910385132,p11,0.591346,correct
1,/home/tahmid/crops/p11/p11_cap_low_006.jpg,p11,cap,low,0.7362942695617676,p11,0.588238,correct
1,/home/tahmid/crops/p11/p11_cap_low_007.jpg,p11,cap,low,0.5882084965705872,p11,0.476937,correct
1,/home/tahmid/crops/p11/p11_cap_low_008.jpg,p11,cap,low,0.6691932678222656,p11,0.541112,correct
1,/home/tahmid/crops/p11/p11_cap_low_009.jpg,p11,cap,low,0.7982763051986694,p11,0.543288,correct
1,/home/tahmid/crops/p11/p11_cap_low_010.jpg,p11,cap,low,0.7451376914978027,p11,0.554211,correct
1,/home/tahmid/crops/p11/p11_cap_low_011.jpg,p11,cap,low,0.5972597002983093,p11,0.489732,correct
1,/home/tahmid/crops/p11/p11_cap_low_012.jpg,p11,cap,low,0.7423796057701111,p11,0.582430,correct
1,/home/tahmid/crops/p11/p11_cap_regular_001.jpg,p11,cap,regular,0.7770774960517883,p11,0.589276,correct
1,/home/tahmid/crops/p11/p11_cap_regular_002.jpg,p11,cap,regular,0.7462596893310547,p11,0.575942,correct
1,/home/tahmid/crops/p11/p11_cap_regular_003.jpg,p11,cap,regular,0.7609689235687256,p11,0.574590,correct
1,/home/tahmid/crops/p11/p11_cap_regular_004.jpg,p11,cap,regular,0.7158608436584473,p11,0.556012,correct
1,/home/tahmid/crops/p11/p11_cap_regular_005.jpg,p11,cap,regular,0.7471601366996765,p11,0.543408,correct
1,/home/tahmid/crops/p11/p11_cap_regular_006.jpg,p11,cap,regular,0.8226636648178101,p11,0.545131,correct
1,/home/tahmid/crops/p11/p11_cap_regular_007.jpg,p11,cap,regular,0.8128874897956848,p11,0.557256,correct
1,/home/tahmid/crops/p11/p11_cap_regular_008.jpg,p11,cap,regular,0.6883282661437988,p11,0.395857,correct
1,/home/tahmid/crops/p11/p11_cap_regular_009.jpg,p11,cap,regular,0.6312137842178345,p11,0.362022,correct
1,/home/tahmid/crops/p11/p11_clearglass_low_001.jpg,p11,clearglass,low,0.7702842950820923,p11,0.559185,correct
1,/home/tahmid/crops/p11/p11_clearglass_low_002.jpg,p11,clearglass,low,0.7805904150009155,p11,0.562912,correct
1,/home/tahmid/crops/p11/p11_clearglass_low_003.jpg,p11,clearglass,low,0.7873082160949707,p11,0.536731,correct
1,/home/tahmid/crops/p11/p11_clearglass_low_004.jpg,p11,clearglass,low,0.81226646900177,p11,0.536658,correct
1,/home/tahmid/crops/p11/p11_clearglass_low_005.jpg,p11,clearglass,low,0.8377690315246582,p11,0.518287,correct
1,/home/tahmid/crops/p11/p11_clearglass_low_006.jpg,p11,clearglass,low,0.8094279170036316,p11,0.543367,correct
1,/home/tahmid/crops/p11/p11_clearglass_low_007.jpg,p11,clearglass,low,0.7708039283752441,p11,0.530926,correct
1,/home/tahmid/crops/p11/p11_clearglass_low_008.jpg,p11,clearglass,low,0.7708039283752441,p11,0.530926,correct
1,/home/tahmid/crops/p11/p11_clearglass_low_009.jpg,p11,clearglass,low,0.8332832455635071,p11,0.522395,correct
1,/home/tahmid/crops/p11/p11_clearglass_low_010.jpg,p11,clearglass,low,0.6506383419036865,p11,0.487372,correct
1,/home/tahmid/crops/p11/p11_clearglass_low_011.jpg,p11,clearglass,low,0.7181292772293091,p11,0.525264,correct
1,/home/tahmid/crops/p11/p11_clearglass_low_012.jpg,p11,clearglass,low,0.6524538397789001,p11,0.534233,correct
1,/home/tahmid/crops/p11/p11_clearglass_regular_001.jpg,p11,clearglass,regular,0.8415924310684204,p11,0.528200,correct
1,/home/tahmid/crops/p11/p11_clearglass_regular_002.jpg,p11,clearglass,regular,0.8336607217788696,p11,0.515734,correct
1,/home/tahmid/crops/p11/p11_clearglass_regular_003.jpg,p11,clearglass,regular,0.8304774761199951,p11,0.571408,correct
1,/home/tahmid/crops/p11/p11_clearglass_regular_004.jpg,p11,clearglass,regular,0.8596950173377991,p11,0.564241,correct
1,/home/tahmid/crops/p11/p11_clearglass_regular_005.jpg,p11,clearglass,regular,0.7399423718452454,p11,0.503716,correct
1,/home/tahmid/crops/p11/p11_clearglass_regular_006.jpg,p11,clearglass,regular,0.7505893111228943,p11,0.514637,correct
1,/home/tahmid/crops/p11/p11_clearglass_regular_007.jpg,p11,clearglass,regular,0.8454840183258057,p11,0.530670,correct
1,/home/tahmid/crops/p11/p11_clearglass_regular_008.jpg,p11,clearglass,regular,0.8381406664848328,p11,0.526524,correct
1,/home/tahmid/crops/p11/p11_clearglass_regular_009.jpg,p11,clearglass,regular,0.6564746499061584,p11,0.474188,correct
1,/home/tahmid/crops/p11/p11_clearglass_regular_010.jpg,p11,clearglass,regular,0.6661376357078552,p11,0.474420,correct
1,/home/tahmid/crops/p11/p11_mask_clearglass_low_001.jpg,p11,mask_clearglass,low,0.72691810131073,p11,0.364365,correct
1,/home/tahmid/crops/p11/p11_mask_clearglass_low_002.jpg,p11,mask_clearglass,low,0.6763578057289124,p11,0.377047,correct
1,/home/tahmid/crops/p11/p11_mask_clearglass_low_003.jpg,p11,mask_clearglass,low,0.6701844334602356,p11,0.370840,correct
1,/home/tahmid/crops/p11/p11_mask_clearglass_low_004.jpg,p11,mask_clearglass,low,0.7787363529205322,p11,0.375201,correct
1,/home/tahmid/crops/p11/p11_mask_clearglass_low_005.jpg,p11,mask_clearglass,low,0.7350378036499023,p11,0.402717,correct
1,/home/tahmid/crops/p11/p11_mask_clearglass_low_006.jpg,p11,mask_clearglass,low,0.6101403832435608,p11,0.420613,correct
1,/home/tahmid/crops/p11/p11_mask_clearglass_low_007.jpg,p11,mask_clearglass,low,0.6831038594245911,p11,0.411185,correct
1,/home/tahmid/crops/p11/p11_mask_clearglass_low_008.jpg,p11,mask_clearglass,low,0.7101454734802246,p11,0.415288,correct
1,/home/tahmid/crops/p11/p11_mask_clearglass_low_009.jpg,p11,mask_clearglass,low,0.6905707716941833,p11,0.419064,correct
1,/home/tahmid/crops/p11/p11_mask_clearglass_low_010.jpg,p11,mask_clearglass,low,0.7293691635131836,p11,0.433869,correct
1,/home/tahmid/crops/p11/p11_mask_clearglass_low_011.jpg,p11,mask_clearglass,low,0.7293691635131836,p11,0.433869,correct
1,/home/tahmid/crops/p11/p11_mask_clearglass_regular_001.jpg,p11,mask_clearglass,regular,0.7339438199996948,p11,0.464147,correct
1,/home/tahmid/crops/p11/p11_mask_clearglass_regular_002.jpg,p11,mask_clearglass,regular,0.6903995275497437,p11,0.463919,correct
1,/home/tahmid/crops/p11/p11_mask_clearglass_regular_003.jpg,p11,mask_clearglass,regular,0.792949914932251,p11,0.432840,correct
1,/home/tahmid/crops/p11/p11_mask_clearglass_regular_004.jpg,p11,mask_clearglass,regular,0.7784926891326904,p11,0.421401,correct
1,/home/tahmid/crops/p11/p11_mask_clearglass_regular_005.jpg,p11,mask_clearglass,regular,0.7149061560630798,p11,0.407490,correct
1,/home/tahmid/crops/p11/p11_mask_clearglass_regular_006.jpg,p11,mask_clearglass,regular,0.7460895776748657,p11,0.425783,correct
1,/home/tahmid/crops/p11/p11_mask_clearglass_regular_007.jpg,p11,mask_clearglass,regular,0.795886754989624,p11,0.426213,correct
1,/home/tahmid/crops/p11/p11_mask_clearglass_regular_008.jpg,p11,mask_clearglass,regular,0.8123502135276794,p11,0.417399,correct
1,/home/tahmid/crops/p11/p11_mask_clearglass_regular_009.jpg,p11,mask_clearglass,regular,0.6980889439582825,p11,0.374492,correct
1,/home/tahmid/crops/p11/p11_mask_clearglass_regular_010.jpg,p11,mask_clearglass,regular,0.726985514163971,p11,0.390140,correct
1,/home/tahmid/crops/p11/p11_mask_low_001.jpg,p11,mask,low,0.7537403106689453,p11,0.517968,correct
1,/home/tahmid/crops/p11/p11_mask_low_002.jpg,p11,mask,low,0.7162938117980957,p11,0.514623,correct
1,/home/tahmid/crops/p11/p11_mask_low_003.jpg,p11,mask,low,0.6746217608451843,p11,0.511440,correct
1,/home/tahmid/crops/p11/p11_mask_low_004.jpg,p11,mask,low,0.7127043008804321,p11,0.515129,correct
1,/home/tahmid/crops/p11/p11_mask_low_005.jpg,p11,mask,low,0.7504253387451172,p11,0.529721,correct
1,/home/tahmid/crops/p11/p11_mask_low_006.jpg,p11,mask,low,0.68226158618927,p11,0.517858,correct
1,/home/tahmid/crops/p11/p11_mask_low_007.jpg,p11,mask,low,0.7063694596290588,p11,0.506099,correct
1,/home/tahmid/crops/p11/p11_mask_low_008.jpg,p11,mask,low,0.686184287071228,p11,0.506760,correct
1,/home/tahmid/crops/p11/p11_mask_low_009.jpg,p11,mask,low,0.6814177632331848,p11,0.511622,correct
1,/home/tahmid/crops/p11/p11_mask_low_010.jpg,p11,mask,low,0.6997928023338318,p11,0.513906,correct
1,/home/tahmid/crops/p11/p11_mask_low_011.jpg,p11,mask,low,0.7170202732086182,p11,0.494502,correct
1,/home/tahmid/crops/p11/p11_mask_low_012.jpg,p11,mask,low,0.6949677467346191,p11,0.489927,correct
1,/home/tahmid/crops/p11/p11_mask_low_013.jpg,p11,mask,low,0.6917451620101929,p11,0.513879,correct
1,/home/tahmid/crops/p11/p11_mask_regular_001.jpg,p11,mask,regular,0.6823979020118713,p11,0.537088,correct
1,/home/tahmid/crops/p11/p11_mask_regular_002.jpg,p11,mask,regular,0.6720794439315796,p11,0.521743,correct
1,/home/tahmid/crops/p11/p11_mask_regular_003.jpg,p11,mask,regular,0.6720794439315796,p11,0.521743,correct
1,/home/tahmid/crops/p11/p11_mask_regular_004.jpg,p11,mask,regular,0.7618401050567627,p11,0.484236,correct
1,/home/tahmid/crops/p11/p11_mask_regular_005.jpg,p11,mask,regular,0.7180430889129639,p11,0.498323,correct
1,/home/tahmid/crops/p11/p11_mask_regular_006.jpg,p11,mask,regular,0.7180430889129639,p11,0.498323,correct
1,/home/tahmid/crops/p11/p11_mask_regular_007.jpg,p11,mask,regular,0.7322685122489929,p11,0.539877,correct
1,/home/tahmid/crops/p11/p11_mask_regular_008.jpg,p11,mask,regular,0.7322685122489929,p11,0.539877,correct
1,/home/tahmid/crops/p11/p11_mask_regular_009.jpg,p11,mask,regular,0.7697840929031372,p11,0.541249,correct
1,/home/tahmid/crops/p11/p11_mask_regular_010.jpg,p11,mask,regular,0.7318145036697388,p11,0.508291,correct
1,/home/tahmid/crops/p11/p11_mask_regular_011.jpg,p11,mask,regular,0.7318145036697388,p11,0.508291,correct
1,/home/tahmid/crops/p11/p11_mask_regular_012.jpg,p11,mask,regular,0.747473955154419,p11,0.495291,correct
1,/home/tahmid/crops/p11/p11_mask_sunglass_low_001.jpg,p11,mask_sunglass,low,0.6023896932601929,p04,0.318509,misidentified
1,/home/tahmid/crops/p11/p11_mask_sunglass_low_002.jpg,p11,mask_sunglass,low,0.5980594754219055,p04,0.315374,misidentified
1,/home/tahmid/crops/p11/p11_mask_sunglass_low_003.jpg,p11,mask_sunglass,low,0.7099156975746155,p11,0.215731,rejected
1,/home/tahmid/crops/p11/p11_mask_sunglass_low_004.jpg,p11,mask_sunglass,low,0.6450034976005554,p14,0.209959,rejected
1,/home/tahmid/crops/p11/p11_mask_sunglass_low_005.jpg,p11,mask_sunglass,low,0.5436973571777344,p04,0.237647,rejected
1,/home/tahmid/crops/p11/p11_mask_sunglass_low_006.jpg,p11,mask_sunglass,low,0.680640697479248,p04,0.322246,misidentified
1,/home/tahmid/crops/p11/p11_mask_sunglass_low_007.jpg,p11,mask_sunglass,low,0.691769003868103,p11,0.341654,correct
1,/home/tahmid/crops/p11/p11_mask_sunglass_low_008.jpg,p11,mask_sunglass,low,0.6708835959434509,p11,0.351660,correct
1,/home/tahmid/crops/p11/p11_mask_sunglass_low_009.jpg,p11,mask_sunglass,low,0.601006805896759,p11,0.359857,correct
1,/home/tahmid/crops/p11/p11_mask_sunglass_low_010.jpg,p11,mask_sunglass,low,0.6874117851257324,p11,0.381437,correct
1,/home/tahmid/crops/p11/p11_mask_sunglass_low_011.jpg,p11,mask_sunglass,low,0.6416504383087158,p04,0.327665,misidentified
1,/home/tahmid/crops/p11/p11_mask_sunglass_low_012.jpg,p11,mask_sunglass,low,0.7173484563827515,p11,0.338516,correct
1,/home/tahmid/crops/p11/p11_mask_sunglass_low_013.jpg,p11,mask_sunglass,low,0.7173484563827515,p11,0.338516,correct
1,/home/tahmid/crops/p11/p11_mask_sunglass_low_014.jpg,p11,mask_sunglass,low,0.702408492565155,p11,0.322537,correct
1,/home/tahmid/crops/p11/p11_mask_sunglass_low_015.jpg,p11,mask_sunglass,low,0.7016059160232544,p11,0.359747,correct
1,/home/tahmid/crops/p11/p11_mask_sunglass_regular_001.jpg,p11,mask_sunglass,regular,0.6795830726623535,p11,0.409759,correct
1,/home/tahmid/crops/p11/p11_mask_sunglass_regular_002.jpg,p11,mask_sunglass,regular,0.6442300081253052,p11,0.383089,correct
1,/home/tahmid/crops/p11/p11_mask_sunglass_regular_003.jpg,p11,mask_sunglass,regular,0.6232380867004395,p11,0.384789,correct
1,/home/tahmid/crops/p11/p11_mask_sunglass_regular_004.jpg,p11,mask_sunglass,regular,0.7327327728271484,p11,0.328444,correct
1,/home/tahmid/crops/p11/p11_mask_sunglass_regular_005.jpg,p11,mask_sunglass,regular,0.7214915752410889,p11,0.325756,correct
1,/home/tahmid/crops/p11/p11_mask_sunglass_regular_006.jpg,p11,mask_sunglass,regular,0.7793900370597839,p04,0.319342,misidentified
1,/home/tahmid/crops/p11/p11_mask_sunglass_regular_007.jpg,p11,mask_sunglass,regular,0.7816956639289856,p11,0.325991,correct
1,/home/tahmid/crops/p11/p11_mask_sunglass_regular_008.jpg,p11,mask_sunglass,regular,0.7801088094711304,p11,0.322767,correct
1,/home/tahmid/crops/p11/p11_mask_sunglass_regular_009.jpg,p11,mask_sunglass,regular,0.7652925252914429,p11,0.345590,correct
1,/home/tahmid/crops/p11/p11_mask_sunglass_regular_010.jpg,p11,mask_sunglass,regular,0.7876821160316467,p11,0.248864,rejected
1,/home/tahmid/crops/p11/p11_mask_sunglass_regular_011.jpg,p11,mask_sunglass,regular,0.7217394709587097,p04,0.276959,rejected
1,/home/tahmid/crops/p11/p11_mask_sunglass_regular_012.jpg,p11,mask_sunglass,regular,0.8112187385559082,p04,0.268417,rejected
1,/home/tahmid/crops/p11/p11_mask_sunglass_regular_013.jpg,p11,mask_sunglass,regular,0.7032683491706848,p04,0.300532,misidentified
1,/home/tahmid/crops/p11/p11_mask_sunglass_regular_014.jpg,p11,mask_sunglass,regular,0.67757248878479,p11,0.318924,correct
1,/home/tahmid/crops/p11/p11_mask_sunglass_regular_015.jpg,p11,mask_sunglass,regular,0.6542897820472717,p04,0.287009,rejected
1,/home/tahmid/crops/p11/p11_none_low_001.jpg,p11,none,low,0.7362452149391174,p11,0.616333,correct
1,/home/tahmid/crops/p11/p11_none_low_002.jpg,p11,none,low,0.8045090436935425,p11,0.621967,correct
1,/home/tahmid/crops/p11/p11_none_low_003.jpg,p11,none,low,0.7990238666534424,p11,0.622179,correct
1,/home/tahmid/crops/p11/p11_none_low_004.jpg,p11,none,low,0.8146848082542419,p11,0.561941,correct
1,/home/tahmid/crops/p11/p11_none_low_005.jpg,p11,none,low,0.8076127767562866,p11,0.559219,correct
1,/home/tahmid/crops/p11/p11_none_low_006.jpg,p11,none,low,0.8145079612731934,p11,0.564948,correct
1,/home/tahmid/crops/p11/p11_none_low_007.jpg,p11,none,low,0.7874374985694885,p11,0.578775,correct
1,/home/tahmid/crops/p11/p11_none_low_008.jpg,p11,none,low,0.8013805150985718,p11,0.566641,correct
1,/home/tahmid/crops/p11/p11_none_low_009.jpg,p11,none,low,0.772864580154419,p11,0.584017,correct
1,/home/tahmid/crops/p11/p11_none_low_010.jpg,p11,none,low,0.7258551716804504,p11,0.609253,correct
1,/home/tahmid/crops/p11/p11_none_low_011.jpg,p11,none,low,0.7014052271842957,p11,0.594522,correct
1,/home/tahmid/crops/p11/p11_none_low_012.jpg,p11,none,low,0.7063797116279602,p11,0.566220,correct
1,/home/tahmid/crops/p11/p11_none_low_013.jpg,p11,none,low,0.6820128560066223,p11,0.460812,correct
1,/home/tahmid/crops/p11/p11_none_low_014.jpg,p11,none,low,0.6576775908470154,p11,0.465286,correct
1,/home/tahmid/crops/p11/p11_none_low_015.jpg,p11,none,low,0.7047129273414612,p11,0.499965,correct
1,/home/tahmid/crops/p11/p11_none_regular_001.jpg,p11,none,regular,0.7947427034378052,p11,0.567797,correct
1,/home/tahmid/crops/p11/p11_none_regular_002.jpg,p11,none,regular,0.7797098159790039,p11,0.556172,correct
1,/home/tahmid/crops/p11/p11_none_regular_003.jpg,p11,none,regular,0.8201572895050049,p11,0.556624,correct
1,/home/tahmid/crops/p11/p11_none_regular_007.jpg,p11,none,regular,0.7825818061828613,p11,0.596205,correct
1,/home/tahmid/crops/p11/p11_none_regular_008.jpg,p11,none,regular,0.7887415885925293,p11,0.583996,correct
1,/home/tahmid/crops/p11/p11_none_regular_009.jpg,p11,none,regular,0.8504433631896973,p11,0.596753,correct
1,/home/tahmid/crops/p11/p11_none_regular_010.jpg,p11,none,regular,0.8471106290817261,p11,0.595948,correct
1,/home/tahmid/crops/p11/p11_none_regular_011.jpg,p11,none,regular,0.8636842966079712,p11,0.592883,correct
1,/home/tahmid/crops/p11/p11_none_regular_012.jpg,p11,none,regular,0.8697143197059631,p11,0.593474,correct
1,/home/tahmid/crops/p11/p11_none_regular_013.jpg,p11,none,regular,0.7109270691871643,p11,0.484207,correct
1,/home/tahmid/crops/p11/p11_none_regular_014.jpg,p11,none,regular,0.7303512692451477,p11,0.461626,correct
1,/home/tahmid/crops/p11/p11_none_regular_015.jpg,p11,none,regular,0.717727541923523,p11,0.458886,correct
1,/home/tahmid/crops/p11/p11_scarf_low_001.jpg,p11,scarf,low,0.8503615856170654,p11,0.568306,correct
1,/home/tahmid/crops/p11/p11_scarf_low_002.jpg,p11,scarf,low,0.6993216872215271,p11,0.457289,correct
1,/home/tahmid/crops/p11/p11_scarf_low_003.jpg,p11,scarf,low,0.6853938102722168,p11,0.452577,correct
1,/home/tahmid/crops/p11/p11_scarf_low_004.jpg,p11,scarf,low,0.8679439425468445,p11,0.567879,correct
1,/home/tahmid/crops/p11/p11_scarf_low_005.jpg,p11,scarf,low,0.8689417839050293,p11,0.568696,correct
1,/home/tahmid/crops/p11/p11_scarf_low_006.jpg,p11,scarf,low,0.8144478797912598,p11,0.556801,correct
1,/home/tahmid/crops/p11/p11_scarf_low_007.jpg,p11,scarf,low,0.7994781732559204,p11,0.560450,correct
1,/home/tahmid/crops/p11/p11_scarf_low_008.jpg,p11,scarf,low,0.7756785154342651,p11,0.546341,correct
1,/home/tahmid/crops/p11/p11_scarf_low_009.jpg,p11,scarf,low,0.7095236778259277,p11,0.556787,correct
1,/home/tahmid/crops/p11/p11_scarf_low_010.jpg,p11,scarf,low,0.7080281972885132,p11,0.518005,correct
1,/home/tahmid/crops/p11/p11_scarf_low_011.jpg,p11,scarf,low,0.7277727723121643,p11,0.521206,correct
1,/home/tahmid/crops/p11/p11_scarf_regular_001.jpg,p11,scarf,regular,0.8380173444747925,p11,0.619405,correct
1,/home/tahmid/crops/p11/p11_scarf_regular_002.jpg,p11,scarf,regular,0.8433085680007935,p11,0.627465,correct
1,/home/tahmid/crops/p11/p11_scarf_regular_003.jpg,p11,scarf,regular,0.8058483004570007,p11,0.554049,correct
1,/home/tahmid/crops/p11/p11_scarf_regular_004.jpg,p11,scarf,regular,0.8063255548477173,p11,0.530029,correct
1,/home/tahmid/crops/p11/p11_scarf_regular_005.jpg,p11,scarf,regular,0.7235432863235474,p11,0.547700,correct
1,/home/tahmid/crops/p11/p11_scarf_regular_006.jpg,p11,scarf,regular,0.7304874658584595,p11,0.543061,correct
1,/home/tahmid/crops/p11/p11_scarf_regular_007.jpg,p11,scarf,regular,0.8466631174087524,p11,0.564143,correct
1,/home/tahmid/crops/p11/p11_scarf_regular_008.jpg,p11,scarf,regular,0.8515452146530151,p11,0.572110,correct
1,/home/tahmid/crops/p11/p11_scarf_regular_009.jpg,p11,scarf,regular,0.7133406400680542,p11,0.466995,correct
1,/home/tahmid/crops/p11/p11_scarf_regular_010.jpg,p11,scarf,regular,0.7438278198242188,p11,0.464469,correct
1,/home/tahmid/crops/p11/p11_sunglass_low_001.jpg,p11,sunglass,low,0.7088360786437988,p11,0.438021,correct
1,/home/tahmid/crops/p11/p11_sunglass_low_002.jpg,p11,sunglass,low,0.7013700604438782,p11,0.466754,correct
1,/home/tahmid/crops/p11/p11_sunglass_low_003.jpg,p11,sunglass,low,0.7432963848114014,p11,0.452056,correct
1,/home/tahmid/crops/p11/p11_sunglass_low_004.jpg,p11,sunglass,low,0.7703866958618164,p11,0.479307,correct
1,/home/tahmid/crops/p11/p11_sunglass_low_005.jpg,p11,sunglass,low,0.8234741687774658,p11,0.474602,correct
1,/home/tahmid/crops/p11/p11_sunglass_low_006.jpg,p11,sunglass,low,0.8268120884895325,p11,0.479538,correct
1,/home/tahmid/crops/p11/p11_sunglass_low_007.jpg,p11,sunglass,low,0.7877039909362793,p11,0.499355,correct
1,/home/tahmid/crops/p11/p11_sunglass_low_008.jpg,p11,sunglass,low,0.7010101675987244,p11,0.511463,correct
1,/home/tahmid/crops/p11/p11_sunglass_low_009.jpg,p11,sunglass,low,0.7247552275657654,p11,0.513785,correct
1,/home/tahmid/crops/p11/p11_sunglass_low_010.jpg,p11,sunglass,low,0.7547657489776611,p11,0.501842,correct
1,/home/tahmid/crops/p11/p11_sunglass_low_011.jpg,p11,sunglass,low,0.6789775490760803,p11,0.535326,correct
1,/home/tahmid/crops/p11/p11_sunglass_low_012.jpg,p11,sunglass,low,0.7569951415061951,p11,0.493312,correct
1,/home/tahmid/crops/p11/p11_sunglass_low_013.jpg,p11,sunglass,low,0.8221888542175293,p11,0.521856,correct
1,/home/tahmid/crops/p11/p11_sunglass_low_014.jpg,p11,sunglass,low,0.8290550112724304,p11,0.515806,correct
1,/home/tahmid/crops/p11/p11_sunglass_low_015.jpg,p11,sunglass,low,0.8182258605957031,p11,0.505908,correct
1,/home/tahmid/crops/p11/p11_sunglass_regular_001.jpg,p11,sunglass,regular,0.7562291622161865,p11,0.529764,correct
1,/home/tahmid/crops/p11/p11_sunglass_regular_002.jpg,p11,sunglass,regular,0.7562291622161865,p11,0.529764,correct
1,/home/tahmid/crops/p11/p11_sunglass_regular_003.jpg,p11,sunglass,regular,0.7434168457984924,p11,0.545484,correct
1,/home/tahmid/crops/p11/p11_sunglass_regular_004.jpg,p11,sunglass,regular,0.7612659931182861,p11,0.462722,correct
1,/home/tahmid/crops/p11/p11_sunglass_regular_005.jpg,p11,sunglass,regular,0.7612659931182861,p11,0.462722,correct
1,/home/tahmid/crops/p11/p11_sunglass_regular_006.jpg,p11,sunglass,regular,0.6735901236534119,p11,0.471432,correct
1,/home/tahmid/crops/p11/p11_sunglass_regular_007.jpg,p11,sunglass,regular,0.755138635635376,p11,0.484145,correct
1,/home/tahmid/crops/p11/p11_sunglass_regular_008.jpg,p11,sunglass,regular,0.755138635635376,p11,0.484145,correct
1,/home/tahmid/crops/p11/p11_sunglass_regular_009.jpg,p11,sunglass,regular,0.6653380393981934,p11,0.489810,correct
1,/home/tahmid/crops/p11/p11_sunglass_regular_010.jpg,p11,sunglass,regular,0.8237521648406982,p11,0.498833,correct
1,/home/tahmid/crops/p11/p11_sunglass_regular_011.jpg,p11,sunglass,regular,0.82546067237854,p11,0.501009,correct
1,/home/tahmid/crops/p11/p11_sunglass_regular_012.jpg,p11,sunglass,regular,0.82546067237854,p11,0.501009,correct
1,/home/tahmid/crops/p11/p11_sunglass_regular_013.jpg,p11,sunglass,regular,0.6890384554862976,p11,0.428986,correct
1,/home/tahmid/crops/p11/p11_sunglass_regular_014.jpg,p11,sunglass,regular,0.6890384554862976,p11,0.428986,correct
1,/home/tahmid/crops/p11/p11_sunglass_regular_015.jpg,p11,sunglass,regular,0.8015631437301636,p11,0.372769,correct
1,/home/tahmid/crops/p15/p15_cap_low_001.jpg,p15,cap,low,0.7496786713600159,p15,0.449800,correct
1,/home/tahmid/crops/p15/p15_cap_low_002.jpg,p15,cap,low,0.8285106420516968,p15,0.544848,correct
1,/home/tahmid/crops/p15/p15_cap_low_003.jpg,p15,cap,low,0.8255677223205566,p15,0.544548,correct
1,/home/tahmid/crops/p15/p15_cap_low_004.jpg,p15,cap,low,0.6978073716163635,p15,0.512413,correct
1,/home/tahmid/crops/p15/p15_cap_low_005.jpg,p15,cap,low,0.7302825450897217,p15,0.493979,correct
1,/home/tahmid/crops/p15/p15_cap_low_006.jpg,p15,cap,low,0.6032944917678833,p15,0.530028,correct
1,/home/tahmid/crops/p15/p15_cap_low_007.jpg,p15,cap,low,0.6936582922935486,p15,0.544417,correct
1,/home/tahmid/crops/p15/p15_cap_low_008.jpg,p15,cap,low,0.7579778432846069,p15,0.518343,correct
1,/home/tahmid/crops/p15/p15_cap_low_009.jpg,p15,cap,low,0.7501447200775146,p15,0.525480,correct
1,/home/tahmid/crops/p15/p15_cap_low_010.jpg,p15,cap,low,0.7670024633407593,p15,0.470292,correct
1,/home/tahmid/crops/p15/p15_cap_low_011.jpg,p15,cap,low,0.706233024597168,p15,0.460526,correct
1,/home/tahmid/crops/p15/p15_cap_regular_001.jpg,p15,cap,regular,0.8672257661819458,p15,0.578743,correct
1,/home/tahmid/crops/p15/p15_cap_regular_002.jpg,p15,cap,regular,0.8281717300415039,p15,0.580909,correct
1,/home/tahmid/crops/p15/p15_cap_regular_003.jpg,p15,cap,regular,0.8239495754241943,p15,0.504248,correct
1,/home/tahmid/crops/p15/p15_cap_regular_004.jpg,p15,cap,regular,0.7911181449890137,p15,0.520488,correct
1,/home/tahmid/crops/p15/p15_cap_regular_005.jpg,p15,cap,regular,0.8395974636077881,p15,0.559349,correct
1,/home/tahmid/crops/p15/p15_cap_regular_006.jpg,p15,cap,regular,0.8251932859420776,p15,0.556071,correct
1,/home/tahmid/crops/p15/p15_cap_regular_007.jpg,p15,cap,regular,0.7726272344589233,p15,0.567769,correct
1,/home/tahmid/crops/p15/p15_cap_regular_008.jpg,p15,cap,regular,0.7790647745132446,p15,0.566671,correct
1,/home/tahmid/crops/p15/p15_cap_regular_009.jpg,p15,cap,regular,0.7587515115737915,p15,0.454944,correct
1,/home/tahmid/crops/p15/p15_cap_regular_010.jpg,p15,cap,regular,0.7003402709960938,p15,0.450722,correct
1,/home/tahmid/crops/p15/p15_clearglass_low_001.jpg,p15,clearglass,low,0.7611793875694275,p15,0.532304,correct
1,/home/tahmid/crops/p15/p15_clearglass_low_002.jpg,p15,clearglass,low,0.6740459203720093,p15,0.527893,correct
1,/home/tahmid/crops/p15/p15_clearglass_low_003.jpg,p15,clearglass,low,0.7100645899772644,p15,0.507570,correct
1,/home/tahmid/crops/p15/p15_clearglass_low_004.jpg,p15,clearglass,low,0.7295523285865784,p15,0.505994,correct
1,/home/tahmid/crops/p15/p15_clearglass_low_005.jpg,p15,clearglass,low,0.8036472797393799,p15,0.562280,correct
1,/home/tahmid/crops/p15/p15_clearglass_low_006.jpg,p15,clearglass,low,0.8062870502471924,p15,0.563992,correct
1,/home/tahmid/crops/p15/p15_clearglass_low_007.jpg,p15,clearglass,low,0.7298130393028259,p15,0.486857,correct
1,/home/tahmid/crops/p15/p15_clearglass_low_008.jpg,p15,clearglass,low,0.7414668798446655,p15,0.477576,correct
1,/home/tahmid/crops/p15/p15_clearglass_low_009.jpg,p15,clearglass,low,0.7436797618865967,p15,0.518092,correct
1,/home/tahmid/crops/p15/p15_clearglass_low_010.jpg,p15,clearglass,low,0.7225449681282043,p15,0.515821,correct
1,/home/tahmid/crops/p15/p15_clearglass_regular_001.jpg,p15,clearglass,regular,0.8742986917495728,p15,0.561321,correct
1,/home/tahmid/crops/p15/p15_clearglass_regular_002.jpg,p15,clearglass,regular,0.8322995901107788,p15,0.567908,correct
1,/home/tahmid/crops/p15/p15_clearglass_regular_003.jpg,p15,clearglass,regular,0.8278634548187256,p15,0.528378,correct
1,/home/tahmid/crops/p15/p15_clearglass_regular_004.jpg,p15,clearglass,regular,0.8385236263275146,p15,0.536562,correct
1,/home/tahmid/crops/p15/p15_clearglass_regular_005.jpg,p15,clearglass,regular,0.8600784540176392,p15,0.557667,correct
1,/home/tahmid/crops/p15/p15_clearglass_regular_006.jpg,p15,clearglass,regular,0.8689950704574585,p15,0.545529,correct
1,/home/tahmid/crops/p15/p15_clearglass_regular_007.jpg,p15,clearglass,regular,0.7884271144866943,p15,0.503433,correct
1,/home/tahmid/crops/p15/p15_clearglass_regular_008.jpg,p15,clearglass,regular,0.7876688241958618,p15,0.498374,correct
1,/home/tahmid/crops/p15/p15_clearglass_regular_009.jpg,p15,clearglass,regular,0.8496826887130737,p15,0.515676,correct
1,/home/tahmid/crops/p15/p15_clearglass_regular_010.jpg,p15,clearglass,regular,0.8283063769340515,p15,0.512242,correct
1,/home/tahmid/crops/p15/p15_mask_clearglass_low_001.jpg,p15,mask_clearglass,low,0.673112154006958,p15,0.328225,correct
1,/home/tahmid/crops/p15/p15_mask_clearglass_low_002.jpg,p15,mask_clearglass,low,0.6386350989341736,p15,0.345956,correct
1,/home/tahmid/crops/p15/p15_mask_clearglass_low_003.jpg,p15,mask_clearglass,low,0.5417710542678833,p15,0.324521,correct
1,/home/tahmid/crops/p15/p15_mask_clearglass_low_004.jpg,p15,mask_clearglass,low,0.5753387808799744,p15,0.303035,correct
1,/home/tahmid/crops/p15/p15_mask_clearglass_low_005.jpg,p15,mask_clearglass,low,0.7052938938140869,p14,0.328456,misidentified
1,/home/tahmid/crops/p15/p15_mask_clearglass_low_006.jpg,p15,mask_clearglass,low,0.7106797695159912,p14,0.309967,misidentified
1,/home/tahmid/crops/p15/p15_mask_clearglass_low_007.jpg,p15,mask_clearglass,low,0.7285844683647156,p14,0.342879,misidentified
1,/home/tahmid/crops/p15/p15_mask_clearglass_low_008.jpg,p15,mask_clearglass,low,0.7455055117607117,p14,0.327840,misidentified
1,/home/tahmid/crops/p15/p15_mask_clearglass_low_009.jpg,p15,mask_clearglass,low,0.5787349343299866,p15,0.317415,correct
1,/home/tahmid/crops/p15/p15_mask_clearglass_low_010.jpg,p15,mask_clearglass,low,0.4979497492313385,p15,0.325440,correct
1,/home/tahmid/crops/p15/p15_mask_clearglass_regular_001.jpg,p15,mask_clearglass,regular,0.8050408363342285,p15,0.379287,correct
1,/home/tahmid/crops/p15/p15_mask_clearglass_regular_002.jpg,p15,mask_clearglass,regular,0.7978253364562988,p15,0.370665,correct
1,/home/tahmid/crops/p15/p15_mask_clearglass_regular_003.jpg,p15,mask_clearglass,regular,0.7586277723312378,p30,0.276969,rejected
1,/home/tahmid/crops/p15/p15_mask_clearglass_regular_004.jpg,p15,mask_clearglass,regular,0.7730664014816284,p30,0.314007,misidentified
1,/home/tahmid/crops/p15/p15_mask_clearglass_regular_005.jpg,p15,mask_clearglass,regular,0.7739377617835999,p15,0.344389,correct
1,/home/tahmid/crops/p15/p15_mask_clearglass_regular_006.jpg,p15,mask_clearglass,regular,0.7721235752105713,p15,0.351848,correct
1,/home/tahmid/crops/p15/p15_mask_clearglass_regular_007.jpg,p15,mask_clearglass,regular,0.7651302814483643,p30,0.309249,misidentified
1,/home/tahmid/crops/p15/p15_mask_clearglass_regular_008.jpg,p15,mask_clearglass,regular,0.7453728914260864,p30,0.300682,misidentified
1,/home/tahmid/crops/p15/p15_mask_clearglass_regular_009.jpg,p15,mask_clearglass,regular,0.7390926480293274,p15,0.309348,correct
1,/home/tahmid/crops/p15/p15_mask_clearglass_regular_010.jpg,p15,mask_clearglass,regular,0.7415298819541931,p14,0.292071,rejected
1,/home/tahmid/crops/p15/p15_mask_low_001.jpg,p15,mask,low,0.7041207551956177,p15,0.425538,correct
1,/home/tahmid/crops/p15/p15_mask_low_002.jpg,p15,mask,low,0.702073335647583,p15,0.423959,correct
1,/home/tahmid/crops/p15/p15_mask_low_003.jpg,p15,mask,low,0.747178852558136,p15,0.415040,correct
1,/home/tahmid/crops/p15/p15_mask_low_004.jpg,p15,mask,low,0.684834897518158,p15,0.374394,correct
1,/home/tahmid/crops/p15/p15_mask_low_005.jpg,p15,mask,low,0.6859966516494751,p15,0.382656,correct
1,/home/tahmid/crops/p15/p15_mask_low_006.jpg,p15,mask,low,0.7080278396606445,p15,0.390921,correct
1,/home/tahmid/crops/p15/p15_mask_low_007.jpg,p15,mask,low,0.6950191855430603,p15,0.423210,correct
1,/home/tahmid/crops/p15/p15_mask_low_008.jpg,p15,mask,low,0.7277803421020508,p15,0.435327,correct
1,/home/tahmid/crops/p15/p15_mask_low_009.jpg,p15,mask,low,0.6696572303771973,p15,0.415155,correct
1,/home/tahmid/crops/p15/p15_mask_low_010.jpg,p15,mask,low,0.7579290270805359,p15,0.392441,correct
1,/home/tahmid/crops/p15/p15_mask_low_011.jpg,p15,mask,low,0.7840081453323364,p15,0.379601,correct
1,/home/tahmid/crops/p15/p15_mask_low_012.jpg,p15,mask,low,0.767261266708374,p15,0.374649,correct
1,/home/tahmid/crops/p15/p15_mask_low_013.jpg,p15,mask,low,0.5431891679763794,p15,0.354679,correct
1,/home/tahmid/crops/p15/p15_mask_low_014.jpg,p15,mask,low,0.5801329612731934,p15,0.346485,correct
1,/home/tahmid/crops/p15/p15_mask_low_015.jpg,p15,mask,low,0.5678647756576538,p15,0.333241,correct
1,/home/tahmid/crops/p15/p15_mask_regular_001.jpg,p15,mask,regular,0.8436061143875122,p15,0.452139,correct
1,/home/tahmid/crops/p15/p15_mask_regular_002.jpg,p15,mask,regular,0.8570871353149414,p15,0.430757,correct
1,/home/tahmid/crops/p15/p15_mask_regular_003.jpg,p15,mask,regular,0.8656737208366394,p15,0.449494,correct
1,/home/tahmid/crops/p15/p15_mask_regular_004.jpg,p15,mask,regular,0.8077040910720825,p15,0.434357,correct
1,/home/tahmid/crops/p15/p15_mask_regular_005.jpg,p15,mask,regular,0.8231304883956909,p15,0.435264,correct
1,/home/tahmid/crops/p15/p15_mask_regular_006.jpg,p15,mask,regular,0.7938113212585449,p15,0.436633,correct
1,/home/tahmid/crops/p15/p15_mask_regular_007.jpg,p15,mask,regular,0.8223844766616821,p15,0.407271,correct
1,/home/tahmid/crops/p15/p15_mask_regular_008.jpg,p15,mask,regular,0.7862125635147095,p15,0.416842,correct
1,/home/tahmid/crops/p15/p15_mask_regular_009.jpg,p15,mask,regular,0.7987632751464844,p15,0.424700,correct
1,/home/tahmid/crops/p15/p15_mask_regular_010.jpg,p15,mask,regular,0.7608288526535034,p15,0.361120,correct
1,/home/tahmid/crops/p15/p15_mask_regular_011.jpg,p15,mask,regular,0.8042389750480652,p15,0.374660,correct
1,/home/tahmid/crops/p15/p15_mask_regular_012.jpg,p15,mask,regular,0.7857056856155396,p15,0.367516,correct
1,/home/tahmid/crops/p15/p15_mask_regular_013.jpg,p15,mask,regular,0.7549764513969421,p15,0.344086,correct
1,/home/tahmid/crops/p15/p15_mask_regular_014.jpg,p15,mask,regular,0.7415811419487,p15,0.348245,correct
1,/home/tahmid/crops/p15/p15_mask_regular_015.jpg,p15,mask,regular,0.7287948131561279,p15,0.343547,correct
1,/home/tahmid/crops/p15/p15_mask_sunglass_low_001.jpg,p15,mask_sunglass,low,0.7102515697479248,p15,0.248915,rejected
1,/home/tahmid/crops/p15/p15_mask_sunglass_low_002.jpg,p15,mask_sunglass,low,0.6874246597290039,p15,0.245341,rejected
1,/home/tahmid/crops/p15/p15_mask_sunglass_low_003.jpg,p15,mask_sunglass,low,0.7050390243530273,p14,0.232363,rejected
1,/home/tahmid/crops/p15/p15_mask_sunglass_low_004.jpg,p15,mask_sunglass,low,0.4332461357116699,p14,0.285383,rejected
1,/home/tahmid/crops/p15/p15_mask_sunglass_low_005.jpg,p15,mask_sunglass,low,0.3995842933654785,p14,0.286121,rejected
1,/home/tahmid/crops/p15/p15_mask_sunglass_low_006.jpg,p15,mask_sunglass,low,0.49672579765319824,p14,0.290661,rejected
1,/home/tahmid/crops/p15/p15_mask_sunglass_low_007.jpg,p15,mask_sunglass,low,0.615434467792511,p14,0.282732,rejected
1,/home/tahmid/crops/p15/p15_mask_sunglass_low_008.jpg,p15,mask_sunglass,low,0.5911124348640442,p15,0.272706,rejected
1,/home/tahmid/crops/p15/p15_mask_sunglass_low_009.jpg,p15,mask_sunglass,low,0.6425505876541138,p14,0.245276,rejected
1,/home/tahmid/crops/p15/p15_mask_sunglass_low_010.jpg,p15,mask_sunglass,low,0.6374311447143555,p14,0.292188,rejected
1,/home/tahmid/crops/p15/p15_mask_sunglass_low_011.jpg,p15,mask_sunglass,low,0.6371845006942749,p14,0.287722,rejected
1,/home/tahmid/crops/p15/p15_mask_sunglass_low_012.jpg,p15,mask_sunglass,low,0.6387941241264343,p14,0.333575,misidentified
1,/home/tahmid/crops/p15/p15_mask_sunglass_low_013.jpg,p15,mask_sunglass,low,0.4715796113014221,p15,0.247512,rejected
1,/home/tahmid/crops/p15/p15_mask_sunglass_low_014.jpg,p15,mask_sunglass,low,0.5146989822387695,p14,0.282934,rejected
1,/home/tahmid/crops/p15/p15_mask_sunglass_low_015.jpg,p15,mask_sunglass,low,0.42968204617500305,p14,0.291803,rejected
1,/home/tahmid/crops/p15/p15_mask_sunglass_regular_001.jpg,p15,mask_sunglass,regular,0.7738503217697144,p15,0.363278,correct
1,/home/tahmid/crops/p15/p15_mask_sunglass_regular_002.jpg,p15,mask_sunglass,regular,0.8035058975219727,p15,0.327213,correct
1,/home/tahmid/crops/p15/p15_mask_sunglass_regular_003.jpg,p15,mask_sunglass,regular,0.7817267179489136,p15,0.333660,correct
1,/home/tahmid/crops/p15/p15_mask_sunglass_regular_004.jpg,p15,mask_sunglass,regular,0.7139394283294678,p15,0.327164,correct
1,/home/tahmid/crops/p15/p15_mask_sunglass_regular_005.jpg,p15,mask_sunglass,regular,0.7025880813598633,p14,0.326128,misidentified
1,/home/tahmid/crops/p15/p15_mask_sunglass_regular_006.jpg,p15,mask_sunglass,regular,0.714570164680481,p15,0.335803,correct
1,/home/tahmid/crops/p15/p15_mask_sunglass_regular_007.jpg,p15,mask_sunglass,regular,0.7579638957977295,p15,0.314149,correct
1,/home/tahmid/crops/p15/p15_mask_sunglass_regular_008.jpg,p15,mask_sunglass,regular,0.7671518325805664,p15,0.311711,correct
1,/home/tahmid/crops/p15/p15_mask_sunglass_regular_009.jpg,p15,mask_sunglass,regular,0.7217801809310913,p15,0.354156,correct
1,/home/tahmid/crops/p15/p15_mask_sunglass_regular_010.jpg,p15,mask_sunglass,regular,0.6422781944274902,p14,0.300008,misidentified
1,/home/tahmid/crops/p15/p15_mask_sunglass_regular_011.jpg,p15,mask_sunglass,regular,0.6891396641731262,p14,0.316753,misidentified
1,/home/tahmid/crops/p15/p15_mask_sunglass_regular_012.jpg,p15,mask_sunglass,regular,0.6358556747436523,p14,0.292601,rejected
1,/home/tahmid/crops/p15/p15_mask_sunglass_regular_013.jpg,p15,mask_sunglass,regular,0.7410699725151062,p15,0.330847,correct
1,/home/tahmid/crops/p15/p15_mask_sunglass_regular_014.jpg,p15,mask_sunglass,regular,0.6899663805961609,p15,0.313947,correct
1,/home/tahmid/crops/p15/p15_mask_sunglass_regular_015.jpg,p15,mask_sunglass,regular,0.7203713655471802,p15,0.331255,correct
1,/home/tahmid/crops/p15/p15_none_low_001.jpg,p15,none,low,0.8212530016899109,p15,0.556446,correct
1,/home/tahmid/crops/p15/p15_none_low_002.jpg,p15,none,low,0.8577364087104797,p15,0.551757,correct
1,/home/tahmid/crops/p15/p15_none_low_003.jpg,p15,none,low,0.8645216226577759,p15,0.552901,correct
1,/home/tahmid/crops/p15/p15_none_low_004.jpg,p15,none,low,0.49339085817337036,p15,0.479722,correct
1,/home/tahmid/crops/p15/p15_none_low_005.jpg,p15,none,low,0.8032784461975098,p15,0.516143,correct
1,/home/tahmid/crops/p15/p15_none_low_006.jpg,p15,none,low,0.7867573499679565,p15,0.526511,correct
1,/home/tahmid/crops/p15/p15_none_low_007.jpg,p15,none,low,0.7157376408576965,p15,0.568012,correct
1,/home/tahmid/crops/p15/p15_none_low_008.jpg,p15,none,low,0.7537136077880859,p15,0.574124,correct
1,/home/tahmid/crops/p15/p15_none_low_009.jpg,p15,none,low,0.7247143983840942,p15,0.564957,correct
1,/home/tahmid/crops/p15/p15_none_low_010.jpg,p15,none,low,0.7578554749488831,p15,0.497549,correct
1,/home/tahmid/crops/p15/p15_none_low_011.jpg,p15,none,low,0.7412339448928833,p15,0.500346,correct
1,/home/tahmid/crops/p15/p15_none_low_012.jpg,p15,none,low,0.6922616362571716,p15,0.486301,correct
1,/home/tahmid/crops/p15/p15_none_low_013.jpg,p15,none,low,0.7925539612770081,p15,0.550344,correct
1,/home/tahmid/crops/p15/p15_none_low_014.jpg,p15,none,low,0.7468559741973877,p15,0.541687,correct
1,/home/tahmid/crops/p15/p15_none_regular_001.jpg,p15,none,regular,0.8875823020935059,p15,0.593207,correct
1,/home/tahmid/crops/p15/p15_none_regular_002.jpg,p15,none,regular,0.8707898855209351,p15,0.588403,correct
1,/home/tahmid/crops/p15/p15_none_regular_004.jpg,p15,none,regular,0.8308268189430237,p15,0.545088,correct
1,/home/tahmid/crops/p15/p15_none_regular_005.jpg,p15,none,regular,0.8310216665267944,p15,0.543126,correct
1,/home/tahmid/crops/p15/p15_none_regular_006.jpg,p15,none,regular,0.8363274335861206,p15,0.536609,correct
1,/home/tahmid/crops/p15/p15_none_regular_007.jpg,p15,none,regular,0.8379713296890259,p15,0.574340,correct
1,/home/tahmid/crops/p15/p15_none_regular_008.jpg,p15,none,regular,0.8476256132125854,p15,0.580192,correct
1,/home/tahmid/crops/p15/p15_none_regular_009.jpg,p15,none,regular,0.8162423372268677,p15,0.578979,correct
1,/home/tahmid/crops/p15/p15_none_regular_010.jpg,p15,none,regular,0.7589961290359497,p15,0.510619,correct
1,/home/tahmid/crops/p15/p15_none_regular_011.jpg,p15,none,regular,0.8112436532974243,p15,0.515320,correct
1,/home/tahmid/crops/p15/p15_none_regular_012.jpg,p15,none,regular,0.8102108240127563,p15,0.507926,correct
1,/home/tahmid/crops/p15/p15_none_regular_013.jpg,p15,none,regular,0.8313013911247253,p15,0.553147,correct
1,/home/tahmid/crops/p15/p15_none_regular_014.jpg,p15,none,regular,0.8614747524261475,p15,0.555179,correct
1,/home/tahmid/crops/p15/p15_none_regular_015.jpg,p15,none,regular,0.8501815795898438,p15,0.550376,correct
1,/home/tahmid/crops/p15/p15_scarf_low_001.jpg,p15,scarf,low,0.7966722249984741,p15,0.522274,correct
1,/home/tahmid/crops/p15/p15_scarf_low_002.jpg,p15,scarf,low,0.8084962368011475,p15,0.516210,correct
1,/home/tahmid/crops/p15/p15_scarf_low_003.jpg,p15,scarf,low,0.6797577142715454,p15,0.512404,correct
1,/home/tahmid/crops/p15/p15_scarf_low_004.jpg,p15,scarf,low,0.6827288269996643,p15,0.502510,correct
1,/home/tahmid/crops/p15/p15_scarf_low_005.jpg,p15,scarf,low,0.7191063761711121,p15,0.536126,correct
1,/home/tahmid/crops/p15/p15_scarf_low_006.jpg,p15,scarf,low,0.7411225438117981,p15,0.544233,correct
1,/home/tahmid/crops/p15/p15_scarf_low_007.jpg,p15,scarf,low,0.7490514516830444,p15,0.519361,correct
1,/home/tahmid/crops/p15/p15_scarf_low_008.jpg,p15,scarf,low,0.773768424987793,p15,0.525846,correct
1,/home/tahmid/crops/p15/p15_scarf_low_009.jpg,p15,scarf,low,0.786235511302948,p15,0.487118,correct
1,/home/tahmid/crops/p15/p15_scarf_low_010.jpg,p15,scarf,low,0.8265422582626343,p15,0.482598,correct
1,/home/tahmid/crops/p15/p15_scarf_regular_001.jpg,p15,scarf,regular,0.8408228158950806,p15,0.558725,correct
1,/home/tahmid/crops/p15/p15_scarf_regular_002.jpg,p15,scarf,regular,0.8608561754226685,p15,0.575175,correct
1,/home/tahmid/crops/p15/p15_scarf_regular_003.jpg,p15,scarf,regular,0.7158958911895752,p15,0.520679,correct
1,/home/tahmid/crops/p15/p15_scarf_regular_004.jpg,p15,scarf,regular,0.7087613940238953,p15,0.526775,correct
1,/home/tahmid/crops/p15/p15_scarf_regular_005.jpg,p15,scarf,regular,0.7902945280075073,p15,0.534172,correct
1,/home/tahmid/crops/p15/p15_scarf_regular_006.jpg,p15,scarf,regular,0.8082200288772583,p15,0.564875,correct
1,/home/tahmid/crops/p15/p15_scarf_regular_007.jpg,p15,scarf,regular,0.8870736360549927,p15,0.553381,correct
1,/home/tahmid/crops/p15/p15_scarf_regular_008.jpg,p15,scarf,regular,0.7878164052963257,p15,0.497527,correct
1,/home/tahmid/crops/p15/p15_scarf_regular_009.jpg,p15,scarf,regular,0.8007518649101257,p15,0.477166,correct
1,/home/tahmid/crops/p15/p15_scarf_regular_010.jpg,p15,scarf,regular,0.7616782188415527,p15,0.548862,correct
1,/home/tahmid/crops/p15/p15_sunglass_low_001.jpg,p15,sunglass,low,0.7859637141227722,p15,0.521958,correct
1,/home/tahmid/crops/p15/p15_sunglass_low_002.jpg,p15,sunglass,low,0.7799661755561829,p15,0.512795,correct
1,/home/tahmid/crops/p15/p15_sunglass_low_003.jpg,p15,sunglass,low,0.7756245732307434,p15,0.523073,correct
1,/home/tahmid/crops/p15/p15_sunglass_low_004.jpg,p15,sunglass,low,0.6285716891288757,p15,0.519131,correct
1,/home/tahmid/crops/p15/p15_sunglass_low_005.jpg,p15,sunglass,low,0.7082657814025879,p15,0.509875,correct
1,/home/tahmid/crops/p15/p15_sunglass_low_006.jpg,p15,sunglass,low,0.7003754377365112,p15,0.508563,correct
1,/home/tahmid/crops/p15/p15_sunglass_low_007.jpg,p15,sunglass,low,0.7148867845535278,p15,0.508343,correct
1,/home/tahmid/crops/p15/p15_sunglass_low_008.jpg,p15,sunglass,low,0.7182202935218811,p15,0.509509,correct
1,/home/tahmid/crops/p15/p15_sunglass_low_009.jpg,p15,sunglass,low,0.7351512908935547,p15,0.517587,correct
1,/home/tahmid/crops/p15/p15_sunglass_low_010.jpg,p15,sunglass,low,0.8089108467102051,p15,0.509223,correct
1,/home/tahmid/crops/p15/p15_sunglass_low_011.jpg,p15,sunglass,low,0.8346602916717529,p15,0.516620,correct
1,/home/tahmid/crops/p15/p15_sunglass_low_012.jpg,p15,sunglass,low,0.8326321840286255,p15,0.517464,correct
1,/home/tahmid/crops/p15/p15_sunglass_low_013.jpg,p15,sunglass,low,0.7442197799682617,p15,0.470001,correct
1,/home/tahmid/crops/p15/p15_sunglass_low_014.jpg,p15,sunglass,low,0.7460305094718933,p15,0.469795,correct
1,/home/tahmid/crops/p15/p15_sunglass_low_015.jpg,p15,sunglass,low,0.698686957359314,p15,0.459118,correct
1,/home/tahmid/crops/p15/p15_sunglass_regular_001.jpg,p15,sunglass,regular,0.8955821394920349,p15,0.548365,correct
1,/home/tahmid/crops/p15/p15_sunglass_regular_002.jpg,p15,sunglass,regular,0.891341507434845,p15,0.536009,correct
1,/home/tahmid/crops/p15/p15_sunglass_regular_003.jpg,p15,sunglass,regular,0.840215802192688,p15,0.539425,correct
1,/home/tahmid/crops/p15/p15_sunglass_regular_004.jpg,p15,sunglass,regular,0.7504716515541077,p15,0.510685,correct
1,/home/tahmid/crops/p15/p15_sunglass_regular_005.jpg,p15,sunglass,regular,0.7728049159049988,p15,0.519233,correct
1,/home/tahmid/crops/p15/p15_sunglass_regular_006.jpg,p15,sunglass,regular,0.7602842450141907,p15,0.515214,correct
1,/home/tahmid/crops/p15/p15_sunglass_regular_007.jpg,p15,sunglass,regular,0.7106523513793945,p15,0.529603,correct
1,/home/tahmid/crops/p15/p15_sunglass_regular_008.jpg,p15,sunglass,regular,0.7953767776489258,p15,0.540399,correct
1,/home/tahmid/crops/p15/p15_sunglass_regular_009.jpg,p15,sunglass,regular,0.7635592222213745,p15,0.518443,correct
1,/home/tahmid/crops/p15/p15_sunglass_regular_010.jpg,p15,sunglass,regular,0.8377735018730164,p15,0.495687,correct
1,/home/tahmid/crops/p15/p15_sunglass_regular_011.jpg,p15,sunglass,regular,0.8244684934616089,p15,0.502614,correct
1,/home/tahmid/crops/p15/p15_sunglass_regular_012.jpg,p15,sunglass,regular,0.7913016080856323,p15,0.510686,correct
1,/home/tahmid/crops/p15/p15_sunglass_regular_013.jpg,p15,sunglass,regular,0.7388325929641724,p15,0.467531,correct
1,/home/tahmid/crops/p15/p15_sunglass_regular_014.jpg,p15,sunglass,regular,0.7066831588745117,p15,0.487300,correct
1,/home/tahmid/crops/p15/p15_sunglass_regular_015.jpg,p15,sunglass,regular,0.6715801358222961,p15,0.480160,correct
1,/home/tahmid/crops/p20/p20_cap_low_001.jpg,p20,cap,low,0.8140037059783936,p20,0.460381,correct
1,/home/tahmid/crops/p20/p20_cap_low_002.jpg,p20,cap,low,0.8083071708679199,p20,0.429098,correct
1,/home/tahmid/crops/p20/p20_cap_low_003.jpg,p20,cap,low,0.8057883977890015,p20,0.424129,correct
1,/home/tahmid/crops/p20/p20_cap_low_004.jpg,p20,cap,low,0.699072003364563,p20,0.330989,correct
1,/home/tahmid/crops/p20/p20_cap_low_005.jpg,p20,cap,low,0.6851874589920044,p20,0.315502,correct
1,/home/tahmid/crops/p20/p20_cap_low_006.jpg,p20,cap,low,0.7627357244491577,p20,0.356586,correct
1,/home/tahmid/crops/p20/p20_cap_low_007.jpg,p20,cap,low,0.7625997066497803,p20,0.330359,correct
1,/home/tahmid/crops/p20/p20_cap_low_008.jpg,p20,cap,low,0.6394415497779846,p20,0.320578,correct
1,/home/tahmid/crops/p20/p20_cap_low_009.jpg,p20,cap,low,0.6308254599571228,p20,0.324189,correct
1,/home/tahmid/crops/p20/p20_cap_low_010.jpg,p20,cap,low,0.8144733905792236,p20,0.497756,correct
1,/home/tahmid/crops/p20/p20_cap_regular_001.jpg,p20,cap,regular,0.8317089676856995,p20,0.449401,correct
1,/home/tahmid/crops/p20/p20_cap_regular_002.jpg,p20,cap,regular,0.8198819160461426,p20,0.445525,correct
1,/home/tahmid/crops/p20/p20_cap_regular_003.jpg,p20,cap,regular,0.6854261755943298,p20,0.321759,correct
1,/home/tahmid/crops/p20/p20_cap_regular_004.jpg,p20,cap,regular,0.691799521446228,p20,0.343565,correct
1,/home/tahmid/crops/p20/p20_cap_regular_005.jpg,p20,cap,regular,0.704493522644043,p20,0.332867,correct
1,/home/tahmid/crops/p20/p20_cap_regular_006.jpg,p20,cap,regular,0.6960926651954651,p20,0.319709,correct
1,/home/tahmid/crops/p20/p20_cap_regular_007.jpg,p20,cap,regular,0.7832033634185791,p20,0.366020,correct
1,/home/tahmid/crops/p20/p20_cap_regular_008.jpg,p20,cap,regular,0.7973746061325073,p14,0.338399,misidentified
1,/home/tahmid/crops/p20/p20_cap_regular_009.jpg,p20,cap,regular,0.7905839085578918,p20,0.351326,correct
1,/home/tahmid/crops/p20/p20_cap_regular_010.jpg,p20,cap,regular,0.7674996852874756,p20,0.352972,correct
1,/home/tahmid/crops/p20/p20_cap_regular_011.jpg,p20,cap,regular,0.7670585513114929,p20,0.341864,correct
1,/home/tahmid/crops/p20/p20_cap_regular_012.jpg,p20,cap,regular,0.6999170780181885,p20,0.333834,correct
1,/home/tahmid/crops/p20/p20_cap_regular_013.jpg,p20,cap,regular,0.8549332618713379,p20,0.496205,correct
1,/home/tahmid/crops/p20/p20_cap_regular_014.jpg,p20,cap,regular,0.7963420748710632,p20,0.521247,correct
1,/home/tahmid/crops/p20/p20_cap_regular_015.jpg,p20,cap,regular,0.8130762577056885,p20,0.514196,correct
1,/home/tahmid/crops/p20/p20_cap_regular_016.jpg,p20,cap,regular,0.831566333770752,p20,0.501887,correct
1,/home/tahmid/crops/p20/p20_clearglass_low_001.jpg,p20,clearglass,low,0.8440152406692505,p20,0.428023,correct
1,/home/tahmid/crops/p20/p20_clearglass_low_002.jpg,p20,clearglass,low,0.8238039016723633,p20,0.432419,correct
1,/home/tahmid/crops/p20/p20_clearglass_low_003.jpg,p20,clearglass,low,0.8352713584899902,p20,0.417364,correct
1,/home/tahmid/crops/p20/p20_clearglass_low_004.jpg,p20,clearglass,low,0.8208789229393005,p20,0.365866,correct
1,/home/tahmid/crops/p20/p20_clearglass_low_005.jpg,p20,clearglass,low,0.8351975679397583,p20,0.379544,correct
1,/home/tahmid/crops/p20/p20_clearglass_low_006.jpg,p20,clearglass,low,0.8256498575210571,p20,0.393088,correct
1,/home/tahmid/crops/p20/p20_clearglass_low_007.jpg,p20,clearglass,low,0.880588710308075,p20,0.395953,correct
1,/home/tahmid/crops/p20/p20_clearglass_low_008.jpg,p20,clearglass,low,0.855149507522583,p20,0.410906,correct
1,/home/tahmid/crops/p20/p20_clearglass_low_009.jpg,p20,clearglass,low,0.847442090511322,p20,0.414566,correct
1,/home/tahmid/crops/p20/p20_clearglass_low_010.jpg,p20,clearglass,low,0.7643485069274902,p20,0.325114,correct
1,/home/tahmid/crops/p20/p20_clearglass_low_011.jpg,p20,clearglass,low,0.7867026925086975,p20,0.338473,correct
1,/home/tahmid/crops/p20/p20_clearglass_low_012.jpg,p20,clearglass,low,0.7752969861030579,p20,0.336397,correct
1,/home/tahmid/crops/p20/p20_clearglass_low_013.jpg,p20,clearglass,low,0.8890010714530945,p20,0.503582,correct
1,/home/tahmid/crops/p20/p20_clearglass_low_014.jpg,p20,clearglass,low,0.8755595684051514,p20,0.502966,correct
1,/home/tahmid/crops/p20/p20_clearglass_low_015.jpg,p20,clearglass,low,0.8717532157897949,p20,0.495701,correct
1,/home/tahmid/crops/p20/p20_clearglass_regular_001.jpg,p20,clearglass,regular,0.8616500496864319,p20,0.426031,correct
1,/home/tahmid/crops/p20/p20_clearglass_regular_002.jpg,p20,clearglass,regular,0.8760068416595459,p20,0.438310,correct
1,/home/tahmid/crops/p20/p20_clearglass_regular_003.jpg,p20,clearglass,regular,0.8711794018745422,p20,0.433030,correct
1,/home/tahmid/crops/p20/p20_clearglass_regular_004.jpg,p20,clearglass,regular,0.8056508302688599,p20,0.361589,correct
1,/home/tahmid/crops/p20/p20_clearglass_regular_005.jpg,p20,clearglass,regular,0.8206576108932495,p20,0.367409,correct
1,/home/tahmid/crops/p20/p20_clearglass_regular_006.jpg,p20,clearglass,regular,0.8229653835296631,p20,0.377590,correct
1,/home/tahmid/crops/p20/p20_clearglass_regular_007.jpg,p20,clearglass,regular,0.8695619106292725,p20,0.394057,correct
1,/home/tahmid/crops/p20/p20_clearglass_regular_008.jpg,p20,clearglass,regular,0.8701144456863403,p20,0.394373,correct
1,/home/tahmid/crops/p20/p20_clearglass_regular_009.jpg,p20,clearglass,regular,0.865450918674469,p20,0.408385,correct
1,/home/tahmid/crops/p20/p20_clearglass_regular_010.jpg,p20,clearglass,regular,0.7240294218063354,p20,0.343862,correct
1,/home/tahmid/crops/p20/p20_clearglass_regular_011.jpg,p20,clearglass,regular,0.7345304489135742,p20,0.341630,correct
1,/home/tahmid/crops/p20/p20_clearglass_regular_012.jpg,p20,clearglass,regular,0.7285556793212891,p20,0.339837,correct
1,/home/tahmid/crops/p20/p20_clearglass_regular_013.jpg,p20,clearglass,regular,0.8867529630661011,p20,0.503184,correct
1,/home/tahmid/crops/p20/p20_clearglass_regular_014.jpg,p20,clearglass,regular,0.8861247301101685,p20,0.502572,correct
1,/home/tahmid/crops/p20/p20_mask_clearglass_low_001.jpg,p20,mask_clearglass,low,0.8166559934616089,p20,0.287568,rejected
1,/home/tahmid/crops/p20/p20_mask_clearglass_low_002.jpg,p20,mask_clearglass,low,0.7919009923934937,p20,0.282400,rejected
1,/home/tahmid/crops/p20/p20_mask_clearglass_low_003.jpg,p20,mask_clearglass,low,0.760863184928894,p17,0.215483,rejected
1,/home/tahmid/crops/p20/p20_mask_clearglass_low_004.jpg,p20,mask_clearglass,low,0.748583197593689,p14,0.234727,rejected
1,/home/tahmid/crops/p20/p20_mask_clearglass_low_005.jpg,p20,mask_clearglass,low,0.7687804698944092,p20,0.243248,rejected
1,/home/tahmid/crops/p20/p20_mask_clearglass_low_006.jpg,p20,mask_clearglass,low,0.7421286106109619,p14,0.219928,rejected
1,/home/tahmid/crops/p20/p20_mask_clearglass_low_007.jpg,p20,mask_clearglass,low,0.7602181434631348,p01,0.283238,rejected
1,/home/tahmid/crops/p20/p20_mask_clearglass_low_008.jpg,p20,mask_clearglass,low,0.7895666360855103,p01,0.292929,rejected
1,/home/tahmid/crops/p20/p20_mask_clearglass_low_009.jpg,p20,mask_clearglass,low,0.800773024559021,p20,0.273274,rejected
1,/home/tahmid/crops/p20/p20_mask_clearglass_low_010.jpg,p20,mask_clearglass,low,0.7728989124298096,p19,0.285503,rejected
1,/home/tahmid/crops/p20/p20_mask_clearglass_regular_001.jpg,p20,mask_clearglass,regular,0.8368196487426758,p20,0.292390,rejected
1,/home/tahmid/crops/p20/p20_mask_clearglass_regular_002.jpg,p20,mask_clearglass,regular,0.7861541509628296,p20,0.286910,rejected
1,/home/tahmid/crops/p20/p20_mask_clearglass_regular_003.jpg,p20,mask_clearglass,regular,0.764393150806427,p17,0.252798,rejected
1,/home/tahmid/crops/p20/p20_mask_clearglass_regular_004.jpg,p20,mask_clearglass,regular,0.742133378982544,p14,0.237557,rejected
1,/home/tahmid/crops/p20/p20_mask_clearglass_regular_005.jpg,p20,mask_clearglass,regular,0.7549325823783875,p30,0.227491,rejected
1,/home/tahmid/crops/p20/p20_mask_clearglass_regular_006.jpg,p20,mask_clearglass,regular,0.7480875849723816,p01,0.259145,rejected
1,/home/tahmid/crops/p20/p20_mask_clearglass_regular_007.jpg,p20,mask_clearglass,regular,0.7891501188278198,p20,0.275243,rejected
1,/home/tahmid/crops/p20/p20_mask_clearglass_regular_008.jpg,p20,mask_clearglass,regular,0.7811423540115356,p01,0.248633,rejected
1,/home/tahmid/crops/p20/p20_mask_clearglass_regular_009.jpg,p20,mask_clearglass,regular,0.7689380049705505,p20,0.262197,rejected
1,/home/tahmid/crops/p20/p20_mask_clearglass_regular_010.jpg,p20,mask_clearglass,regular,0.673804521560669,p01,0.249331,rejected
1,/home/tahmid/crops/p20/p20_mask_clearglass_regular_011.jpg,p20,mask_clearglass,regular,0.742605447769165,p20,0.245383,rejected
1,/home/tahmid/crops/p20/p20_mask_clearglass_regular_012.jpg,p20,mask_clearglass,regular,0.7784726619720459,p17,0.269856,rejected
1,/home/tahmid/crops/p20/p20_mask_clearglass_regular_013.jpg,p20,mask_clearglass,regular,0.7698610424995422,p19,0.291988,rejected
1,/home/tahmid/crops/p20/p20_mask_clearglass_regular_014.jpg,p20,mask_clearglass,regular,0.7692264318466187,p17,0.254168,rejected
1,/home/tahmid/crops/p20/p20_mask_low_001.jpg,p20,mask,low,0.8305780291557312,p20,0.334885,correct
1,/home/tahmid/crops/p20/p20_mask_low_002.jpg,p20,mask,low,0.8213692903518677,p20,0.352519,correct
1,/home/tahmid/crops/p20/p20_mask_low_003.jpg,p20,mask,low,0.8265249729156494,p20,0.344523,correct
1,/home/tahmid/crops/p20/p20_mask_low_004.jpg,p20,mask,low,0.8180264830589294,p20,0.327686,correct
1,/home/tahmid/crops/p20/p20_mask_low_005.jpg,p20,mask,low,0.7857668995857239,p20,0.310577,correct
1,/home/tahmid/crops/p20/p20_mask_low_006.jpg,p20,mask,low,0.7682300806045532,p20,0.327715,correct
1,/home/tahmid/crops/p20/p20_mask_low_007.jpg,p20,mask,low,0.7656042575836182,p20,0.327964,correct
1,/home/tahmid/crops/p20/p20_mask_low_008.jpg,p20,mask,low,0.7328754663467407,p20,0.321186,correct
1,/home/tahmid/crops/p20/p20_mask_low_009.jpg,p20,mask,low,0.7534816265106201,p20,0.309515,correct
1,/home/tahmid/crops/p20/p20_mask_low_010.jpg,p20,mask,low,0.7711758613586426,p20,0.321803,correct
1,/home/tahmid/crops/p20/p20_mask_regular_001.jpg,p20,mask,regular,0.8274573683738708,p20,0.354715,correct
1,/home/tahmid/crops/p20/p20_mask_regular_002.jpg,p20,mask,regular,0.8023389577865601,p20,0.341409,correct
1,/home/tahmid/crops/p20/p20_mask_regular_003.jpg,p20,mask,regular,0.8403829336166382,p20,0.356219,correct
1,/home/tahmid/crops/p20/p20_mask_regular_004.jpg,p20,mask,regular,0.826524019241333,p20,0.322306,correct
1,/home/tahmid/crops/p20/p20_mask_regular_005.jpg,p20,mask,regular,0.801687479019165,p20,0.318920,correct
1,/home/tahmid/crops/p20/p20_mask_regular_006.jpg,p20,mask,regular,0.8181988000869751,p20,0.338159,correct
1,/home/tahmid/crops/p20/p20_mask_regular_007.jpg,p20,mask,regular,0.8417362570762634,p20,0.321183,correct
1,/home/tahmid/crops/p20/p20_mask_regular_008.jpg,p20,mask,regular,0.8465903997421265,p20,0.308678,correct
1,/home/tahmid/crops/p20/p20_mask_regular_009.jpg,p20,mask,regular,0.7589403390884399,p20,0.327147,correct
1,/home/tahmid/crops/p20/p20_mask_regular_010.jpg,p20,mask,regular,0.7311338782310486,p20,0.315722,correct
1,/home/tahmid/crops/p20/p20_mask_regular_011.jpg,p20,mask,regular,0.739376962184906,p20,0.303268,correct
1,/home/tahmid/crops/p20/p20_mask_regular_012.jpg,p20,mask,regular,0.7449345588684082,p20,0.322172,correct
1,/home/tahmid/crops/p20/p20_mask_regular_013.jpg,p20,mask,regular,0.7541240453720093,p20,0.313078,correct
1,/home/tahmid/crops/p20/p20_mask_sunglass_low_001.jpg,p20,mask_sunglass,low,0.7812269926071167,p20,0.234424,rejected
1,/home/tahmid/crops/p20/p20_mask_sunglass_low_002.jpg,p20,mask_sunglass,low,0.7754579186439514,p02,0.229744,rejected
1,/home/tahmid/crops/p20/p20_mask_sunglass_low_003.jpg,p20,mask_sunglass,low,0.7512425184249878,p03,0.247445,rejected
1,/home/tahmid/crops/p20/p20_mask_sunglass_low_004.jpg,p20,mask_sunglass,low,0.7573361396789551,p02,0.232782,rejected
1,/home/tahmid/crops/p20/p20_mask_sunglass_low_005.jpg,p20,mask_sunglass,low,0.7682682871818542,p02,0.255011,rejected
1,/home/tahmid/crops/p20/p20_mask_sunglass_low_006.jpg,p20,mask_sunglass,low,0.744790256023407,p02,0.257084,rejected
1,/home/tahmid/crops/p20/p20_mask_sunglass_low_007.jpg,p20,mask_sunglass,low,0.7288392186164856,p03,0.235335,rejected
1,/home/tahmid/crops/p20/p20_mask_sunglass_low_008.jpg,p20,mask_sunglass,low,0.7514921426773071,p03,0.254552,rejected
1,/home/tahmid/crops/p20/p20_mask_sunglass_low_009.jpg,p20,mask_sunglass,low,0.5871809720993042,p29,0.230955,rejected
1,/home/tahmid/crops/p20/p20_mask_sunglass_low_010.jpg,p20,mask_sunglass,low,0.5988531112670898,p03,0.266451,rejected
1,/home/tahmid/crops/p20/p20_mask_sunglass_regular_001.jpg,p20,mask_sunglass,regular,0.7918184995651245,p02,0.245418,rejected
1,/home/tahmid/crops/p20/p20_mask_sunglass_regular_002.jpg,p20,mask_sunglass,regular,0.7514528632164001,p03,0.242804,rejected
1,/home/tahmid/crops/p20/p20_mask_sunglass_regular_003.jpg,p20,mask_sunglass,regular,0.7959108948707581,p02,0.249732,rejected
1,/home/tahmid/crops/p20/p20_mask_sunglass_regular_004.jpg,p20,mask_sunglass,regular,0.786389946937561,p03,0.258176,rejected
1,/home/tahmid/crops/p20/p20_mask_sunglass_regular_005.jpg,p20,mask_sunglass,regular,0.7888539433479309,p03,0.241605,rejected
1,/home/tahmid/crops/p20/p20_mask_sunglass_regular_006.jpg,p20,mask_sunglass,regular,0.7828779220581055,p03,0.219576,rejected
1,/home/tahmid/crops/p20/p20_mask_sunglass_regular_007.jpg,p20,mask_sunglass,regular,0.7481740117073059,p02,0.225039,rejected
1,/home/tahmid/crops/p20/p20_mask_sunglass_regular_008.jpg,p20,mask_sunglass,regular,0.7878918647766113,p02,0.234453,rejected
1,/home/tahmid/crops/p20/p20_mask_sunglass_regular_009.jpg,p20,mask_sunglass,regular,0.7991691827774048,p02,0.281982,rejected
1,/home/tahmid/crops/p20/p20_mask_sunglass_regular_010.jpg,p20,mask_sunglass,regular,0.7975039482116699,p03,0.246160,rejected
1,/home/tahmid/crops/p20/p20_mask_sunglass_regular_011.jpg,p20,mask_sunglass,regular,0.7860921025276184,p24,0.237096,rejected
1,/home/tahmid/crops/p20/p20_mask_sunglass_regular_012.jpg,p20,mask_sunglass,regular,0.597245454788208,p17,0.235957,rejected
1,/home/tahmid/crops/p20/p20_mask_sunglass_regular_013.jpg,p20,mask_sunglass,regular,0.6686586141586304,p29,0.206384,rejected
1,/home/tahmid/crops/p20/p20_none_low_001.jpg,p20,none,low,0.8335810899734497,p20,0.412804,correct
1,/home/tahmid/crops/p20/p20_none_low_002.jpg,p20,none,low,0.8492513298988342,p20,0.424174,correct
1,/home/tahmid/crops/p20/p20_none_low_003.jpg,p20,none,low,0.8427122235298157,p20,0.415955,correct
1,/home/tahmid/crops/p20/p20_none_low_004.jpg,p20,none,low,0.8234938383102417,p20,0.394038,correct
1,/home/tahmid/crops/p20/p20_none_low_005.jpg,p20,none,low,0.7868709564208984,p20,0.392046,correct
1,/home/tahmid/crops/p20/p20_none_low_006.jpg,p20,none,low,0.785132884979248,p20,0.396617,correct
1,/home/tahmid/crops/p20/p20_none_low_007.jpg,p20,none,low,0.8437943458557129,p20,0.400118,correct
1,/home/tahmid/crops/p20/p20_none_low_008.jpg,p20,none,low,0.8522334694862366,p20,0.399729,correct
1,/home/tahmid/crops/p20/p20_none_low_009.jpg,p20,none,low,0.8584328889846802,p20,0.403315,correct
1,/home/tahmid/crops/p20/p20_none_low_010.jpg,p20,none,low,0.7756444811820984,p20,0.405762,correct
1,/home/tahmid/crops/p20/p20_none_low_011.jpg,p20,none,low,0.7967774868011475,p20,0.405431,correct
1,/home/tahmid/crops/p20/p20_none_low_012.jpg,p20,none,low,0.7945072054862976,p20,0.386669,correct
1,/home/tahmid/crops/p20/p20_none_low_013.jpg,p20,none,low,0.8957562446594238,p20,0.554763,correct
1,/home/tahmid/crops/p20/p20_none_low_014.jpg,p20,none,low,0.896176278591156,p20,0.568260,correct
1,/home/tahmid/crops/p20/p20_none_low_015.jpg,p20,none,low,0.8939681053161621,p20,0.541052,correct
1,/home/tahmid/crops/p20/p20_none_regular_001.jpg,p20,none,regular,0.8145861029624939,p20,0.421907,correct
1,/home/tahmid/crops/p20/p20_none_regular_002.jpg,p20,none,regular,0.8011597394943237,p20,0.411028,correct
1,/home/tahmid/crops/p20/p20_none_regular_003.jpg,p20,none,regular,0.8179540634155273,p20,0.423066,correct
1,/home/tahmid/crops/p20/p20_none_regular_004.jpg,p20,none,regular,0.8457955718040466,p20,0.379861,correct
1,/home/tahmid/crops/p20/p20_none_regular_005.jpg,p20,none,regular,0.8444596529006958,p20,0.400864,correct
1,/home/tahmid/crops/p20/p20_none_regular_006.jpg,p20,none,regular,0.8346749544143677,p20,0.390446,correct
1,/home/tahmid/crops/p20/p20_none_regular_007.jpg,p20,none,regular,0.8683611154556274,p20,0.397191,correct
1,/home/tahmid/crops/p20/p20_none_regular_008.jpg,p20,none,regular,0.8562088012695312,p20,0.395150,correct
1,/home/tahmid/crops/p20/p20_none_regular_009.jpg,p20,none,regular,0.8276172876358032,p20,0.395594,correct
1,/home/tahmid/crops/p20/p20_none_regular_010.jpg,p20,none,regular,0.7922776937484741,p20,0.383795,correct
1,/home/tahmid/crops/p20/p20_none_regular_011.jpg,p20,none,regular,0.7711149454116821,p20,0.372782,correct
1,/home/tahmid/crops/p20/p20_none_regular_012.jpg,p20,none,regular,0.7979044914245605,p20,0.388707,correct
1,/home/tahmid/crops/p20/p20_none_regular_013.jpg,p20,none,regular,0.855471134185791,p20,0.560579,correct
1,/home/tahmid/crops/p20/p20_none_regular_014.jpg,p20,none,regular,0.8833725452423096,p20,0.570102,correct
1,/home/tahmid/crops/p20/p20_scarf_low_001.jpg,p20,scarf,low,0.8869220018386841,p20,0.447321,correct
1,/home/tahmid/crops/p20/p20_scarf_low_002.jpg,p20,scarf,low,0.8558289408683777,p20,0.429783,correct
1,/home/tahmid/crops/p20/p20_scarf_low_003.jpg,p20,scarf,low,0.8237879276275635,p20,0.426675,correct
1,/home/tahmid/crops/p20/p20_scarf_low_004.jpg,p20,scarf,low,0.8465473651885986,p20,0.358519,correct
1,/home/tahmid/crops/p20/p20_scarf_low_005.jpg,p20,scarf,low,0.8456509113311768,p20,0.371542,correct
1,/home/tahmid/crops/p20/p20_scarf_low_006.jpg,p20,scarf,low,0.7527201175689697,p20,0.390902,correct
1,/home/tahmid/crops/p20/p20_scarf_low_007.jpg,p20,scarf,low,0.7720354795455933,p20,0.379459,correct
1,/home/tahmid/crops/p20/p20_scarf_low_008.jpg,p20,scarf,low,0.7556396126747131,p20,0.377668,correct
1,/home/tahmid/crops/p20/p20_scarf_low_009.jpg,p20,scarf,low,0.8947059512138367,p20,0.487597,correct
1,/home/tahmid/crops/p20/p20_scarf_regular_001.jpg,p20,scarf,regular,0.8740286231040955,p20,0.430467,correct
1,/home/tahmid/crops/p20/p20_scarf_regular_002.jpg,p20,scarf,regular,0.8860050439834595,p20,0.436335,correct
1,/home/tahmid/crops/p20/p20_scarf_regular_003.jpg,p20,scarf,regular,0.8858417272567749,p20,0.443958,correct
1,/home/tahmid/crops/p20/p20_scarf_regular_004.jpg,p20,scarf,regular,0.7743126749992371,p20,0.335658,correct
1,/home/tahmid/crops/p20/p20_scarf_regular_005.jpg,p20,scarf,regular,0.7907984256744385,p20,0.357649,correct
1,/home/tahmid/crops/p20/p20_scarf_regular_006.jpg,p20,scarf,regular,0.7887541055679321,p20,0.352960,correct
1,/home/tahmid/crops/p20/p20_scarf_regular_007.jpg,p20,scarf,regular,0.8201545476913452,p20,0.372952,correct
1,/home/tahmid/crops/p20/p20_scarf_regular_008.jpg,p20,scarf,regular,0.8553955554962158,p20,0.364631,correct
1,/home/tahmid/crops/p20/p20_scarf_regular_009.jpg,p20,scarf,regular,0.7482979893684387,p20,0.388483,correct
1,/home/tahmid/crops/p20/p20_scarf_regular_010.jpg,p20,scarf,regular,0.7644965648651123,p20,0.377214,correct
1,/home/tahmid/crops/p20/p20_scarf_regular_011.jpg,p20,scarf,regular,0.7313209176063538,p20,0.369195,correct
1,/home/tahmid/crops/p20/p20_scarf_regular_012.jpg,p20,scarf,regular,0.8741238117218018,p20,0.505025,correct
1,/home/tahmid/crops/p20/p20_scarf_regular_013.jpg,p20,scarf,regular,0.8794946074485779,p20,0.491830,correct
1,/home/tahmid/crops/p20/p20_scarf_regular_014.jpg,p20,scarf,regular,0.8966654539108276,p20,0.493784,correct
1,/home/tahmid/crops/p20/p20_sunglass_low_001.jpg,p20,sunglass,low,0.8774018287658691,p20,0.411246,correct
1,/home/tahmid/crops/p20/p20_sunglass_low_002.jpg,p20,sunglass,low,0.8539595603942871,p20,0.414331,correct
1,/home/tahmid/crops/p20/p20_sunglass_low_003.jpg,p20,sunglass,low,0.8664588928222656,p20,0.400588,correct
1,/home/tahmid/crops/p20/p20_sunglass_low_004.jpg,p20,sunglass,low,0.880113959312439,p20,0.361078,correct
1,/home/tahmid/crops/p20/p20_sunglass_low_005.jpg,p20,sunglass,low,0.8920547962188721,p20,0.365081,correct
1,/home/tahmid/crops/p20/p20_sunglass_low_006.jpg,p20,sunglass,low,0.7668089866638184,p01,0.292713,rejected
1,/home/tahmid/crops/p20/p20_sunglass_low_007.jpg,p20,sunglass,low,0.8893945217132568,p20,0.495987,correct
1,/home/tahmid/crops/p20/p20_sunglass_low_008.jpg,p20,sunglass,low,0.8904092311859131,p20,0.493108,correct
1,/home/tahmid/crops/p20/p20_sunglass_low_009.jpg,p20,sunglass,low,0.8863721489906311,p20,0.475737,correct
1,/home/tahmid/crops/p20/p20_sunglass_regular_001.jpg,p20,sunglass,regular,0.8583080768585205,p20,0.427634,correct
1,/home/tahmid/crops/p20/p20_sunglass_regular_002.jpg,p20,sunglass,regular,0.8368145227432251,p20,0.440547,correct
1,/home/tahmid/crops/p20/p20_sunglass_regular_003.jpg,p20,sunglass,regular,0.8664137125015259,p20,0.429526,correct
1,/home/tahmid/crops/p20/p20_sunglass_regular_004.jpg,p20,sunglass,regular,0.7582468390464783,p20,0.359017,correct
1,/home/tahmid/crops/p20/p20_sunglass_regular_005.jpg,p20,sunglass,regular,0.8100212812423706,p20,0.347106,correct
1,/home/tahmid/crops/p20/p20_sunglass_regular_006.jpg,p20,sunglass,regular,0.8376699686050415,p20,0.333533,correct
1,/home/tahmid/crops/p20/p20_sunglass_regular_007.jpg,p20,sunglass,regular,0.8351803421974182,p20,0.349264,correct
1,/home/tahmid/crops/p20/p20_sunglass_regular_008.jpg,p20,sunglass,regular,0.8521491289138794,p20,0.342213,correct
1,/home/tahmid/crops/p20/p20_sunglass_regular_009.jpg,p20,sunglass,regular,0.6651231646537781,p20,0.285343,rejected
1,/home/tahmid/crops/p20/p20_sunglass_regular_010.jpg,p20,sunglass,regular,0.715921938419342,p20,0.265642,rejected
1,/home/tahmid/crops/p20/p20_sunglass_regular_011.jpg,p20,sunglass,regular,0.8938249349594116,p20,0.500964,correct
1,/home/tahmid/crops/p20/p20_sunglass_regular_012.jpg,p20,sunglass,regular,0.8926615715026855,p20,0.518306,correct
1,/home/tahmid/crops/p20/p20_sunglass_regular_013.jpg,p20,sunglass,regular,0.8896529674530029,p20,0.499055,correct
1,/home/tahmid/crops/p23/p23_cap_low_001.jpg,p23,cap,low,0.769574761390686,p23,0.549490,correct
1,/home/tahmid/crops/p23/p23_cap_low_002.jpg,p23,cap,low,0.7673832774162292,p23,0.559868,correct
1,/home/tahmid/crops/p23/p23_cap_low_003.jpg,p23,cap,low,0.7792631387710571,p23,0.555204,correct
1,/home/tahmid/crops/p23/p23_cap_low_004.jpg,p23,cap,low,0.6963098049163818,p23,0.496204,correct
1,/home/tahmid/crops/p23/p23_cap_low_005.jpg,p23,cap,low,0.7267444133758545,p23,0.503581,correct
1,/home/tahmid/crops/p23/p23_cap_low_006.jpg,p23,cap,low,0.7975869178771973,p23,0.597212,correct
1,/home/tahmid/crops/p23/p23_cap_low_007.jpg,p23,cap,low,0.8006702065467834,p23,0.520276,correct
1,/home/tahmid/crops/p23/p23_cap_low_008.jpg,p23,cap,low,0.7830052375793457,p23,0.555835,correct
1,/home/tahmid/crops/p23/p23_cap_low_009.jpg,p23,cap,low,0.7830052375793457,p23,0.555835,correct
1,/home/tahmid/crops/p23/p23_cap_low_010.jpg,p23,cap,low,0.7673832774162292,p23,0.559868,correct
1,/home/tahmid/crops/p23/p23_cap_low_011.jpg,p23,cap,low,0.6963098049163818,p23,0.496204,correct
1,/home/tahmid/crops/p23/p23_cap_low_012.jpg,p23,cap,low,0.7267444133758545,p23,0.503581,correct
1,/home/tahmid/crops/p23/p23_cap_low_013.jpg,p23,cap,low,0.8033486604690552,p23,0.607496,correct
1,/home/tahmid/crops/p23/p23_cap_low_014.jpg,p23,cap,low,0.8006702065467834,p23,0.520276,correct
1,/home/tahmid/crops/p23/p23_cap_regular_001.jpg,p23,cap,regular,0.7714577913284302,p23,0.553989,correct
1,/home/tahmid/crops/p23/p23_cap_regular_002.jpg,p23,cap,regular,0.7752659320831299,p23,0.547140,correct
1,/home/tahmid/crops/p23/p23_cap_regular_003.jpg,p23,cap,regular,0.7048161029815674,p23,0.499391,correct
1,/home/tahmid/crops/p23/p23_cap_regular_004.jpg,p23,cap,regular,0.7353368401527405,p23,0.515269,correct
1,/home/tahmid/crops/p23/p23_cap_regular_005.jpg,p23,cap,regular,0.804405927658081,p23,0.594635,correct
1,/home/tahmid/crops/p23/p23_cap_regular_006.jpg,p23,cap,regular,0.7983166575431824,p23,0.600558,correct
1,/home/tahmid/crops/p23/p23_cap_regular_007.jpg,p23,cap,regular,0.789776086807251,p23,0.517767,correct
1,/home/tahmid/crops/p23/p23_cap_regular_008.jpg,p23,cap,regular,0.7766329646110535,p23,0.533722,correct
1,/home/tahmid/crops/p23/p23_cap_regular_009.jpg,p23,cap,regular,0.7643997669219971,p23,0.544054,correct
1,/home/tahmid/crops/p23/p23_cap_regular_010.jpg,p23,cap,regular,0.7752659320831299,p23,0.547140,correct
1,/home/tahmid/crops/p23/p23_cap_regular_011.jpg,p23,cap,regular,0.7048161029815674,p23,0.499391,correct
1,/home/tahmid/crops/p23/p23_cap_regular_012.jpg,p23,cap,regular,0.804405927658081,p23,0.594635,correct
1,/home/tahmid/crops/p23/p23_cap_regular_013.jpg,p23,cap,regular,0.7983166575431824,p23,0.600558,correct
1,/home/tahmid/crops/p23/p23_cap_regular_014.jpg,p23,cap,regular,0.7643997669219971,p23,0.544054,correct
1,/home/tahmid/crops/p23/p23_clearglass_low_001.jpg,p23,clearglass,low,0.7867403626441956,p23,0.532414,correct
1,/home/tahmid/crops/p23/p23_clearglass_low_002.jpg,p23,clearglass,low,0.7858340740203857,p23,0.535345,correct
1,/home/tahmid/crops/p23/p23_clearglass_low_003.jpg,p23,clearglass,low,0.8115259408950806,p23,0.538078,correct
1,/home/tahmid/crops/p23/p23_clearglass_low_004.jpg,p23,clearglass,low,0.8566761612892151,p23,0.502803,correct
1,/home/tahmid/crops/p23/p23_clearglass_low_005.jpg,p23,clearglass,low,0.8553992509841919,p23,0.570673,correct
1,/home/tahmid/crops/p23/p23_clearglass_low_006.jpg,p23,clearglass,low,0.8376650810241699,p23,0.540616,correct
1,/home/tahmid/crops/p23/p23_clearglass_low_007.jpg,p23,clearglass,low,0.7985142469406128,p23,0.537580,correct
1,/home/tahmid/crops/p23/p23_clearglass_low_008.jpg,p23,clearglass,low,0.7966408729553223,p23,0.551042,correct
1,/home/tahmid/crops/p23/p23_clearglass_low_009.jpg,p23,clearglass,low,0.7858340740203857,p23,0.535345,correct
1,/home/tahmid/crops/p23/p23_clearglass_low_010.jpg,p23,clearglass,low,0.8219698667526245,p23,0.523013,correct
1,/home/tahmid/crops/p23/p23_clearglass_low_011.jpg,p23,clearglass,low,0.8553992509841919,p23,0.570673,correct
1,/home/tahmid/crops/p23/p23_clearglass_low_012.jpg,p23,clearglass,low,0.8376650810241699,p23,0.540616,correct
1,/home/tahmid/crops/p23/p23_clearglass_low_013.jpg,p23,clearglass,low,0.7985142469406128,p23,0.537580,correct
1,/home/tahmid/crops/p23/p23_clearglass_low_014.jpg,p23,clearglass,low,0.8330087661743164,p23,0.538244,correct
1,/home/tahmid/crops/p23/p23_clearglass_regular_001.jpg,p23,clearglass,regular,0.7950881719589233,p23,0.536771,correct
1,/home/tahmid/crops/p23/p23_clearglass_regular_002.jpg,p23,clearglass,regular,0.814679741859436,p23,0.537968,correct
1,/home/tahmid/crops/p23/p23_clearglass_regular_003.jpg,p23,clearglass,regular,0.824766993522644,p23,0.512751,correct
1,/home/tahmid/crops/p23/p23_clearglass_regular_004.jpg,p23,clearglass,regular,0.8584533333778381,p23,0.565263,correct
1,/home/tahmid/crops/p23/p23_clearglass_regular_005.jpg,p23,clearglass,regular,0.8352899551391602,p23,0.540873,correct
1,/home/tahmid/crops/p23/p23_clearglass_regular_006.jpg,p23,clearglass,regular,0.804073691368103,p23,0.534856,correct
1,/home/tahmid/crops/p23/p23_clearglass_regular_007.jpg,p23,clearglass,regular,0.7914568185806274,p23,0.538470,correct
1,/home/tahmid/crops/p23/p23_clearglass_regular_008.jpg,p23,clearglass,regular,0.7950881719589233,p23,0.536771,correct
1,/home/tahmid/crops/p23/p23_clearglass_regular_009.jpg,p23,clearglass,regular,0.824766993522644,p23,0.512751,correct
1,/home/tahmid/crops/p23/p23_clearglass_regular_010.jpg,p23,clearglass,regular,0.8321685791015625,p23,0.541099,correct
1,/home/tahmid/crops/p23/p23_clearglass_regular_011.jpg,p23,clearglass,regular,0.8352899551391602,p23,0.540873,correct
1,/home/tahmid/crops/p23/p23_clearglass_regular_012.jpg,p23,clearglass,regular,0.804073691368103,p23,0.534856,correct
1,/home/tahmid/crops/p23/p23_clearglass_regular_013.jpg,p23,clearglass,regular,0.7914568185806274,p23,0.538470,correct
1,/home/tahmid/crops/p23/p23_clearglass_regular_014.jpg,p23,clearglass,regular,0.8345257043838501,p23,0.544408,correct
1,/home/tahmid/crops/p23/p23_mask_clearglass_low_001.jpg,p23,mask_clearglass,low,0.7382160425186157,p23,0.367446,correct
1,/home/tahmid/crops/p23/p23_mask_clearglass_low_002.jpg,p23,mask_clearglass,low,0.7734637260437012,p23,0.344446,correct
1,/home/tahmid/crops/p23/p23_mask_clearglass_low_003.jpg,p23,mask_clearglass,low,0.7526999115943909,p23,0.313948,correct
1,/home/tahmid/crops/p23/p23_mask_clearglass_low_004.jpg,p23,mask_clearglass,low,0.8127906918525696,p23,0.359340,correct
1,/home/tahmid/crops/p23/p23_mask_clearglass_low_005.jpg,p23,mask_clearglass,low,0.7832174301147461,p23,0.331421,correct
1,/home/tahmid/crops/p23/p23_mask_clearglass_low_006.jpg,p23,mask_clearglass,low,0.7498308420181274,p23,0.316509,correct
1,/home/tahmid/crops/p23/p23_mask_clearglass_low_007.jpg,p23,mask_clearglass,low,0.7772154808044434,p23,0.362319,correct
1,/home/tahmid/crops/p23/p23_mask_clearglass_low_008.jpg,p23,mask_clearglass,low,0.7382160425186157,p23,0.367446,correct
1,/home/tahmid/crops/p23/p23_mask_clearglass_low_009.jpg,p23,mask_clearglass,low,0.7734637260437012,p23,0.344446,correct
1,/home/tahmid/crops/p23/p23_mask_clearglass_low_010.jpg,p23,mask_clearglass,low,0.7526999115943909,p23,0.313948,correct
1,/home/tahmid/crops/p23/p23_mask_clearglass_low_011.jpg,p23,mask_clearglass,low,0.82541823387146,p23,0.280710,rejected
1,/home/tahmid/crops/p23/p23_mask_clearglass_low_012.jpg,p23,mask_clearglass,low,0.7832174301147461,p23,0.331421,correct
1,/home/tahmid/crops/p23/p23_mask_clearglass_low_013.jpg,p23,mask_clearglass,low,0.7498308420181274,p23,0.316509,correct
1,/home/tahmid/crops/p23/p23_mask_clearglass_low_014.jpg,p23,mask_clearglass,low,0.7772154808044434,p23,0.362319,correct
1,/home/tahmid/crops/p23/p23_mask_clearglass_regular_001.jpg,p23,mask_clearglass,regular,0.7526653409004211,p23,0.369912,correct
1,/home/tahmid/crops/p23/p23_mask_clearglass_regular_002.jpg,p23,mask_clearglass,regular,0.7862086892127991,p23,0.343266,correct
1,/home/tahmid/crops/p23/p23_mask_clearglass_regular_003.jpg,p23,mask_clearglass,regular,0.7588014602661133,p23,0.309384,correct
1,/home/tahmid/crops/p23/p23_mask_clearglass_regular_004.jpg,p23,mask_clearglass,regular,0.8238306045532227,p23,0.272554,rejected
1,/home/tahmid/crops/p23/p23_mask_clearglass_regular_005.jpg,p23,mask_clearglass,regular,0.8215457201004028,p23,0.350675,correct
1,/home/tahmid/crops/p23/p23_mask_clearglass_regular_006.jpg,p23,mask_clearglass,regular,0.820000171661377,p04,0.293803,rejected
1,/home/tahmid/crops/p23/p23_mask_clearglass_regular_007.jpg,p23,mask_clearglass,regular,0.7829609513282776,p23,0.336492,correct
1,/home/tahmid/crops/p23/p23_mask_clearglass_regular_008.jpg,p23,mask_clearglass,regular,0.7419273853302002,p23,0.340135,correct
1,/home/tahmid/crops/p23/p23_mask_clearglass_regular_009.jpg,p23,mask_clearglass,regular,0.7539311647415161,p23,0.357659,correct
1,/home/tahmid/crops/p23/p23_mask_clearglass_regular_010.jpg,p23,mask_clearglass,regular,0.7685525417327881,p23,0.370295,correct
1,/home/tahmid/crops/p23/p23_mask_clearglass_regular_011.jpg,p23,mask_clearglass,regular,0.7862086892127991,p23,0.343266,correct
1,/home/tahmid/crops/p23/p23_mask_clearglass_regular_012.jpg,p23,mask_clearglass,regular,0.8238306045532227,p23,0.272554,rejected
1,/home/tahmid/crops/p23/p23_mask_clearglass_regular_013.jpg,p23,mask_clearglass,regular,0.820000171661377,p04,0.293803,rejected
1,/home/tahmid/crops/p23/p23_mask_clearglass_regular_014.jpg,p23,mask_clearglass,regular,0.7829609513282776,p23,0.336492,correct
1,/home/tahmid/crops/p23/p23_mask_low_001.jpg,p23,mask,low,0.7931445837020874,p23,0.494101,correct
1,/home/tahmid/crops/p23/p23_mask_low_002.jpg,p23,mask,low,0.7089044451713562,p23,0.420890,correct
1,/home/tahmid/crops/p23/p23_mask_low_003.jpg,p23,mask,low,0.7561555504798889,p23,0.426268,correct
1,/home/tahmid/crops/p23/p23_mask_low_004.jpg,p23,mask,low,0.7408753037452698,p23,0.521063,correct
1,/home/tahmid/crops/p23/p23_mask_low_005.jpg,p23,mask,low,0.8149572014808655,p23,0.486486,correct
1,/home/tahmid/crops/p23/p23_mask_low_006.jpg,p23,mask,low,0.8149572014808655,p23,0.486486,correct
1,/home/tahmid/crops/p23/p23_mask_low_007.jpg,p23,mask,low,0.779391884803772,p23,0.490900,correct
1,/home/tahmid/crops/p23/p23_mask_low_008.jpg,p23,mask,low,0.7436366081237793,p23,0.496182,correct
1,/home/tahmid/crops/p23/p23_mask_low_009.jpg,p23,mask,low,0.7877882719039917,p23,0.494665,correct
1,/home/tahmid/crops/p23/p23_mask_low_010.jpg,p23,mask,low,0.7089044451713562,p23,0.420890,correct
1,/home/tahmid/crops/p23/p23_mask_low_011.jpg,p23,mask,low,0.7561555504798889,p23,0.426268,correct
1,/home/tahmid/crops/p23/p23_mask_low_012.jpg,p23,mask,low,0.7408753037452698,p23,0.521063,correct
1,/home/tahmid/crops/p23/p23_mask_low_013.jpg,p23,mask,low,0.7436366081237793,p23,0.496182,correct
1,/home/tahmid/crops/p23/p23_mask_low_014.jpg,p23,mask,low,0.7462357878684998,p23,0.513328,correct
1,/home/tahmid/crops/p23/p23_mask_regular_001.jpg,p23,mask,regular,0.7872455716133118,p23,0.495381,correct
1,/home/tahmid/crops/p23/p23_mask_regular_002.jpg,p23,mask,regular,0.8016780614852905,p23,0.511928,correct
1,/home/tahmid/crops/p23/p23_mask_regular_003.jpg,p23,mask,regular,0.7444267868995667,p23,0.435059,correct
1,/home/tahmid/crops/p23/p23_mask_regular_004.jpg,p23,mask,regular,0.7472714781761169,p23,0.512112,correct
1,/home/tahmid/crops/p23/p23_mask_regular_005.jpg,p23,mask,regular,0.8171923160552979,p23,0.483411,correct
1,/home/tahmid/crops/p23/p23_mask_regular_006.jpg,p23,mask,regular,0.8171923160552979,p23,0.483411,correct
1,/home/tahmid/crops/p23/p23_mask_regular_007.jpg,p23,mask,regular,0.7872455716133118,p23,0.495381,correct
1,/home/tahmid/crops/p23/p23_mask_regular_008.jpg,p23,mask,regular,0.7353607416152954,p23,0.427463,correct
1,/home/tahmid/crops/p23/p23_mask_regular_009.jpg,p23,mask,regular,0.7444267868995667,p23,0.435059,correct
1,/home/tahmid/crops/p23/p23_mask_regular_010.jpg,p23,mask,regular,0.8026587963104248,p23,0.500808,correct
1,/home/tahmid/crops/p23/p23_mask_regular_011.jpg,p23,mask,regular,0.7472714781761169,p23,0.512112,correct
1,/home/tahmid/crops/p23/p23_mask_regular_012.jpg,p23,mask,regular,0.7907422184944153,p23,0.493017,correct
1,/home/tahmid/crops/p23/p23_mask_regular_013.jpg,p23,mask,regular,0.7247366905212402,p23,0.507585,correct
1,/home/tahmid/crops/p23/p23_mask_regular_014.jpg,p23,mask,regular,0.7442039251327515,p23,0.509012,correct
1,/home/tahmid/crops/p23/p23_mask_sunglass_low_001.jpg,p23,mask_sunglass,low,0.7631133794784546,p23,0.366509,correct
1,/home/tahmid/crops/p23/p23_mask_sunglass_low_002.jpg,p23,mask_sunglass,low,0.7484179735183716,p23,0.357614,correct
1,/home/tahmid/crops/p23/p23_mask_sunglass_low_003.jpg,p23,mask_sunglass,low,0.741094172000885,p23,0.297048,rejected
1,/home/tahmid/crops/p23/p23_mask_sunglass_low_004.jpg,p23,mask_sunglass,low,0.7738633155822754,p23,0.320987,correct
1,/home/tahmid/crops/p23/p23_mask_sunglass_low_005.jpg,p23,mask_sunglass,low,0.8491622805595398,p23,0.303849,correct
1,/home/tahmid/crops/p23/p23_mask_sunglass_low_006.jpg,p23,mask_sunglass,low,0.7318177819252014,p23,0.366546,correct
1,/home/tahmid/crops/p23/p23_mask_sunglass_low_007.jpg,p23,mask_sunglass,low,0.7631133794784546,p23,0.366509,correct
1,/home/tahmid/crops/p23/p23_mask_sunglass_low_008.jpg,p23,mask_sunglass,low,0.7484179735183716,p23,0.357614,correct
1,/home/tahmid/crops/p23/p23_mask_sunglass_low_009.jpg,p23,mask_sunglass,low,0.741094172000885,p23,0.297048,rejected
1,/home/tahmid/crops/p23/p23_mask_sunglass_low_010.jpg,p23,mask_sunglass,low,0.7818502187728882,p23,0.287062,rejected
1,/home/tahmid/crops/p23/p23_mask_sunglass_low_011.jpg,p23,mask_sunglass,low,0.7738633155822754,p23,0.320987,correct
1,/home/tahmid/crops/p23/p23_mask_sunglass_low_012.jpg,p23,mask_sunglass,low,0.8491622805595398,p23,0.303849,correct
1,/home/tahmid/crops/p23/p23_mask_sunglass_low_013.jpg,p23,mask_sunglass,low,0.8279561996459961,p23,0.368980,correct
1,/home/tahmid/crops/p23/p23_mask_sunglass_low_014.jpg,p23,mask_sunglass,low,0.7082909345626831,p23,0.316452,correct
1,/home/tahmid/crops/p23/p23_mask_sunglass_regular_001.jpg,p23,mask_sunglass,regular,0.7689058780670166,p23,0.354710,correct
1,/home/tahmid/crops/p23/p23_mask_sunglass_regular_002.jpg,p23,mask_sunglass,regular,0.7437365651130676,p23,0.348290,correct
1,/home/tahmid/crops/p23/p23_mask_sunglass_regular_003.jpg,p23,mask_sunglass,regular,0.7577776908874512,p23,0.299633,rejected
1,/home/tahmid/crops/p23/p23_mask_sunglass_regular_004.jpg,p23,mask_sunglass,regular,0.823136568069458,p23,0.351388,correct
1,/home/tahmid/crops/p23/p23_mask_sunglass_regular_005.jpg,p23,mask_sunglass,regular,0.7231400012969971,p23,0.307919,correct
1,/home/tahmid/crops/p23/p23_mask_sunglass_regular_006.jpg,p23,mask_sunglass,regular,0.7237485647201538,p23,0.343993,correct
1,/home/tahmid/crops/p23/p23_mask_sunglass_regular_007.jpg,p23,mask_sunglass,regular,0.7358843088150024,p23,0.349082,correct
1,/home/tahmid/crops/p23/p23_mask_sunglass_regular_008.jpg,p23,mask_sunglass,regular,0.7689058780670166,p23,0.354710,correct
1,/home/tahmid/crops/p23/p23_mask_sunglass_regular_009.jpg,p23,mask_sunglass,regular,0.7437365651130676,p23,0.348290,correct
1,/home/tahmid/crops/p23/p23_mask_sunglass_regular_010.jpg,p23,mask_sunglass,regular,0.7577776908874512,p23,0.299633,rejected
1,/home/tahmid/crops/p23/p23_mask_sunglass_regular_011.jpg,p23,mask_sunglass,regular,0.7674870491027832,p23,0.299735,rejected
1,/home/tahmid/crops/p23/p23_mask_sunglass_regular_012.jpg,p23,mask_sunglass,regular,0.8477531671524048,p23,0.302393,correct
1,/home/tahmid/crops/p23/p23_mask_sunglass_regular_013.jpg,p23,mask_sunglass,regular,0.7231400012969971,p23,0.307919,correct
1,/home/tahmid/crops/p23/p23_mask_sunglass_regular_014.jpg,p23,mask_sunglass,regular,0.7358843088150024,p23,0.349082,correct
1,/home/tahmid/crops/p23/p23_none_low_001.jpg,p23,none,low,0.8348197340965271,p23,0.603459,correct
1,/home/tahmid/crops/p23/p23_none_low_002.jpg,p23,none,low,0.8376882076263428,p23,0.597862,correct
1,/home/tahmid/crops/p23/p23_none_low_003.jpg,p23,none,low,0.7675319910049438,p23,0.603258,correct
1,/home/tahmid/crops/p23/p23_none_low_004.jpg,p23,none,low,0.7857069969177246,p23,0.543918,correct
1,/home/tahmid/crops/p23/p23_none_low_005.jpg,p23,none,low,0.7825098037719727,p23,0.548270,correct
1,/home/tahmid/crops/p23/p23_none_low_006.jpg,p23,none,low,0.851226806640625,p23,0.647211,correct
1,/home/tahmid/crops/p23/p23_none_low_009.jpg,p23,none,low,0.8376882076263428,p23,0.597862,correct
1,/home/tahmid/crops/p23/p23_none_low_010.jpg,p23,none,low,0.7675319910049438,p23,0.603258,correct
1,/home/tahmid/crops/p23/p23_none_low_011.jpg,p23,none,low,0.7857069969177246,p23,0.543918,correct
1,/home/tahmid/crops/p23/p23_none_low_012.jpg,p23,none,low,0.7825098037719727,p23,0.548270,correct
1,/home/tahmid/crops/p23/p23_none_low_013.jpg,p23,none,low,0.851226806640625,p23,0.647211,correct
1,/home/tahmid/crops/p23/p23_none_low_015.jpg,p23,none,low,0.7690608501434326,p23,0.598819,correct
1,/home/tahmid/crops/p23/p23_none_regular_001.jpg,p23,none,regular,0.8369025588035583,p23,0.609645,correct
1,/home/tahmid/crops/p23/p23_none_regular_002.jpg,p23,none,regular,0.7800427675247192,p23,0.547512,correct
1,/home/tahmid/crops/p23/p23_none_regular_003.jpg,p23,none,regular,0.8494234681129456,p23,0.625703,correct
1,/home/tahmid/crops/p23/p23_none_regular_007.jpg,p23,none,regular,0.7690732479095459,p23,0.594672,correct
1,/home/tahmid/crops/p23/p23_none_regular_008.jpg,p23,none,regular,0.7594770193099976,p23,0.592841,correct
1,/home/tahmid/crops/p23/p23_none_regular_009.jpg,p23,none,regular,0.7800427675247192,p23,0.547512,correct
1,/home/tahmid/crops/p23/p23_none_regular_010.jpg,p23,none,regular,0.7830015420913696,p23,0.552235,correct
1,/home/tahmid/crops/p23/p23_none_regular_011.jpg,p23,none,regular,0.8494234681129456,p23,0.625703,correct
1,/home/tahmid/crops/p23/p23_none_regular_014.jpg,p23,none,regular,0.7690732479095459,p23,0.594672,correct
1,/home/tahmid/crops/p23/p23_none_regular_015.jpg,p23,none,regular,0.7594770193099976,p23,0.592841,correct
1,/home/tahmid/crops/p23/p23_sunglass_low_001.jpg,p23,sunglass,low,0.8043406009674072,p23,0.511655,correct
1,/home/tahmid/crops/p23/p23_sunglass_low_002.jpg,p23,sunglass,low,0.8562182188034058,p23,0.512307,correct
1,/home/tahmid/crops/p23/p23_sunglass_low_003.jpg,p23,sunglass,low,0.8191858530044556,p23,0.465057,correct
1,/home/tahmid/crops/p23/p23_sunglass_low_004.jpg,p23,sunglass,low,0.8764790892601013,p23,0.491440,correct
1,/home/tahmid/crops/p23/p23_sunglass_low_005.jpg,p23,sunglass,low,0.8214114904403687,p23,0.494913,correct
1,/home/tahmid/crops/p23/p23_sunglass_low_006.jpg,p23,sunglass,low,0.7108120918273926,p23,0.524075,correct
1,/home/tahmid/crops/p23/p23_sunglass_low_007.jpg,p23,sunglass,low,0.8547378182411194,p23,0.534558,correct
1,/home/tahmid/crops/p23/p23_sunglass_low_008.jpg,p23,sunglass,low,0.8015721440315247,p23,0.513914,correct
1,/home/tahmid/crops/p23/p23_sunglass_low_009.jpg,p23,sunglass,low,0.8191858530044556,p23,0.465057,correct
1,/home/tahmid/crops/p23/p23_sunglass_low_010.jpg,p23,sunglass,low,0.8226344585418701,p23,0.473148,correct
1,/home/tahmid/crops/p23/p23_sunglass_low_011.jpg,p23,sunglass,low,0.8250158429145813,p23,0.520023,correct
1,/home/tahmid/crops/p23/p23_sunglass_low_012.jpg,p23,sunglass,low,0.8764790892601013,p23,0.491440,correct
1,/home/tahmid/crops/p23/p23_sunglass_low_013.jpg,p23,sunglass,low,0.7866172790527344,p23,0.495426,correct
1,/home/tahmid/crops/p23/p23_sunglass_low_014.jpg,p23,sunglass,low,0.8214114904403687,p23,0.494913,correct
1,/home/tahmid/crops/p23/p23_sunglass_low_015.jpg,p23,sunglass,low,0.7108120918273926,p23,0.524075,correct
1,/home/tahmid/crops/p23/p23_sunglass_regular_001.jpg,p23,sunglass,regular,0.7991600036621094,p23,0.503897,correct
1,/home/tahmid/crops/p23/p23_sunglass_regular_002.jpg,p23,sunglass,regular,0.8510015606880188,p23,0.501606,correct
1,/home/tahmid/crops/p23/p23_sunglass_regular_003.jpg,p23,sunglass,regular,0.8215678930282593,p23,0.469151,correct
1,/home/tahmid/crops/p23/p23_sunglass_regular_004.jpg,p23,sunglass,regular,0.8277552127838135,p23,0.508690,correct
1,/home/tahmid/crops/p23/p23_sunglass_regular_005.jpg,p23,sunglass,regular,0.8806600570678711,p23,0.510889,correct
1,/home/tahmid/crops/p23/p23_sunglass_regular_006.jpg,p23,sunglass,regular,0.7910187244415283,p23,0.496966,correct
1,/home/tahmid/crops/p23/p23_sunglass_regular_007.jpg,p23,sunglass,regular,0.715129554271698,p23,0.519708,correct
1,/home/tahmid/crops/p23/p23_sunglass_regular_008.jpg,p23,sunglass,regular,0.859416127204895,p23,0.519622,correct
1,/home/tahmid/crops/p23/p23_sunglass_regular_009.jpg,p23,sunglass,regular,0.7991600036621094,p23,0.503897,correct
1,/home/tahmid/crops/p23/p23_sunglass_regular_010.jpg,p23,sunglass,regular,0.8187214136123657,p23,0.464265,correct
1,/home/tahmid/crops/p23/p23_sunglass_regular_011.jpg,p23,sunglass,regular,0.8215678930282593,p23,0.469151,correct
1,/home/tahmid/crops/p23/p23_sunglass_regular_012.jpg,p23,sunglass,regular,0.8806600570678711,p23,0.510889,correct
1,/home/tahmid/crops/p23/p23_sunglass_regular_013.jpg,p23,sunglass,regular,0.7910187244415283,p23,0.496966,correct
1,/home/tahmid/crops/p23/p23_sunglass_regular_014.jpg,p23,sunglass,regular,0.8208255767822266,p23,0.498812,correct
1,/home/tahmid/crops/p23/p23_sunglass_regular_015.jpg,p23,sunglass,regular,0.715129554271698,p23,0.519708,correct
1,/home/tahmid/crops/p27/p27_cap_low_001.jpg,p27,cap,low,0.7743057012557983,p27,0.497486,correct
1,/home/tahmid/crops/p27/p27_cap_low_002.jpg,p27,cap,low,0.6756935119628906,p27,0.479485,correct
1,/home/tahmid/crops/p27/p27_cap_low_003.jpg,p27,cap,low,0.7537691593170166,p27,0.491279,correct
1,/home/tahmid/crops/p27/p27_cap_low_004.jpg,p27,cap,low,0.7734308242797852,p27,0.555542,correct
1,/home/tahmid/crops/p27/p27_cap_low_005.jpg,p27,cap,low,0.7841117978096008,p27,0.549453,correct
1,/home/tahmid/crops/p27/p27_cap_low_006.jpg,p27,cap,low,0.6905749440193176,p27,0.512925,correct
1,/home/tahmid/crops/p27/p27_cap_low_007.jpg,p27,cap,low,0.7227184772491455,p27,0.523140,correct
1,/home/tahmid/crops/p27/p27_cap_low_008.jpg,p27,cap,low,0.7680989503860474,p27,0.439288,correct
1,/home/tahmid/crops/p27/p27_cap_low_009.jpg,p27,cap,low,0.7021684646606445,p27,0.429955,correct
1,/home/tahmid/crops/p27/p27_cap_low_010.jpg,p27,cap,low,0.6690725684165955,p27,0.452242,correct
1,/home/tahmid/crops/p27/p27_cap_low_011.jpg,p27,cap,low,0.696866512298584,p27,0.435713,correct
1,/home/tahmid/crops/p27/p27_cap_low_012.jpg,p27,cap,low,0.6629601120948792,p27,0.426040,correct
1,/home/tahmid/crops/p27/p27_cap_low_013.jpg,p27,cap,low,0.7423763275146484,p27,0.441941,correct
1,/home/tahmid/crops/p27/p27_cap_low_014.jpg,p27,cap,low,0.7642723917961121,p27,0.287772,rejected
1,/home/tahmid/crops/p27/p27_cap_low_015.jpg,p27,cap,low,0.750985860824585,p27,0.460360,correct
1,/home/tahmid/crops/p27/p27_cap_regular_001.jpg,p27,cap,regular,0.7632395029067993,p27,0.524373,correct
1,/home/tahmid/crops/p27/p27_cap_regular_002.jpg,p27,cap,regular,0.689285397529602,p27,0.478969,correct
1,/home/tahmid/crops/p27/p27_cap_regular_003.jpg,p27,cap,regular,0.7338563799858093,p27,0.496984,correct
1,/home/tahmid/crops/p27/p27_cap_regular_004.jpg,p27,cap,regular,0.7707885503768921,p27,0.508283,correct
1,/home/tahmid/crops/p27/p27_cap_regular_005.jpg,p27,cap,regular,0.7654280662536621,p27,0.560714,correct
1,/home/tahmid/crops/p27/p27_cap_regular_006.jpg,p27,cap,regular,0.6954060792922974,p27,0.503962,correct
1,/home/tahmid/crops/p27/p27_cap_regular_007.jpg,p27,cap,regular,0.7353516817092896,p27,0.509228,correct
1,/home/tahmid/crops/p27/p27_cap_regular_008.jpg,p27,cap,regular,0.7547785043716431,p27,0.457399,correct
1,/home/tahmid/crops/p27/p27_cap_regular_009.jpg,p27,cap,regular,0.7373130321502686,p27,0.444668,correct
1,/home/tahmid/crops/p27/p27_cap_regular_010.jpg,p27,cap,regular,0.7590250968933105,p27,0.447162,correct
1,/home/tahmid/crops/p27/p27_cap_regular_011.jpg,p27,cap,regular,0.6771893501281738,p27,0.456163,correct
1,/home/tahmid/crops/p27/p27_cap_regular_012.jpg,p27,cap,regular,0.714162290096283,p27,0.442648,correct
1,/home/tahmid/crops/p27/p27_cap_regular_013.jpg,p27,cap,regular,0.6816091537475586,p27,0.441625,correct
1,/home/tahmid/crops/p27/p27_cap_regular_014.jpg,p27,cap,regular,0.7516400814056396,p27,0.402095,correct
1,/home/tahmid/crops/p27/p27_cap_regular_015.jpg,p27,cap,regular,0.7531769275665283,p27,0.469461,correct
1,/home/tahmid/crops/p27/p27_clearglass_low_001.jpg,p27,clearglass,low,0.7525086402893066,p27,0.546777,correct
1,/home/tahmid/crops/p27/p27_clearglass_low_002.jpg,p27,clearglass,low,0.7774259448051453,p27,0.541044,correct
1,/home/tahmid/crops/p27/p27_clearglass_low_003.jpg,p27,clearglass,low,0.8213971853256226,p27,0.462300,correct
1,/home/tahmid/crops/p27/p27_clearglass_low_004.jpg,p27,clearglass,low,0.8236557245254517,p27,0.480624,correct
1,/home/tahmid/crops/p27/p27_clearglass_low_005.jpg,p27,clearglass,low,0.8729534149169922,p27,0.531099,correct
1,/home/tahmid/crops/p27/p27_clearglass_low_006.jpg,p27,clearglass,low,0.8156217336654663,p27,0.521991,correct
1,/home/tahmid/crops/p27/p27_clearglass_low_007.jpg,p27,clearglass,low,0.8497846126556396,p27,0.513124,correct
1,/home/tahmid/crops/p27/p27_clearglass_low_008.jpg,p27,clearglass,low,0.8249638080596924,p27,0.488407,correct
1,/home/tahmid/crops/p27/p27_clearglass_low_009.jpg,p27,clearglass,low,0.8329585194587708,p27,0.511026,correct
1,/home/tahmid/crops/p27/p27_clearglass_low_010.jpg,p27,clearglass,low,0.8797959685325623,p27,0.505633,correct
1,/home/tahmid/crops/p27/p27_clearglass_low_011.jpg,p27,clearglass,low,0.8634933233261108,p27,0.534640,correct
1,/home/tahmid/crops/p27/p27_clearglass_regular_001.jpg,p27,clearglass,regular,0.7806259393692017,p27,0.544317,correct
1,/home/tahmid/crops/p27/p27_clearglass_regular_002.jpg,p27,clearglass,regular,0.7904342412948608,p27,0.545776,correct
1,/home/tahmid/crops/p27/p27_clearglass_regular_003.jpg,p27,clearglass,regular,0.8442109823226929,p27,0.541897,correct
1,/home/tahmid/crops/p27/p27_clearglass_regular_004.jpg,p27,clearglass,regular,0.8305229544639587,p27,0.464495,correct
1,/home/tahmid/crops/p27/p27_clearglass_regular_005.jpg,p27,clearglass,regular,0.8362497687339783,p27,0.470670,correct
1,/home/tahmid/crops/p27/p27_clearglass_regular_006.jpg,p27,clearglass,regular,0.8721318244934082,p27,0.514756,correct
1,/home/tahmid/crops/p27/p27_clearglass_regular_007.jpg,p27,clearglass,regular,0.8293765783309937,p27,0.533257,correct
1,/home/tahmid/crops/p27/p27_clearglass_regular_008.jpg,p27,clearglass,regular,0.8553028106689453,p27,0.522355,correct
1,/home/tahmid/crops/p27/p27_clearglass_regular_009.jpg,p27,clearglass,regular,0.8463017344474792,p27,0.460544,correct
1,/home/tahmid/crops/p27/p27_clearglass_regular_010.jpg,p27,clearglass,regular,0.8273009657859802,p27,0.494593,correct
1,/home/tahmid/crops/p27/p27_clearglass_regular_011.jpg,p27,clearglass,regular,0.8317814469337463,p27,0.505329,correct
1,/home/tahmid/crops/p27/p27_clearglass_regular_012.jpg,p27,clearglass,regular,0.8804478645324707,p27,0.532719,correct
1,/home/tahmid/crops/p27/p27_clearglass_regular_013.jpg,p27,clearglass,regular,0.8670254945755005,p27,0.541120,correct
1,/home/tahmid/crops/p27/p27_clearglass_regular_014.jpg,p27,clearglass,regular,0.8579132556915283,p27,0.561688,correct
1,/home/tahmid/crops/p27/p27_mask_clearglass_low_001.jpg,p27,mask_clearglass,low,0.6858285069465637,p30,0.302199,misidentified
1,/home/tahmid/crops/p27/p27_mask_clearglass_low_002.jpg,p27,mask_clearglass,low,0.6951613426208496,p30,0.273457,rejected
1,/home/tahmid/crops/p27/p27_mask_clearglass_low_003.jpg,p27,mask_clearglass,low,0.7184545993804932,p27,0.294412,rejected
1,/home/tahmid/crops/p27/p27_mask_clearglass_low_004.jpg,p27,mask_clearglass,low,0.7807198762893677,p30,0.300106,misidentified
1,/home/tahmid/crops/p27/p27_mask_clearglass_low_005.jpg,p27,mask_clearglass,low,0.84694904088974,p27,0.300104,correct
1,/home/tahmid/crops/p27/p27_mask_clearglass_low_006.jpg,p27,mask_clearglass,low,0.8503471612930298,p27,0.290977,rejected
1,/home/tahmid/crops/p27/p27_mask_clearglass_low_007.jpg,p27,mask_clearglass,low,0.8508108854293823,p27,0.293088,rejected
1,/home/tahmid/crops/p27/p27_mask_clearglass_low_008.jpg,p27,mask_clearglass,low,0.7638235092163086,p30,0.295778,rejected
1,/home/tahmid/crops/p27/p27_mask_clearglass_low_009.jpg,p27,mask_clearglass,low,0.7451629042625427,p30,0.266957,rejected
1,/home/tahmid/crops/p27/p27_mask_clearglass_low_010.jpg,p27,mask_clearglass,low,0.8098222613334656,p27,0.293617,rejected
1,/home/tahmid/crops/p27/p27_mask_clearglass_low_011.jpg,p27,mask_clearglass,low,0.798469066619873,p27,0.280935,rejected
1,/home/tahmid/crops/p27/p27_mask_clearglass_regular_001.jpg,p27,mask_clearglass,regular,0.6917780041694641,p30,0.275859,rejected
1,/home/tahmid/crops/p27/p27_mask_clearglass_regular_002.jpg,p27,mask_clearglass,regular,0.6978493332862854,p27,0.280428,rejected
1,/home/tahmid/crops/p27/p27_mask_clearglass_regular_003.jpg,p27,mask_clearglass,regular,0.7231799960136414,p27,0.296062,rejected
1,/home/tahmid/crops/p27/p27_mask_clearglass_regular_004.jpg,p27,mask_clearglass,regular,0.7781568765640259,p30,0.296894,rejected
1,/home/tahmid/crops/p27/p27_mask_clearglass_regular_005.jpg,p27,mask_clearglass,regular,0.7767033576965332,p27,0.261324,rejected
1,/home/tahmid/crops/p27/p27_mask_clearglass_regular_006.jpg,p27,mask_clearglass,regular,0.8531264066696167,p27,0.303811,correct
1,/home/tahmid/crops/p27/p27_mask_clearglass_regular_007.jpg,p27,mask_clearglass,regular,0.8543450832366943,p27,0.289712,rejected
1,/home/tahmid/crops/p27/p27_mask_clearglass_regular_008.jpg,p27,mask_clearglass,regular,0.8507971167564392,p27,0.306790,correct
1,/home/tahmid/crops/p27/p27_mask_clearglass_regular_009.jpg,p27,mask_clearglass,regular,0.7610455751419067,p30,0.300033,misidentified
1,/home/tahmid/crops/p27/p27_mask_clearglass_regular_010.jpg,p27,mask_clearglass,regular,0.7616790533065796,p30,0.318612,misidentified
1,/home/tahmid/crops/p27/p27_mask_clearglass_regular_011.jpg,p27,mask_clearglass,regular,0.8121546506881714,p27,0.299658,rejected
1,/home/tahmid/crops/p27/p27_mask_clearglass_regular_012.jpg,p27,mask_clearglass,regular,0.8116582632064819,p27,0.307537,correct
1,/home/tahmid/crops/p27/p27_mask_clearglass_regular_013.jpg,p27,mask_clearglass,regular,0.803727924823761,p27,0.321900,correct
1,/home/tahmid/crops/p27/p27_mask_low_001.jpg,p27,mask,low,0.6737779378890991,p27,0.346757,correct
1,/home/tahmid/crops/p27/p27_mask_low_002.jpg,p27,mask,low,0.6627384424209595,p27,0.326927,correct
1,/home/tahmid/crops/p27/p27_mask_low_003.jpg,p27,mask,low,0.7360178828239441,p27,0.327501,correct
1,/home/tahmid/crops/p27/p27_mask_low_004.jpg,p27,mask,low,0.7166275978088379,p27,0.289902,rejected
1,/home/tahmid/crops/p27/p27_mask_low_005.jpg,p27,mask,low,0.7490688562393188,p27,0.302860,correct
1,/home/tahmid/crops/p27/p27_mask_low_006.jpg,p27,mask,low,0.8147203326225281,p27,0.336502,correct
1,/home/tahmid/crops/p27/p27_mask_low_007.jpg,p27,mask,low,0.8473310470581055,p27,0.344925,correct
1,/home/tahmid/crops/p27/p27_mask_low_008.jpg,p27,mask,low,0.8448466062545776,p27,0.320728,correct
1,/home/tahmid/crops/p27/p27_mask_low_009.jpg,p27,mask,low,0.7677204012870789,p27,0.288660,rejected
1,/home/tahmid/crops/p27/p27_mask_low_010.jpg,p27,mask,low,0.8742766380310059,p27,0.312225,correct
1,/home/tahmid/crops/p27/p27_mask_low_011.jpg,p27,mask,low,0.8318164348602295,p27,0.271743,rejected
1,/home/tahmid/crops/p27/p27_mask_low_012.jpg,p27,mask,low,0.8307600021362305,p27,0.284583,rejected
1,/home/tahmid/crops/p27/p27_mask_low_013.jpg,p27,mask,low,0.84505295753479,p27,0.281310,rejected
1,/home/tahmid/crops/p27/p27_mask_low_014.jpg,p27,mask,low,0.8626852035522461,p27,0.334879,correct
1,/home/tahmid/crops/p27/p27_mask_low_015.jpg,p27,mask,low,0.866070032119751,p27,0.343731,correct
1,/home/tahmid/crops/p27/p27_mask_regular_001.jpg,p27,mask,regular,0.7181811332702637,p27,0.332371,correct
1,/home/tahmid/crops/p27/p27_mask_regular_002.jpg,p27,mask,regular,0.6880556344985962,p27,0.348373,correct
1,/home/tahmid/crops/p27/p27_mask_regular_003.jpg,p27,mask,regular,0.8089252710342407,p27,0.335895,correct
1,/home/tahmid/crops/p27/p27_mask_regular_004.jpg,p27,mask,regular,0.7670485973358154,p27,0.295478,rejected
1,/home/tahmid/crops/p27/p27_mask_regular_005.jpg,p27,mask,regular,0.8277727365493774,p27,0.312108,correct
1,/home/tahmid/crops/p27/p27_mask_regular_006.jpg,p27,mask,regular,0.8260712623596191,p27,0.377193,correct
1,/home/tahmid/crops/p27/p27_mask_regular_007.jpg,p27,mask,regular,0.8393317461013794,p27,0.360062,correct
1,/home/tahmid/crops/p27/p27_mask_regular_008.jpg,p27,mask,regular,0.862096905708313,p27,0.353525,correct
1,/home/tahmid/crops/p27/p27_mask_regular_009.jpg,p27,mask,regular,0.8714624643325806,p27,0.334779,correct
1,/home/tahmid/crops/p27/p27_mask_regular_010.jpg,p27,mask,regular,0.8025821447372437,p27,0.318902,correct
1,/home/tahmid/crops/p27/p27_mask_regular_011.jpg,p27,mask,regular,0.8866220712661743,p22,0.313982,misidentified
1,/home/tahmid/crops/p27/p27_mask_regular_012.jpg,p27,mask,regular,0.8275201320648193,p27,0.269591,rejected
1,/home/tahmid/crops/p27/p27_mask_regular_013.jpg,p27,mask,regular,0.8553391098976135,p27,0.315478,correct
1,/home/tahmid/crops/p27/p27_mask_regular_014.jpg,p27,mask,regular,0.871087908744812,p27,0.362162,correct
1,/home/tahmid/crops/p27/p27_mask_regular_015.jpg,p27,mask,regular,0.8729572296142578,p27,0.344372,correct
1,/home/tahmid/crops/p27/p27_mask_sunglass_low_001.jpg,p27,mask_sunglass,low,0.6428280472755432,p22,0.244962,rejected
1,/home/tahmid/crops/p27/p27_mask_sunglass_low_002.jpg,p27,mask_sunglass,low,0.7521469593048096,p22,0.296408,rejected
1,/home/tahmid/crops/p27/p27_mask_sunglass_low_003.jpg,p27,mask_sunglass,low,0.7814410924911499,p27,0.295260,rejected
1,/home/tahmid/crops/p27/p27_mask_sunglass_low_004.jpg,p27,mask_sunglass,low,0.6204723119735718,p22,0.250396,rejected
1,/home/tahmid/crops/p27/p27_mask_sunglass_low_005.jpg,p27,mask_sunglass,low,0.8329194784164429,p27,0.307056,correct
1,/home/tahmid/crops/p27/p27_mask_sunglass_low_006.jpg,p27,mask_sunglass,low,0.7210419774055481,p22,0.294378,rejected
1,/home/tahmid/crops/p27/p27_mask_sunglass_low_007.jpg,p27,mask_sunglass,low,0.7037742733955383,p27,0.282343,rejected
1,/home/tahmid/crops/p27/p27_mask_sunglass_low_008.jpg,p27,mask_sunglass,low,0.720343291759491,p01,0.241618,rejected
1,/home/tahmid/crops/p27/p27_mask_sunglass_low_009.jpg,p27,mask_sunglass,low,0.7010754346847534,p30,0.234472,rejected
1,/home/tahmid/crops/p27/p27_mask_sunglass_regular_001.jpg,p27,mask_sunglass,regular,0.7751030325889587,p27,0.325026,correct
1,/home/tahmid/crops/p27/p27_mask_sunglass_regular_002.jpg,p27,mask_sunglass,regular,0.6409585475921631,p22,0.265715,rejected
1,/home/tahmid/crops/p27/p27_mask_sunglass_regular_003.jpg,p27,mask_sunglass,regular,0.832009494304657,p27,0.300547,correct
1,/home/tahmid/crops/p27/p27_mask_sunglass_regular_004.jpg,p27,mask_sunglass,regular,0.7392128109931946,p27,0.240812,rejected
1,/home/tahmid/crops/p27/p27_mask_sunglass_regular_005.jpg,p27,mask_sunglass,regular,0.7555062770843506,p27,0.250846,rejected
1,/home/tahmid/crops/p27/p27_mask_sunglass_regular_006.jpg,p27,mask_sunglass,regular,0.7559217810630798,p27,0.292090,rejected
1,/home/tahmid/crops/p27/p27_mask_sunglass_regular_007.jpg,p27,mask_sunglass,regular,0.6433771252632141,p27,0.268601,rejected
1,/home/tahmid/crops/p27/p27_mask_sunglass_regular_008.jpg,p27,mask_sunglass,regular,0.7593498229980469,p22,0.282558,rejected
1,/home/tahmid/crops/p27/p27_mask_sunglass_regular_009.jpg,p27,mask_sunglass,regular,0.7157972455024719,p27,0.288027,rejected
1,/home/tahmid/crops/p27/p27_none_low_001.jpg,p27,none,low,0.8240302801132202,p27,0.600262,correct
1,/home/tahmid/crops/p27/p27_none_low_002.jpg,p27,none,low,0.760572075843811,p27,0.580809,correct
1,/home/tahmid/crops/p27/p27_none_low_003.jpg,p27,none,low,0.7857832908630371,p27,0.581152,correct
1,/home/tahmid/crops/p27/p27_none_low_004.jpg,p27,none,low,0.7551459074020386,p27,0.531208,correct
1,/home/tahmid/crops/p27/p27_none_low_005.jpg,p27,none,low,0.7921820878982544,p27,0.569935,correct
1,/home/tahmid/crops/p27/p27_none_regular_001.jpg,p27,none,regular,0.8268426656723022,p27,0.595259,correct
1,/home/tahmid/crops/p27/p27_none_regular_002.jpg,p27,none,regular,0.7754471302032471,p27,0.573868,correct
1,/home/tahmid/crops/p27/p27_none_regular_003.jpg,p27,none,regular,0.7735958099365234,p27,0.576511,correct
1,/home/tahmid/crops/p27/p27_none_regular_004.jpg,p27,none,regular,0.7771750092506409,p27,0.526099,correct
1,/home/tahmid/crops/p27/p27_none_regular_005.jpg,p27,none,regular,0.796701192855835,p27,0.559511,correct
1,/home/tahmid/crops/p27/p27_none_regular_006.jpg,p27,none,regular,0.7874799966812134,p27,0.533346,correct
1,/home/tahmid/crops/p27/p27_scarf_low_001.jpg,p27,scarf,low,0.8446404933929443,p27,0.462018,correct
1,/home/tahmid/crops/p27/p27_scarf_low_002.jpg,p27,scarf,low,0.8415173292160034,p27,0.448349,correct
1,/home/tahmid/crops/p27/p27_scarf_low_003.jpg,p27,scarf,low,0.8651013374328613,p27,0.451404,correct
1,/home/tahmid/crops/p27/p27_scarf_low_004.jpg,p27,scarf,low,0.8326529860496521,p27,0.431039,correct
1,/home/tahmid/crops/p27/p27_scarf_low_005.jpg,p27,scarf,low,0.7747097611427307,p27,0.423534,correct
1,/home/tahmid/crops/p27/p27_scarf_low_006.jpg,p27,scarf,low,0.7764105796813965,p27,0.430985,correct
1,/home/tahmid/crops/p27/p27_scarf_low_007.jpg,p27,scarf,low,0.7141064405441284,p27,0.354993,correct
1,/home/tahmid/crops/p27/p27_scarf_low_008.jpg,p27,scarf,low,0.7368432879447937,p27,0.357134,correct
1,/home/tahmid/crops/p27/p27_scarf_low_009.jpg,p27,scarf,low,0.7311105728149414,p27,0.357935,correct
1,/home/tahmid/crops/p27/p27_scarf_low_010.jpg,p27,scarf,low,0.8275368809700012,p27,0.454966,correct
1,/home/tahmid/crops/p27/p27_scarf_low_011.jpg,p27,scarf,low,0.794928789138794,p27,0.465675,correct
1,/home/tahmid/crops/p27/p27_scarf_low_012.jpg,p27,scarf,low,0.7511420249938965,p27,0.464983,correct
1,/home/tahmid/crops/p27/p27_scarf_regular_001.jpg,p27,scarf,regular,0.8499457836151123,p27,0.473395,correct
1,/home/tahmid/crops/p27/p27_scarf_regular_002.jpg,p27,scarf,regular,0.8506643176078796,p27,0.434515,correct
1,/home/tahmid/crops/p27/p27_scarf_regular_003.jpg,p27,scarf,regular,0.8733428716659546,p27,0.453664,correct
1,/home/tahmid/crops/p27/p27_scarf_regular_004.jpg,p27,scarf,regular,0.835425615310669,p27,0.430171,correct
1,/home/tahmid/crops/p27/p27_scarf_regular_005.jpg,p27,scarf,regular,0.7811832427978516,p27,0.391967,correct
1,/home/tahmid/crops/p27/p27_scarf_regular_006.jpg,p27,scarf,regular,0.7842402458190918,p27,0.424240,correct
1,/home/tahmid/crops/p27/p27_scarf_regular_007.jpg,p27,scarf,regular,0.7387478351593018,p27,0.367822,correct
1,/home/tahmid/crops/p27/p27_scarf_regular_008.jpg,p27,scarf,regular,0.7419888973236084,p27,0.371980,correct
1,/home/tahmid/crops/p27/p27_scarf_regular_009.jpg,p27,scarf,regular,0.7455715537071228,p27,0.374098,correct
1,/home/tahmid/crops/p27/p27_scarf_regular_010.jpg,p27,scarf,regular,0.8265975117683411,p27,0.453066,correct
1,/home/tahmid/crops/p27/p27_scarf_regular_011.jpg,p27,scarf,regular,0.8006630539894104,p27,0.466380,correct
1,/home/tahmid/crops/p27/p27_scarf_regular_012.jpg,p27,scarf,regular,0.7716776728630066,p27,0.465456,correct
1,/home/tahmid/crops/p27/p27_sunglass_low_001.jpg,p27,sunglass,low,0.7990661859512329,p27,0.515575,correct
1,/home/tahmid/crops/p27/p27_sunglass_low_002.jpg,p27,sunglass,low,0.7996922135353088,p27,0.504370,correct
1,/home/tahmid/crops/p27/p27_sunglass_low_003.jpg,p27,sunglass,low,0.8387115597724915,p27,0.509324,correct
1,/home/tahmid/crops/p27/p27_sunglass_low_004.jpg,p27,sunglass,low,0.8563821315765381,p27,0.512283,correct
1,/home/tahmid/crops/p27/p27_sunglass_low_005.jpg,p27,sunglass,low,0.8362020254135132,p27,0.521953,correct
1,/home/tahmid/crops/p27/p27_sunglass_low_006.jpg,p27,sunglass,low,0.7095891237258911,p27,0.468185,correct
1,/home/tahmid/crops/p27/p27_sunglass_low_007.jpg,p27,sunglass,low,0.7727712392807007,p27,0.475601,correct
1,/home/tahmid/crops/p27/p27_sunglass_low_008.jpg,p27,sunglass,low,0.8377981781959534,p27,0.507912,correct
1,/home/tahmid/crops/p27/p27_sunglass_low_009.jpg,p27,sunglass,low,0.8269972205162048,p27,0.512417,correct
1,/home/tahmid/crops/p27/p27_sunglass_low_010.jpg,p27,sunglass,low,0.8634536266326904,p27,0.536964,correct
1,/home/tahmid/crops/p27/p27_sunglass_low_011.jpg,p27,sunglass,low,0.8187894821166992,p27,0.553146,correct
1,/home/tahmid/crops/p27/p27_sunglass_regular_001.jpg,p27,sunglass,regular,0.8178824186325073,p27,0.513033,correct
1,/home/tahmid/crops/p27/p27_sunglass_regular_002.jpg,p27,sunglass,regular,0.8169825077056885,p27,0.494292,correct
1,/home/tahmid/crops/p27/p27_sunglass_regular_003.jpg,p27,sunglass,regular,0.8090556859970093,p27,0.504828,correct
1,/home/tahmid/crops/p27/p27_sunglass_regular_004.jpg,p27,sunglass,regular,0.8412142992019653,p27,0.512875,correct
1,/home/tahmid/crops/p27/p27_sunglass_regular_005.jpg,p27,sunglass,regular,0.8606566190719604,p27,0.511156,correct
1,/home/tahmid/crops/p27/p27_sunglass_regular_006.jpg,p27,sunglass,regular,0.8353959321975708,p27,0.528967,correct
1,/home/tahmid/crops/p27/p27_sunglass_regular_007.jpg,p27,sunglass,regular,0.7043983936309814,p27,0.453960,correct
1,/home/tahmid/crops/p27/p27_sunglass_regular_008.jpg,p27,sunglass,regular,0.7685955762863159,p27,0.446377,correct
1,/home/tahmid/crops/p27/p27_sunglass_regular_009.jpg,p27,sunglass,regular,0.8302308320999146,p27,0.520698,correct
1,/home/tahmid/crops/p27/p27_sunglass_regular_010.jpg,p27,sunglass,regular,0.8401429653167725,p27,0.512377,correct
1,/home/tahmid/crops/p27/p27_sunglass_regular_011.jpg,p27,sunglass,regular,0.8309230208396912,p27,0.520051,correct
1,/home/tahmid/crops/p27/p27_sunglass_regular_012.jpg,p27,sunglass,regular,0.8581627011299133,p27,0.527392,correct
1,/home/tahmid/crops/p27/p27_sunglass_regular_013.jpg,p27,sunglass,regular,0.8196851015090942,p27,0.551004,correct
1,/home/tahmid/crops/p27/p27_sunglass_regular_014.jpg,p27,sunglass,regular,0.837295413017273,p27,0.511162,correct
2,/home/tahmid/crops/p06/p06_cap_low_001.jpg,p06,cap,low,0.8008033037185669,p06,0.480976,correct
2,/home/tahmid/crops/p06/p06_cap_low_002.jpg,p06,cap,low,0.8061070442199707,p06,0.485436,correct
2,/home/tahmid/crops/p06/p06_cap_low_003.jpg,p06,cap,low,0.7699649333953857,p06,0.498969,correct
2,/home/tahmid/crops/p06/p06_cap_low_004.jpg,p06,cap,low,0.7573450207710266,p06,0.488358,correct
2,/home/tahmid/crops/p06/p06_cap_low_005.jpg,p06,cap,low,0.7112991213798523,p06,0.552169,correct
2,/home/tahmid/crops/p06/p06_cap_low_006.jpg,p06,cap,low,0.6705447435379028,p06,0.554587,correct
2,/home/tahmid/crops/p06/p06_cap_low_007.jpg,p06,cap,low,0.7337266206741333,p06,0.471957,correct
2,/home/tahmid/crops/p06/p06_cap_low_008.jpg,p06,cap,low,0.7313259840011597,p06,0.468402,correct
2,/home/tahmid/crops/p06/p06_cap_low_009.jpg,p06,cap,low,0.6865184307098389,p06,0.420384,correct
2,/home/tahmid/crops/p06/p06_cap_low_010.jpg,p06,cap,low,0.7145958542823792,p06,0.424010,correct
2,/home/tahmid/crops/p06/p06_cap_regular_001.jpg,p06,cap,regular,0.7938946485519409,p06,0.500611,correct
2,/home/tahmid/crops/p06/p06_cap_regular_002.jpg,p06,cap,regular,0.7924720048904419,p06,0.483272,correct
2,/home/tahmid/crops/p06/p06_cap_regular_003.jpg,p06,cap,regular,0.7302569150924683,p06,0.491601,correct
2,/home/tahmid/crops/p06/p06_cap_regular_004.jpg,p06,cap,regular,0.7275025248527527,p06,0.500792,correct
2,/home/tahmid/crops/p06/p06_cap_regular_005.jpg,p06,cap,regular,0.7188816070556641,p06,0.553363,correct
2,/home/tahmid/crops/p06/p06_cap_regular_006.jpg,p06,cap,regular,0.7603970766067505,p06,0.574377,correct
2,/home/tahmid/crops/p06/p06_cap_regular_007.jpg,p06,cap,regular,0.6424427032470703,p06,0.504302,correct
2,/home/tahmid/crops/p06/p06_cap_regular_008.jpg,p06,cap,regular,0.6667258143424988,p06,0.478532,correct
2,/home/tahmid/crops/p06/p06_cap_regular_009.jpg,p06,cap,regular,0.7351211905479431,p06,0.473446,correct
2,/home/tahmid/crops/p06/p06_cap_regular_010.jpg,p06,cap,regular,0.7646613717079163,p06,0.462343,correct
2,/home/tahmid/crops/p06/p06_clearglass_low_001.jpg,p06,clearglass,low,0.8270671367645264,p06,0.462486,correct
2,/home/tahmid/crops/p06/p06_clearglass_low_002.jpg,p06,clearglass,low,0.8194763660430908,p06,0.460691,correct
2,/home/tahmid/crops/p06/p06_clearglass_low_003.jpg,p06,clearglass,low,0.7418862581253052,p06,0.492348,correct
2,/home/tahmid/crops/p06/p06_clearglass_low_004.jpg,p06,clearglass,low,0.7510412931442261,p06,0.491364,correct
2,/home/tahmid/crops/p06/p06_clearglass_low_005.jpg,p06,clearglass,low,0.7148861289024353,p06,0.498952,correct
2,/home/tahmid/crops/p06/p06_clearglass_low_006.jpg,p06,clearglass,low,0.7204933166503906,p06,0.517637,correct
2,/home/tahmid/crops/p06/p06_clearglass_low_007.jpg,p06,clearglass,low,0.717641294002533,p06,0.461941,correct
2,/home/tahmid/crops/p06/p06_clearglass_low_008.jpg,p06,clearglass,low,0.722959578037262,p06,0.467959,correct
2,/home/tahmid/crops/p06/p06_clearglass_low_009.jpg,p06,clearglass,low,0.701007068157196,p06,0.457552,correct
2,/home/tahmid/crops/p06/p06_clearglass_low_010.jpg,p06,clearglass,low,0.7614884376525879,p06,0.443069,correct
2,/home/tahmid/crops/p06/p06_clearglass_regular_001.jpg,p06,clearglass,regular,0.7899512648582458,p06,0.468243,correct
2,/home/tahmid/crops/p06/p06_clearglass_regular_002.jpg,p06,clearglass,regular,0.780726432800293,p06,0.468832,correct
2,/home/tahmid/crops/p06/p06_clearglass_regular_003.jpg,p06,clearglass,regular,0.6516306400299072,p06,0.469400,correct
2,/home/tahmid/crops/p06/p06_clearglass_regular_004.jpg,p06,clearglass,regular,0.6781285405158997,p06,0.487164,correct
2,/home/tahmid/crops/p06/p06_clearglass_regular_005.jpg,p06,clearglass,regular,0.7192984223365784,p06,0.536297,correct
2,/home/tahmid/crops/p06/p06_clearglass_regular_006.jpg,p06,clearglass,regular,0.7037720680236816,p06,0.537344,correct
2,/home/tahmid/crops/p06/p06_clearglass_regular_007.jpg,p06,clearglass,regular,0.651515781879425,p06,0.483181,correct
2,/home/tahmid/crops/p06/p06_clearglass_regular_008.jpg,p06,clearglass,regular,0.6948899030685425,p06,0.484591,correct
2,/home/tahmid/crops/p06/p06_clearglass_regular_009.jpg,p06,clearglass,regular,0.8608653545379639,p06,0.427884,correct
2,/home/tahmid/crops/p06/p06_clearglass_regular_010.jpg,p06,clearglass,regular,0.8323882818222046,p06,0.432008,correct
2,/home/tahmid/crops/p06/p06_mask_clearglass_low_001.jpg,p06,mask_clearglass,low,0.7596434354782104,p04,0.303026,misidentified
2,/home/tahmid/crops/p06/p06_mask_clearglass_low_002.jpg,p06,mask_clearglass,low,0.6967771053314209,p04,0.320482,misidentified
2,/home/tahmid/crops/p06/p06_mask_clearglass_low_003.jpg,p06,mask_clearglass,low,0.7168548107147217,p04,0.307895,misidentified
2,/home/tahmid/crops/p06/p06_mask_clearglass_low_004.jpg,p06,mask_clearglass,low,0.6947813034057617,p04,0.298577,rejected
2,/home/tahmid/crops/p06/p06_mask_clearglass_low_005.jpg,p06,mask_clearglass,low,0.6853491067886353,p04,0.281069,rejected
2,/home/tahmid/crops/p06/p06_mask_clearglass_low_006.jpg,p06,mask_clearglass,low,0.7063904404640198,p04,0.285820,rejected
2,/home/tahmid/crops/p06/p06_mask_clearglass_low_007.jpg,p06,mask_clearglass,low,0.7095373868942261,p04,0.296357,rejected
2,/home/tahmid/crops/p06/p06_mask_clearglass_low_008.jpg,p06,mask_clearglass,low,0.7719869613647461,p04,0.272772,rejected
2,/home/tahmid/crops/p06/p06_mask_clearglass_low_009.jpg,p06,mask_clearglass,low,0.6182230710983276,p14,0.279844,rejected
2,/home/tahmid/crops/p06/p06_mask_clearglass_low_010.jpg,p06,mask_clearglass,low,0.48265334963798523,p14,0.289119,rejected
2,/home/tahmid/crops/p06/p06_mask_clearglass_regular_001.jpg,p06,mask_clearglass,regular,0.7644824981689453,p06,0.317431,correct
2,/home/tahmid/crops/p06/p06_mask_clearglass_regular_002.jpg,p06,mask_clearglass,regular,0.7946742177009583,p06,0.322195,correct
2,/home/tahmid/crops/p06/p06_mask_clearglass_regular_003.jpg,p06,mask_clearglass,regular,0.8216142654418945,p04,0.300653,misidentified
2,/home/tahmid/crops/p06/p06_mask_clearglass_regular_004.jpg,p06,mask_clearglass,regular,0.7685544490814209,p04,0.321854,misidentified
2,/home/tahmid/crops/p06/p06_mask_clearglass_regular_005.jpg,p06,mask_clearglass,regular,0.6782873272895813,p06,0.357343,correct
2,/home/tahmid/crops/p06/p06_mask_clearglass_regular_006.jpg,p06,mask_clearglass,regular,0.6736581921577454,p06,0.355570,correct
2,/home/tahmid/crops/p06/p06_mask_clearglass_regular_007.jpg,p06,mask_clearglass,regular,0.6158546209335327,p06,0.300068,correct
2,/home/tahmid/crops/p06/p06_mask_clearglass_regular_008.jpg,p06,mask_clearglass,regular,0.5981752276420593,p06,0.285382,rejected
2,/home/tahmid/crops/p06/p06_mask_clearglass_regular_009.jpg,p06,mask_clearglass,regular,0.6784457564353943,p04,0.304904,misidentified
2,/home/tahmid/crops/p06/p06_mask_clearglass_regular_010.jpg,p06,mask_clearglass,regular,0.7287434935569763,p04,0.262040,rejected
2,/home/tahmid/crops/p06/p06_mask_low_001.jpg,p06,mask,low,0.735647439956665,p06,0.367822,correct
2,/home/tahmid/crops/p06/p06_mask_low_002.jpg,p06,mask,low,0.7507317066192627,p06,0.360842,correct
2,/home/tahmid/crops/p06/p06_mask_low_003.jpg,p06,mask,low,0.7509634494781494,p06,0.372591,correct
2,/home/tahmid/crops/p06/p06_mask_low_004.jpg,p06,mask,low,0.7576183080673218,p06,0.332145,correct
2,/home/tahmid/crops/p06/p06_mask_low_005.jpg,p06,mask,low,0.7618166208267212,p06,0.351242,correct
2,/home/tahmid/crops/p06/p06_mask_low_006.jpg,p06,mask,low,0.758895218372345,p06,0.338102,correct
2,/home/tahmid/crops/p06/p06_mask_low_007.jpg,p06,mask,low,0.7516968250274658,p06,0.392146,correct
2,/home/tahmid/crops/p06/p06_mask_low_008.jpg,p06,mask,low,0.7540059089660645,p06,0.404860,correct
2,/home/tahmid/crops/p06/p06_mask_low_009.jpg,p06,mask,low,0.7708914279937744,p06,0.392104,correct
2,/home/tahmid/crops/p06/p06_mask_low_010.jpg,p06,mask,low,0.674752950668335,p06,0.382882,correct
2,/home/tahmid/crops/p06/p06_mask_low_011.jpg,p06,mask,low,0.6600391864776611,p06,0.379387,correct
2,/home/tahmid/crops/p06/p06_mask_low_012.jpg,p06,mask,low,0.6694334745407104,p06,0.382212,correct
2,/home/tahmid/crops/p06/p06_mask_low_013.jpg,p06,mask,low,0.749319314956665,p06,0.309714,correct
2,/home/tahmid/crops/p06/p06_mask_low_014.jpg,p06,mask,low,0.7402623295783997,p06,0.314932,correct
2,/home/tahmid/crops/p06/p06_mask_low_015.jpg,p06,mask,low,0.7157354950904846,p06,0.314360,correct
2,/home/tahmid/crops/p06/p06_mask_regular_001.jpg,p06,mask,regular,0.7958753108978271,p06,0.377998,correct
2,/home/tahmid/crops/p06/p06_mask_regular_002.jpg,p06,mask,regular,0.7759329080581665,p06,0.380370,correct
2,/home/tahmid/crops/p06/p06_mask_regular_003.jpg,p06,mask,regular,0.8235368728637695,p06,0.374625,correct
2,/home/tahmid/crops/p06/p06_mask_regular_004.jpg,p06,mask,regular,0.7941910624504089,p06,0.358458,correct
2,/home/tahmid/crops/p06/p06_mask_regular_005.jpg,p06,mask,regular,0.7777162194252014,p06,0.358624,correct
2,/home/tahmid/crops/p06/p06_mask_regular_006.jpg,p06,mask,regular,0.8003025650978088,p06,0.358314,correct
2,/home/tahmid/crops/p06/p06_mask_regular_007.jpg,p06,mask,regular,0.7525607943534851,p06,0.428313,correct
2,/home/tahmid/crops/p06/p06_mask_regular_008.jpg,p06,mask,regular,0.767539918422699,p06,0.440451,correct
2,/home/tahmid/crops/p06/p06_mask_regular_009.jpg,p06,mask,regular,0.7217207551002502,p06,0.424369,correct
2,/home/tahmid/crops/p06/p06_mask_regular_010.jpg,p06,mask,regular,0.6963112950325012,p06,0.390679,correct
2,/home/tahmid/crops/p06/p06_mask_regular_011.jpg,p06,mask,regular,0.6846014261245728,p06,0.384001,correct
2,/home/tahmid/crops/p06/p06_mask_regular_012.jpg,p06,mask,regular,0.6517400741577148,p06,0.395151,correct
2,/home/tahmid/crops/p06/p06_mask_regular_013.jpg,p06,mask,regular,0.6861276626586914,p06,0.345801,correct
2,/home/tahmid/crops/p06/p06_mask_regular_014.jpg,p06,mask,regular,0.7481054663658142,p06,0.339139,correct
2,/home/tahmid/crops/p06/p06_mask_regular_015.jpg,p06,mask,regular,0.7369235157966614,p06,0.351139,correct
2,/home/tahmid/crops/p06/p06_mask_sunglass_low_001.jpg,p06,mask_sunglass,low,0.7556265592575073,p04,0.374384,misidentified
2,/home/tahmid/crops/p06/p06_mask_sunglass_low_002.jpg,p06,mask_sunglass,low,0.7380061149597168,p04,0.379090,misidentified
2,/home/tahmid/crops/p06/p06_mask_sunglass_low_003.jpg,p06,mask_sunglass,low,0.7455921173095703,p04,0.381502,misidentified
2,/home/tahmid/crops/p06/p06_mask_sunglass_low_004.jpg,p06,mask_sunglass,low,0.6524608731269836,p04,0.322313,misidentified
2,/home/tahmid/crops/p06/p06_mask_sunglass_low_005.jpg,p06,mask_sunglass,low,0.6005970239639282,p04,0.333180,misidentified
2,/home/tahmid/crops/p06/p06_mask_sunglass_low_006.jpg,p06,mask_sunglass,low,0.6198573112487793,p04,0.394411,misidentified
2,/home/tahmid/crops/p06/p06_mask_sunglass_low_007.jpg,p06,mask_sunglass,low,0.6699783802032471,p04,0.282297,rejected
2,/home/tahmid/crops/p06/p06_mask_sunglass_low_008.jpg,p06,mask_sunglass,low,0.6740564107894897,p04,0.277953,rejected
2,/home/tahmid/crops/p06/p06_mask_sunglass_low_009.jpg,p06,mask_sunglass,low,0.6863998770713806,p04,0.283507,rejected
2,/home/tahmid/crops/p06/p06_mask_sunglass_low_010.jpg,p06,mask_sunglass,low,0.7030084133148193,p04,0.329558,misidentified
2,/home/tahmid/crops/p06/p06_mask_sunglass_low_011.jpg,p06,mask_sunglass,low,0.7117524147033691,p04,0.332790,misidentified
2,/home/tahmid/crops/p06/p06_mask_sunglass_low_012.jpg,p06,mask_sunglass,low,0.689376950263977,p04,0.303744,misidentified
2,/home/tahmid/crops/p06/p06_mask_sunglass_low_013.jpg,p06,mask_sunglass,low,0.5827463865280151,p15,0.259142,rejected
2,/home/tahmid/crops/p06/p06_mask_sunglass_low_014.jpg,p06,mask_sunglass,low,0.4648851156234741,p14,0.264894,rejected
2,/home/tahmid/crops/p06/p06_mask_sunglass_low_015.jpg,p06,mask_sunglass,low,0.4329425096511841,p04,0.259775,rejected
2,/home/tahmid/crops/p06/p06_mask_sunglass_regular_001.jpg,p06,mask_sunglass,regular,0.7175278663635254,p04,0.366307,misidentified
2,/home/tahmid/crops/p06/p06_mask_sunglass_regular_002.jpg,p06,mask_sunglass,regular,0.7373849153518677,p04,0.403353,misidentified
2,/home/tahmid/crops/p06/p06_mask_sunglass_regular_003.jpg,p06,mask_sunglass,regular,0.7726254463195801,p04,0.393369,misidentified
2,/home/tahmid/crops/p06/p06_mask_sunglass_regular_004.jpg,p06,mask_sunglass,regular,0.7617135047912598,p04,0.380440,misidentified
2,/home/tahmid/crops/p06/p06_mask_sunglass_regular_005.jpg,p06,mask_sunglass,regular,0.7847390174865723,p04,0.355503,misidentified
2,/home/tahmid/crops/p06/p06_mask_sunglass_regular_006.jpg,p06,mask_sunglass,regular,0.7749171257019043,p04,0.360517,misidentified
2,/home/tahmid/crops/p06/p06_mask_sunglass_regular_007.jpg,p06,mask_sunglass,regular,0.8262766599655151,p04,0.338167,misidentified
2,/home/tahmid/crops/p06/p06_mask_sunglass_regular_008.jpg,p06,mask_sunglass,regular,0.8286037445068359,p04,0.314748,misidentified
2,/home/tahmid/crops/p06/p06_mask_sunglass_regular_009.jpg,p06,mask_sunglass,regular,0.8041405081748962,p04,0.319851,misidentified
2,/home/tahmid/crops/p06/p06_mask_sunglass_regular_010.jpg,p06,mask_sunglass,regular,0.710761308670044,p04,0.301464,misidentified
2,/home/tahmid/crops/p06/p06_mask_sunglass_regular_011.jpg,p06,mask_sunglass,regular,0.6875420808792114,p04,0.304850,misidentified
2,/home/tahmid/crops/p06/p06_mask_sunglass_regular_012.jpg,p06,mask_sunglass,regular,0.7094151973724365,p04,0.335691,misidentified
2,/home/tahmid/crops/p06/p06_mask_sunglass_regular_013.jpg,p06,mask_sunglass,regular,0.6267843842506409,p04,0.250692,rejected
2,/home/tahmid/crops/p06/p06_mask_sunglass_regular_014.jpg,p06,mask_sunglass,regular,0.6506325602531433,p04,0.285552,rejected
2,/home/tahmid/crops/p06/p06_mask_sunglass_regular_015.jpg,p06,mask_sunglass,regular,0.6835122108459473,p04,0.271851,rejected
2,/home/tahmid/crops/p06/p06_none_low_001.jpg,p06,none,low,0.8018019199371338,p06,0.519135,correct
2,/home/tahmid/crops/p06/p06_none_low_002.jpg,p06,none,low,0.8010669350624084,p06,0.520472,correct
2,/home/tahmid/crops/p06/p06_none_low_003.jpg,p06,none,low,0.8124411702156067,p06,0.522899,correct
2,/home/tahmid/crops/p06/p06_none_low_004.jpg,p06,none,low,0.7895152568817139,p06,0.522892,correct
2,/home/tahmid/crops/p06/p06_none_low_005.jpg,p06,none,low,0.77223801612854,p06,0.516382,correct
2,/home/tahmid/crops/p06/p06_none_low_006.jpg,p06,none,low,0.763443112373352,p06,0.509843,correct
2,/home/tahmid/crops/p06/p06_none_low_007.jpg,p06,none,low,0.8458200097084045,p06,0.590014,correct
2,/home/tahmid/crops/p06/p06_none_low_008.jpg,p06,none,low,0.8243741989135742,p06,0.589000,correct
2,/home/tahmid/crops/p06/p06_none_low_009.jpg,p06,none,low,0.8249143362045288,p06,0.608715,correct
2,/home/tahmid/crops/p06/p06_none_low_010.jpg,p06,none,low,0.7531152963638306,p06,0.531898,correct
2,/home/tahmid/crops/p06/p06_none_low_011.jpg,p06,none,low,0.749671459197998,p06,0.516687,correct
2,/home/tahmid/crops/p06/p06_none_low_012.jpg,p06,none,low,0.7431131601333618,p06,0.518525,correct
2,/home/tahmid/crops/p06/p06_none_low_013.jpg,p06,none,low,0.7594586610794067,p06,0.488482,correct
2,/home/tahmid/crops/p06/p06_none_low_014.jpg,p06,none,low,0.7528915405273438,p06,0.482346,correct
2,/home/tahmid/crops/p06/p06_none_low_015.jpg,p06,none,low,0.7531250715255737,p06,0.487728,correct
2,/home/tahmid/crops/p06/p06_none_regular_001.jpg,p06,none,regular,0.8589996099472046,p06,0.518374,correct
2,/home/tahmid/crops/p06/p06_none_regular_002.jpg,p06,none,regular,0.8601611852645874,p06,0.533727,correct
2,/home/tahmid/crops/p06/p06_none_regular_003.jpg,p06,none,regular,0.854953408241272,p06,0.533494,correct
2,/home/tahmid/crops/p06/p06_none_regular_004.jpg,p06,none,regular,0.8519963622093201,p06,0.513327,correct
2,/home/tahmid/crops/p06/p06_none_regular_005.jpg,p06,none,regular,0.8420790433883667,p06,0.505765,correct
2,/home/tahmid/crops/p06/p06_none_regular_006.jpg,p06,none,regular,0.8570008277893066,p06,0.536815,correct
2,/home/tahmid/crops/p06/p06_none_regular_013.jpg,p06,none,regular,0.8128780126571655,p06,0.512126,correct
2,/home/tahmid/crops/p06/p06_none_regular_014.jpg,p06,none,regular,0.8053519129753113,p06,0.516879,correct
2,/home/tahmid/crops/p06/p06_none_regular_015.jpg,p06,none,regular,0.8143359422683716,p06,0.524032,correct
2,/home/tahmid/crops/p06/p06_scarf_low_001.jpg,p06,scarf,low,0.8072388172149658,p06,0.372658,correct
2,/home/tahmid/crops/p06/p06_scarf_low_002.jpg,p06,scarf,low,0.823009729385376,p06,0.365671,correct
2,/home/tahmid/crops/p06/p06_scarf_low_003.jpg,p06,scarf,low,0.647207498550415,p06,0.328462,correct
2,/home/tahmid/crops/p06/p06_scarf_low_004.jpg,p06,scarf,low,0.6752089262008667,p06,0.324357,correct
2,/home/tahmid/crops/p06/p06_scarf_low_005.jpg,p06,scarf,low,0.6308832764625549,p06,0.341943,correct
2,/home/tahmid/crops/p06/p06_scarf_low_006.jpg,p06,scarf,low,0.6714890003204346,p06,0.337629,correct
2,/home/tahmid/crops/p06/p06_scarf_low_007.jpg,p06,scarf,low,0.6239603161811829,p06,0.380196,correct
2,/home/tahmid/crops/p06/p06_scarf_low_008.jpg,p06,scarf,low,0.6466132402420044,p06,0.381577,correct
2,/home/tahmid/crops/p06/p06_scarf_low_009.jpg,p06,scarf,low,0.6746875047683716,p06,0.296342,rejected
2,/home/tahmid/crops/p06/p06_scarf_low_010.jpg,p06,scarf,low,0.6673281192779541,p06,0.287255,rejected
2,/home/tahmid/crops/p06/p06_scarf_regular_001.jpg,p06,scarf,regular,0.7970498204231262,p06,0.340971,correct
2,/home/tahmid/crops/p06/p06_scarf_regular_002.jpg,p06,scarf,regular,0.8071863651275635,p06,0.344549,correct
2,/home/tahmid/crops/p06/p06_scarf_regular_003.jpg,p06,scarf,regular,0.7033373117446899,p06,0.328456,correct
2,/home/tahmid/crops/p06/p06_scarf_regular_004.jpg,p06,scarf,regular,0.7365925312042236,p06,0.335455,correct
2,/home/tahmid/crops/p06/p06_scarf_regular_005.jpg,p06,scarf,regular,0.6981322169303894,p06,0.371259,correct
2,/home/tahmid/crops/p06/p06_scarf_regular_006.jpg,p06,scarf,regular,0.6705262660980225,p06,0.361029,correct
2,/home/tahmid/crops/p06/p06_scarf_regular_007.jpg,p06,scarf,regular,0.6503849625587463,p06,0.385933,correct
2,/home/tahmid/crops/p06/p06_scarf_regular_008.jpg,p06,scarf,regular,0.6415968537330627,p06,0.391528,correct
2,/home/tahmid/crops/p06/p06_scarf_regular_009.jpg,p06,scarf,regular,0.7118545174598694,p06,0.302745,correct
2,/home/tahmid/crops/p06/p06_scarf_regular_010.jpg,p06,scarf,regular,0.675460159778595,p06,0.309997,correct
2,/home/tahmid/crops/p06/p06_sunglass_low_001.jpg,p06,sunglass,low,0.804632306098938,p06,0.469535,correct
2,/home/tahmid/crops/p06/p06_sunglass_low_002.jpg,p06,sunglass,low,0.8146580457687378,p06,0.474635,correct
2,/home/tahmid/crops/p06/p06_sunglass_low_003.jpg,p06,sunglass,low,0.80730140209198,p06,0.467671,correct
2,/home/tahmid/crops/p06/p06_sunglass_low_004.jpg,p06,sunglass,low,0.6769343614578247,p06,0.496022,correct
2,/home/tahmid/crops/p06/p06_sunglass_low_005.jpg,p06,sunglass,low,0.6679985523223877,p06,0.507173,correct
2,/home/tahmid/crops/p06/p06_sunglass_low_006.jpg,p06,sunglass,low,0.6738414764404297,p06,0.496119,correct
2,/home/tahmid/crops/p06/p06_sunglass_low_007.jpg,p06,sunglass,low,0.7628627419471741,p06,0.549182,correct
2,/home/tahmid/crops/p06/p06_sunglass_low_008.jpg,p06,sunglass,low,0.7206000089645386,p06,0.556807,correct
2,/home/tahmid/crops/p06/p06_sunglass_low_009.jpg,p06,sunglass,low,0.6946507692337036,p06,0.556390,correct
2,/home/tahmid/crops/p06/p06_sunglass_low_010.jpg,p06,sunglass,low,0.6387677788734436,p06,0.498376,correct
2,/home/tahmid/crops/p06/p06_sunglass_low_011.jpg,p06,sunglass,low,0.7023160457611084,p06,0.473866,correct
2,/home/tahmid/crops/p06/p06_sunglass_low_012.jpg,p06,sunglass,low,0.697746217250824,p06,0.476315,correct
2,/home/tahmid/crops/p06/p06_sunglass_low_013.jpg,p06,sunglass,low,0.7439268231391907,p06,0.463804,correct
2,/home/tahmid/crops/p06/p06_sunglass_low_014.jpg,p06,sunglass,low,0.7471576929092407,p06,0.466102,correct
2,/home/tahmid/crops/p06/p06_sunglass_low_015.jpg,p06,sunglass,low,0.7482913136482239,p06,0.461354,correct
2,/home/tahmid/crops/p06/p06_sunglass_regular_001.jpg,p06,sunglass,regular,0.865249514579773,p06,0.431141,correct
2,/home/tahmid/crops/p06/p06_sunglass_regular_002.jpg,p06,sunglass,regular,0.8763433694839478,p06,0.433139,correct
2,/home/tahmid/crops/p06/p06_sunglass_regular_003.jpg,p06,sunglass,regular,0.8390988111495972,p06,0.428849,correct
2,/home/tahmid/crops/p06/p06_sunglass_regular_004.jpg,p06,sunglass,regular,0.7949395179748535,p06,0.444542,correct
2,/home/tahmid/crops/p06/p06_sunglass_regular_005.jpg,p06,sunglass,regular,0.8255120515823364,p06,0.436802,correct
2,/home/tahmid/crops/p06/p06_sunglass_regular_006.jpg,p06,sunglass,regular,0.8186691403388977,p06,0.449567,correct
2,/home/tahmid/crops/p06/p06_sunglass_regular_007.jpg,p06,sunglass,regular,0.7759620547294617,p06,0.563656,correct
2,/home/tahmid/crops/p06/p06_sunglass_regular_008.jpg,p06,sunglass,regular,0.7722251415252686,p06,0.569142,correct
2,/home/tahmid/crops/p06/p06_sunglass_regular_009.jpg,p06,sunglass,regular,0.7492381930351257,p06,0.563321,correct
2,/home/tahmid/crops/p06/p06_sunglass_regular_010.jpg,p06,sunglass,regular,0.6579617857933044,p06,0.462751,correct
2,/home/tahmid/crops/p06/p06_sunglass_regular_011.jpg,p06,sunglass,regular,0.6224833726882935,p06,0.430252,correct
2,/home/tahmid/crops/p06/p06_sunglass_regular_012.jpg,p06,sunglass,regular,0.6356267929077148,p06,0.481602,correct
2,/home/tahmid/crops/p06/p06_sunglass_regular_013.jpg,p06,sunglass,regular,0.7745347023010254,p06,0.472466,correct
2,/home/tahmid/crops/p06/p06_sunglass_regular_014.jpg,p06,sunglass,regular,0.8097946643829346,p06,0.469161,correct
2,/home/tahmid/crops/p06/p06_sunglass_regular_015.jpg,p06,sunglass,regular,0.785844087600708,p06,0.464360,correct
2,/home/tahmid/crops/p07/p07_cap_low_001.jpg,p07,cap,low,0.8312702775001526,p07,0.599940,correct
2,/home/tahmid/crops/p07/p07_cap_low_002.jpg,p07,cap,low,0.7928839921951294,p07,0.603407,correct
2,/home/tahmid/crops/p07/p07_cap_low_003.jpg,p07,cap,low,0.833365797996521,p07,0.599877,correct
2,/home/tahmid/crops/p07/p07_cap_low_004.jpg,p07,cap,low,0.8019818067550659,p07,0.605386,correct
2,/home/tahmid/crops/p07/p07_cap_low_005.jpg,p07,cap,low,0.8204049468040466,p07,0.603590,correct
2,/home/tahmid/crops/p07/p07_cap_low_006.jpg,p07,cap,low,0.8334580063819885,p07,0.606115,correct
2,/home/tahmid/crops/p07/p07_cap_low_007.jpg,p07,cap,low,0.7401930093765259,p07,0.589609,correct
2,/home/tahmid/crops/p07/p07_cap_low_008.jpg,p07,cap,low,0.7336728572845459,p07,0.583131,correct
2,/home/tahmid/crops/p07/p07_cap_low_009.jpg,p07,cap,low,0.8336081504821777,p07,0.572494,correct
2,/home/tahmid/crops/p07/p07_cap_low_010.jpg,p07,cap,low,0.8066423535346985,p07,0.579919,correct
2,/home/tahmid/crops/p07/p07_cap_regular_001.jpg,p07,cap,regular,0.7801123857498169,p07,0.643100,correct
2,/home/tahmid/crops/p07/p07_cap_regular_002.jpg,p07,cap,regular,0.7785475850105286,p07,0.635651,correct
2,/home/tahmid/crops/p07/p07_cap_regular_003.jpg,p07,cap,regular,0.7714465856552124,p07,0.634338,correct
2,/home/tahmid/crops/p07/p07_cap_regular_004.jpg,p07,cap,regular,0.7809851765632629,p07,0.624704,correct
2,/home/tahmid/crops/p07/p07_cap_regular_005.jpg,p07,cap,regular,0.7792433500289917,p07,0.612552,correct
2,/home/tahmid/crops/p07/p07_cap_regular_006.jpg,p07,cap,regular,0.7811254262924194,p07,0.627674,correct
2,/home/tahmid/crops/p07/p07_cap_regular_007.jpg,p07,cap,regular,0.7177267670631409,p07,0.539914,correct
2,/home/tahmid/crops/p07/p07_cap_regular_008.jpg,p07,cap,regular,0.6786274313926697,p07,0.567272,correct
2,/home/tahmid/crops/p07/p07_cap_regular_009.jpg,p07,cap,regular,0.7782593965530396,p07,0.607867,correct
2,/home/tahmid/crops/p07/p07_cap_regular_010.jpg,p07,cap,regular,0.8095704317092896,p07,0.615308,correct
2,/home/tahmid/crops/p07/p07_clearglass_low_001.jpg,p07,clearglass,low,0.7680842876434326,p07,0.551649,correct
2,/home/tahmid/crops/p07/p07_clearglass_low_002.jpg,p07,clearglass,low,0.7481662631034851,p07,0.560747,correct
2,/home/tahmid/crops/p07/p07_clearglass_low_003.jpg,p07,clearglass,low,0.7997744679450989,p07,0.561184,correct
2,/home/tahmid/crops/p07/p07_clearglass_low_004.jpg,p07,clearglass,low,0.8076469898223877,p07,0.557505,correct
2,/home/tahmid/crops/p07/p07_clearglass_low_005.jpg,p07,clearglass,low,0.6536993980407715,p07,0.564029,correct
2,/home/tahmid/crops/p07/p07_clearglass_low_006.jpg,p07,clearglass,low,0.6652580499649048,p07,0.560359,correct
2,/home/tahmid/crops/p07/p07_clearglass_low_007.jpg,p07,clearglass,low,0.6709328889846802,p07,0.480890,correct
2,/home/tahmid/crops/p07/p07_clearglass_low_008.jpg,p07,clearglass,low,0.6745597124099731,p07,0.484959,correct
2,/home/tahmid/crops/p07/p07_clearglass_low_009.jpg,p07,clearglass,low,0.8488134741783142,p07,0.535210,correct
2,/home/tahmid/crops/p07/p07_clearglass_low_010.jpg,p07,clearglass,low,0.8528496026992798,p07,0.530002,correct
2,/home/tahmid/crops/p07/p07_clearglass_regular_001.jpg,p07,clearglass,regular,0.8016917109489441,p07,0.555453,correct
2,/home/tahmid/crops/p07/p07_clearglass_regular_002.jpg,p07,clearglass,regular,0.7702012658119202,p07,0.554401,correct
2,/home/tahmid/crops/p07/p07_clearglass_regular_003.jpg,p07,clearglass,regular,0.7971007823944092,p07,0.557910,correct
2,/home/tahmid/crops/p07/p07_clearglass_regular_004.jpg,p07,clearglass,regular,0.7514877319335938,p07,0.547217,correct
2,/home/tahmid/crops/p07/p07_clearglass_regular_005.jpg,p07,clearglass,regular,0.8212364912033081,p07,0.559329,correct
2,/home/tahmid/crops/p07/p07_clearglass_regular_006.jpg,p07,clearglass,regular,0.8335821628570557,p07,0.559641,correct
2,/home/tahmid/crops/p07/p07_clearglass_regular_007.jpg,p07,clearglass,regular,0.7618395090103149,p07,0.501546,correct
2,/home/tahmid/crops/p07/p07_clearglass_regular_008.jpg,p07,clearglass,regular,0.7635673880577087,p07,0.523049,correct
2,/home/tahmid/crops/p07/p07_clearglass_regular_009.jpg,p07,clearglass,regular,0.8247454166412354,p07,0.515316,correct
2,/home/tahmid/crops/p07/p07_clearglass_regular_010.jpg,p07,clearglass,regular,0.8382146954536438,p07,0.532991,correct
2,/home/tahmid/crops/p07/p07_mask_clearglass_low_001.jpg,p07,mask_clearglass,low,0.713578999042511,p07,0.405896,correct
2,/home/tahmid/crops/p07/p07_mask_clearglass_low_002.jpg,p07,mask_clearglass,low,0.657609224319458,p07,0.396032,correct
2,/home/tahmid/crops/p07/p07_mask_clearglass_low_003.jpg,p07,mask_clearglass,low,0.6198484897613525,p07,0.423039,correct
2,/home/tahmid/crops/p07/p07_mask_clearglass_low_004.jpg,p07,mask_clearglass,low,0.664612889289856,p07,0.411147,correct
2,/home/tahmid/crops/p07/p07_mask_clearglass_low_005.jpg,p07,mask_clearglass,low,0.7250977158546448,p07,0.413464,correct
2,/home/tahmid/crops/p07/p07_mask_clearglass_low_006.jpg,p07,mask_clearglass,low,0.6409197449684143,p07,0.401559,correct
2,/home/tahmid/crops/p07/p07_mask_clearglass_low_007.jpg,p07,mask_clearglass,low,0.6528316140174866,p15,0.314083,misidentified
2,/home/tahmid/crops/p07/p07_mask_clearglass_low_008.jpg,p07,mask_clearglass,low,0.6235058903694153,p07,0.337862,correct
2,/home/tahmid/crops/p07/p07_mask_clearglass_low_009.jpg,p07,mask_clearglass,low,0.701562762260437,p07,0.327199,correct
2,/home/tahmid/crops/p07/p07_mask_clearglass_low_010.jpg,p07,mask_clearglass,low,0.7067158818244934,p07,0.303685,correct
2,/home/tahmid/crops/p07/p07_mask_clearglass_regular_001.jpg,p07,mask_clearglass,regular,0.7451894879341125,p07,0.398082,correct
2,/home/tahmid/crops/p07/p07_mask_clearglass_regular_002.jpg,p07,mask_clearglass,regular,0.787495493888855,p07,0.392541,correct
2,/home/tahmid/crops/p07/p07_mask_clearglass_regular_003.jpg,p07,mask_clearglass,regular,0.7863565683364868,p07,0.391965,correct
2,/home/tahmid/crops/p07/p07_mask_clearglass_regular_004.jpg,p07,mask_clearglass,regular,0.7771866917610168,p07,0.376602,correct
2,/home/tahmid/crops/p07/p07_mask_clearglass_regular_005.jpg,p07,mask_clearglass,regular,0.7665023803710938,p07,0.420830,correct
2,/home/tahmid/crops/p07/p07_mask_clearglass_regular_006.jpg,p07,mask_clearglass,regular,0.7758219242095947,p07,0.434590,correct
2,/home/tahmid/crops/p07/p07_mask_clearglass_regular_007.jpg,p07,mask_clearglass,regular,0.7037333250045776,p15,0.301171,misidentified
2,/home/tahmid/crops/p07/p07_mask_clearglass_regular_008.jpg,p07,mask_clearglass,regular,0.7154122591018677,p07,0.306598,correct
2,/home/tahmid/crops/p07/p07_mask_clearglass_regular_009.jpg,p07,mask_clearglass,regular,0.6336575746536255,p07,0.310596,correct
2,/home/tahmid/crops/p07/p07_mask_clearglass_regular_010.jpg,p07,mask_clearglass,regular,0.5336900353431702,p07,0.267517,rejected
2,/home/tahmid/crops/p07/p07_mask_low_001.jpg,p07,mask,low,0.6593271493911743,p07,0.482845,correct
2,/home/tahmid/crops/p07/p07_mask_low_002.jpg,p07,mask,low,0.67814701795578,p07,0.476829,correct
2,/home/tahmid/crops/p07/p07_mask_low_003.jpg,p07,mask,low,0.6448132395744324,p07,0.481035,correct
2,/home/tahmid/crops/p07/p07_mask_low_004.jpg,p07,mask,low,0.7047916650772095,p07,0.487428,correct
2,/home/tahmid/crops/p07/p07_mask_low_005.jpg,p07,mask,low,0.7107085585594177,p07,0.475167,correct
2,/home/tahmid/crops/p07/p07_mask_low_006.jpg,p07,mask,low,0.7351019382476807,p07,0.478259,correct
2,/home/tahmid/crops/p07/p07_mask_low_007.jpg,p07,mask,low,0.7457724213600159,p07,0.454371,correct
2,/home/tahmid/crops/p07/p07_mask_low_008.jpg,p07,mask,low,0.7632609605789185,p07,0.461996,correct
2,/home/tahmid/crops/p07/p07_mask_low_009.jpg,p07,mask,low,0.7664904594421387,p07,0.470566,correct
2,/home/tahmid/crops/p07/p07_mask_low_010.jpg,p07,mask,low,0.7087447643280029,p07,0.419189,correct
2,/home/tahmid/crops/p07/p07_mask_low_011.jpg,p07,mask,low,0.6820325255393982,p07,0.366227,correct
2,/home/tahmid/crops/p07/p07_mask_low_012.jpg,p07,mask,low,0.7057009935379028,p07,0.381172,correct
2,/home/tahmid/crops/p07/p07_mask_low_013.jpg,p07,mask,low,0.806634247303009,p07,0.442783,correct
2,/home/tahmid/crops/p07/p07_mask_low_014.jpg,p07,mask,low,0.8375656008720398,p07,0.453349,correct
2,/home/tahmid/crops/p07/p07_mask_low_015.jpg,p07,mask,low,0.8314355611801147,p07,0.458217,correct
2,/home/tahmid/crops/p07/p07_mask_regular_001.jpg,p07,mask,regular,0.7570229172706604,p07,0.490024,correct
2,/home/tahmid/crops/p07/p07_mask_regular_002.jpg,p07,mask,regular,0.7473160028457642,p07,0.485558,correct
2,/home/tahmid/crops/p07/p07_mask_regular_003.jpg,p07,mask,regular,0.7420222759246826,p07,0.470474,correct
2,/home/tahmid/crops/p07/p07_mask_regular_004.jpg,p07,mask,regular,0.8069295883178711,p07,0.470427,correct
2,/home/tahmid/crops/p07/p07_mask_regular_005.jpg,p07,mask,regular,0.8170658349990845,p07,0.467190,correct
2,/home/tahmid/crops/p07/p07_mask_regular_006.jpg,p07,mask,regular,0.8166797161102295,p07,0.468154,correct
2,/home/tahmid/crops/p07/p07_mask_regular_007.jpg,p07,mask,regular,0.7446241974830627,p07,0.454067,correct
2,/home/tahmid/crops/p07/p07_mask_regular_008.jpg,p07,mask,regular,0.7890764474868774,p07,0.440713,correct
2,/home/tahmid/crops/p07/p07_mask_regular_009.jpg,p07,mask,regular,0.783035397529602,p07,0.458068,correct
2,/home/tahmid/crops/p07/p07_mask_regular_010.jpg,p07,mask,regular,0.7584700584411621,p07,0.410496,correct
2,/home/tahmid/crops/p07/p07_mask_regular_011.jpg,p07,mask,regular,0.7360628247261047,p07,0.422981,correct
2,/home/tahmid/crops/p07/p07_mask_regular_012.jpg,p07,mask,regular,0.7639524936676025,p07,0.399429,correct
2,/home/tahmid/crops/p07/p07_mask_regular_013.jpg,p07,mask,regular,0.8006301522254944,p07,0.460917,correct
2,/home/tahmid/crops/p07/p07_mask_regular_014.jpg,p07,mask,regular,0.7961544990539551,p07,0.455824,correct
2,/home/tahmid/crops/p07/p07_mask_regular_015.jpg,p07,mask,regular,0.7923264503479004,p07,0.444301,correct
2,/home/tahmid/crops/p07/p07_mask_sunglass_low_001.jpg,p07,mask_sunglass,low,0.6835808157920837,p04,0.308273,misidentified
2,/home/tahmid/crops/p07/p07_mask_sunglass_low_002.jpg,p07,mask_sunglass,low,0.6717971563339233,p04,0.308766,misidentified
2,/home/tahmid/crops/p07/p07_mask_sunglass_low_003.jpg,p07,mask_sunglass,low,0.6365972757339478,p04,0.301625,misidentified
2,/home/tahmid/crops/p07/p07_mask_sunglass_low_004.jpg,p07,mask_sunglass,low,0.7651194334030151,p07,0.324507,correct
2,/home/tahmid/crops/p07/p07_mask_sunglass_low_005.jpg,p07,mask_sunglass,low,0.7339884638786316,p04,0.304662,misidentified
2,/home/tahmid/crops/p07/p07_mask_sunglass_low_006.jpg,p07,mask_sunglass,low,0.7225449085235596,p07,0.313324,correct
2,/home/tahmid/crops/p07/p07_mask_sunglass_low_007.jpg,p07,mask_sunglass,low,0.7329853177070618,p07,0.322663,correct
2,/home/tahmid/crops/p07/p07_mask_sunglass_low_008.jpg,p07,mask_sunglass,low,0.6889777779579163,p07,0.335573,correct
2,/home/tahmid/crops/p07/p07_mask_sunglass_low_009.jpg,p07,mask_sunglass,low,0.6148123145103455,p04,0.304596,misidentified
2,/home/tahmid/crops/p07/p07_mask_sunglass_low_010.jpg,p07,mask_sunglass,low,0.5608289837837219,p04,0.319152,misidentified
2,/home/tahmid/crops/p07/p07_mask_sunglass_low_011.jpg,p07,mask_sunglass,low,0.4883725643157959,p04,0.294070,rejected
2,/home/tahmid/crops/p07/p07_mask_sunglass_low_012.jpg,p07,mask_sunglass,low,0.5996524095535278,p04,0.303299,misidentified
2,/home/tahmid/crops/p07/p07_mask_sunglass_low_013.jpg,p07,mask_sunglass,low,0.36582210659980774,p14,0.203019,rejected
2,/home/tahmid/crops/p07/p07_mask_sunglass_low_014.jpg,p07,mask_sunglass,low,0.3268973231315613,p20,0.232511,rejected
2,/home/tahmid/crops/p07/p07_mask_sunglass_regular_001.jpg,p07,mask_sunglass,regular,0.6862788200378418,p07,0.314852,correct
2,/home/tahmid/crops/p07/p07_mask_sunglass_regular_002.jpg,p07,mask_sunglass,regular,0.7272040843963623,p07,0.325387,correct
2,/home/tahmid/crops/p07/p07_mask_sunglass_regular_003.jpg,p07,mask_sunglass,regular,0.7010653018951416,p07,0.318438,correct
2,/home/tahmid/crops/p07/p07_mask_sunglass_regular_004.jpg,p07,mask_sunglass,regular,0.72137451171875,p04,0.353682,misidentified
2,/home/tahmid/crops/p07/p07_mask_sunglass_regular_005.jpg,p07,mask_sunglass,regular,0.767576277256012,p07,0.333178,correct
2,/home/tahmid/crops/p07/p07_mask_sunglass_regular_006.jpg,p07,mask_sunglass,regular,0.7855488061904907,p07,0.342612,correct
2,/home/tahmid/crops/p07/p07_mask_sunglass_regular_007.jpg,p07,mask_sunglass,regular,0.7649072408676147,p07,0.326656,correct
2,/home/tahmid/crops/p07/p07_mask_sunglass_regular_008.jpg,p07,mask_sunglass,regular,0.7826226353645325,p07,0.316016,correct
2,/home/tahmid/crops/p07/p07_mask_sunglass_regular_009.jpg,p07,mask_sunglass,regular,0.7646327018737793,p07,0.337203,correct
2,/home/tahmid/crops/p07/p07_mask_sunglass_regular_010.jpg,p07,mask_sunglass,regular,0.7370285987854004,p07,0.315435,correct
2,/home/tahmid/crops/p07/p07_mask_sunglass_regular_011.jpg,p07,mask_sunglass,regular,0.7047699689865112,p04,0.312548,misidentified
2,/home/tahmid/crops/p07/p07_mask_sunglass_regular_012.jpg,p07,mask_sunglass,regular,0.6890263557434082,p04,0.316701,misidentified
2,/home/tahmid/crops/p07/p07_mask_sunglass_regular_013.jpg,p07,mask_sunglass,regular,0.5703566074371338,p04,0.295620,rejected
2,/home/tahmid/crops/p07/p07_mask_sunglass_regular_014.jpg,p07,mask_sunglass,regular,0.6346455812454224,p04,0.296179,rejected
2,/home/tahmid/crops/p07/p07_mask_sunglass_regular_015.jpg,p07,mask_sunglass,regular,0.6033353209495544,p04,0.270110,rejected
2,/home/tahmid/crops/p07/p07_none_low_001.jpg,p07,none,low,0.7614758014678955,p07,0.599691,correct
2,/home/tahmid/crops/p07/p07_none_low_002.jpg,p07,none,low,0.7339826822280884,p07,0.602819,correct
2,/home/tahmid/crops/p07/p07_none_low_003.jpg,p07,none,low,0.7465689778327942,p07,0.609217,correct
2,/home/tahmid/crops/p07/p07_none_low_004.jpg,p07,none,low,0.7167119383811951,p07,0.598608,correct
2,/home/tahmid/crops/p07/p07_none_low_005.jpg,p07,none,low,0.7194042205810547,p07,0.597656,correct
2,/home/tahmid/crops/p07/p07_none_low_006.jpg,p07,none,low,0.7421466112136841,p07,0.596777,correct
2,/home/tahmid/crops/p07/p07_none_low_007.jpg,p07,none,low,0.7717013359069824,p07,0.607212,correct
2,/home/tahmid/crops/p07/p07_none_low_008.jpg,p07,none,low,0.729548454284668,p07,0.602211,correct
2,/home/tahmid/crops/p07/p07_none_low_009.jpg,p07,none,low,0.7735682725906372,p07,0.597160,correct
2,/home/tahmid/crops/p07/p07_none_low_010.jpg,p07,none,low,0.7475425601005554,p07,0.561412,correct
2,/home/tahmid/crops/p07/p07_none_low_011.jpg,p07,none,low,0.7668498754501343,p07,0.556040,correct
2,/home/tahmid/crops/p07/p07_none_low_012.jpg,p07,none,low,0.7800356149673462,p07,0.553265,correct
2,/home/tahmid/crops/p07/p07_none_low_013.jpg,p07,none,low,0.8083219528198242,p07,0.585704,correct
2,/home/tahmid/crops/p07/p07_none_low_014.jpg,p07,none,low,0.8427393436431885,p07,0.581375,correct
2,/home/tahmid/crops/p07/p07_none_low_015.jpg,p07,none,low,0.8471653461456299,p07,0.589806,correct
2,/home/tahmid/crops/p07/p07_none_regular_004.jpg,p07,none,regular,0.7509933710098267,p07,0.624681,correct
2,/home/tahmid/crops/p07/p07_none_regular_005.jpg,p07,none,regular,0.8237268924713135,p07,0.613371,correct
2,/home/tahmid/crops/p07/p07_none_regular_006.jpg,p07,none,regular,0.7440617680549622,p07,0.629086,correct
2,/home/tahmid/crops/p07/p07_none_regular_007.jpg,p07,none,regular,0.814136803150177,p07,0.592318,correct
2,/home/tahmid/crops/p07/p07_none_regular_008.jpg,p07,none,regular,0.7814821600914001,p07,0.595697,correct
2,/home/tahmid/crops/p07/p07_none_regular_009.jpg,p07,none,regular,0.8474169969558716,p07,0.596168,correct
2,/home/tahmid/crops/p07/p07_none_regular_010.jpg,p07,none,regular,0.8178030848503113,p07,0.597186,correct
2,/home/tahmid/crops/p07/p07_none_regular_011.jpg,p07,none,regular,0.7974286675453186,p07,0.596758,correct
2,/home/tahmid/crops/p07/p07_none_regular_012.jpg,p07,none,regular,0.7977385520935059,p07,0.595896,correct
2,/home/tahmid/crops/p07/p07_none_regular_013.jpg,p07,none,regular,0.841778039932251,p07,0.574320,correct
2,/home/tahmid/crops/p07/p07_none_regular_014.jpg,p07,none,regular,0.8554147481918335,p07,0.584900,correct
2,/home/tahmid/crops/p07/p07_none_regular_015.jpg,p07,none,regular,0.8495597243309021,p07,0.573883,correct
2,/home/tahmid/crops/p07/p07_scarf_low_001.jpg,p07,scarf,low,0.726797342300415,p07,0.416222,correct
2,/home/tahmid/crops/p07/p07_scarf_low_002.jpg,p07,scarf,low,0.670105516910553,p07,0.440683,correct
2,/home/tahmid/crops/p07/p07_scarf_low_003.jpg,p07,scarf,low,0.6741163730621338,p07,0.426472,correct
2,/home/tahmid/crops/p07/p07_scarf_low_004.jpg,p07,scarf,low,0.6917903423309326,p07,0.428747,correct
2,/home/tahmid/crops/p07/p07_scarf_low_005.jpg,p07,scarf,low,0.6628183722496033,p07,0.395385,correct
2,/home/tahmid/crops/p07/p07_scarf_low_006.jpg,p07,scarf,low,0.6559202671051025,p07,0.398079,correct
2,/home/tahmid/crops/p07/p07_scarf_low_007.jpg,p07,scarf,low,0.5306717157363892,p07,0.319978,correct
2,/home/tahmid/crops/p07/p07_scarf_low_008.jpg,p07,scarf,low,0.5490185022354126,p07,0.333791,correct
2,/home/tahmid/crops/p07/p07_scarf_low_009.jpg,p07,scarf,low,0.7154776453971863,p07,0.393898,correct
2,/home/tahmid/crops/p07/p07_scarf_low_010.jpg,p07,scarf,low,0.7165013551712036,p07,0.380330,correct
2,/home/tahmid/crops/p07/p07_scarf_regular_001.jpg,p07,scarf,regular,0.7329519391059875,p07,0.459053,correct
2,/home/tahmid/crops/p07/p07_scarf_regular_002.jpg,p07,scarf,regular,0.7851623296737671,p07,0.448270,correct
2,/home/tahmid/crops/p07/p07_scarf_regular_003.jpg,p07,scarf,regular,0.7625730633735657,p07,0.464087,correct
2,/home/tahmid/crops/p07/p07_scarf_regular_004.jpg,p07,scarf,regular,0.757060170173645,p07,0.459318,correct
2,/home/tahmid/crops/p07/p07_scarf_regular_005.jpg,p07,scarf,regular,0.6564127206802368,p07,0.454434,correct
2,/home/tahmid/crops/p07/p07_scarf_regular_006.jpg,p07,scarf,regular,0.6654882431030273,p07,0.448862,correct
2,/home/tahmid/crops/p07/p07_scarf_regular_007.jpg,p07,scarf,regular,0.6404142379760742,p07,0.420982,correct
2,/home/tahmid/crops/p07/p07_scarf_regular_008.jpg,p07,scarf,regular,0.7089900970458984,p07,0.430581,correct
2,/home/tahmid/crops/p07/p07_scarf_regular_009.jpg,p07,scarf,regular,0.7546713352203369,p07,0.441125,correct
2,/home/tahmid/crops/p07/p07_scarf_regular_010.jpg,p07,scarf,regular,0.7692579627037048,p07,0.452434,correct
2,/home/tahmid/crops/p07/p07_sunglass_low_001.jpg,p07,sunglass,low,0.7704952955245972,p07,0.530937,correct
2,/home/tahmid/crops/p07/p07_sunglass_low_002.jpg,p07,sunglass,low,0.7137548327445984,p07,0.540771,correct
2,/home/tahmid/crops/p07/p07_sunglass_low_003.jpg,p07,sunglass,low,0.7986972332000732,p07,0.531595,correct
2,/home/tahmid/crops/p07/p07_sunglass_low_004.jpg,p07,sunglass,low,0.756416380405426,p07,0.546755,correct
2,/home/tahmid/crops/p07/p07_sunglass_low_005.jpg,p07,sunglass,low,0.7441027760505676,p07,0.536939,correct
2,/home/tahmid/crops/p07/p07_sunglass_low_006.jpg,p07,sunglass,low,0.7029057145118713,p07,0.542368,correct
2,/home/tahmid/crops/p07/p07_sunglass_low_007.jpg,p07,sunglass,low,0.7835581302642822,p07,0.531371,correct
2,/home/tahmid/crops/p07/p07_sunglass_low_008.jpg,p07,sunglass,low,0.7102299332618713,p07,0.529982,correct
2,/home/tahmid/crops/p07/p07_sunglass_low_009.jpg,p07,sunglass,low,0.7024338841438293,p07,0.539271,correct
2,/home/tahmid/crops/p07/p07_sunglass_low_010.jpg,p07,sunglass,low,0.7097530961036682,p07,0.436771,correct
2,/home/tahmid/crops/p07/p07_sunglass_low_011.jpg,p07,sunglass,low,0.6595449447631836,p07,0.428474,correct
2,/home/tahmid/crops/p07/p07_sunglass_low_012.jpg,p07,sunglass,low,0.6932939291000366,p07,0.462574,correct
2,/home/tahmid/crops/p07/p07_sunglass_low_013.jpg,p07,sunglass,low,0.8419066071510315,p07,0.535431,correct
2,/home/tahmid/crops/p07/p07_sunglass_low_014.jpg,p07,sunglass,low,0.8309760093688965,p07,0.522966,correct
2,/home/tahmid/crops/p07/p07_sunglass_low_015.jpg,p07,sunglass,low,0.820609450340271,p07,0.508743,correct
2,/home/tahmid/crops/p07/p07_sunglass_regular_001.jpg,p07,sunglass,regular,0.8572546243667603,p07,0.559690,correct
2,/home/tahmid/crops/p07/p07_sunglass_regular_002.jpg,p07,sunglass,regular,0.8578464984893799,p07,0.548412,correct
2,/home/tahmid/crops/p07/p07_sunglass_regular_003.jpg,p07,sunglass,regular,0.8581827878952026,p07,0.562048,correct
2,/home/tahmid/crops/p07/p07_sunglass_regular_004.jpg,p07,sunglass,regular,0.849682092666626,p07,0.524877,correct
2,/home/tahmid/crops/p07/p07_sunglass_regular_005.jpg,p07,sunglass,regular,0.8566486835479736,p07,0.542090,correct
2,/home/tahmid/crops/p07/p07_sunglass_regular_006.jpg,p07,sunglass,regular,0.8567518591880798,p07,0.553212,correct
2,/home/tahmid/crops/p07/p07_sunglass_regular_007.jpg,p07,sunglass,regular,0.7834006547927856,p07,0.554442,correct
2,/home/tahmid/crops/p07/p07_sunglass_regular_008.jpg,p07,sunglass,regular,0.7847857475280762,p07,0.556286,correct
2,/home/tahmid/crops/p07/p07_sunglass_regular_009.jpg,p07,sunglass,regular,0.7785916924476624,p07,0.554461,correct
2,/home/tahmid/crops/p07/p07_sunglass_regular_010.jpg,p07,sunglass,regular,0.800086498260498,p07,0.517564,correct
2,/home/tahmid/crops/p07/p07_sunglass_regular_011.jpg,p07,sunglass,regular,0.7819444537162781,p07,0.510279,correct
2,/home/tahmid/crops/p07/p07_sunglass_regular_012.jpg,p07,sunglass,regular,0.7889395952224731,p07,0.534758,correct
2,/home/tahmid/crops/p07/p07_sunglass_regular_013.jpg,p07,sunglass,regular,0.8078655004501343,p07,0.501464,correct
2,/home/tahmid/crops/p07/p07_sunglass_regular_014.jpg,p07,sunglass,regular,0.7912001609802246,p07,0.521767,correct
2,/home/tahmid/crops/p07/p07_sunglass_regular_015.jpg,p07,sunglass,regular,0.815691351890564,p07,0.515822,correct
2,/home/tahmid/crops/p12/p12_cap_low_001.jpg,p12,cap,low,0.8599913120269775,p12,0.511434,correct
2,/home/tahmid/crops/p12/p12_cap_low_002.jpg,p12,cap,low,0.8560242652893066,p12,0.540425,correct
2,/home/tahmid/crops/p12/p12_cap_low_003.jpg,p12,cap,low,0.7979887127876282,p12,0.525536,correct
2,/home/tahmid/crops/p12/p12_cap_low_004.jpg,p12,cap,low,0.781166672706604,p12,0.524843,correct
2,/home/tahmid/crops/p12/p12_cap_low_005.jpg,p12,cap,low,0.8507262468338013,p12,0.485829,correct
2,/home/tahmid/crops/p12/p12_cap_low_006.jpg,p12,cap,low,0.8326008915901184,p12,0.485317,correct
2,/home/tahmid/crops/p12/p12_cap_low_007.jpg,p12,cap,low,0.6867926120758057,p12,0.511594,correct
2,/home/tahmid/crops/p12/p12_cap_low_008.jpg,p12,cap,low,0.6840958595275879,p12,0.511605,correct
2,/home/tahmid/crops/p12/p12_cap_low_009.jpg,p12,cap,low,0.8370257616043091,p12,0.548722,correct
2,/home/tahmid/crops/p12/p12_cap_low_010.jpg,p12,cap,low,0.8186163902282715,p12,0.553209,correct
2,/home/tahmid/crops/p12/p12_cap_regular_001.jpg,p12,cap,regular,0.8422349691390991,p12,0.535467,correct
2,/home/tahmid/crops/p12/p12_cap_regular_002.jpg,p12,cap,regular,0.8416795134544373,p12,0.512085,correct
2,/home/tahmid/crops/p12/p12_cap_regular_003.jpg,p12,cap,regular,0.7837903499603271,p12,0.533511,correct
2,/home/tahmid/crops/p12/p12_cap_regular_004.jpg,p12,cap,regular,0.7964381575584412,p12,0.522676,correct
2,/home/tahmid/crops/p12/p12_cap_regular_005.jpg,p12,cap,regular,0.7932538986206055,p12,0.464192,correct
2,/home/tahmid/crops/p12/p12_cap_regular_006.jpg,p12,cap,regular,0.8143118023872375,p12,0.484296,correct
2,/home/tahmid/crops/p12/p12_cap_regular_007.jpg,p12,cap,regular,0.7362368106842041,p12,0.462506,correct
2,/home/tahmid/crops/p12/p12_cap_regular_008.jpg,p12,cap,regular,0.7331377863883972,p12,0.460786,correct
2,/home/tahmid/crops/p12/p12_cap_regular_009.jpg,p12,cap,regular,0.7960115671157837,p12,0.587194,correct
2,/home/tahmid/crops/p12/p12_cap_regular_010.jpg,p12,cap,regular,0.8018883466720581,p12,0.610461,correct
2,/home/tahmid/crops/p12/p12_clearglass_low_001.jpg,p12,clearglass,low,0.8485298156738281,p12,0.527256,correct
2,/home/tahmid/crops/p12/p12_clearglass_low_002.jpg,p12,clearglass,low,0.8441547155380249,p12,0.516925,correct
2,/home/tahmid/crops/p12/p12_clearglass_low_003.jpg,p12,clearglass,low,0.7841821908950806,p12,0.511210,correct
2,/home/tahmid/crops/p12/p12_clearglass_low_004.jpg,p12,clearglass,low,0.7795159816741943,p12,0.503543,correct
2,/home/tahmid/crops/p12/p12_clearglass_low_005.jpg,p12,clearglass,low,0.7792602777481079,p12,0.461653,correct
2,/home/tahmid/crops/p12/p12_clearglass_low_006.jpg,p12,clearglass,low,0.7882128953933716,p12,0.468131,correct
2,/home/tahmid/crops/p12/p12_clearglass_low_007.jpg,p12,clearglass,low,0.7827404737472534,p12,0.494389,correct
2,/home/tahmid/crops/p12/p12_clearglass_low_008.jpg,p12,clearglass,low,0.7857800722122192,p12,0.504218,correct
2,/home/tahmid/crops/p12/p12_clearglass_low_009.jpg,p12,clearglass,low,0.8521929979324341,p12,0.534319,correct
2,/home/tahmid/crops/p12/p12_clearglass_low_010.jpg,p12,clearglass,low,0.8373287320137024,p12,0.514626,correct
2,/home/tahmid/crops/p12/p12_clearglass_regular_001.jpg,p12,clearglass,regular,0.8681763410568237,p12,0.551432,correct
2,/home/tahmid/crops/p12/p12_clearglass_regular_002.jpg,p12,clearglass,regular,0.8537397384643555,p12,0.546427,correct
2,/home/tahmid/crops/p12/p12_clearglass_regular_003.jpg,p12,clearglass,regular,0.824634850025177,p12,0.543598,correct
2,/home/tahmid/crops/p12/p12_clearglass_regular_004.jpg,p12,clearglass,regular,0.823320746421814,p12,0.532020,correct
2,/home/tahmid/crops/p12/p12_clearglass_regular_005.jpg,p12,clearglass,regular,0.8291276693344116,p12,0.498454,correct
2,/home/tahmid/crops/p12/p12_clearglass_regular_006.jpg,p12,clearglass,regular,0.8407247066497803,p12,0.506582,correct
2,/home/tahmid/crops/p12/p12_clearglass_regular_007.jpg,p12,clearglass,regular,0.8430931568145752,p12,0.543724,correct
2,/home/tahmid/crops/p12/p12_clearglass_regular_008.jpg,p12,clearglass,regular,0.8464117050170898,p12,0.530340,correct
2,/home/tahmid/crops/p12/p12_clearglass_regular_009.jpg,p12,clearglass,regular,0.8052927851676941,p12,0.460197,correct
2,/home/tahmid/crops/p12/p12_clearglass_regular_010.jpg,p12,clearglass,regular,0.7644227743148804,p12,0.486741,correct
2,/home/tahmid/crops/p12/p12_mask_clearglass_low_001.jpg,p12,mask_clearglass,low,0.8044872283935547,p12,0.402993,correct
2,/home/tahmid/crops/p12/p12_mask_clearglass_low_002.jpg,p12,mask_clearglass,low,0.8118103742599487,p12,0.412119,correct
2,/home/tahmid/crops/p12/p12_mask_clearglass_low_003.jpg,p12,mask_clearglass,low,0.775081992149353,p15,0.327898,misidentified
2,/home/tahmid/crops/p12/p12_mask_clearglass_low_004.jpg,p12,mask_clearglass,low,0.7629097700119019,p15,0.335458,misidentified
2,/home/tahmid/crops/p12/p12_mask_clearglass_low_005.jpg,p12,mask_clearglass,low,0.7332825660705566,p15,0.315308,misidentified
2,/home/tahmid/crops/p12/p12_mask_clearglass_low_006.jpg,p12,mask_clearglass,low,0.7359814643859863,p15,0.348064,misidentified
2,/home/tahmid/crops/p12/p12_mask_clearglass_low_007.jpg,p12,mask_clearglass,low,0.7389427423477173,p12,0.336256,correct
2,/home/tahmid/crops/p12/p12_mask_clearglass_low_008.jpg,p12,mask_clearglass,low,0.7364062666893005,p12,0.350398,correct
2,/home/tahmid/crops/p12/p12_mask_clearglass_low_009.jpg,p12,mask_clearglass,low,0.7636505961418152,p12,0.370939,correct
2,/home/tahmid/crops/p12/p12_mask_clearglass_low_010.jpg,p12,mask_clearglass,low,0.772871732711792,p12,0.379601,correct
2,/home/tahmid/crops/p12/p12_mask_clearglass_regular_001.jpg,p12,mask_clearglass,regular,0.8521769046783447,p12,0.362358,correct
2,/home/tahmid/crops/p12/p12_mask_clearglass_regular_002.jpg,p12,mask_clearglass,regular,0.8660507798194885,p12,0.376809,correct
2,/home/tahmid/crops/p12/p12_mask_clearglass_regular_003.jpg,p12,mask_clearglass,regular,0.7695391178131104,p12,0.352226,correct
2,/home/tahmid/crops/p12/p12_mask_clearglass_regular_004.jpg,p12,mask_clearglass,regular,0.7704994082450867,p12,0.340703,correct
2,/home/tahmid/crops/p12/p12_mask_clearglass_regular_005.jpg,p12,mask_clearglass,regular,0.7628943920135498,p15,0.374040,misidentified
2,/home/tahmid/crops/p12/p12_mask_clearglass_regular_006.jpg,p12,mask_clearglass,regular,0.8045492768287659,p15,0.360608,misidentified
2,/home/tahmid/crops/p12/p12_mask_clearglass_regular_007.jpg,p12,mask_clearglass,regular,0.6912352442741394,p04,0.329658,misidentified
2,/home/tahmid/crops/p12/p12_mask_clearglass_regular_008.jpg,p12,mask_clearglass,regular,0.7405152320861816,p12,0.315577,correct
2,/home/tahmid/crops/p12/p12_mask_clearglass_regular_009.jpg,p12,mask_clearglass,regular,0.7759916186332703,p04,0.390294,misidentified
2,/home/tahmid/crops/p12/p12_mask_clearglass_regular_010.jpg,p12,mask_clearglass,regular,0.7665557861328125,p04,0.341911,misidentified
2,/home/tahmid/crops/p12/p12_mask_low_001.jpg,p12,mask,low,0.7636736631393433,p12,0.421559,correct
2,/home/tahmid/crops/p12/p12_mask_low_002.jpg,p12,mask,low,0.7532778382301331,p12,0.427118,correct
2,/home/tahmid/crops/p12/p12_mask_low_003.jpg,p12,mask,low,0.743801474571228,p12,0.427612,correct
2,/home/tahmid/crops/p12/p12_mask_low_004.jpg,p12,mask,low,0.7630003690719604,p12,0.371338,correct
2,/home/tahmid/crops/p12/p12_mask_low_005.jpg,p12,mask,low,0.7525962591171265,p15,0.399718,misidentified
2,/home/tahmid/crops/p12/p12_mask_low_006.jpg,p12,mask,low,0.7469605803489685,p15,0.369937,misidentified
2,/home/tahmid/crops/p12/p12_mask_low_007.jpg,p12,mask,low,0.785454273223877,p12,0.403125,correct
2,/home/tahmid/crops/p12/p12_mask_low_008.jpg,p12,mask,low,0.7905964851379395,p12,0.404338,correct
2,/home/tahmid/crops/p12/p12_mask_low_009.jpg,p12,mask,low,0.7490583658218384,p12,0.413299,correct
2,/home/tahmid/crops/p12/p12_mask_low_010.jpg,p12,mask,low,0.6997686624526978,p12,0.363951,correct
2,/home/tahmid/crops/p12/p12_mask_low_011.jpg,p12,mask,low,0.7119885683059692,p12,0.370534,correct
2,/home/tahmid/crops/p12/p12_mask_low_012.jpg,p12,mask,low,0.7125744223594666,p12,0.384415,correct
2,/home/tahmid/crops/p12/p12_mask_low_013.jpg,p12,mask,low,0.8030675649642944,p12,0.450702,correct
2,/home/tahmid/crops/p12/p12_mask_low_014.jpg,p12,mask,low,0.8156793713569641,p12,0.454963,correct
2,/home/tahmid/crops/p12/p12_mask_low_015.jpg,p12,mask,low,0.8189808130264282,p12,0.441310,correct
2,/home/tahmid/crops/p12/p12_mask_regular_001.jpg,p12,mask,regular,0.8429890275001526,p12,0.437119,correct
2,/home/tahmid/crops/p12/p12_mask_regular_002.jpg,p12,mask,regular,0.8287909030914307,p12,0.437159,correct
2,/home/tahmid/crops/p12/p12_mask_regular_003.jpg,p12,mask,regular,0.8527551889419556,p12,0.440569,correct
2,/home/tahmid/crops/p12/p12_mask_regular_004.jpg,p12,mask,regular,0.8412245512008667,p12,0.408892,correct
2,/home/tahmid/crops/p12/p12_mask_regular_005.jpg,p12,mask,regular,0.8383598923683167,p12,0.419634,correct
2,/home/tahmid/crops/p12/p12_mask_regular_006.jpg,p12,mask,regular,0.8427338600158691,p12,0.418028,correct
2,/home/tahmid/crops/p12/p12_mask_regular_007.jpg,p12,mask,regular,0.8495399951934814,p12,0.407779,correct
2,/home/tahmid/crops/p12/p12_mask_regular_008.jpg,p12,mask,regular,0.8300178050994873,p12,0.411586,correct
2,/home/tahmid/crops/p12/p12_mask_regular_009.jpg,p12,mask,regular,0.8345536589622498,p12,0.400902,correct
2,/home/tahmid/crops/p12/p12_mask_regular_010.jpg,p12,mask,regular,0.7722793817520142,p12,0.387834,correct
2,/home/tahmid/crops/p12/p12_mask_regular_011.jpg,p12,mask,regular,0.7222357988357544,p12,0.379425,correct
2,/home/tahmid/crops/p12/p12_mask_regular_012.jpg,p12,mask,regular,0.7663553357124329,p12,0.376490,correct
2,/home/tahmid/crops/p12/p12_mask_regular_013.jpg,p12,mask,regular,0.8295283317565918,p12,0.433604,correct
2,/home/tahmid/crops/p12/p12_mask_regular_014.jpg,p12,mask,regular,0.8366351127624512,p12,0.445576,correct
2,/home/tahmid/crops/p12/p12_mask_regular_015.jpg,p12,mask,regular,0.8472381830215454,p12,0.437335,correct
2,/home/tahmid/crops/p12/p12_mask_sunglass_low_001.jpg,p12,mask_sunglass,low,0.7412285804748535,p12,0.328924,correct
2,/home/tahmid/crops/p12/p12_mask_sunglass_low_002.jpg,p12,mask_sunglass,low,0.7351354956626892,p12,0.321453,correct
2,/home/tahmid/crops/p12/p12_mask_sunglass_low_003.jpg,p12,mask_sunglass,low,0.7530453205108643,p12,0.344831,correct
2,/home/tahmid/crops/p12/p12_mask_sunglass_low_004.jpg,p12,mask_sunglass,low,0.6788101196289062,p04,0.305443,misidentified
2,/home/tahmid/crops/p12/p12_mask_sunglass_low_005.jpg,p12,mask_sunglass,low,0.7071806192398071,p15,0.335721,misidentified
2,/home/tahmid/crops/p12/p12_mask_sunglass_low_006.jpg,p12,mask_sunglass,low,0.6782797574996948,p15,0.309532,misidentified
2,/home/tahmid/crops/p12/p12_mask_sunglass_low_007.jpg,p12,mask_sunglass,low,0.7637755274772644,p15,0.384811,misidentified
2,/home/tahmid/crops/p12/p12_mask_sunglass_low_008.jpg,p12,mask_sunglass,low,0.7493443489074707,p15,0.372635,misidentified
2,/home/tahmid/crops/p12/p12_mask_sunglass_low_009.jpg,p12,mask_sunglass,low,0.7481895089149475,p15,0.360468,misidentified
2,/home/tahmid/crops/p12/p12_mask_sunglass_low_010.jpg,p12,mask_sunglass,low,0.6913977265357971,p11,0.312726,misidentified
2,/home/tahmid/crops/p12/p12_mask_sunglass_low_011.jpg,p12,mask_sunglass,low,0.6775435209274292,p15,0.313434,misidentified
2,/home/tahmid/crops/p12/p12_mask_sunglass_low_012.jpg,p12,mask_sunglass,low,0.6787173748016357,p15,0.321835,misidentified
2,/home/tahmid/crops/p12/p12_mask_sunglass_low_013.jpg,p12,mask_sunglass,low,0.754362165927887,p12,0.289745,rejected
2,/home/tahmid/crops/p12/p12_mask_sunglass_low_014.jpg,p12,mask_sunglass,low,0.7495719790458679,p15,0.311965,misidentified
2,/home/tahmid/crops/p12/p12_mask_sunglass_low_015.jpg,p12,mask_sunglass,low,0.7276583313941956,p15,0.322315,misidentified
2,/home/tahmid/crops/p12/p12_mask_sunglass_regular_001.jpg,p12,mask_sunglass,regular,0.8502864837646484,p12,0.350084,correct
2,/home/tahmid/crops/p12/p12_mask_sunglass_regular_002.jpg,p12,mask_sunglass,regular,0.8421512842178345,p12,0.352687,correct
2,/home/tahmid/crops/p12/p12_mask_sunglass_regular_003.jpg,p12,mask_sunglass,regular,0.8531575202941895,p12,0.351264,correct
2,/home/tahmid/crops/p12/p12_mask_sunglass_regular_004.jpg,p12,mask_sunglass,regular,0.8384765386581421,p15,0.333646,misidentified
2,/home/tahmid/crops/p12/p12_mask_sunglass_regular_005.jpg,p12,mask_sunglass,regular,0.8089154362678528,p12,0.323078,correct
2,/home/tahmid/crops/p12/p12_mask_sunglass_regular_006.jpg,p12,mask_sunglass,regular,0.8161143064498901,p04,0.333589,misidentified
2,/home/tahmid/crops/p12/p12_mask_sunglass_regular_007.jpg,p12,mask_sunglass,regular,0.573103666305542,p15,0.339669,misidentified
2,/home/tahmid/crops/p12/p12_mask_sunglass_regular_008.jpg,p12,mask_sunglass,regular,0.6234862804412842,p15,0.326200,misidentified
2,/home/tahmid/crops/p12/p12_mask_sunglass_regular_009.jpg,p12,mask_sunglass,regular,0.6739010214805603,p15,0.321891,misidentified
2,/home/tahmid/crops/p12/p12_mask_sunglass_regular_010.jpg,p12,mask_sunglass,regular,0.7214543223381042,p12,0.323545,correct
2,/home/tahmid/crops/p12/p12_mask_sunglass_regular_011.jpg,p12,mask_sunglass,regular,0.7242270112037659,p12,0.304544,correct
2,/home/tahmid/crops/p12/p12_mask_sunglass_regular_012.jpg,p12,mask_sunglass,regular,0.7281774878501892,p15,0.341966,misidentified
2,/home/tahmid/crops/p12/p12_mask_sunglass_regular_013.jpg,p12,mask_sunglass,regular,0.8116253614425659,p12,0.334513,correct
2,/home/tahmid/crops/p12/p12_mask_sunglass_regular_014.jpg,p12,mask_sunglass,regular,0.8269370794296265,p12,0.336056,correct
2,/home/tahmid/crops/p12/p12_mask_sunglass_regular_015.jpg,p12,mask_sunglass,regular,0.8173818588256836,p12,0.324120,correct
2,/home/tahmid/crops/p12/p12_none_low_001.jpg,p12,none,low,0.8321393728256226,p12,0.567126,correct
2,/home/tahmid/crops/p12/p12_none_low_002.jpg,p12,none,low,0.8363941311836243,p12,0.547959,correct
2,/home/tahmid/crops/p12/p12_none_low_003.jpg,p12,none,low,0.8276203870773315,p12,0.548726,correct
2,/home/tahmid/crops/p12/p12_none_low_004.jpg,p12,none,low,0.8100280165672302,p12,0.551456,correct
2,/home/tahmid/crops/p12/p12_none_low_005.jpg,p12,none,low,0.8210094571113586,p12,0.553308,correct
2,/home/tahmid/crops/p12/p12_none_low_006.jpg,p12,none,low,0.8027080297470093,p12,0.534564,correct
2,/home/tahmid/crops/p12/p12_none_low_007.jpg,p12,none,low,0.8319685459136963,p12,0.476967,correct
2,/home/tahmid/crops/p12/p12_none_low_008.jpg,p12,none,low,0.8256634473800659,p12,0.496152,correct
2,/home/tahmid/crops/p12/p12_none_low_009.jpg,p12,none,low,0.8081645369529724,p12,0.484180,correct
2,/home/tahmid/crops/p12/p12_none_low_010.jpg,p12,none,low,0.6785229444503784,p12,0.493339,correct
2,/home/tahmid/crops/p12/p12_none_low_011.jpg,p12,none,low,0.6694477796554565,p12,0.493034,correct
2,/home/tahmid/crops/p12/p12_none_low_012.jpg,p12,none,low,0.6479156017303467,p12,0.509367,correct
2,/home/tahmid/crops/p12/p12_none_low_013.jpg,p12,none,low,0.785458505153656,p12,0.538887,correct
2,/home/tahmid/crops/p12/p12_none_low_014.jpg,p12,none,low,0.7837585210800171,p12,0.543291,correct
2,/home/tahmid/crops/p12/p12_none_low_015.jpg,p12,none,low,0.809738039970398,p12,0.552305,correct
2,/home/tahmid/crops/p12/p12_none_regular_003.jpg,p12,none,regular,0.7798620462417603,p12,0.524438,correct
2,/home/tahmid/crops/p12/p12_none_regular_004.jpg,p12,none,regular,0.8572951555252075,p12,0.528960,correct
2,/home/tahmid/crops/p12/p12_none_regular_005.jpg,p12,none,regular,0.8347950577735901,p12,0.534506,correct
2,/home/tahmid/crops/p12/p12_none_regular_006.jpg,p12,none,regular,0.8531194925308228,p12,0.541054,correct
2,/home/tahmid/crops/p12/p12_none_regular_007.jpg,p12,none,regular,0.8278647065162659,p12,0.558155,correct
2,/home/tahmid/crops/p12/p12_none_regular_008.jpg,p12,none,regular,0.8538262844085693,p12,0.559576,correct
2,/home/tahmid/crops/p12/p12_none_regular_009.jpg,p12,none,regular,0.7583389282226562,p12,0.641653,correct
2,/home/tahmid/crops/p12/p12_none_regular_010.jpg,p12,none,regular,0.7770607471466064,p12,0.624835,correct
2,/home/tahmid/crops/p12/p12_none_regular_011.jpg,p12,none,regular,0.7981619834899902,p12,0.631446,correct
2,/home/tahmid/crops/p12/p12_none_regular_012.jpg,p12,none,regular,0.8134440183639526,p12,0.542795,correct
2,/home/tahmid/crops/p12/p12_none_regular_013.jpg,p12,none,regular,0.7504557371139526,p12,0.548291,correct
2,/home/tahmid/crops/p12/p12_none_regular_014.jpg,p12,none,regular,0.7890975475311279,p12,0.542176,correct
2,/home/tahmid/crops/p12/p12_none_regular_015.jpg,p12,none,regular,0.878777265548706,p12,0.580419,correct
2,/home/tahmid/crops/p12/p12_scarf_low_001.jpg,p12,scarf,low,0.8275401592254639,p12,0.555333,correct
2,/home/tahmid/crops/p12/p12_scarf_low_002.jpg,p12,scarf,low,0.8044301271438599,p12,0.520886,correct
2,/home/tahmid/crops/p12/p12_scarf_low_003.jpg,p12,scarf,low,0.7059584856033325,p12,0.528470,correct
2,/home/tahmid/crops/p12/p12_scarf_low_004.jpg,p12,scarf,low,0.7080442905426025,p12,0.522960,correct
2,/home/tahmid/crops/p12/p12_scarf_low_005.jpg,p12,scarf,low,0.7359617948532104,p12,0.501079,correct
2,/home/tahmid/crops/p12/p12_scarf_low_006.jpg,p12,scarf,low,0.7604076862335205,p12,0.499341,correct
2,/home/tahmid/crops/p12/p12_scarf_low_007.jpg,p12,scarf,low,0.6744570732116699,p12,0.434669,correct
2,/home/tahmid/crops/p12/p12_scarf_low_008.jpg,p12,scarf,low,0.6992388963699341,p12,0.406307,correct
2,/home/tahmid/crops/p12/p12_scarf_low_009.jpg,p12,scarf,low,0.8060760498046875,p12,0.552853,correct
2,/home/tahmid/crops/p12/p12_scarf_low_010.jpg,p12,scarf,low,0.8130267262458801,p12,0.543095,correct
2,/home/tahmid/crops/p12/p12_scarf_regular_001.jpg,p12,scarf,regular,0.833212673664093,p12,0.582856,correct
2,/home/tahmid/crops/p12/p12_scarf_regular_002.jpg,p12,scarf,regular,0.8227038979530334,p12,0.572953,correct
2,/home/tahmid/crops/p12/p12_scarf_regular_003.jpg,p12,scarf,regular,0.6855282783508301,p12,0.493869,correct
2,/home/tahmid/crops/p12/p12_scarf_regular_004.jpg,p12,scarf,regular,0.6587921380996704,p12,0.501185,correct
2,/home/tahmid/crops/p12/p12_scarf_regular_005.jpg,p12,scarf,regular,0.793452262878418,p12,0.498133,correct
2,/home/tahmid/crops/p12/p12_scarf_regular_006.jpg,p12,scarf,regular,0.7588604688644409,p12,0.486040,correct
2,/home/tahmid/crops/p12/p12_scarf_regular_007.jpg,p12,scarf,regular,0.776238203048706,p12,0.489481,correct
2,/home/tahmid/crops/p12/p12_scarf_regular_008.jpg,p12,scarf,regular,0.7755336761474609,p12,0.499155,correct
2,/home/tahmid/crops/p12/p12_scarf_regular_009.jpg,p12,scarf,regular,0.8468723297119141,p12,0.594791,correct
2,/home/tahmid/crops/p12/p12_scarf_regular_010.jpg,p12,scarf,regular,0.838263750076294,p12,0.600253,correct
2,/home/tahmid/crops/p12/p12_sunglass_low_001.jpg,p12,sunglass,low,0.7984018325805664,p12,0.519820,correct
2,/home/tahmid/crops/p12/p12_sunglass_low_002.jpg,p12,sunglass,low,0.7972386479377747,p12,0.515332,correct
2,/home/tahmid/crops/p12/p12_sunglass_low_003.jpg,p12,sunglass,low,0.797619104385376,p12,0.499158,correct
2,/home/tahmid/crops/p12/p12_sunglass_low_004.jpg,p12,sunglass,low,0.768701434135437,p12,0.498945,correct
2,/home/tahmid/crops/p12/p12_sunglass_low_005.jpg,p12,sunglass,low,0.7635896801948547,p12,0.510551,correct
2,/home/tahmid/crops/p12/p12_sunglass_low_006.jpg,p12,sunglass,low,0.7605197429656982,p12,0.497806,correct
2,/home/tahmid/crops/p12/p12_sunglass_low_007.jpg,p12,sunglass,low,0.8465867042541504,p12,0.434973,correct
2,/home/tahmid/crops/p12/p12_sunglass_low_008.jpg,p12,sunglass,low,0.8465173244476318,p12,0.424351,correct
2,/home/tahmid/crops/p12/p12_sunglass_low_009.jpg,p12,sunglass,low,0.8133026957511902,p12,0.417596,correct
2,/home/tahmid/crops/p12/p12_sunglass_low_010.jpg,p12,sunglass,low,0.7406103610992432,p12,0.468067,correct
2,/home/tahmid/crops/p12/p12_sunglass_low_011.jpg,p12,sunglass,low,0.7390081882476807,p12,0.447671,correct
2,/home/tahmid/crops/p12/p12_sunglass_low_012.jpg,p12,sunglass,low,0.7275356650352478,p12,0.470029,correct
2,/home/tahmid/crops/p12/p12_sunglass_low_013.jpg,p12,sunglass,low,0.8168290853500366,p12,0.528643,correct
2,/home/tahmid/crops/p12/p12_sunglass_low_014.jpg,p12,sunglass,low,0.8032909035682678,p12,0.521481,correct
2,/home/tahmid/crops/p12/p12_sunglass_low_015.jpg,p12,sunglass,low,0.8045185804367065,p12,0.528173,correct
2,/home/tahmid/crops/p12/p12_sunglass_regular_001.jpg,p12,sunglass,regular,0.8624823689460754,p12,0.559004,correct
2,/home/tahmid/crops/p12/p12_sunglass_regular_002.jpg,p12,sunglass,regular,0.8647956848144531,p12,0.558133,correct
2,/home/tahmid/crops/p12/p12_sunglass_regular_003.jpg,p12,sunglass,regular,0.8617117404937744,p12,0.563013,correct
2,/home/tahmid/crops/p12/p12_sunglass_regular_004.jpg,p12,sunglass,regular,0.8544059991836548,p12,0.499937,correct
2,/home/tahmid/crops/p12/p12_sunglass_regular_005.jpg,p12,sunglass,regular,0.855154275894165,p12,0.494140,correct
2,/home/tahmid/crops/p12/p12_sunglass_regular_006.jpg,p12,sunglass,regular,0.8523486852645874,p12,0.503628,correct
2,/home/tahmid/crops/p12/p12_sunglass_regular_007.jpg,p12,sunglass,regular,0.8169075846672058,p12,0.521014,correct
2,/home/tahmid/crops/p12/p12_sunglass_regular_008.jpg,p12,sunglass,regular,0.8178204298019409,p12,0.516001,correct
2,/home/tahmid/crops/p12/p12_sunglass_regular_009.jpg,p12,sunglass,regular,0.8096156120300293,p12,0.507281,correct
2,/home/tahmid/crops/p12/p12_sunglass_regular_010.jpg,p12,sunglass,regular,0.8078904151916504,p12,0.555899,correct
2,/home/tahmid/crops/p12/p12_sunglass_regular_011.jpg,p12,sunglass,regular,0.7993407249450684,p12,0.546746,correct
2,/home/tahmid/crops/p12/p12_sunglass_regular_012.jpg,p12,sunglass,regular,0.7902265787124634,p12,0.559564,correct
2,/home/tahmid/crops/p12/p12_sunglass_regular_013.jpg,p12,sunglass,regular,0.7707793116569519,p12,0.444617,correct
2,/home/tahmid/crops/p12/p12_sunglass_regular_014.jpg,p12,sunglass,regular,0.7889440655708313,p12,0.434475,correct
2,/home/tahmid/crops/p12/p12_sunglass_regular_015.jpg,p12,sunglass,regular,0.7596633434295654,p12,0.422036,correct
2,/home/tahmid/crops/p13/p13_cap_low_001.jpg,p13,cap,low,0.8130353689193726,p13,0.519785,correct
2,/home/tahmid/crops/p13/p13_cap_low_002.jpg,p13,cap,low,0.8111637830734253,p13,0.520089,correct
2,/home/tahmid/crops/p13/p13_cap_low_003.jpg,p13,cap,low,0.786261796951294,p13,0.500169,correct
2,/home/tahmid/crops/p13/p13_cap_low_004.jpg,p13,cap,low,0.7922115325927734,p13,0.510085,correct
2,/home/tahmid/crops/p13/p13_cap_low_005.jpg,p13,cap,low,0.8187007904052734,p13,0.482307,correct
2,/home/tahmid/crops/p13/p13_cap_low_006.jpg,p13,cap,low,0.7731693387031555,p13,0.502123,correct
2,/home/tahmid/crops/p13/p13_cap_low_007.jpg,p13,cap,low,0.788749098777771,p13,0.518198,correct
2,/home/tahmid/crops/p13/p13_cap_low_008.jpg,p13,cap,low,0.8118392825126648,p13,0.504058,correct
2,/home/tahmid/crops/p13/p13_cap_low_009.jpg,p13,cap,low,0.8214417695999146,p13,0.511001,correct
2,/home/tahmid/crops/p13/p13_cap_low_010.jpg,p13,cap,low,0.775644838809967,p13,0.511431,correct
2,/home/tahmid/crops/p13/p13_cap_low_011.jpg,p13,cap,low,0.8324017524719238,p13,0.425415,correct
2,/home/tahmid/crops/p13/p13_cap_low_012.jpg,p13,cap,low,0.8225307464599609,p13,0.421792,correct
2,/home/tahmid/crops/p13/p13_cap_low_013.jpg,p13,cap,low,0.8311700224876404,p13,0.410423,correct
2,/home/tahmid/crops/p13/p13_cap_regular_001.jpg,p13,cap,regular,0.8290257453918457,p13,0.539455,correct
2,/home/tahmid/crops/p13/p13_cap_regular_002.jpg,p13,cap,regular,0.8393639922142029,p13,0.535760,correct
2,/home/tahmid/crops/p13/p13_cap_regular_003.jpg,p13,cap,regular,0.7828195691108704,p13,0.490924,correct
2,/home/tahmid/crops/p13/p13_cap_regular_004.jpg,p13,cap,regular,0.8199639320373535,p13,0.514775,correct
2,/home/tahmid/crops/p13/p13_cap_regular_005.jpg,p13,cap,regular,0.7926327586174011,p13,0.500472,correct
2,/home/tahmid/crops/p13/p13_cap_regular_006.jpg,p13,cap,regular,0.8045716285705566,p13,0.521809,correct
2,/home/tahmid/crops/p13/p13_cap_regular_007.jpg,p13,cap,regular,0.8394219875335693,p13,0.435785,correct
2,/home/tahmid/crops/p13/p13_cap_regular_008.jpg,p13,cap,regular,0.8290257453918457,p13,0.539455,correct
2,/home/tahmid/crops/p13/p13_cap_regular_009.jpg,p13,cap,regular,0.8045716285705566,p13,0.521809,correct
2,/home/tahmid/crops/p13/p13_cap_regular_010.jpg,p13,cap,regular,0.8168965578079224,p13,0.519775,correct
2,/home/tahmid/crops/p13/p13_cap_regular_011.jpg,p13,cap,regular,0.8189148902893066,p13,0.454509,correct
2,/home/tahmid/crops/p13/p13_cap_regular_012.jpg,p13,cap,regular,0.8239747285842896,p13,0.434418,correct
2,/home/tahmid/crops/p13/p13_cap_regular_013.jpg,p13,cap,regular,0.8394219875335693,p13,0.435785,correct
2,/home/tahmid/crops/p13/p13_clearglass_low_001.jpg,p13,clearglass,low,0.8019564151763916,p13,0.434630,correct
2,/home/tahmid/crops/p13/p13_clearglass_low_002.jpg,p13,clearglass,low,0.7161719799041748,p13,0.472865,correct
2,/home/tahmid/crops/p13/p13_clearglass_low_003.jpg,p13,clearglass,low,0.8192177414894104,p13,0.433329,correct
2,/home/tahmid/crops/p13/p13_clearglass_low_004.jpg,p13,clearglass,low,0.7965840697288513,p13,0.452136,correct
2,/home/tahmid/crops/p13/p13_clearglass_low_005.jpg,p13,clearglass,low,0.8095184564590454,p13,0.438537,correct
2,/home/tahmid/crops/p13/p13_clearglass_low_006.jpg,p13,clearglass,low,0.798442542552948,p13,0.460154,correct
2,/home/tahmid/crops/p13/p13_clearglass_low_007.jpg,p13,clearglass,low,0.8180830478668213,p13,0.457410,correct
2,/home/tahmid/crops/p13/p13_clearglass_low_008.jpg,p13,clearglass,low,0.8030011653900146,p13,0.405361,correct
2,/home/tahmid/crops/p13/p13_clearglass_low_009.jpg,p13,clearglass,low,0.8068389892578125,p13,0.430914,correct
2,/home/tahmid/crops/p13/p13_clearglass_low_010.jpg,p13,clearglass,low,0.7779718041419983,p13,0.436158,correct
2,/home/tahmid/crops/p13/p13_clearglass_low_011.jpg,p13,clearglass,low,0.859363317489624,p13,0.470146,correct
2,/home/tahmid/crops/p13/p13_clearglass_low_012.jpg,p13,clearglass,low,0.8385599255561829,p13,0.435212,correct
2,/home/tahmid/crops/p13/p13_clearglass_low_013.jpg,p13,clearglass,low,0.8769938349723816,p13,0.440675,correct
2,/home/tahmid/crops/p13/p13_clearglass_regular_001.jpg,p13,clearglass,regular,0.8240075707435608,p13,0.515075,correct
2,/home/tahmid/crops/p13/p13_clearglass_regular_002.jpg,p13,clearglass,regular,0.747559666633606,p13,0.521084,correct
2,/home/tahmid/crops/p13/p13_clearglass_regular_003.jpg,p13,clearglass,regular,0.8545836806297302,p13,0.492740,correct
2,/home/tahmid/crops/p13/p13_clearglass_regular_004.jpg,p13,clearglass,regular,0.8015393018722534,p13,0.515051,correct
2,/home/tahmid/crops/p13/p13_clearglass_regular_005.jpg,p13,clearglass,regular,0.867613673210144,p13,0.505531,correct
2,/home/tahmid/crops/p13/p13_clearglass_regular_006.jpg,p13,clearglass,regular,0.8565472364425659,p13,0.502683,correct
2,/home/tahmid/crops/p13/p13_clearglass_regular_007.jpg,p13,clearglass,regular,0.820548415184021,p13,0.476150,correct
2,/home/tahmid/crops/p13/p13_clearglass_regular_008.jpg,p13,clearglass,regular,0.8175119161605835,p13,0.452208,correct
2,/home/tahmid/crops/p13/p13_clearglass_regular_009.jpg,p13,clearglass,regular,0.8296386003494263,p13,0.478403,correct
2,/home/tahmid/crops/p13/p13_clearglass_regular_010.jpg,p13,clearglass,regular,0.8601407408714294,p13,0.458955,correct
2,/home/tahmid/crops/p13/p13_mask_clearglass_low_001.jpg,p13,mask_clearglass,low,0.7972942590713501,p04,0.309837,misidentified
2,/home/tahmid/crops/p13/p13_mask_clearglass_low_002.jpg,p13,mask_clearglass,low,0.7104094624519348,p04,0.311239,misidentified
2,/home/tahmid/crops/p13/p13_mask_clearglass_low_003.jpg,p13,mask_clearglass,low,0.7335937023162842,p04,0.298117,rejected
2,/home/tahmid/crops/p13/p13_mask_clearglass_low_004.jpg,p13,mask_clearglass,low,0.7128552198410034,p13,0.359085,correct
2,/home/tahmid/crops/p13/p13_mask_clearglass_low_005.jpg,p13,mask_clearglass,low,0.6992191672325134,p13,0.337113,correct
2,/home/tahmid/crops/p13/p13_mask_clearglass_low_006.jpg,p13,mask_clearglass,low,0.7224257588386536,p13,0.360090,correct
2,/home/tahmid/crops/p13/p13_mask_clearglass_low_007.jpg,p13,mask_clearglass,low,0.7794793248176575,p13,0.327097,correct
2,/home/tahmid/crops/p13/p13_mask_clearglass_low_008.jpg,p13,mask_clearglass,low,0.7663877010345459,p13,0.324212,correct
2,/home/tahmid/crops/p13/p13_mask_clearglass_low_009.jpg,p13,mask_clearglass,low,0.821669340133667,p13,0.362869,correct
2,/home/tahmid/crops/p13/p13_mask_clearglass_low_010.jpg,p13,mask_clearglass,low,0.6268195509910583,p13,0.249858,rejected
2,/home/tahmid/crops/p13/p13_mask_clearglass_low_011.jpg,p13,mask_clearglass,low,0.6002270579338074,p11,0.277241,rejected
2,/home/tahmid/crops/p13/p13_mask_clearglass_low_012.jpg,p13,mask_clearglass,low,0.8328198790550232,p13,0.464089,correct
2,/home/tahmid/crops/p13/p13_mask_clearglass_low_013.jpg,p13,mask_clearglass,low,0.8373867273330688,p13,0.451332,correct
2,/home/tahmid/crops/p13/p13_mask_clearglass_regular_001.jpg,p13,mask_clearglass,regular,0.6119180917739868,p13,0.404869,correct
2,/home/tahmid/crops/p13/p13_mask_clearglass_regular_002.jpg,p13,mask_clearglass,regular,0.6267890334129333,p13,0.417428,correct
2,/home/tahmid/crops/p13/p13_mask_clearglass_regular_003.jpg,p13,mask_clearglass,regular,0.7517679333686829,p13,0.373945,correct
2,/home/tahmid/crops/p13/p13_mask_clearglass_regular_004.jpg,p13,mask_clearglass,regular,0.7291067242622375,p13,0.353519,correct
2,/home/tahmid/crops/p13/p13_mask_clearglass_regular_005.jpg,p13,mask_clearglass,regular,0.7383241653442383,p13,0.326213,correct
2,/home/tahmid/crops/p13/p13_mask_clearglass_regular_006.jpg,p13,mask_clearglass,regular,0.7126150727272034,p13,0.360187,correct
2,/home/tahmid/crops/p13/p13_mask_clearglass_regular_007.jpg,p13,mask_clearglass,regular,0.7643688917160034,p13,0.302077,correct
2,/home/tahmid/crops/p13/p13_mask_clearglass_regular_008.jpg,p13,mask_clearglass,regular,0.7790117263793945,p13,0.287520,rejected
2,/home/tahmid/crops/p13/p13_mask_clearglass_regular_009.jpg,p13,mask_clearglass,regular,0.8088624477386475,p13,0.373273,correct
2,/home/tahmid/crops/p13/p13_mask_clearglass_regular_010.jpg,p13,mask_clearglass,regular,0.7649192214012146,p13,0.370571,correct
2,/home/tahmid/crops/p13/p13_mask_low_001.jpg,p13,mask,low,0.7309905886650085,p13,0.489928,correct
2,/home/tahmid/crops/p13/p13_mask_low_002.jpg,p13,mask,low,0.6847766637802124,p13,0.483556,correct
2,/home/tahmid/crops/p13/p13_mask_low_003.jpg,p13,mask,low,0.739065408706665,p13,0.490231,correct
2,/home/tahmid/crops/p13/p13_mask_low_004.jpg,p13,mask,low,0.6784385442733765,p13,0.465633,correct
2,/home/tahmid/crops/p13/p13_mask_low_005.jpg,p13,mask,low,0.6967145204544067,p13,0.498445,correct
2,/home/tahmid/crops/p13/p13_mask_low_006.jpg,p13,mask,low,0.780795693397522,p13,0.470816,correct
2,/home/tahmid/crops/p13/p13_mask_low_007.jpg,p13,mask,low,0.8231730461120605,p13,0.458155,correct
2,/home/tahmid/crops/p13/p13_mask_low_008.jpg,p13,mask,low,0.7876496315002441,p13,0.500847,correct
2,/home/tahmid/crops/p13/p13_mask_low_009.jpg,p13,mask,low,0.6722680330276489,p13,0.469457,correct
2,/home/tahmid/crops/p13/p13_mask_low_010.jpg,p13,mask,low,0.6572350263595581,p13,0.506215,correct
2,/home/tahmid/crops/p13/p13_mask_low_011.jpg,p13,mask,low,0.6706863045692444,p13,0.478284,correct
2,/home/tahmid/crops/p13/p13_mask_low_012.jpg,p13,mask,low,0.8386977910995483,p13,0.481763,correct
2,/home/tahmid/crops/p13/p13_mask_low_013.jpg,p13,mask,low,0.8530737161636353,p13,0.483709,correct
2,/home/tahmid/crops/p13/p13_mask_regular_001.jpg,p13,mask,regular,0.787460446357727,p13,0.498587,correct
2,/home/tahmid/crops/p13/p13_mask_regular_002.jpg,p13,mask,regular,0.8235757946968079,p13,0.483636,correct
2,/home/tahmid/crops/p13/p13_mask_regular_003.jpg,p13,mask,regular,0.8232095837593079,p13,0.518190,correct
2,/home/tahmid/crops/p13/p13_mask_regular_004.jpg,p13,mask,regular,0.7417222261428833,p13,0.513113,correct
2,/home/tahmid/crops/p13/p13_mask_regular_005.jpg,p13,mask,regular,0.78217613697052,p13,0.506147,correct
2,/home/tahmid/crops/p13/p13_mask_regular_006.jpg,p13,mask,regular,0.7343788146972656,p13,0.496756,correct
2,/home/tahmid/crops/p13/p13_mask_regular_007.jpg,p13,mask,regular,0.7836325168609619,p13,0.499517,correct
2,/home/tahmid/crops/p13/p13_mask_regular_008.jpg,p13,mask,regular,0.8538626432418823,p13,0.495439,correct
2,/home/tahmid/crops/p13/p13_mask_regular_009.jpg,p13,mask,regular,0.8367190361022949,p13,0.512210,correct
2,/home/tahmid/crops/p13/p13_mask_regular_010.jpg,p13,mask,regular,0.8218916654586792,p13,0.522110,correct
2,/home/tahmid/crops/p13/p13_mask_regular_011.jpg,p13,mask,regular,0.7826460599899292,p13,0.495004,correct
2,/home/tahmid/crops/p13/p13_mask_regular_012.jpg,p13,mask,regular,0.818905234336853,p13,0.509416,correct
2,/home/tahmid/crops/p13/p13_mask_regular_013.jpg,p13,mask,regular,0.7801350951194763,p13,0.504946,correct
2,/home/tahmid/crops/p13/p13_mask_sunglass_low_001.jpg,p13,mask_sunglass,low,0.6883429288864136,p25,0.272405,rejected
2,/home/tahmid/crops/p13/p13_mask_sunglass_low_002.jpg,p13,mask_sunglass,low,0.7396049499511719,p25,0.307458,misidentified
2,/home/tahmid/crops/p13/p13_mask_sunglass_low_003.jpg,p13,mask_sunglass,low,0.7057583332061768,p25,0.303793,misidentified
2,/home/tahmid/crops/p13/p13_mask_sunglass_low_004.jpg,p13,mask_sunglass,low,0.6268808841705322,p13,0.308428,correct
2,/home/tahmid/crops/p13/p13_mask_sunglass_low_005.jpg,p13,mask_sunglass,low,0.6192930936813354,p13,0.303896,correct
2,/home/tahmid/crops/p13/p13_mask_sunglass_low_006.jpg,p13,mask_sunglass,low,0.8263872861862183,p13,0.345630,correct
2,/home/tahmid/crops/p13/p13_mask_sunglass_low_007.jpg,p13,mask_sunglass,low,0.8016037940979004,p13,0.319168,correct
2,/home/tahmid/crops/p13/p13_mask_sunglass_low_008.jpg,p13,mask_sunglass,low,0.8475826978683472,p13,0.339780,correct
2,/home/tahmid/crops/p13/p13_mask_sunglass_low_009.jpg,p13,mask_sunglass,low,0.49949052929878235,p13,0.251965,rejected
2,/home/tahmid/crops/p13/p13_mask_sunglass_low_010.jpg,p13,mask_sunglass,low,0.5163173079490662,p13,0.283011,rejected
2,/home/tahmid/crops/p13/p13_mask_sunglass_low_011.jpg,p13,mask_sunglass,low,0.35740548372268677,p13,0.279872,rejected
2,/home/tahmid/crops/p13/p13_mask_sunglass_low_012.jpg,p13,mask_sunglass,low,0.8250948190689087,p13,0.347662,correct
2,/home/tahmid/crops/p13/p13_mask_sunglass_low_013.jpg,p13,mask_sunglass,low,0.8074343204498291,p13,0.354973,correct
2,/home/tahmid/crops/p13/p13_mask_sunglass_regular_001.jpg,p13,mask_sunglass,regular,0.6394303441047668,p13,0.318325,correct
2,/home/tahmid/crops/p13/p13_mask_sunglass_regular_002.jpg,p13,mask_sunglass,regular,0.6864948272705078,p13,0.317156,correct
2,/home/tahmid/crops/p13/p13_mask_sunglass_regular_003.jpg,p13,mask_sunglass,regular,0.7321044206619263,p13,0.339028,correct
2,/home/tahmid/crops/p13/p13_mask_sunglass_regular_004.jpg,p13,mask_sunglass,regular,0.7120274305343628,p13,0.310839,correct
2,/home/tahmid/crops/p13/p13_mask_sunglass_regular_005.jpg,p13,mask_sunglass,regular,0.632690966129303,p13,0.316881,correct
2,/home/tahmid/crops/p13/p13_mask_sunglass_regular_006.jpg,p13,mask_sunglass,regular,0.6896907687187195,p13,0.313196,correct
2,/home/tahmid/crops/p13/p13_mask_sunglass_regular_007.jpg,p13,mask_sunglass,regular,0.7905793190002441,p13,0.363936,correct
2,/home/tahmid/crops/p13/p13_mask_sunglass_regular_008.jpg,p13,mask_sunglass,regular,0.7567254304885864,p13,0.370361,correct
2,/home/tahmid/crops/p13/p13_mask_sunglass_regular_009.jpg,p13,mask_sunglass,regular,0.7822655439376831,p13,0.313063,correct
2,/home/tahmid/crops/p13/p13_none_low_001.jpg,p13,none,low,0.6979652643203735,p13,0.536164,correct
2,/home/tahmid/crops/p13/p13_none_low_002.jpg,p13,none,low,0.7684116363525391,p13,0.561834,correct
2,/home/tahmid/crops/p13/p13_none_low_003.jpg,p13,none,low,0.8104897737503052,p13,0.567692,correct
2,/home/tahmid/crops/p13/p13_none_low_004.jpg,p13,none,low,0.7652269601821899,p13,0.555245,correct
2,/home/tahmid/crops/p13/p13_none_low_005.jpg,p13,none,low,0.7792885899543762,p13,0.552682,correct
2,/home/tahmid/crops/p13/p13_none_low_006.jpg,p13,none,low,0.8464138507843018,p13,0.542798,correct
2,/home/tahmid/crops/p13/p13_none_low_007.jpg,p13,none,low,0.863316535949707,p13,0.511922,correct
2,/home/tahmid/crops/p13/p13_none_low_008.jpg,p13,none,low,0.8419848680496216,p13,0.534644,correct
2,/home/tahmid/crops/p13/p13_none_low_009.jpg,p13,none,low,0.806618332862854,p13,0.557651,correct
2,/home/tahmid/crops/p13/p13_none_low_010.jpg,p13,none,low,0.7924215197563171,p13,0.548513,correct
2,/home/tahmid/crops/p13/p13_none_low_011.jpg,p13,none,low,0.8797946572303772,p13,0.532157,correct
2,/home/tahmid/crops/p13/p13_none_low_012.jpg,p13,none,low,0.8725011348724365,p13,0.547031,correct
2,/home/tahmid/crops/p13/p13_none_low_013.jpg,p13,none,low,0.866843581199646,p13,0.533296,correct
2,/home/tahmid/crops/p13/p13_none_regular_001.jpg,p13,none,regular,0.8838659524917603,p13,0.612312,correct
2,/home/tahmid/crops/p13/p13_none_regular_002.jpg,p13,none,regular,0.8594197034835815,p13,0.602474,correct
2,/home/tahmid/crops/p13/p13_none_regular_004.jpg,p13,none,regular,0.8120607137680054,p13,0.542277,correct
2,/home/tahmid/crops/p13/p13_none_regular_005.jpg,p13,none,regular,0.8313076496124268,p13,0.553839,correct
2,/home/tahmid/crops/p13/p13_none_regular_006.jpg,p13,none,regular,0.8412981033325195,p13,0.554038,correct
2,/home/tahmid/crops/p13/p13_none_regular_007.jpg,p13,none,regular,0.8538525104522705,p13,0.561720,correct
2,/home/tahmid/crops/p13/p13_none_regular_008.jpg,p13,none,regular,0.8706085085868835,p13,0.553008,correct
2,/home/tahmid/crops/p13/p13_none_regular_009.jpg,p13,none,regular,0.878088116645813,p13,0.556548,correct
2,/home/tahmid/crops/p13/p13_none_regular_010.jpg,p13,none,regular,0.8859032392501831,p13,0.555534,correct
2,/home/tahmid/crops/p13/p13_none_regular_011.jpg,p13,none,regular,0.8778830766677856,p13,0.558047,correct
2,/home/tahmid/crops/p13/p13_none_regular_012.jpg,p13,none,regular,0.8351737260818481,p13,0.556444,correct
2,/home/tahmid/crops/p13/p13_none_regular_013.jpg,p13,none,regular,0.830966591835022,p13,0.550335,correct
2,/home/tahmid/crops/p13/p13_scarf_low_001.jpg,p13,scarf,low,0.7699013948440552,p13,0.485449,correct
2,/home/tahmid/crops/p13/p13_scarf_low_002.jpg,p13,scarf,low,0.7499740123748779,p13,0.483421,correct
2,/home/tahmid/crops/p13/p13_scarf_low_003.jpg,p13,scarf,low,0.7614140510559082,p13,0.529439,correct
2,/home/tahmid/crops/p13/p13_scarf_low_004.jpg,p13,scarf,low,0.7809867858886719,p13,0.505015,correct
2,/home/tahmid/crops/p13/p13_scarf_low_005.jpg,p13,scarf,low,0.7023354172706604,p13,0.485449,correct
2,/home/tahmid/crops/p13/p13_scarf_low_006.jpg,p13,scarf,low,0.7112445831298828,p13,0.473767,correct
2,/home/tahmid/crops/p13/p13_scarf_low_007.jpg,p13,scarf,low,0.7427767515182495,p13,0.485751,correct
2,/home/tahmid/crops/p13/p13_scarf_low_008.jpg,p13,scarf,low,0.7632225155830383,p13,0.474620,correct
2,/home/tahmid/crops/p13/p13_scarf_low_009.jpg,p13,scarf,low,0.7716923952102661,p13,0.463649,correct
2,/home/tahmid/crops/p13/p13_scarf_low_010.jpg,p13,scarf,low,0.779407262802124,p13,0.453444,correct
2,/home/tahmid/crops/p13/p13_scarf_low_011.jpg,p13,scarf,low,0.745268702507019,p13,0.473261,correct
2,/home/tahmid/crops/p13/p13_scarf_low_012.jpg,p13,scarf,low,0.7635371685028076,p13,0.456390,correct
2,/home/tahmid/crops/p13/p13_scarf_low_013.jpg,p13,scarf,low,0.7679639458656311,p13,0.512636,correct
2,/home/tahmid/crops/p13/p13_scarf_regular_001.jpg,p13,scarf,regular,0.8177897930145264,p13,0.565508,correct
2,/home/tahmid/crops/p13/p13_scarf_regular_002.jpg,p13,scarf,regular,0.8280423879623413,p13,0.576451,correct
2,/home/tahmid/crops/p13/p13_scarf_regular_003.jpg,p13,scarf,regular,0.8097313642501831,p13,0.564218,correct
2,/home/tahmid/crops/p13/p13_scarf_regular_004.jpg,p13,scarf,regular,0.7413004636764526,p13,0.527578,correct
2,/home/tahmid/crops/p13/p13_scarf_regular_005.jpg,p13,scarf,regular,0.7737258672714233,p13,0.543959,correct
2,/home/tahmid/crops/p13/p13_scarf_regular_006.jpg,p13,scarf,regular,0.7704943418502808,p13,0.524095,correct
2,/home/tahmid/crops/p13/p13_scarf_regular_007.jpg,p13,scarf,regular,0.77405846118927,p13,0.511789,correct
2,/home/tahmid/crops/p13/p13_scarf_regular_008.jpg,p13,scarf,regular,0.7829223275184631,p13,0.522529,correct
2,/home/tahmid/crops/p13/p13_scarf_regular_009.jpg,p13,scarf,regular,0.8557906150817871,p13,0.528008,correct
2,/home/tahmid/crops/p13/p13_scarf_regular_010.jpg,p13,scarf,regular,0.8512941002845764,p13,0.529801,correct
2,/home/tahmid/crops/p13/p13_scarf_regular_011.jpg,p13,scarf,regular,0.8119266629219055,p13,0.516343,correct
2,/home/tahmid/crops/p13/p13_scarf_regular_012.jpg,p13,scarf,regular,0.7955220937728882,p13,0.520995,correct
2,/home/tahmid/crops/p13/p13_scarf_regular_013.jpg,p13,scarf,regular,0.7659570574760437,p13,0.512117,correct
2,/home/tahmid/crops/p13/p13_sunglass_low_001.jpg,p13,sunglass,low,0.7924387454986572,p13,0.445348,correct
2,/home/tahmid/crops/p13/p13_sunglass_low_002.jpg,p13,sunglass,low,0.7999093532562256,p13,0.448754,correct
2,/home/tahmid/crops/p13/p13_sunglass_low_003.jpg,p13,sunglass,low,0.8132028579711914,p13,0.442611,correct
2,/home/tahmid/crops/p13/p13_sunglass_low_004.jpg,p13,sunglass,low,0.8420028686523438,p13,0.450130,correct
2,/home/tahmid/crops/p13/p13_sunglass_low_005.jpg,p13,sunglass,low,0.8263792991638184,p13,0.450505,correct
2,/home/tahmid/crops/p13/p13_sunglass_low_006.jpg,p13,sunglass,low,0.831782341003418,p13,0.452536,correct
2,/home/tahmid/crops/p13/p13_sunglass_low_007.jpg,p13,sunglass,low,0.859504222869873,p13,0.444063,correct
2,/home/tahmid/crops/p13/p13_sunglass_low_008.jpg,p13,sunglass,low,0.8456363677978516,p13,0.439287,correct
2,/home/tahmid/crops/p13/p13_sunglass_low_009.jpg,p13,sunglass,low,0.7407776713371277,p13,0.451774,correct
2,/home/tahmid/crops/p13/p13_sunglass_low_010.jpg,p13,sunglass,low,0.7722873687744141,p13,0.436637,correct
2,/home/tahmid/crops/p13/p13_sunglass_low_011.jpg,p13,sunglass,low,0.7992780208587646,p13,0.434424,correct
2,/home/tahmid/crops/p13/p13_sunglass_low_012.jpg,p13,sunglass,low,0.8423548936843872,p13,0.430796,correct
2,/home/tahmid/crops/p13/p13_sunglass_low_013.jpg,p13,sunglass,low,0.8366488218307495,p13,0.426070,correct
2,/home/tahmid/crops/p13/p13_sunglass_low_014.jpg,p13,sunglass,low,0.8487681150436401,p13,0.418401,correct
2,/home/tahmid/crops/p13/p13_sunglass_regular_001.jpg,p13,sunglass,regular,0.7850198745727539,p13,0.486984,correct
2,/home/tahmid/crops/p13/p13_sunglass_regular_002.jpg,p13,sunglass,regular,0.7557473182678223,p13,0.495041,correct
2,/home/tahmid/crops/p13/p13_sunglass_regular_003.jpg,p13,sunglass,regular,0.7654922604560852,p13,0.495444,correct
2,/home/tahmid/crops/p13/p13_sunglass_regular_004.jpg,p13,sunglass,regular,0.8001067638397217,p13,0.515716,correct
2,/home/tahmid/crops/p13/p13_sunglass_regular_005.jpg,p13,sunglass,regular,0.7785477638244629,p13,0.507472,correct
2,/home/tahmid/crops/p13/p13_sunglass_regular_006.jpg,p13,sunglass,regular,0.8551603555679321,p13,0.501553,correct
2,/home/tahmid/crops/p13/p13_sunglass_regular_007.jpg,p13,sunglass,regular,0.8262680768966675,p13,0.489911,correct
2,/home/tahmid/crops/p13/p13_sunglass_regular_008.jpg,p13,sunglass,regular,0.8562242984771729,p13,0.506999,correct
2,/home/tahmid/crops/p13/p13_sunglass_regular_009.jpg,p13,sunglass,regular,0.8616687059402466,p13,0.488031,correct
2,/home/tahmid/crops/p13/p13_sunglass_regular_010.jpg,p13,sunglass,regular,0.862785816192627,p13,0.472647,correct
2,/home/tahmid/crops/p13/p13_sunglass_regular_011.jpg,p13,sunglass,regular,0.8534883260726929,p13,0.479124,correct
2,/home/tahmid/crops/p13/p13_sunglass_regular_012.jpg,p13,sunglass,regular,0.8472585082054138,p13,0.446890,correct
2,/home/tahmid/crops/p13/p13_sunglass_regular_013.jpg,p13,sunglass,regular,0.8563405275344849,p13,0.460027,correct
2,/home/tahmid/crops/p13/p13_sunglass_regular_014.jpg,p13,sunglass,regular,0.8623942136764526,p13,0.463965,correct
2,/home/tahmid/crops/p16/p16_cap_low_001.jpg,p16,cap,low,0.8728779554367065,p16,0.535975,correct
2,/home/tahmid/crops/p16/p16_cap_low_002.jpg,p16,cap,low,0.8805906176567078,p16,0.559158,correct
2,/home/tahmid/crops/p16/p16_cap_low_003.jpg,p16,cap,low,0.8567423224449158,p16,0.471332,correct
2,/home/tahmid/crops/p16/p16_cap_low_004.jpg,p16,cap,low,0.6956003904342651,p16,0.442934,correct
2,/home/tahmid/crops/p16/p16_cap_low_005.jpg,p16,cap,low,0.7064741253852844,p16,0.414690,correct
2,/home/tahmid/crops/p16/p16_cap_low_006.jpg,p16,cap,low,0.7346299886703491,p16,0.419652,correct
2,/home/tahmid/crops/p16/p16_cap_low_007.jpg,p16,cap,low,0.7638574838638306,p16,0.420504,correct
2,/home/tahmid/crops/p16/p16_cap_low_008.jpg,p16,cap,low,0.7604819536209106,p16,0.432299,correct
2,/home/tahmid/crops/p16/p16_cap_low_009.jpg,p16,cap,low,0.6982110738754272,p16,0.361771,correct
2,/home/tahmid/crops/p16/p16_cap_low_010.jpg,p16,cap,low,0.6822940111160278,p16,0.349525,correct
2,/home/tahmid/crops/p16/p16_cap_low_011.jpg,p16,cap,low,0.6349788308143616,p16,0.309600,correct
2,/home/tahmid/crops/p16/p16_cap_low_012.jpg,p16,cap,low,0.8446305990219116,p16,0.548127,correct
2,/home/tahmid/crops/p16/p16_cap_low_013.jpg,p16,cap,low,0.8489170074462891,p16,0.569877,correct
2,/home/tahmid/crops/p16/p16_cap_low_014.jpg,p16,cap,low,0.839069128036499,p16,0.576464,correct
2,/home/tahmid/crops/p16/p16_cap_regular_001.jpg,p16,cap,regular,0.8606823682785034,p16,0.545918,correct
2,/home/tahmid/crops/p16/p16_cap_regular_002.jpg,p16,cap,regular,0.8773940205574036,p16,0.561441,correct
2,/home/tahmid/crops/p16/p16_cap_regular_003.jpg,p16,cap,regular,0.8674392104148865,p16,0.561927,correct
2,/home/tahmid/crops/p16/p16_cap_regular_004.jpg,p16,cap,regular,0.7504626512527466,p16,0.452680,correct
2,/home/tahmid/crops/p16/p16_cap_regular_005.jpg,p16,cap,regular,0.7700654864311218,p16,0.433856,correct
2,/home/tahmid/crops/p16/p16_cap_regular_006.jpg,p16,cap,regular,0.7268301248550415,p16,0.444692,correct
2,/home/tahmid/crops/p16/p16_cap_regular_007.jpg,p16,cap,regular,0.7669811248779297,p16,0.458821,correct
2,/home/tahmid/crops/p16/p16_cap_regular_008.jpg,p16,cap,regular,0.7696733474731445,p16,0.458346,correct
2,/home/tahmid/crops/p16/p16_cap_regular_009.jpg,p16,cap,regular,0.6799578666687012,p16,0.335702,correct
2,/home/tahmid/crops/p16/p16_cap_regular_010.jpg,p16,cap,regular,0.5637098550796509,p16,0.255790,rejected
2,/home/tahmid/crops/p16/p16_cap_regular_011.jpg,p16,cap,regular,0.599600076675415,p05,0.242021,rejected
2,/home/tahmid/crops/p16/p16_cap_regular_012.jpg,p16,cap,regular,0.6633259654045105,p16,0.358205,correct
2,/home/tahmid/crops/p16/p16_cap_regular_013.jpg,p16,cap,regular,0.8045258522033691,p16,0.605690,correct
2,/home/tahmid/crops/p16/p16_cap_regular_014.jpg,p16,cap,regular,0.8062298893928528,p16,0.561794,correct
2,/home/tahmid/crops/p16/p16_cap_regular_015.jpg,p16,cap,regular,0.8193788528442383,p16,0.601593,correct
2,/home/tahmid/crops/p16/p16_clearglass_low_001.jpg,p16,clearglass,low,0.7931925058364868,p16,0.490255,correct
2,/home/tahmid/crops/p16/p16_clearglass_low_002.jpg,p16,clearglass,low,0.775063157081604,p16,0.512770,correct
2,/home/tahmid/crops/p16/p16_clearglass_low_003.jpg,p16,clearglass,low,0.8003003597259521,p16,0.487363,correct
2,/home/tahmid/crops/p16/p16_clearglass_low_004.jpg,p16,clearglass,low,0.7115120887756348,p16,0.446598,correct
2,/home/tahmid/crops/p16/p16_clearglass_low_005.jpg,p16,clearglass,low,0.7645463347434998,p16,0.443905,correct
2,/home/tahmid/crops/p16/p16_clearglass_low_006.jpg,p16,clearglass,low,0.7614649534225464,p16,0.419773,correct
2,/home/tahmid/crops/p16/p16_clearglass_low_007.jpg,p16,clearglass,low,0.6217625141143799,p16,0.402503,correct
2,/home/tahmid/crops/p16/p16_clearglass_low_008.jpg,p16,clearglass,low,0.6706691980361938,p16,0.394278,correct
2,/home/tahmid/crops/p16/p16_clearglass_low_009.jpg,p16,clearglass,low,0.7213023900985718,p16,0.399055,correct
2,/home/tahmid/crops/p16/p16_clearglass_low_010.jpg,p16,clearglass,low,0.6684883236885071,p16,0.354420,correct
2,/home/tahmid/crops/p16/p16_clearglass_low_011.jpg,p16,clearglass,low,0.6551426649093628,p16,0.339993,correct
2,/home/tahmid/crops/p16/p16_clearglass_low_012.jpg,p16,clearglass,low,0.5906823873519897,p16,0.323018,correct
2,/home/tahmid/crops/p16/p16_clearglass_low_013.jpg,p16,clearglass,low,0.8073908090591431,p16,0.536550,correct
2,/home/tahmid/crops/p16/p16_clearglass_low_014.jpg,p16,clearglass,low,0.802040696144104,p16,0.523437,correct
2,/home/tahmid/crops/p16/p16_clearglass_low_015.jpg,p16,clearglass,low,0.8071671724319458,p16,0.552403,correct
2,/home/tahmid/crops/p16/p16_clearglass_regular_001.jpg,p16,clearglass,regular,0.8192363977432251,p16,0.541142,correct
2,/home/tahmid/crops/p16/p16_clearglass_regular_002.jpg,p16,clearglass,regular,0.709756076335907,p16,0.530355,correct
2,/home/tahmid/crops/p16/p16_clearglass_regular_003.jpg,p16,clearglass,regular,0.7293928265571594,p16,0.509978,correct
2,/home/tahmid/crops/p16/p16_clearglass_regular_004.jpg,p16,clearglass,regular,0.7390966415405273,p16,0.426825,correct
2,/home/tahmid/crops/p16/p16_clearglass_regular_005.jpg,p16,clearglass,regular,0.709507405757904,p16,0.452234,correct
2,/home/tahmid/crops/p16/p16_clearglass_regular_006.jpg,p16,clearglass,regular,0.7168875932693481,p16,0.420773,correct
2,/home/tahmid/crops/p16/p16_clearglass_regular_007.jpg,p16,clearglass,regular,0.6652560234069824,p16,0.403516,correct
2,/home/tahmid/crops/p16/p16_clearglass_regular_008.jpg,p16,clearglass,regular,0.6753643751144409,p16,0.395356,correct
2,/home/tahmid/crops/p16/p16_clearglass_regular_009.jpg,p16,clearglass,regular,0.6824701428413391,p16,0.424366,correct
2,/home/tahmid/crops/p16/p16_clearglass_regular_010.jpg,p16,clearglass,regular,0.6539762020111084,p16,0.380565,correct
2,/home/tahmid/crops/p16/p16_clearglass_regular_011.jpg,p16,clearglass,regular,0.6890286803245544,p23,0.295424,rejected
2,/home/tahmid/crops/p16/p16_clearglass_regular_012.jpg,p16,clearglass,regular,0.7513725757598877,p16,0.370166,correct
2,/home/tahmid/crops/p16/p16_clearglass_regular_013.jpg,p16,clearglass,regular,0.8267656564712524,p16,0.525778,correct
2,/home/tahmid/crops/p16/p16_clearglass_regular_014.jpg,p16,clearglass,regular,0.7581993341445923,p16,0.544064,correct
2,/home/tahmid/crops/p16/p16_clearglass_regular_015.jpg,p16,clearglass,regular,0.7567763328552246,p16,0.517007,correct
2,/home/tahmid/crops/p16/p16_mask_clearglass_low_001.jpg,p16,mask_clearglass,low,0.8159410953521729,p16,0.251701,rejected
2,/home/tahmid/crops/p16/p16_mask_clearglass_low_002.jpg,p16,mask_clearglass,low,0.8372880220413208,p15,0.238014,rejected
2,/home/tahmid/crops/p16/p16_mask_clearglass_low_003.jpg,p16,mask_clearglass,low,0.8369560241699219,p15,0.242892,rejected
2,/home/tahmid/crops/p16/p16_mask_clearglass_low_004.jpg,p16,mask_clearglass,low,0.6934301853179932,p04,0.318709,misidentified
2,/home/tahmid/crops/p16/p16_mask_clearglass_low_005.jpg,p16,mask_clearglass,low,0.7603344917297363,p04,0.290280,rejected
2,/home/tahmid/crops/p16/p16_mask_clearglass_low_006.jpg,p16,mask_clearglass,low,0.6640709042549133,p04,0.280551,rejected
2,/home/tahmid/crops/p16/p16_mask_clearglass_low_007.jpg,p16,mask_clearglass,low,0.6597821712493896,p14,0.289916,rejected
2,/home/tahmid/crops/p16/p16_mask_clearglass_low_008.jpg,p16,mask_clearglass,low,0.6905534863471985,p14,0.252716,rejected
2,/home/tahmid/crops/p16/p16_mask_clearglass_low_009.jpg,p16,mask_clearglass,low,0.6889694929122925,p14,0.308680,misidentified
2,/home/tahmid/crops/p16/p16_mask_clearglass_low_010.jpg,p16,mask_clearglass,low,0.6797280311584473,p07,0.244185,rejected
2,/home/tahmid/crops/p16/p16_mask_clearglass_low_011.jpg,p16,mask_clearglass,low,0.7088698148727417,p15,0.213050,rejected
2,/home/tahmid/crops/p16/p16_mask_clearglass_low_012.jpg,p16,mask_clearglass,low,0.6759966611862183,p11,0.260700,rejected
2,/home/tahmid/crops/p16/p16_mask_clearglass_low_013.jpg,p16,mask_clearglass,low,0.7778844833374023,p15,0.249117,rejected
2,/home/tahmid/crops/p16/p16_mask_clearglass_low_014.jpg,p16,mask_clearglass,low,0.7820584774017334,p18,0.232322,rejected
2,/home/tahmid/crops/p16/p16_mask_clearglass_low_015.jpg,p16,mask_clearglass,low,0.7944345474243164,p15,0.234843,rejected
2,/home/tahmid/crops/p16/p16_mask_clearglass_regular_001.jpg,p16,mask_clearglass,regular,0.8170453906059265,p15,0.253486,rejected
2,/home/tahmid/crops/p16/p16_mask_clearglass_regular_002.jpg,p16,mask_clearglass,regular,0.8397016525268555,p07,0.227407,rejected
2,/home/tahmid/crops/p16/p16_mask_clearglass_regular_003.jpg,p16,mask_clearglass,regular,0.8090256452560425,p11,0.240974,rejected
2,/home/tahmid/crops/p16/p16_mask_clearglass_regular_004.jpg,p16,mask_clearglass,regular,0.669370174407959,p04,0.278558,rejected
2,/home/tahmid/crops/p16/p16_mask_clearglass_regular_005.jpg,p16,mask_clearglass,regular,0.714107871055603,p04,0.312945,misidentified
2,/home/tahmid/crops/p16/p16_mask_clearglass_regular_006.jpg,p16,mask_clearglass,regular,0.6932411193847656,p04,0.325125,misidentified
2,/home/tahmid/crops/p16/p16_mask_clearglass_regular_007.jpg,p16,mask_clearglass,regular,0.6507110595703125,p14,0.266307,rejected
2,/home/tahmid/crops/p16/p16_mask_clearglass_regular_008.jpg,p16,mask_clearglass,regular,0.7163119316101074,p14,0.272956,rejected
2,/home/tahmid/crops/p16/p16_mask_clearglass_regular_009.jpg,p16,mask_clearglass,regular,0.7141669392585754,p14,0.270871,rejected
2,/home/tahmid/crops/p16/p16_mask_clearglass_regular_010.jpg,p16,mask_clearglass,regular,0.7428042888641357,p07,0.235244,rejected
2,/home/tahmid/crops/p16/p16_mask_clearglass_regular_011.jpg,p16,mask_clearglass,regular,0.6561285257339478,p15,0.266766,rejected
2,/home/tahmid/crops/p16/p16_mask_clearglass_regular_012.jpg,p16,mask_clearglass,regular,0.6624126434326172,p07,0.244140,rejected
2,/home/tahmid/crops/p16/p16_mask_clearglass_regular_013.jpg,p16,mask_clearglass,regular,0.8154721260070801,p18,0.252987,rejected
2,/home/tahmid/crops/p16/p16_mask_clearglass_regular_014.jpg,p16,mask_clearglass,regular,0.8262979984283447,p18,0.259283,rejected
2,/home/tahmid/crops/p16/p16_mask_clearglass_regular_015.jpg,p16,mask_clearglass,regular,0.8234904408454895,p18,0.252523,rejected
2,/home/tahmid/crops/p16/p16_mask_low_001.jpg,p16,mask,low,0.7777671813964844,p16,0.293948,rejected
2,/home/tahmid/crops/p16/p16_mask_low_002.jpg,p16,mask,low,0.7883026599884033,p16,0.284356,rejected
2,/home/tahmid/crops/p16/p16_mask_low_003.jpg,p16,mask,low,0.7878679037094116,p16,0.302148,correct
2,/home/tahmid/crops/p16/p16_mask_low_004.jpg,p16,mask,low,0.7764277458190918,p04,0.288834,rejected
2,/home/tahmid/crops/p16/p16_mask_low_005.jpg,p16,mask,low,0.778157651424408,p04,0.316241,misidentified
2,/home/tahmid/crops/p16/p16_mask_low_006.jpg,p16,mask,low,0.7835375070571899,p04,0.265158,rejected
2,/home/tahmid/crops/p16/p16_mask_low_007.jpg,p16,mask,low,0.7511217594146729,p14,0.290862,rejected
2,/home/tahmid/crops/p16/p16_mask_low_008.jpg,p16,mask,low,0.7463372945785522,p04,0.282224,rejected
2,/home/tahmid/crops/p16/p16_mask_low_009.jpg,p16,mask,low,0.7502902150154114,p04,0.277903,rejected
2,/home/tahmid/crops/p16/p16_mask_low_010.jpg,p16,mask,low,0.5343860983848572,p15,0.266860,rejected
2,/home/tahmid/crops/p16/p16_mask_low_011.jpg,p16,mask,low,0.6313666105270386,p14,0.243516,rejected
2,/home/tahmid/crops/p16/p16_mask_low_012.jpg,p16,mask,low,0.3380526006221771,p14,0.226265,rejected
2,/home/tahmid/crops/p16/p16_mask_low_013.jpg,p16,mask,low,0.7865867614746094,p16,0.330854,correct
2,/home/tahmid/crops/p16/p16_mask_low_014.jpg,p16,mask,low,0.7977146506309509,p16,0.303810,correct
2,/home/tahmid/crops/p16/p16_mask_low_015.jpg,p16,mask,low,0.7837494611740112,p16,0.315660,correct
2,/home/tahmid/crops/p16/p16_mask_regular_001.jpg,p16,mask,regular,0.8319447636604309,p16,0.295583,rejected
2,/home/tahmid/crops/p16/p16_mask_regular_002.jpg,p16,mask,regular,0.8403826951980591,p16,0.290999,rejected
2,/home/tahmid/crops/p16/p16_mask_regular_003.jpg,p16,mask,regular,0.8409056663513184,p16,0.306140,correct
2,/home/tahmid/crops/p16/p16_mask_regular_004.jpg,p16,mask,regular,0.7678892612457275,p04,0.271512,rejected
2,/home/tahmid/crops/p16/p16_mask_regular_005.jpg,p16,mask,regular,0.7448532581329346,p04,0.309923,misidentified
2,/home/tahmid/crops/p16/p16_mask_regular_006.jpg,p16,mask,regular,0.7877479791641235,p04,0.272219,rejected
2,/home/tahmid/crops/p16/p16_mask_regular_007.jpg,p16,mask,regular,0.7276046276092529,p04,0.274812,rejected
2,/home/tahmid/crops/p16/p16_mask_regular_008.jpg,p16,mask,regular,0.7592376470565796,p04,0.286187,rejected
2,/home/tahmid/crops/p16/p16_mask_regular_009.jpg,p16,mask,regular,0.7619020938873291,p04,0.287244,rejected
2,/home/tahmid/crops/p16/p16_mask_regular_010.jpg,p16,mask,regular,0.4472754895687103,p15,0.212642,rejected
2,/home/tahmid/crops/p16/p16_mask_regular_012.jpg,p16,mask,regular,0.3600075840950012,p15,0.236661,rejected
2,/home/tahmid/crops/p16/p16_mask_regular_013.jpg,p16,mask,regular,0.8080387115478516,p16,0.284826,rejected
2,/home/tahmid/crops/p16/p16_mask_regular_014.jpg,p16,mask,regular,0.7980397939682007,p16,0.293764,rejected
2,/home/tahmid/crops/p16/p16_mask_regular_015.jpg,p16,mask,regular,0.8200125098228455,p16,0.320830,correct
2,/home/tahmid/crops/p16/p16_mask_sunglass_low_001.jpg,p16,mask_sunglass,low,0.721067488193512,p14,0.333638,misidentified
2,/home/tahmid/crops/p16/p16_mask_sunglass_low_002.jpg,p16,mask_sunglass,low,0.7259514927864075,p14,0.288163,rejected
2,/home/tahmid/crops/p16/p16_mask_sunglass_low_003.jpg,p16,mask_sunglass,low,0.47625502943992615,p14,0.348009,misidentified
2,/home/tahmid/crops/p16/p16_mask_sunglass_low_004.jpg,p16,mask_sunglass,low,0.46351101994514465,p15,0.267871,rejected
2,/home/tahmid/crops/p16/p16_mask_sunglass_low_005.jpg,p16,mask_sunglass,low,0.477887898683548,p04,0.295868,rejected
2,/home/tahmid/crops/p16/p16_mask_sunglass_regular_001.jpg,p16,mask_sunglass,regular,0.43697959184646606,p04,0.331281,misidentified
2,/home/tahmid/crops/p16/p16_mask_sunglass_regular_002.jpg,p16,mask_sunglass,regular,0.6317298412322998,p04,0.319446,misidentified
2,/home/tahmid/crops/p16/p16_mask_sunglass_regular_003.jpg,p16,mask_sunglass,regular,0.6836626529693604,p14,0.315159,misidentified
2,/home/tahmid/crops/p16/p16_mask_sunglass_regular_004.jpg,p16,mask_sunglass,regular,0.7366659045219421,p14,0.272153,rejected
2,/home/tahmid/crops/p16/p16_mask_sunglass_regular_005.jpg,p16,mask_sunglass,regular,0.5473084449768066,p04,0.271625,rejected
2,/home/tahmid/crops/p16/p16_mask_sunglass_regular_006.jpg,p16,mask_sunglass,regular,0.5961849689483643,p04,0.308775,misidentified
2,/home/tahmid/crops/p16/p16_mask_sunglass_regular_007.jpg,p16,mask_sunglass,regular,0.7784184217453003,p14,0.253871,rejected
2,/home/tahmid/crops/p16/p16_none_low_001.jpg,p16,none,low,0.7314038276672363,p16,0.579332,correct
2,/home/tahmid/crops/p16/p16_none_low_002.jpg,p16,none,low,0.74283766746521,p16,0.595192,correct
2,/home/tahmid/crops/p16/p16_none_low_003.jpg,p16,none,low,0.7228770852088928,p16,0.570295,correct
2,/home/tahmid/crops/p16/p16_none_low_004.jpg,p16,none,low,0.5734449625015259,p16,0.493755,correct
2,/home/tahmid/crops/p16/p16_none_low_005.jpg,p16,none,low,0.5703590512275696,p16,0.486862,correct
2,/home/tahmid/crops/p16/p16_none_low_006.jpg,p16,none,low,0.6057412028312683,p16,0.493274,correct
2,/home/tahmid/crops/p16/p16_none_low_007.jpg,p16,none,low,0.698938250541687,p16,0.485618,correct
2,/home/tahmid/crops/p16/p16_none_low_008.jpg,p16,none,low,0.6458423137664795,p16,0.518623,correct
2,/home/tahmid/crops/p16/p16_none_low_009.jpg,p16,none,low,0.705378532409668,p16,0.410683,correct
2,/home/tahmid/crops/p16/p16_none_low_010.jpg,p16,none,low,0.690575897693634,p16,0.374193,correct
2,/home/tahmid/crops/p16/p16_none_low_011.jpg,p16,none,low,0.7097761631011963,p16,0.385858,correct
2,/home/tahmid/crops/p16/p16_none_low_012.jpg,p16,none,low,0.8235054016113281,p16,0.705104,correct
2,/home/tahmid/crops/p16/p16_none_low_013.jpg,p16,none,low,0.7650980353355408,p16,0.701626,correct
2,/home/tahmid/crops/p16/p16_none_low_014.jpg,p16,none,low,0.780893862247467,p16,0.689756,correct
2,/home/tahmid/crops/p16/p16_none_regular_001.jpg,p16,none,regular,0.7897003889083862,p16,0.572040,correct
2,/home/tahmid/crops/p16/p16_none_regular_002.jpg,p16,none,regular,0.778494119644165,p16,0.584756,correct
2,/home/tahmid/crops/p16/p16_none_regular_003.jpg,p16,none,regular,0.7603130340576172,p16,0.590324,correct
2,/home/tahmid/crops/p16/p16_none_regular_004.jpg,p16,none,regular,0.6259797811508179,p16,0.534750,correct
2,/home/tahmid/crops/p16/p16_none_regular_005.jpg,p16,none,regular,0.5788044333457947,p16,0.509975,correct
2,/home/tahmid/crops/p16/p16_none_regular_006.jpg,p16,none,regular,0.5698783993721008,p16,0.518383,correct
2,/home/tahmid/crops/p16/p16_none_regular_007.jpg,p16,none,regular,0.650992751121521,p16,0.408102,correct
2,/home/tahmid/crops/p16/p16_none_regular_008.jpg,p16,none,regular,0.6325328946113586,p16,0.388523,correct
2,/home/tahmid/crops/p16/p16_none_regular_009.jpg,p16,none,regular,0.6764890551567078,p16,0.357902,correct
2,/home/tahmid/crops/p16/p16_none_regular_010.jpg,p16,none,regular,0.781379222869873,p16,0.699471,correct
2,/home/tahmid/crops/p16/p16_none_regular_011.jpg,p16,none,regular,0.7977217435836792,p16,0.719217,correct
2,/home/tahmid/crops/p16/p16_none_regular_013.jpg,p16,none,regular,0.5916739702224731,p16,0.512845,correct
2,/home/tahmid/crops/p16/p16_none_regular_014.jpg,p16,none,regular,0.5998019576072693,p16,0.492988,correct
2,/home/tahmid/crops/p16/p16_none_regular_015.jpg,p16,none,regular,0.5722817778587341,p16,0.479936,correct
2,/home/tahmid/crops/p16/p16_scarf_low_001.jpg,p16,scarf,low,0.860709547996521,p16,0.518953,correct
2,/home/tahmid/crops/p16/p16_scarf_low_002.jpg,p16,scarf,low,0.8473803400993347,p16,0.442342,correct
2,/home/tahmid/crops/p16/p16_scarf_low_003.jpg,p16,scarf,low,0.662249743938446,p16,0.408294,correct
2,/home/tahmid/crops/p16/p16_scarf_low_004.jpg,p16,scarf,low,0.6910640597343445,p16,0.465549,correct
2,/home/tahmid/crops/p16/p16_scarf_low_005.jpg,p16,scarf,low,0.6468958854675293,p16,0.446284,correct
2,/home/tahmid/crops/p16/p16_scarf_low_006.jpg,p16,scarf,low,0.4299381375312805,p14,0.300760,misidentified
2,/home/tahmid/crops/p16/p16_scarf_low_007.jpg,p16,scarf,low,0.5062702894210815,p14,0.321810,misidentified
2,/home/tahmid/crops/p16/p16_scarf_low_008.jpg,p16,scarf,low,0.5153526067733765,p14,0.317072,misidentified
2,/home/tahmid/crops/p16/p16_scarf_low_009.jpg,p16,scarf,low,0.557425856590271,p16,0.284472,rejected
2,/home/tahmid/crops/p16/p16_scarf_low_010.jpg,p16,scarf,low,0.6442198753356934,p16,0.298471,rejected
2,/home/tahmid/crops/p16/p16_scarf_low_011.jpg,p16,scarf,low,0.8349851965904236,p16,0.608599,correct
2,/home/tahmid/crops/p16/p16_scarf_low_012.jpg,p16,scarf,low,0.826786458492279,p16,0.649252,correct
2,/home/tahmid/crops/p16/p16_scarf_regular_001.jpg,p16,scarf,regular,0.43017542362213135,p14,0.301594,misidentified
2,/home/tahmid/crops/p16/p16_scarf_regular_002.jpg,p16,scarf,regular,0.8692410588264465,p16,0.504214,correct
2,/home/tahmid/crops/p16/p16_scarf_regular_003.jpg,p16,scarf,regular,0.8632602691650391,p16,0.505684,correct
2,/home/tahmid/crops/p16/p16_scarf_regular_004.jpg,p16,scarf,regular,0.8774012327194214,p16,0.513379,correct
2,/home/tahmid/crops/p16/p16_scarf_regular_005.jpg,p16,scarf,regular,0.6682074666023254,p16,0.303849,correct
2,/home/tahmid/crops/p16/p16_scarf_regular_006.jpg,p16,scarf,regular,0.7451696991920471,p16,0.374244,correct
2,/home/tahmid/crops/p16/p16_scarf_regular_007.jpg,p16,scarf,regular,0.68343186378479,p16,0.346176,correct
2,/home/tahmid/crops/p16/p16_scarf_regular_008.jpg,p16,scarf,regular,0.6043415069580078,p14,0.315218,misidentified
2,/home/tahmid/crops/p16/p16_scarf_regular_009.jpg,p16,scarf,regular,0.33248406648635864,p16,0.292095,rejected
2,/home/tahmid/crops/p16/p16_scarf_regular_010.jpg,p16,scarf,regular,0.3007326126098633,p14,0.290514,rejected
2,/home/tahmid/crops/p16/p16_scarf_regular_011.jpg,p16,scarf,regular,0.5645153522491455,p16,0.284924,rejected
2,/home/tahmid/crops/p16/p16_scarf_regular_012.jpg,p16,scarf,regular,0.6659921407699585,p16,0.298066,rejected
2,/home/tahmid/crops/p16/p16_scarf_regular_013.jpg,p16,scarf,regular,0.6385473012924194,p16,0.302425,correct
2,/home/tahmid/crops/p16/p16_scarf_regular_014.jpg,p16,scarf,regular,0.7939482927322388,p16,0.605011,correct
2,/home/tahmid/crops/p16/p16_scarf_regular_015.jpg,p16,scarf,regular,0.8444482088088989,p16,0.619499,correct
2,/home/tahmid/crops/p16/p16_sunglass_low_001.jpg,p16,sunglass,low,0.7664766311645508,p16,0.513490,correct
2,/home/tahmid/crops/p16/p16_sunglass_low_002.jpg,p16,sunglass,low,0.7647897005081177,p16,0.548275,correct
2,/home/tahmid/crops/p16/p16_sunglass_low_003.jpg,p16,sunglass,low,0.7022031545639038,p16,0.397826,correct
2,/home/tahmid/crops/p16/p16_sunglass_low_004.jpg,p16,sunglass,low,0.683976411819458,p16,0.421536,correct
2,/home/tahmid/crops/p16/p16_sunglass_low_005.jpg,p16,sunglass,low,0.7489088773727417,p16,0.501623,correct
2,/home/tahmid/crops/p16/p16_sunglass_regular_001.jpg,p16,sunglass,regular,0.781638503074646,p16,0.530514,correct
2,/home/tahmid/crops/p16/p16_sunglass_regular_002.jpg,p16,sunglass,regular,0.7521108388900757,p16,0.516025,correct
2,/home/tahmid/crops/p16/p16_sunglass_regular_003.jpg,p16,sunglass,regular,0.757148265838623,p16,0.513648,correct
2,/home/tahmid/crops/p16/p16_sunglass_regular_004.jpg,p16,sunglass,regular,0.7085298299789429,p16,0.415841,correct
2,/home/tahmid/crops/p16/p16_sunglass_regular_005.jpg,p16,sunglass,regular,0.6735258102416992,p16,0.410188,correct
2,/home/tahmid/crops/p16/p16_sunglass_regular_006.jpg,p16,sunglass,regular,0.6504937410354614,p16,0.415097,correct
2,/home/tahmid/crops/p16/p16_sunglass_regular_007.jpg,p16,sunglass,regular,0.7085374593734741,p16,0.383213,correct
2,/home/tahmid/crops/p16/p16_sunglass_regular_008.jpg,p16,sunglass,regular,0.7497086524963379,p16,0.501596,correct
3,/home/tahmid/crops/p10/p10_cap_low_001.jpg,p10,cap,low,0.6967098712921143,p10,0.684688,correct
3,/home/tahmid/crops/p10/p10_cap_low_002.jpg,p10,cap,low,0.6879451870918274,p10,0.727634,correct
3,/home/tahmid/crops/p10/p10_cap_low_003.jpg,p10,cap,low,0.6615569591522217,p10,0.663271,correct
3,/home/tahmid/crops/p10/p10_cap_low_004.jpg,p10,cap,low,0.6513686776161194,p10,0.691496,correct
3,/home/tahmid/crops/p10/p10_cap_low_005.jpg,p10,cap,low,0.7745594382286072,p10,0.669981,correct
3,/home/tahmid/crops/p10/p10_cap_low_006.jpg,p10,cap,low,0.7681310772895813,p10,0.675149,correct
3,/home/tahmid/crops/p10/p10_cap_low_007.jpg,p10,cap,low,0.6315005421638489,p10,0.656017,correct
3,/home/tahmid/crops/p10/p10_cap_low_008.jpg,p10,cap,low,0.6343333125114441,p10,0.655537,correct
3,/home/tahmid/crops/p10/p10_cap_low_009.jpg,p10,cap,low,0.6770105361938477,p10,0.633026,correct
3,/home/tahmid/crops/p10/p10_cap_low_010.jpg,p10,cap,low,0.6951265931129456,p10,0.613647,correct
3,/home/tahmid/crops/p10/p10_cap_regular_001.jpg,p10,cap,regular,0.7284191846847534,p10,0.732270,correct
3,/home/tahmid/crops/p10/p10_cap_regular_002.jpg,p10,cap,regular,0.7120873332023621,p10,0.736167,correct
3,/home/tahmid/crops/p10/p10_cap_regular_003.jpg,p10,cap,regular,0.7215916514396667,p10,0.673454,correct
3,/home/tahmid/crops/p10/p10_cap_regular_004.jpg,p10,cap,regular,0.715530276298523,p10,0.643505,correct
3,/home/tahmid/crops/p10/p10_cap_regular_005.jpg,p10,cap,regular,0.7522159814834595,p10,0.686938,correct
3,/home/tahmid/crops/p10/p10_cap_regular_006.jpg,p10,cap,regular,0.7230343222618103,p10,0.667162,correct
3,/home/tahmid/crops/p10/p10_cap_regular_007.jpg,p10,cap,regular,0.6850669384002686,p10,0.700656,correct
3,/home/tahmid/crops/p10/p10_cap_regular_008.jpg,p10,cap,regular,0.6325258016586304,p10,0.709466,correct
3,/home/tahmid/crops/p10/p10_cap_regular_009.jpg,p10,cap,regular,0.660670280456543,p10,0.657608,correct
3,/home/tahmid/crops/p10/p10_cap_regular_010.jpg,p10,cap,regular,0.6295628547668457,p10,0.664690,correct
3,/home/tahmid/crops/p10/p10_clearglass_low_001.jpg,p10,clearglass,low,0.8312117457389832,p10,0.723272,correct
3,/home/tahmid/crops/p10/p10_clearglass_low_002.jpg,p10,clearglass,low,0.8260343074798584,p10,0.711813,correct
3,/home/tahmid/crops/p10/p10_clearglass_low_003.jpg,p10,clearglass,low,0.8536902070045471,p10,0.673637,correct
3,/home/tahmid/crops/p10/p10_clearglass_low_004.jpg,p10,clearglass,low,0.8585891723632812,p10,0.693142,correct
3,/home/tahmid/crops/p10/p10_clearglass_low_005.jpg,p10,clearglass,low,0.8006755113601685,p10,0.626253,correct
3,/home/tahmid/crops/p10/p10_clearglass_low_006.jpg,p10,clearglass,low,0.8000668883323669,p10,0.619192,correct
3,/home/tahmid/crops/p10/p10_clearglass_low_007.jpg,p10,clearglass,low,0.8230293393135071,p10,0.723371,correct
3,/home/tahmid/crops/p10/p10_clearglass_low_008.jpg,p10,clearglass,low,0.8251557350158691,p10,0.707642,correct
3,/home/tahmid/crops/p10/p10_clearglass_low_009.jpg,p10,clearglass,low,0.6832391023635864,p10,0.515611,correct
3,/home/tahmid/crops/p10/p10_clearglass_low_010.jpg,p10,clearglass,low,0.7089849710464478,p10,0.523032,correct
3,/home/tahmid/crops/p10/p10_clearglass_regular_001.jpg,p10,clearglass,regular,0.8620837926864624,p10,0.712851,correct
3,/home/tahmid/crops/p10/p10_clearglass_regular_002.jpg,p10,clearglass,regular,0.8441363573074341,p10,0.737040,correct
3,/home/tahmid/crops/p10/p10_clearglass_regular_003.jpg,p10,clearglass,regular,0.8450381755828857,p10,0.659156,correct
3,/home/tahmid/crops/p10/p10_clearglass_regular_004.jpg,p10,clearglass,regular,0.8339813947677612,p10,0.646412,correct
3,/home/tahmid/crops/p10/p10_clearglass_regular_005.jpg,p10,clearglass,regular,0.8414710164070129,p10,0.703566,correct
3,/home/tahmid/crops/p10/p10_clearglass_regular_006.jpg,p10,clearglass,regular,0.8310338854789734,p10,0.699749,correct
3,/home/tahmid/crops/p10/p10_clearglass_regular_007.jpg,p10,clearglass,regular,0.7896463871002197,p10,0.744827,correct
3,/home/tahmid/crops/p10/p10_clearglass_regular_008.jpg,p10,clearglass,regular,0.8151875734329224,p10,0.727695,correct
3,/home/tahmid/crops/p10/p10_clearglass_regular_009.jpg,p10,clearglass,regular,0.7300580739974976,p10,0.679114,correct
3,/home/tahmid/crops/p10/p10_clearglass_regular_010.jpg,p10,clearglass,regular,0.7434871792793274,p10,0.656755,correct
3,/home/tahmid/crops/p10/p10_mask_clearglass_low_001.jpg,p10,mask_clearglass,low,0.7945864200592041,p10,0.315658,correct
3,/home/tahmid/crops/p10/p10_mask_clearglass_low_002.jpg,p10,mask_clearglass,low,0.7803664207458496,p10,0.276436,rejected
3,/home/tahmid/crops/p10/p10_mask_clearglass_low_003.jpg,p10,mask_clearglass,low,0.7416082620620728,p10,0.247277,rejected
3,/home/tahmid/crops/p10/p10_mask_clearglass_low_004.jpg,p10,mask_clearglass,low,0.7448698878288269,p10,0.218384,rejected
3,/home/tahmid/crops/p10/p10_mask_clearglass_low_005.jpg,p10,mask_clearglass,low,0.6870818138122559,p10,0.207056,rejected
3,/home/tahmid/crops/p10/p10_mask_clearglass_low_006.jpg,p10,mask_clearglass,low,0.7188116312026978,p10,0.248758,rejected
3,/home/tahmid/crops/p10/p10_mask_clearglass_low_007.jpg,p10,mask_clearglass,low,0.6966761350631714,p10,0.147410,rejected
3,/home/tahmid/crops/p10/p10_mask_clearglass_low_008.jpg,p10,mask_clearglass,low,0.6576511859893799,p10,0.189951,rejected
3,/home/tahmid/crops/p10/p10_mask_clearglass_low_009.jpg,p10,mask_clearglass,low,0.6046104431152344,p10,0.189476,rejected
3,/home/tahmid/crops/p10/p10_mask_clearglass_low_010.jpg,p10,mask_clearglass,low,0.7528358697891235,p10,0.189612,rejected
3,/home/tahmid/crops/p10/p10_mask_clearglass_regular_001.jpg,p10,mask_clearglass,regular,0.7931036949157715,p10,0.295614,rejected
3,/home/tahmid/crops/p10/p10_mask_clearglass_regular_002.jpg,p10,mask_clearglass,regular,0.8128434419631958,p10,0.319237,correct
3,/home/tahmid/crops/p10/p10_mask_clearglass_regular_003.jpg,p10,mask_clearglass,regular,0.8526818156242371,p10,0.253425,rejected
3,/home/tahmid/crops/p10/p10_mask_clearglass_regular_004.jpg,p10,mask_clearglass,regular,0.8011329174041748,p10,0.296821,rejected
3,/home/tahmid/crops/p10/p10_mask_clearglass_regular_005.jpg,p10,mask_clearglass,regular,0.8134239315986633,p10,0.317546,correct
3,/home/tahmid/crops/p10/p10_mask_clearglass_regular_006.jpg,p10,mask_clearglass,regular,0.8058167695999146,p10,0.360467,correct
3,/home/tahmid/crops/p10/p10_mask_clearglass_regular_007.jpg,p10,mask_clearglass,regular,0.610163688659668,p10,0.337212,correct
3,/home/tahmid/crops/p10/p10_mask_clearglass_regular_008.jpg,p10,mask_clearglass,regular,0.6581836938858032,p10,0.328642,correct
3,/home/tahmid/crops/p10/p10_mask_clearglass_regular_009.jpg,p10,mask_clearglass,regular,0.7656654715538025,p10,0.319386,correct
3,/home/tahmid/crops/p10/p10_mask_clearglass_regular_010.jpg,p10,mask_clearglass,regular,0.7884371280670166,p10,0.311957,correct
3,/home/tahmid/crops/p10/p10_mask_low_001.jpg,p10,mask,low,0.741279125213623,p10,0.404517,correct
3,/home/tahmid/crops/p10/p10_mask_low_002.jpg,p10,mask,low,0.7358866333961487,p10,0.417700,correct
3,/home/tahmid/crops/p10/p10_mask_low_003.jpg,p10,mask,low,0.7940609455108643,p10,0.398054,correct
3,/home/tahmid/crops/p10/p10_mask_low_004.jpg,p10,mask,low,0.8152062296867371,p10,0.451074,correct
3,/home/tahmid/crops/p10/p10_mask_low_005.jpg,p10,mask,low,0.8327682018280029,p10,0.421499,correct
3,/home/tahmid/crops/p10/p10_mask_low_006.jpg,p10,mask,low,0.8189470767974854,p10,0.441256,correct
3,/home/tahmid/crops/p10/p10_mask_low_007.jpg,p10,mask,low,0.7935205101966858,p10,0.429541,correct
3,/home/tahmid/crops/p10/p10_mask_low_008.jpg,p10,mask,low,0.813694953918457,p10,0.418305,correct
3,/home/tahmid/crops/p10/p10_mask_low_009.jpg,p10,mask,low,0.8047513961791992,p10,0.395551,correct
3,/home/tahmid/crops/p10/p10_mask_low_010.jpg,p10,mask,low,0.7720226049423218,p10,0.408890,correct
3,/home/tahmid/crops/p10/p10_mask_low_011.jpg,p10,mask,low,0.7767370939254761,p10,0.400141,correct
3,/home/tahmid/crops/p10/p10_mask_low_012.jpg,p10,mask,low,0.7699938416481018,p10,0.385566,correct
3,/home/tahmid/crops/p10/p10_mask_low_013.jpg,p10,mask,low,0.8090330958366394,p10,0.367857,correct
3,/home/tahmid/crops/p10/p10_mask_low_014.jpg,p10,mask,low,0.7798250913619995,p10,0.404966,correct
3,/home/tahmid/crops/p10/p10_mask_low_015.jpg,p10,mask,low,0.7862340211868286,p10,0.388742,correct
3,/home/tahmid/crops/p10/p10_mask_regular_001.jpg,p10,mask,regular,0.7861135005950928,p10,0.472287,correct
3,/home/tahmid/crops/p10/p10_mask_regular_002.jpg,p10,mask,regular,0.7895705699920654,p10,0.485498,correct
3,/home/tahmid/crops/p10/p10_mask_regular_003.jpg,p10,mask,regular,0.787939727306366,p10,0.482805,correct
3,/home/tahmid/crops/p10/p10_mask_regular_004.jpg,p10,mask,regular,0.8158808946609497,p10,0.455347,correct
3,/home/tahmid/crops/p10/p10_mask_regular_005.jpg,p10,mask,regular,0.7990848422050476,p10,0.474050,correct
3,/home/tahmid/crops/p10/p10_mask_regular_006.jpg,p10,mask,regular,0.8168208599090576,p10,0.447214,correct
3,/home/tahmid/crops/p10/p10_mask_regular_007.jpg,p10,mask,regular,0.8356125354766846,p10,0.443084,correct
3,/home/tahmid/crops/p10/p10_mask_regular_008.jpg,p10,mask,regular,0.8493242263793945,p10,0.451505,correct
3,/home/tahmid/crops/p10/p10_mask_regular_009.jpg,p10,mask,regular,0.8125562071800232,p10,0.470374,correct
3,/home/tahmid/crops/p10/p10_mask_regular_010.jpg,p10,mask,regular,0.7506444454193115,p10,0.484804,correct
3,/home/tahmid/crops/p10/p10_mask_regular_011.jpg,p10,mask,regular,0.757088303565979,p10,0.499530,correct
3,/home/tahmid/crops/p10/p10_mask_regular_012.jpg,p10,mask,regular,0.7548990249633789,p10,0.501041,correct
3,/home/tahmid/crops/p10/p10_mask_regular_013.jpg,p10,mask,regular,0.8115223050117493,p10,0.422565,correct
3,/home/tahmid/crops/p10/p10_mask_regular_014.jpg,p10,mask,regular,0.7865535020828247,p10,0.424124,correct
3,/home/tahmid/crops/p10/p10_mask_regular_015.jpg,p10,mask,regular,0.8171920776367188,p10,0.424960,correct
3,/home/tahmid/crops/p10/p10_mask_sunglass_low_001.jpg,p10,mask_sunglass,low,0.7808184623718262,p10,0.183815,rejected
3,/home/tahmid/crops/p10/p10_mask_sunglass_low_002.jpg,p10,mask_sunglass,low,0.7759093642234802,p10,0.185028,rejected
3,/home/tahmid/crops/p10/p10_mask_sunglass_low_003.jpg,p10,mask_sunglass,low,0.734520673751831,p10,0.181963,rejected
3,/home/tahmid/crops/p10/p10_mask_sunglass_low_004.jpg,p10,mask_sunglass,low,0.7605331540107727,p10,0.152597,rejected
3,/home/tahmid/crops/p10/p10_mask_sunglass_low_005.jpg,p10,mask_sunglass,low,0.7943075895309448,p10,0.184693,rejected
3,/home/tahmid/crops/p10/p10_mask_sunglass_low_006.jpg,p10,mask_sunglass,low,0.7974196672439575,p10,0.163611,rejected
3,/home/tahmid/crops/p10/p10_mask_sunglass_low_007.jpg,p10,mask_sunglass,low,0.7306740880012512,p10,0.165375,rejected
3,/home/tahmid/crops/p10/p10_mask_sunglass_low_008.jpg,p10,mask_sunglass,low,0.7465023994445801,p12,0.170733,rejected
3,/home/tahmid/crops/p10/p10_mask_sunglass_low_009.jpg,p10,mask_sunglass,low,0.7457917928695679,p12,0.157385,rejected
3,/home/tahmid/crops/p10/p10_mask_sunglass_low_010.jpg,p10,mask_sunglass,low,0.5403489470481873,p10,0.194474,rejected
3,/home/tahmid/crops/p10/p10_mask_sunglass_low_011.jpg,p10,mask_sunglass,low,0.637212872505188,p10,0.196819,rejected
3,/home/tahmid/crops/p10/p10_mask_sunglass_low_012.jpg,p10,mask_sunglass,low,0.6122389435768127,p10,0.182206,rejected
3,/home/tahmid/crops/p10/p10_mask_sunglass_low_013.jpg,p10,mask_sunglass,low,0.7906230688095093,p10,0.150910,rejected
3,/home/tahmid/crops/p10/p10_mask_sunglass_low_014.jpg,p10,mask_sunglass,low,0.7598105669021606,p10,0.124175,rejected
3,/home/tahmid/crops/p10/p10_mask_sunglass_low_015.jpg,p10,mask_sunglass,low,0.743159294128418,p10,0.151505,rejected
3,/home/tahmid/crops/p10/p10_mask_sunglass_regular_001.jpg,p10,mask_sunglass,regular,0.7872310280799866,p10,0.180360,rejected
3,/home/tahmid/crops/p10/p10_mask_sunglass_regular_002.jpg,p10,mask_sunglass,regular,0.805877685546875,p10,0.169207,rejected
3,/home/tahmid/crops/p10/p10_mask_sunglass_regular_003.jpg,p10,mask_sunglass,regular,0.7561248540878296,p10,0.177288,rejected
3,/home/tahmid/crops/p10/p10_mask_sunglass_regular_004.jpg,p10,mask_sunglass,regular,0.7799693942070007,p10,0.213480,rejected
3,/home/tahmid/crops/p10/p10_mask_sunglass_regular_005.jpg,p10,mask_sunglass,regular,0.7288305759429932,p10,0.227629,rejected
3,/home/tahmid/crops/p10/p10_mask_sunglass_regular_006.jpg,p10,mask_sunglass,regular,0.7340793013572693,p10,0.203491,rejected
3,/home/tahmid/crops/p10/p10_mask_sunglass_regular_007.jpg,p10,mask_sunglass,regular,0.7212628722190857,p10,0.178021,rejected
3,/home/tahmid/crops/p10/p10_mask_sunglass_regular_008.jpg,p10,mask_sunglass,regular,0.7421427369117737,p10,0.193530,rejected
3,/home/tahmid/crops/p10/p10_mask_sunglass_regular_009.jpg,p10,mask_sunglass,regular,0.7351646423339844,p10,0.206216,rejected
3,/home/tahmid/crops/p10/p10_mask_sunglass_regular_010.jpg,p10,mask_sunglass,regular,0.6508368253707886,p10,0.239992,rejected
3,/home/tahmid/crops/p10/p10_mask_sunglass_regular_011.jpg,p10,mask_sunglass,regular,0.6615862846374512,p10,0.215090,rejected
3,/home/tahmid/crops/p10/p10_mask_sunglass_regular_012.jpg,p10,mask_sunglass,regular,0.6399489045143127,p10,0.186673,rejected
3,/home/tahmid/crops/p10/p10_mask_sunglass_regular_013.jpg,p10,mask_sunglass,regular,0.7038947343826294,p29,0.129078,rejected
3,/home/tahmid/crops/p10/p10_mask_sunglass_regular_014.jpg,p10,mask_sunglass,regular,0.6873686909675598,p29,0.130789,rejected
3,/home/tahmid/crops/p10/p10_mask_sunglass_regular_015.jpg,p10,mask_sunglass,regular,0.7142348289489746,p21,0.134566,rejected
3,/home/tahmid/crops/p10/p10_none_low_001.jpg,p10,none,low,0.8679925799369812,p10,0.748562,correct
3,/home/tahmid/crops/p10/p10_none_low_002.jpg,p10,none,low,0.8613439798355103,p10,0.757979,correct
3,/home/tahmid/crops/p10/p10_none_low_003.jpg,p10,none,low,0.8393831253051758,p10,0.793301,correct
3,/home/tahmid/crops/p10/p10_none_low_004.jpg,p10,none,low,0.7714653611183167,p10,0.721065,correct
3,/home/tahmid/crops/p10/p10_none_low_005.jpg,p10,none,low,0.7846742868423462,p10,0.736329,correct
3,/home/tahmid/crops/p10/p10_none_low_006.jpg,p10,none,low,0.7575746774673462,p10,0.765589,correct
3,/home/tahmid/crops/p10/p10_none_low_007.jpg,p10,none,low,0.8320660591125488,p10,0.757713,correct
3,/home/tahmid/crops/p10/p10_none_low_008.jpg,p10,none,low,0.8430006504058838,p10,0.758731,correct
3,/home/tahmid/crops/p10/p10_none_low_009.jpg,p10,none,low,0.8638826608657837,p10,0.750984,correct
3,/home/tahmid/crops/p10/p10_none_low_010.jpg,p10,none,low,0.8546953201293945,p10,0.842959,correct
3,/home/tahmid/crops/p10/p10_none_low_011.jpg,p10,none,low,0.8670692443847656,p10,0.843939,correct
3,/home/tahmid/crops/p10/p10_none_low_012.jpg,p10,none,low,0.8661738634109497,p10,0.859306,correct
3,/home/tahmid/crops/p10/p10_none_low_013.jpg,p10,none,low,0.7954921126365662,p10,0.689179,correct
3,/home/tahmid/crops/p10/p10_none_low_014.jpg,p10,none,low,0.7929502129554749,p10,0.693841,correct
3,/home/tahmid/crops/p10/p10_none_low_015.jpg,p10,none,low,0.7565928101539612,p10,0.704756,correct
3,/home/tahmid/crops/p10/p10_none_regular_001.jpg,p10,none,regular,0.8791122436523438,p10,0.836320,correct
3,/home/tahmid/crops/p10/p10_none_regular_002.jpg,p10,none,regular,0.8828681707382202,p10,0.834978,correct
3,/home/tahmid/crops/p10/p10_none_regular_003.jpg,p10,none,regular,0.8698756098747253,p10,0.808435,correct
3,/home/tahmid/crops/p10/p10_none_regular_004.jpg,p10,none,regular,0.8453894257545471,p10,0.754308,correct
3,/home/tahmid/crops/p10/p10_none_regular_005.jpg,p10,none,regular,0.8046259880065918,p10,0.747481,correct
3,/home/tahmid/crops/p10/p10_none_regular_006.jpg,p10,none,regular,0.8038308620452881,p10,0.764019,correct
3,/home/tahmid/crops/p10/p10_none_regular_013.jpg,p10,none,regular,0.761627197265625,p10,0.716414,correct
3,/home/tahmid/crops/p10/p10_none_regular_014.jpg,p10,none,regular,0.7542100548744202,p10,0.697002,correct
3,/home/tahmid/crops/p10/p10_none_regular_015.jpg,p10,none,regular,0.8042342662811279,p10,0.699065,correct
3,/home/tahmid/crops/p10/p10_scarf_low_001.jpg,p10,scarf,low,0.7925055027008057,p10,0.398992,correct
3,/home/tahmid/crops/p10/p10_scarf_low_002.jpg,p10,scarf,low,0.7919949293136597,p10,0.383378,correct
3,/home/tahmid/crops/p10/p10_scarf_low_003.jpg,p10,scarf,low,0.5989766716957092,p10,0.400608,correct
3,/home/tahmid/crops/p10/p10_scarf_low_004.jpg,p10,scarf,low,0.6388016939163208,p10,0.409406,correct
3,/home/tahmid/crops/p10/p10_scarf_low_005.jpg,p10,scarf,low,0.7105605602264404,p10,0.345830,correct
3,/home/tahmid/crops/p10/p10_scarf_low_006.jpg,p10,scarf,low,0.7218242883682251,p10,0.376343,correct
3,/home/tahmid/crops/p10/p10_scarf_low_007.jpg,p10,scarf,low,0.7790430188179016,p10,0.375282,correct
3,/home/tahmid/crops/p10/p10_scarf_low_008.jpg,p10,scarf,low,0.7852850556373596,p10,0.390998,correct
3,/home/tahmid/crops/p10/p10_scarf_low_009.jpg,p10,scarf,low,0.7255016565322876,p10,0.305690,correct
3,/home/tahmid/crops/p10/p10_scarf_low_010.jpg,p10,scarf,low,0.7386870384216309,p10,0.319152,correct
3,/home/tahmid/crops/p10/p10_scarf_regular_001.jpg,p10,scarf,regular,0.8074996471405029,p10,0.427494,correct
3,/home/tahmid/crops/p10/p10_scarf_regular_002.jpg,p10,scarf,regular,0.7914440631866455,p10,0.448231,correct
3,/home/tahmid/crops/p10/p10_scarf_regular_003.jpg,p10,scarf,regular,0.7251719832420349,p10,0.378177,correct
3,/home/tahmid/crops/p10/p10_scarf_regular_004.jpg,p10,scarf,regular,0.7268522381782532,p10,0.342969,correct
3,/home/tahmid/crops/p10/p10_scarf_regular_005.jpg,p10,scarf,regular,0.7927145957946777,p10,0.351048,correct
3,/home/tahmid/crops/p10/p10_scarf_regular_006.jpg,p10,scarf,regular,0.7852445244789124,p10,0.327063,correct
3,/home/tahmid/crops/p10/p10_scarf_regular_007.jpg,p10,scarf,regular,0.7483180165290833,p10,0.376733,correct
3,/home/tahmid/crops/p10/p10_scarf_regular_008.jpg,p10,scarf,regular,0.7482852339744568,p10,0.393202,correct
3,/home/tahmid/crops/p10/p10_scarf_regular_009.jpg,p10,scarf,regular,0.7634189128875732,p10,0.328194,correct
3,/home/tahmid/crops/p10/p10_scarf_regular_010.jpg,p10,scarf,regular,0.7566642761230469,p10,0.313144,correct
3,/home/tahmid/crops/p10/p10_sunglass_low_001.jpg,p10,sunglass,low,0.8600034713745117,p10,0.739511,correct
3,/home/tahmid/crops/p10/p10_sunglass_low_002.jpg,p10,sunglass,low,0.8500835299491882,p10,0.710189,correct
3,/home/tahmid/crops/p10/p10_sunglass_low_003.jpg,p10,sunglass,low,0.8609603643417358,p10,0.718540,correct
3,/home/tahmid/crops/p10/p10_sunglass_low_004.jpg,p10,sunglass,low,0.8076380491256714,p10,0.656586,correct
3,/home/tahmid/crops/p10/p10_sunglass_low_005.jpg,p10,sunglass,low,0.7897282838821411,p10,0.666766,correct
3,/home/tahmid/crops/p10/p10_sunglass_low_006.jpg,p10,sunglass,low,0.8045324683189392,p10,0.661673,correct
3,/home/tahmid/crops/p10/p10_sunglass_low_007.jpg,p10,sunglass,low,0.8393909931182861,p10,0.638100,correct
3,/home/tahmid/crops/p10/p10_sunglass_low_008.jpg,p10,sunglass,low,0.8434876203536987,p10,0.633931,correct
3,/home/tahmid/crops/p10/p10_sunglass_low_009.jpg,p10,sunglass,low,0.8428260087966919,p10,0.628898,correct
3,/home/tahmid/crops/p10/p10_sunglass_low_010.jpg,p10,sunglass,low,0.8243094682693481,p10,0.735372,correct
3,/home/tahmid/crops/p10/p10_sunglass_low_011.jpg,p10,sunglass,low,0.8176881074905396,p10,0.742098,correct
3,/home/tahmid/crops/p10/p10_sunglass_low_012.jpg,p10,sunglass,low,0.7969716191291809,p10,0.735875,correct
3,/home/tahmid/crops/p10/p10_sunglass_low_013.jpg,p10,sunglass,low,0.7216373682022095,p10,0.621438,correct
3,/home/tahmid/crops/p10/p10_sunglass_low_014.jpg,p10,sunglass,low,0.711954653263092,p10,0.634530,correct
3,/home/tahmid/crops/p10/p10_sunglass_low_015.jpg,p10,sunglass,low,0.7190835475921631,p10,0.643110,correct
3,/home/tahmid/crops/p10/p10_sunglass_regular_001.jpg,p10,sunglass,regular,0.873674750328064,p10,0.742957,correct
3,/home/tahmid/crops/p10/p10_sunglass_regular_002.jpg,p10,sunglass,regular,0.8594844341278076,p10,0.735871,correct
3,/home/tahmid/crops/p10/p10_sunglass_regular_003.jpg,p10,sunglass,regular,0.8448811769485474,p10,0.748226,correct
3,/home/tahmid/crops/p10/p10_sunglass_regular_004.jpg,p10,sunglass,regular,0.8619391918182373,p10,0.660914,correct
3,/home/tahmid/crops/p10/p10_sunglass_regular_005.jpg,p10,sunglass,regular,0.8240628242492676,p10,0.653783,correct
3,/home/tahmid/crops/p10/p10_sunglass_regular_006.jpg,p10,sunglass,regular,0.866254985332489,p10,0.649404,correct
3,/home/tahmid/crops/p10/p10_sunglass_regular_007.jpg,p10,sunglass,regular,0.8550188541412354,p10,0.680537,correct
3,/home/tahmid/crops/p10/p10_sunglass_regular_008.jpg,p10,sunglass,regular,0.8831726312637329,p10,0.691885,correct
3,/home/tahmid/crops/p10/p10_sunglass_regular_009.jpg,p10,sunglass,regular,0.8546328544616699,p10,0.696886,correct
3,/home/tahmid/crops/p10/p10_sunglass_regular_010.jpg,p10,sunglass,regular,0.8484885096549988,p10,0.780348,correct
3,/home/tahmid/crops/p10/p10_sunglass_regular_011.jpg,p10,sunglass,regular,0.8231741786003113,p10,0.785625,correct
3,/home/tahmid/crops/p10/p10_sunglass_regular_012.jpg,p10,sunglass,regular,0.8541923761367798,p10,0.794137,correct
3,/home/tahmid/crops/p10/p10_sunglass_regular_013.jpg,p10,sunglass,regular,0.7573371529579163,p10,0.688830,correct
3,/home/tahmid/crops/p10/p10_sunglass_regular_014.jpg,p10,sunglass,regular,0.7632027864456177,p10,0.701981,correct
3,/home/tahmid/crops/p10/p10_sunglass_regular_015.jpg,p10,sunglass,regular,0.7824943661689758,p10,0.683285,correct
3,/home/tahmid/crops/p17/p17_clearglass_low_001.jpg,p17,clearglass,low,0.8424136638641357,p17,0.649817,correct
3,/home/tahmid/crops/p17/p17_clearglass_low_002.jpg,p17,clearglass,low,0.851632833480835,p17,0.649736,correct
3,/home/tahmid/crops/p17/p17_clearglass_low_003.jpg,p17,clearglass,low,0.8539440631866455,p17,0.637788,correct
3,/home/tahmid/crops/p17/p17_clearglass_low_004.jpg,p17,clearglass,low,0.8418416380882263,p17,0.508107,correct
3,/home/tahmid/crops/p17/p17_clearglass_low_005.jpg,p17,clearglass,low,0.8361550569534302,p17,0.498957,correct
3,/home/tahmid/crops/p17/p17_clearglass_low_006.jpg,p17,clearglass,low,0.8340118527412415,p17,0.507321,correct
3,/home/tahmid/crops/p17/p17_clearglass_low_007.jpg,p17,clearglass,low,0.779747724533081,p17,0.409907,correct
3,/home/tahmid/crops/p17/p17_clearglass_low_008.jpg,p17,clearglass,low,0.8119370341300964,p17,0.437222,correct
3,/home/tahmid/crops/p17/p17_clearglass_low_009.jpg,p17,clearglass,low,0.811434268951416,p17,0.411953,correct
3,/home/tahmid/crops/p17/p17_clearglass_low_010.jpg,p17,clearglass,low,0.811669111251831,p17,0.543592,correct
3,/home/tahmid/crops/p17/p17_clearglass_low_011.jpg,p17,clearglass,low,0.785323977470398,p17,0.533875,correct
3,/home/tahmid/crops/p17/p17_clearglass_low_012.jpg,p17,clearglass,low,0.8922988772392273,p17,0.775138,correct
3,/home/tahmid/crops/p17/p17_clearglass_low_013.jpg,p17,clearglass,low,0.8849790096282959,p17,0.773732,correct
3,/home/tahmid/crops/p17/p17_clearglass_low_014.jpg,p17,clearglass,low,0.8144770264625549,p17,0.838274,correct
3,/home/tahmid/crops/p17/p17_clearglass_low_015.jpg,p17,clearglass,low,0.8847022652626038,p17,0.822126,correct
3,/home/tahmid/crops/p17/p17_clearglass_regular_001.jpg,p17,clearglass,regular,0.8631613850593567,p17,0.670176,correct
3,/home/tahmid/crops/p17/p17_clearglass_regular_002.jpg,p17,clearglass,regular,0.8734681010246277,p17,0.643305,correct
3,/home/tahmid/crops/p17/p17_clearglass_regular_003.jpg,p17,clearglass,regular,0.824163556098938,p17,0.638490,correct
3,/home/tahmid/crops/p17/p17_clearglass_regular_004.jpg,p17,clearglass,regular,0.8183765411376953,p17,0.489685,correct
3,/home/tahmid/crops/p17/p17_clearglass_regular_005.jpg,p17,clearglass,regular,0.8231704235076904,p17,0.502282,correct
3,/home/tahmid/crops/p17/p17_clearglass_regular_006.jpg,p17,clearglass,regular,0.8300483226776123,p17,0.502427,correct
3,/home/tahmid/crops/p17/p17_clearglass_regular_007.jpg,p17,clearglass,regular,0.7690118551254272,p17,0.406189,correct
3,/home/tahmid/crops/p17/p17_clearglass_regular_008.jpg,p17,clearglass,regular,0.7924209833145142,p17,0.394347,correct
3,/home/tahmid/crops/p17/p17_clearglass_regular_009.jpg,p17,clearglass,regular,0.8069375157356262,p17,0.523089,correct
3,/home/tahmid/crops/p17/p17_clearglass_regular_010.jpg,p17,clearglass,regular,0.8176378011703491,p17,0.526438,correct
3,/home/tahmid/crops/p17/p17_clearglass_regular_011.jpg,p17,clearglass,regular,0.7744176387786865,p17,0.551639,correct
3,/home/tahmid/crops/p17/p17_clearglass_regular_012.jpg,p17,clearglass,regular,0.8803906440734863,p17,0.799824,correct
3,/home/tahmid/crops/p17/p17_clearglass_regular_013.jpg,p17,clearglass,regular,0.8749120235443115,p17,0.799658,correct
3,/home/tahmid/crops/p17/p17_mask_clearglass_low_001.jpg,p17,mask_clearglass,low,0.8162891864776611,p17,0.378453,correct
3,/home/tahmid/crops/p17/p17_mask_clearglass_low_002.jpg,p17,mask_clearglass,low,0.8339629173278809,p17,0.350032,correct
3,/home/tahmid/crops/p17/p17_mask_clearglass_low_003.jpg,p17,mask_clearglass,low,0.7924491167068481,p09,0.190100,rejected
3,/home/tahmid/crops/p17/p17_mask_clearglass_low_004.jpg,p17,mask_clearglass,low,0.807160496711731,p17,0.231370,rejected
3,/home/tahmid/crops/p17/p17_mask_clearglass_low_005.jpg,p17,mask_clearglass,low,0.6149376034736633,p17,0.198718,rejected
3,/home/tahmid/crops/p17/p17_mask_clearglass_low_006.jpg,p17,mask_clearglass,low,0.6578508615493774,p17,0.248381,rejected
3,/home/tahmid/crops/p17/p17_mask_clearglass_low_007.jpg,p17,mask_clearglass,low,0.6860381960868835,p26,0.153721,rejected
3,/home/tahmid/crops/p17/p17_mask_clearglass_low_008.jpg,p17,mask_clearglass,low,0.6654325723648071,p17,0.183067,rejected
3,/home/tahmid/crops/p17/p17_mask_clearglass_low_009.jpg,p17,mask_clearglass,low,0.8022935390472412,p17,0.399778,correct
3,/home/tahmid/crops/p17/p17_mask_clearglass_low_010.jpg,p17,mask_clearglass,low,0.7889049053192139,p17,0.401128,correct
3,/home/tahmid/crops/p17/p17_mask_clearglass_low_011.jpg,p17,mask_clearglass,low,0.782004177570343,p17,0.394810,correct
3,/home/tahmid/crops/p17/p17_mask_clearglass_low_012.jpg,p17,mask_clearglass,low,0.819896936416626,p17,0.350807,correct
3,/home/tahmid/crops/p17/p17_mask_clearglass_low_013.jpg,p17,mask_clearglass,low,0.8111346364021301,p17,0.337911,correct
3,/home/tahmid/crops/p17/p17_mask_clearglass_low_014.jpg,p17,mask_clearglass,low,0.8085034489631653,p17,0.324335,correct
3,/home/tahmid/crops/p17/p17_mask_clearglass_low_015.jpg,p17,mask_clearglass,low,0.8210346698760986,p17,0.362000,correct
3,/home/tahmid/crops/p17/p17_mask_clearglass_regular_001.jpg,p17,mask_clearglass,regular,0.8726140260696411,p17,0.434868,correct
3,/home/tahmid/crops/p17/p17_mask_clearglass_regular_002.jpg,p17,mask_clearglass,regular,0.8284000754356384,p17,0.415191,correct
3,/home/tahmid/crops/p17/p17_mask_clearglass_regular_003.jpg,p17,mask_clearglass,regular,0.8286399841308594,p17,0.335441,correct
3,/home/tahmid/crops/p17/p17_mask_clearglass_regular_004.jpg,p17,mask_clearglass,regular,0.7911465167999268,p28,0.168537,rejected
3,/home/tahmid/crops/p17/p17_mask_clearglass_regular_005.jpg,p17,mask_clearglass,regular,0.8153857588768005,p17,0.174498,rejected
3,/home/tahmid/crops/p17/p17_mask_clearglass_regular_006.jpg,p17,mask_clearglass,regular,0.8211240768432617,p09,0.164750,rejected
3,/home/tahmid/crops/p17/p17_mask_clearglass_regular_007.jpg,p17,mask_clearglass,regular,0.6325024366378784,p17,0.323094,correct
3,/home/tahmid/crops/p17/p17_mask_clearglass_regular_008.jpg,p17,mask_clearglass,regular,0.6202208995819092,p17,0.330721,correct
3,/home/tahmid/crops/p17/p17_mask_clearglass_regular_009.jpg,p17,mask_clearglass,regular,0.7904922366142273,p17,0.410147,correct
3,/home/tahmid/crops/p17/p17_mask_clearglass_regular_010.jpg,p17,mask_clearglass,regular,0.7840774059295654,p17,0.431756,correct
3,/home/tahmid/crops/p17/p17_mask_clearglass_regular_011.jpg,p17,mask_clearglass,regular,0.7933441996574402,p17,0.416761,correct
3,/home/tahmid/crops/p17/p17_mask_clearglass_regular_012.jpg,p17,mask_clearglass,regular,0.808548092842102,p17,0.411271,correct
3,/home/tahmid/crops/p17/p17_mask_clearglass_regular_013.jpg,p17,mask_clearglass,regular,0.8079639673233032,p17,0.296639,rejected
3,/home/tahmid/crops/p17/p17_mask_clearglass_regular_014.jpg,p17,mask_clearglass,regular,0.8215122222900391,p17,0.349133,correct
3,/home/tahmid/crops/p17/p17_mask_low_001.jpg,p17,mask,low,0.8402643799781799,p17,0.510449,correct
3,/home/tahmid/crops/p17/p17_mask_low_002.jpg,p17,mask,low,0.7862939834594727,p17,0.303463,correct
3,/home/tahmid/crops/p17/p17_mask_low_003.jpg,p17,mask,low,0.7567828893661499,p17,0.275399,rejected
3,/home/tahmid/crops/p17/p17_mask_low_004.jpg,p17,mask,low,0.7884422540664673,p17,0.264342,rejected
3,/home/tahmid/crops/p17/p17_mask_low_005.jpg,p17,mask,low,0.7186833620071411,p17,0.351364,correct
3,/home/tahmid/crops/p17/p17_mask_low_006.jpg,p17,mask,low,0.7827640771865845,p17,0.396049,correct
3,/home/tahmid/crops/p17/p17_mask_low_007.jpg,p17,mask,low,0.7905027270317078,p17,0.411893,correct
3,/home/tahmid/crops/p17/p17_mask_low_008.jpg,p17,mask,low,0.8077389001846313,p17,0.379262,correct
3,/home/tahmid/crops/p17/p17_mask_low_009.jpg,p17,mask,low,0.804826021194458,p17,0.438751,correct
3,/home/tahmid/crops/p17/p17_mask_low_010.jpg,p17,mask,low,0.8237167000770569,p17,0.448328,correct
3,/home/tahmid/crops/p17/p17_mask_low_011.jpg,p17,mask,low,0.6201922297477722,p17,0.233964,rejected
3,/home/tahmid/crops/p17/p17_mask_low_012.jpg,p17,mask,low,0.6059288382530212,p17,0.280952,rejected
3,/home/tahmid/crops/p17/p17_mask_low_013.jpg,p17,mask,low,0.7258604764938354,p17,0.478034,correct
3,/home/tahmid/crops/p17/p17_mask_low_014.jpg,p17,mask,low,0.7372562885284424,p17,0.451549,correct
3,/home/tahmid/crops/p17/p17_mask_low_015.jpg,p17,mask,low,0.6616358160972595,p17,0.508715,correct
3,/home/tahmid/crops/p17/p17_mask_regular_001.jpg,p17,mask,regular,0.842244565486908,p17,0.497193,correct
3,/home/tahmid/crops/p17/p17_mask_regular_002.jpg,p17,mask,regular,0.871427595615387,p17,0.478903,correct
3,/home/tahmid/crops/p17/p17_mask_regular_003.jpg,p17,mask,regular,0.7904024124145508,p17,0.279435,rejected
3,/home/tahmid/crops/p17/p17_mask_regular_004.jpg,p17,mask,regular,0.7942440509796143,p17,0.309759,correct
3,/home/tahmid/crops/p17/p17_mask_regular_005.jpg,p17,mask,regular,0.7806906700134277,p17,0.272463,rejected
3,/home/tahmid/crops/p17/p17_mask_regular_006.jpg,p17,mask,regular,0.7365561723709106,p17,0.394048,correct
3,/home/tahmid/crops/p17/p17_mask_regular_007.jpg,p17,mask,regular,0.7660161256790161,p17,0.430348,correct
3,/home/tahmid/crops/p17/p17_mask_regular_008.jpg,p17,mask,regular,0.7721879482269287,p17,0.365720,correct
3,/home/tahmid/crops/p17/p17_mask_regular_009.jpg,p17,mask,regular,0.8033919334411621,p17,0.373867,correct
3,/home/tahmid/crops/p17/p17_mask_regular_010.jpg,p17,mask,regular,0.818801999092102,p17,0.430895,correct
3,/home/tahmid/crops/p17/p17_mask_regular_011.jpg,p17,mask,regular,0.7948964834213257,p17,0.393386,correct
3,/home/tahmid/crops/p17/p17_mask_regular_012.jpg,p17,mask,regular,0.4250982701778412,p17,0.248656,rejected
3,/home/tahmid/crops/p17/p17_mask_regular_013.jpg,p17,mask,regular,0.6279376149177551,p17,0.127182,rejected
3,/home/tahmid/crops/p17/p17_mask_regular_014.jpg,p17,mask,regular,0.6367407441139221,p17,0.302491,correct
3,/home/tahmid/crops/p17/p17_mask_sunglass_low_001.jpg,p17,mask_sunglass,low,0.8449896574020386,p17,0.236802,rejected
3,/home/tahmid/crops/p17/p17_mask_sunglass_low_002.jpg,p17,mask_sunglass,low,0.8562197089195251,p17,0.233272,rejected
3,/home/tahmid/crops/p17/p17_mask_sunglass_low_003.jpg,p17,mask_sunglass,low,0.8488614559173584,p17,0.299057,rejected
3,/home/tahmid/crops/p17/p17_mask_sunglass_low_004.jpg,p17,mask_sunglass,low,0.6981132626533508,p01,0.156995,rejected
3,/home/tahmid/crops/p17/p17_mask_sunglass_low_005.jpg,p17,mask_sunglass,low,0.7013134956359863,p17,0.214974,rejected
3,/home/tahmid/crops/p17/p17_mask_sunglass_low_006.jpg,p17,mask_sunglass,low,0.7121056318283081,p17,0.168170,rejected
3,/home/tahmid/crops/p17/p17_mask_sunglass_low_007.jpg,p17,mask_sunglass,low,0.7064105868339539,p17,0.182519,rejected
3,/home/tahmid/crops/p17/p17_mask_sunglass_low_008.jpg,p17,mask_sunglass,low,0.7587586641311646,p10,0.131549,rejected
3,/home/tahmid/crops/p17/p17_mask_sunglass_low_009.jpg,p17,mask_sunglass,low,0.7858330011367798,p10,0.168554,rejected
3,/home/tahmid/crops/p17/p17_mask_sunglass_low_010.jpg,p17,mask_sunglass,low,0.7473543882369995,p17,0.172520,rejected
3,/home/tahmid/crops/p17/p17_mask_sunglass_low_011.jpg,p17,mask_sunglass,low,0.7514151334762573,p26,0.133550,rejected
3,/home/tahmid/crops/p17/p17_mask_sunglass_low_012.jpg,p17,mask_sunglass,low,0.7937065362930298,p17,0.334787,correct
3,/home/tahmid/crops/p17/p17_mask_sunglass_low_013.jpg,p17,mask_sunglass,low,0.7962349653244019,p17,0.323228,correct
3,/home/tahmid/crops/p17/p17_mask_sunglass_low_014.jpg,p17,mask_sunglass,low,0.5550392866134644,p17,0.257029,rejected
3,/home/tahmid/crops/p17/p17_mask_sunglass_low_015.jpg,p17,mask_sunglass,low,0.624086856842041,p17,0.211462,rejected
3,/home/tahmid/crops/p17/p17_mask_sunglass_regular_001.jpg,p17,mask_sunglass,regular,0.8652653694152832,p17,0.262646,rejected
3,/home/tahmid/crops/p17/p17_mask_sunglass_regular_002.jpg,p17,mask_sunglass,regular,0.8637509346008301,p17,0.238535,rejected
3,/home/tahmid/crops/p17/p17_mask_sunglass_regular_003.jpg,p17,mask_sunglass,regular,0.8738831281661987,p17,0.250798,rejected
3,/home/tahmid/crops/p17/p17_mask_sunglass_regular_004.jpg,p17,mask_sunglass,regular,0.7208173274993896,p17,0.128489,rejected
3,/home/tahmid/crops/p17/p17_mask_sunglass_regular_005.jpg,p17,mask_sunglass,regular,0.7055007219314575,p25,0.149221,rejected
3,/home/tahmid/crops/p17/p17_mask_sunglass_regular_006.jpg,p17,mask_sunglass,regular,0.6967856884002686,p17,0.152410,rejected
3,/home/tahmid/crops/p17/p17_mask_sunglass_regular_007.jpg,p17,mask_sunglass,regular,0.7572630643844604,p10,0.141581,rejected
3,/home/tahmid/crops/p17/p17_mask_sunglass_regular_008.jpg,p17,mask_sunglass,regular,0.7919509410858154,p17,0.163765,rejected
3,/home/tahmid/crops/p17/p17_mask_sunglass_regular_009.jpg,p17,mask_sunglass,regular,0.7791797518730164,p10,0.182760,rejected
3,/home/tahmid/crops/p17/p17_mask_sunglass_regular_010.jpg,p17,mask_sunglass,regular,0.7767971158027649,p17,0.322482,correct
3,/home/tahmid/crops/p17/p17_mask_sunglass_regular_011.jpg,p17,mask_sunglass,regular,0.7292622327804565,p17,0.328551,correct
3,/home/tahmid/crops/p17/p17_mask_sunglass_regular_012.jpg,p17,mask_sunglass,regular,0.7331690788269043,p17,0.323872,correct
3,/home/tahmid/crops/p17/p17_mask_sunglass_regular_013.jpg,p17,mask_sunglass,regular,0.5368799567222595,p17,0.272036,rejected
3,/home/tahmid/crops/p17/p17_mask_sunglass_regular_014.jpg,p17,mask_sunglass,regular,0.5290062427520752,p17,0.198326,rejected
3,/home/tahmid/crops/p17/p17_mask_sunglass_regular_015.jpg,p17,mask_sunglass,regular,0.5369721055030823,p17,0.241872,rejected
3,/home/tahmid/crops/p17/p17_none_low_001.jpg,p17,none,low,0.8206851482391357,p17,0.715236,correct
3,/home/tahmid/crops/p17/p17_none_low_002.jpg,p17,none,low,0.8047275543212891,p17,0.672297,correct
3,/home/tahmid/crops/p17/p17_none_low_003.jpg,p17,none,low,0.6427926421165466,p17,0.376395,correct
3,/home/tahmid/crops/p17/p17_none_low_004.jpg,p17,none,low,0.6498676538467407,p17,0.319028,correct
3,/home/tahmid/crops/p17/p17_none_low_005.jpg,p17,none,low,0.6365156173706055,p17,0.338650,correct
3,/home/tahmid/crops/p17/p17_none_low_006.jpg,p17,none,low,0.6201810836791992,p17,0.402985,correct
3,/home/tahmid/crops/p17/p17_none_low_007.jpg,p17,none,low,0.7025673389434814,p17,0.376908,correct
3,/home/tahmid/crops/p17/p17_none_low_008.jpg,p17,none,low,0.695941150188446,p17,0.419037,correct
3,/home/tahmid/crops/p17/p17_none_low_009.jpg,p17,none,low,0.6445105075836182,p17,0.424897,correct
3,/home/tahmid/crops/p17/p17_none_low_010.jpg,p17,none,low,0.6505779027938843,p17,0.447185,correct
3,/home/tahmid/crops/p17/p17_none_low_011.jpg,p17,none,low,0.8497153520584106,p17,0.540438,correct
3,/home/tahmid/crops/p17/p17_none_low_012.jpg,p17,none,low,0.8246142268180847,p17,0.534844,correct
3,/home/tahmid/crops/p17/p17_none_low_013.jpg,p17,none,low,0.8580965995788574,p17,0.923763,correct
3,/home/tahmid/crops/p17/p17_none_low_014.jpg,p17,none,low,0.8671622276306152,p17,0.919508,correct
3,/home/tahmid/crops/p17/p17_none_low_015.jpg,p17,none,low,0.8381359577178955,p17,0.917575,correct
3,/home/tahmid/crops/p17/p17_none_regular_001.jpg,p17,none,regular,0.8320581912994385,p17,0.721559,correct
3,/home/tahmid/crops/p17/p17_none_regular_002.jpg,p17,none,regular,0.8447542190551758,p17,0.723258,correct
3,/home/tahmid/crops/p17/p17_none_regular_003.jpg,p17,none,regular,0.826735258102417,p17,0.696228,correct
3,/home/tahmid/crops/p17/p17_none_regular_004.jpg,p17,none,regular,0.7380629777908325,p17,0.379463,correct
3,/home/tahmid/crops/p17/p17_none_regular_005.jpg,p17,none,regular,0.7020869851112366,p17,0.363203,correct
3,/home/tahmid/crops/p17/p17_none_regular_006.jpg,p17,none,regular,0.6755203604698181,p17,0.381880,correct
3,/home/tahmid/crops/p17/p17_none_regular_007.jpg,p17,none,regular,0.7159505486488342,p17,0.392044,correct
3,/home/tahmid/crops/p17/p17_none_regular_008.jpg,p17,none,regular,0.7057913541793823,p17,0.389265,correct
3,/home/tahmid/crops/p17/p17_none_regular_009.jpg,p17,none,regular,0.7036457061767578,p17,0.405498,correct
3,/home/tahmid/crops/p17/p17_none_regular_010.jpg,p17,none,regular,0.8384480476379395,p17,0.536280,correct
3,/home/tahmid/crops/p17/p17_none_regular_012.jpg,p17,none,regular,0.8598414063453674,p17,0.946873,correct
3,/home/tahmid/crops/p17/p17_scarf_low_001.jpg,p17,scarf,low,0.8985201120376587,p17,0.675214,correct
3,/home/tahmid/crops/p17/p17_scarf_low_002.jpg,p17,scarf,low,0.8937232494354248,p17,0.690629,correct
3,/home/tahmid/crops/p17/p17_scarf_low_003.jpg,p17,scarf,low,0.8724769353866577,p17,0.699965,correct
3,/home/tahmid/crops/p17/p17_scarf_low_004.jpg,p17,scarf,low,0.8740698099136353,p17,0.714821,correct
3,/home/tahmid/crops/p17/p17_scarf_low_005.jpg,p17,scarf,low,0.8798671960830688,p17,0.695071,correct
3,/home/tahmid/crops/p17/p17_scarf_low_006.jpg,p17,scarf,low,0.7763809561729431,p17,0.355433,correct
3,/home/tahmid/crops/p17/p17_scarf_low_007.jpg,p17,scarf,low,0.7785051465034485,p17,0.352363,correct
3,/home/tahmid/crops/p17/p17_scarf_low_008.jpg,p17,scarf,low,0.7595865726470947,p17,0.541158,correct
3,/home/tahmid/crops/p17/p17_scarf_low_009.jpg,p17,scarf,low,0.7484750747680664,p17,0.498901,correct
3,/home/tahmid/crops/p17/p17_scarf_low_010.jpg,p17,scarf,low,0.8418365120887756,p17,0.499252,correct
3,/home/tahmid/crops/p17/p17_scarf_low_011.jpg,p17,scarf,low,0.8414276838302612,p17,0.519376,correct
3,/home/tahmid/crops/p17/p17_scarf_low_012.jpg,p17,scarf,low,0.8664987087249756,p17,0.803511,correct
3,/home/tahmid/crops/p17/p17_scarf_low_013.jpg,p17,scarf,low,0.8759404420852661,p17,0.824642,correct
3,/home/tahmid/crops/p17/p17_scarf_low_014.jpg,p17,scarf,low,0.8330302834510803,p17,0.813597,correct
3,/home/tahmid/crops/p17/p17_scarf_regular_001.jpg,p17,scarf,regular,0.8867992162704468,p17,0.677197,correct
3,/home/tahmid/crops/p17/p17_scarf_regular_002.jpg,p17,scarf,regular,0.8980926275253296,p17,0.716714,correct
3,/home/tahmid/crops/p17/p17_scarf_regular_003.jpg,p17,scarf,regular,0.8913470506668091,p17,0.697561,correct
3,/home/tahmid/crops/p17/p17_scarf_regular_004.jpg,p17,scarf,regular,0.7381080389022827,p17,0.341386,correct
3,/home/tahmid/crops/p17/p17_scarf_regular_005.jpg,p17,scarf,regular,0.7262112498283386,p17,0.338007,correct
3,/home/tahmid/crops/p17/p17_scarf_regular_006.jpg,p17,scarf,regular,0.7328810095787048,p17,0.369139,correct
3,/home/tahmid/crops/p17/p17_scarf_regular_007.jpg,p17,scarf,regular,0.7647721767425537,p17,0.543435,correct
3,/home/tahmid/crops/p17/p17_scarf_regular_008.jpg,p17,scarf,regular,0.7477759122848511,p17,0.501042,correct
3,/home/tahmid/crops/p17/p17_scarf_regular_009.jpg,p17,scarf,regular,0.7774621248245239,p17,0.511522,correct
3,/home/tahmid/crops/p17/p17_scarf_regular_010.jpg,p17,scarf,regular,0.778700590133667,p17,0.527128,correct
3,/home/tahmid/crops/p17/p17_scarf_regular_011.jpg,p17,scarf,regular,0.7632586359977722,p17,0.508853,correct
3,/home/tahmid/crops/p17/p17_scarf_regular_012.jpg,p17,scarf,regular,0.8311793804168701,p17,0.808605,correct
3,/home/tahmid/crops/p17/p17_scarf_regular_013.jpg,p17,scarf,regular,0.8591310977935791,p17,0.803739,correct
3,/home/tahmid/crops/p17/p17_scarf_regular_014.jpg,p17,scarf,regular,0.861555814743042,p17,0.808650,correct
3,/home/tahmid/crops/p17/p17_sunglass_low_001.jpg,p17,sunglass,low,0.8534154891967773,p17,0.609876,correct
3,/home/tahmid/crops/p17/p17_sunglass_low_002.jpg,p17,sunglass,low,0.840942919254303,p17,0.564421,correct
3,/home/tahmid/crops/p17/p17_sunglass_low_003.jpg,p17,sunglass,low,0.8352323770523071,p17,0.580831,correct
3,/home/tahmid/crops/p17/p17_sunglass_low_004.jpg,p17,sunglass,low,0.8067187070846558,p17,0.432409,correct
3,/home/tahmid/crops/p17/p17_sunglass_low_005.jpg,p17,sunglass,low,0.8066003322601318,p17,0.439697,correct
3,/home/tahmid/crops/p17/p17_sunglass_low_006.jpg,p17,sunglass,low,0.8020505309104919,p17,0.415359,correct
3,/home/tahmid/crops/p17/p17_sunglass_low_007.jpg,p17,sunglass,low,0.8305799961090088,p17,0.519792,correct
3,/home/tahmid/crops/p17/p17_sunglass_low_008.jpg,p17,sunglass,low,0.8417491912841797,p17,0.529302,correct
3,/home/tahmid/crops/p17/p17_sunglass_low_009.jpg,p17,sunglass,low,0.843018651008606,p17,0.514275,correct
3,/home/tahmid/crops/p17/p17_sunglass_low_010.jpg,p17,sunglass,low,0.8473619222640991,p17,0.483411,correct
3,/home/tahmid/crops/p17/p17_sunglass_low_011.jpg,p17,sunglass,low,0.8451836109161377,p17,0.441905,correct
3,/home/tahmid/crops/p17/p17_sunglass_low_012.jpg,p17,sunglass,low,0.8424463272094727,p17,0.467316,correct
3,/home/tahmid/crops/p17/p17_sunglass_low_013.jpg,p17,sunglass,low,0.8643581867218018,p17,0.501026,correct
3,/home/tahmid/crops/p17/p17_sunglass_low_014.jpg,p17,sunglass,low,0.8349263668060303,p17,0.687390,correct
3,/home/tahmid/crops/p17/p17_sunglass_low_015.jpg,p17,sunglass,low,0.8407365083694458,p17,0.710939,correct
3,/home/tahmid/crops/p17/p17_sunglass_regular_001.jpg,p17,sunglass,regular,0.8728606104850769,p17,0.530800,correct
3,/home/tahmid/crops/p17/p17_sunglass_regular_002.jpg,p17,sunglass,regular,0.8606151938438416,p17,0.537794,correct
3,/home/tahmid/crops/p17/p17_sunglass_regular_003.jpg,p17,sunglass,regular,0.846008837223053,p17,0.564722,correct
3,/home/tahmid/crops/p17/p17_sunglass_regular_004.jpg,p17,sunglass,regular,0.8121128082275391,p17,0.427821,correct
3,/home/tahmid/crops/p17/p17_sunglass_regular_005.jpg,p17,sunglass,regular,0.8070391416549683,p17,0.436886,correct
3,/home/tahmid/crops/p17/p17_sunglass_regular_006.jpg,p17,sunglass,regular,0.8078485727310181,p17,0.466748,correct
3,/home/tahmid/crops/p17/p17_sunglass_regular_007.jpg,p17,sunglass,regular,0.8218621015548706,p17,0.505306,correct
3,/home/tahmid/crops/p17/p17_sunglass_regular_008.jpg,p17,sunglass,regular,0.8236295580863953,p17,0.465948,correct
3,/home/tahmid/crops/p17/p17_sunglass_regular_009.jpg,p17,sunglass,regular,0.8324508666992188,p17,0.499859,correct
3,/home/tahmid/crops/p17/p17_sunglass_regular_010.jpg,p17,sunglass,regular,0.8240649104118347,p17,0.482332,correct
3,/home/tahmid/crops/p17/p17_sunglass_regular_011.jpg,p17,sunglass,regular,0.8567467927932739,p17,0.519531,correct
3,/home/tahmid/crops/p17/p17_sunglass_regular_012.jpg,p17,sunglass,regular,0.861352801322937,p17,0.682619,correct
3,/home/tahmid/crops/p17/p17_sunglass_regular_013.jpg,p17,sunglass,regular,0.851598858833313,p17,0.684212,correct
3,/home/tahmid/crops/p17/p17_sunglass_regular_014.jpg,p17,sunglass,regular,0.8523463010787964,p17,0.704420,correct
3,/home/tahmid/crops/p22/p22_cap_low_001.jpg,p22,cap,low,0.8786057829856873,p22,0.842316,correct
3,/home/tahmid/crops/p22/p22_cap_low_002.jpg,p22,cap,low,0.7436063289642334,p22,0.745183,correct
3,/home/tahmid/crops/p22/p22_cap_low_003.jpg,p22,cap,low,0.7584136724472046,p22,0.728554,correct
3,/home/tahmid/crops/p22/p22_cap_low_004.jpg,p22,cap,low,0.7832008600234985,p22,0.767723,correct
3,/home/tahmid/crops/p22/p22_cap_low_005.jpg,p22,cap,low,0.7718846797943115,p22,0.771351,correct
3,/home/tahmid/crops/p22/p22_cap_low_006.jpg,p22,cap,low,0.7501630783081055,p22,0.722651,correct
3,/home/tahmid/crops/p22/p22_cap_low_007.jpg,p22,cap,low,0.8258690237998962,p22,0.749861,correct
3,/home/tahmid/crops/p22/p22_cap_low_008.jpg,p22,cap,low,0.7436063289642334,p22,0.745183,correct
3,/home/tahmid/crops/p22/p22_cap_low_009.jpg,p22,cap,low,0.7584136724472046,p22,0.728554,correct
3,/home/tahmid/crops/p22/p22_cap_low_010.jpg,p22,cap,low,0.8371024131774902,p22,0.785239,correct
3,/home/tahmid/crops/p22/p22_cap_low_011.jpg,p22,cap,low,0.7832008600234985,p22,0.767723,correct
3,/home/tahmid/crops/p22/p22_cap_low_012.jpg,p22,cap,low,0.7718846797943115,p22,0.771351,correct
3,/home/tahmid/crops/p22/p22_cap_low_013.jpg,p22,cap,low,0.7501630783081055,p22,0.722651,correct
3,/home/tahmid/crops/p22/p22_cap_low_014.jpg,p22,cap,low,0.8258690237998962,p22,0.749861,correct
3,/home/tahmid/crops/p22/p22_cap_regular_001.jpg,p22,cap,regular,0.8799562454223633,p22,0.869043,correct
3,/home/tahmid/crops/p22/p22_cap_regular_002.jpg,p22,cap,regular,0.7665725946426392,p22,0.733592,correct
3,/home/tahmid/crops/p22/p22_cap_regular_003.jpg,p22,cap,regular,0.8358843326568604,p22,0.791474,correct
3,/home/tahmid/crops/p22/p22_cap_regular_004.jpg,p22,cap,regular,0.7885898351669312,p22,0.762612,correct
3,/home/tahmid/crops/p22/p22_cap_regular_005.jpg,p22,cap,regular,0.7642258405685425,p22,0.770509,correct
3,/home/tahmid/crops/p22/p22_cap_regular_006.jpg,p22,cap,regular,0.7467831373214722,p22,0.732615,correct
3,/home/tahmid/crops/p22/p22_cap_regular_007.jpg,p22,cap,regular,0.878233790397644,p22,0.860541,correct
3,/home/tahmid/crops/p22/p22_cap_regular_008.jpg,p22,cap,regular,0.8799562454223633,p22,0.869043,correct
3,/home/tahmid/crops/p22/p22_cap_regular_009.jpg,p22,cap,regular,0.7450906038284302,p22,0.737926,correct
3,/home/tahmid/crops/p22/p22_cap_regular_010.jpg,p22,cap,regular,0.7665725946426392,p22,0.733592,correct
3,/home/tahmid/crops/p22/p22_cap_regular_011.jpg,p22,cap,regular,0.8232221007347107,p22,0.799502,correct
3,/home/tahmid/crops/p22/p22_cap_regular_012.jpg,p22,cap,regular,0.7885898351669312,p22,0.762612,correct
3,/home/tahmid/crops/p22/p22_cap_regular_013.jpg,p22,cap,regular,0.7467831373214722,p22,0.732615,correct
3,/home/tahmid/crops/p22/p22_cap_regular_014.jpg,p22,cap,regular,0.8234519958496094,p22,0.753656,correct
3,/home/tahmid/crops/p22/p22_clearglass_low_001.jpg,p22,clearglass,low,0.8459148406982422,p22,0.919381,correct
3,/home/tahmid/crops/p22/p22_clearglass_low_002.jpg,p22,clearglass,low,0.838554859161377,p22,0.824438,correct
3,/home/tahmid/crops/p22/p22_clearglass_low_003.jpg,p22,clearglass,low,0.8259722590446472,p22,0.837480,correct
3,/home/tahmid/crops/p22/p22_clearglass_low_004.jpg,p22,clearglass,low,0.7383509874343872,p22,0.802423,correct
3,/home/tahmid/crops/p22/p22_clearglass_low_005.jpg,p22,clearglass,low,0.8036929368972778,p22,0.800825,correct
3,/home/tahmid/crops/p22/p22_clearglass_low_006.jpg,p22,clearglass,low,0.8144121170043945,p22,0.803349,correct
3,/home/tahmid/crops/p22/p22_clearglass_low_007.jpg,p22,clearglass,low,0.8420045375823975,p22,0.907815,correct
3,/home/tahmid/crops/p22/p22_clearglass_low_008.jpg,p22,clearglass,low,0.8459148406982422,p22,0.919381,correct
3,/home/tahmid/crops/p22/p22_clearglass_low_009.jpg,p22,clearglass,low,0.838554859161377,p22,0.824438,correct
3,/home/tahmid/crops/p22/p22_clearglass_low_010.jpg,p22,clearglass,low,0.7962911128997803,p22,0.831309,correct
3,/home/tahmid/crops/p22/p22_clearglass_low_011.jpg,p22,clearglass,low,0.8670626878738403,p22,0.834000,correct
3,/home/tahmid/crops/p22/p22_clearglass_low_012.jpg,p22,clearglass,low,0.8259722590446472,p22,0.837480,correct
3,/home/tahmid/crops/p22/p22_clearglass_low_013.jpg,p22,clearglass,low,0.7383509874343872,p22,0.802423,correct
3,/home/tahmid/crops/p22/p22_clearglass_low_014.jpg,p22,clearglass,low,0.7879093885421753,p22,0.790114,correct
3,/home/tahmid/crops/p22/p22_clearglass_regular_001.jpg,p22,clearglass,regular,0.7976493835449219,p22,0.829072,correct
3,/home/tahmid/crops/p22/p22_clearglass_regular_002.jpg,p22,clearglass,regular,0.8622332215309143,p22,0.842497,correct
3,/home/tahmid/crops/p22/p22_clearglass_regular_003.jpg,p22,clearglass,regular,0.732293963432312,p22,0.809566,correct
3,/home/tahmid/crops/p22/p22_clearglass_regular_004.jpg,p22,clearglass,regular,0.810234546661377,p22,0.808234,correct
3,/home/tahmid/crops/p22/p22_clearglass_regular_005.jpg,p22,clearglass,regular,0.817679762840271,p22,0.801439,correct
3,/home/tahmid/crops/p22/p22_clearglass_regular_006.jpg,p22,clearglass,regular,0.7834875583648682,p22,0.802522,correct
3,/home/tahmid/crops/p22/p22_clearglass_regular_007.jpg,p22,clearglass,regular,0.8433821201324463,p22,0.908957,correct
3,/home/tahmid/crops/p22/p22_clearglass_regular_008.jpg,p22,clearglass,regular,0.8415131568908691,p22,0.922209,correct
3,/home/tahmid/crops/p22/p22_clearglass_regular_009.jpg,p22,clearglass,regular,0.7976493835449219,p22,0.829072,correct
3,/home/tahmid/crops/p22/p22_clearglass_regular_010.jpg,p22,clearglass,regular,0.8118906021118164,p22,0.850726,correct
3,/home/tahmid/crops/p22/p22_clearglass_regular_011.jpg,p22,clearglass,regular,0.732293963432312,p22,0.809566,correct
3,/home/tahmid/crops/p22/p22_clearglass_regular_012.jpg,p22,clearglass,regular,0.810234546661377,p22,0.808234,correct
3,/home/tahmid/crops/p22/p22_clearglass_regular_013.jpg,p22,clearglass,regular,0.817679762840271,p22,0.801439,correct
3,/home/tahmid/crops/p22/p22_clearglass_regular_014.jpg,p22,clearglass,regular,0.7834875583648682,p22,0.802522,correct
3,/home/tahmid/crops/p22/p22_mask_clearglass_low_001.jpg,p22,mask_clearglass,low,0.7927442193031311,p22,0.567810,correct
3,/home/tahmid/crops/p22/p22_mask_clearglass_low_002.jpg,p22,mask_clearglass,low,0.8324952125549316,p22,0.559133,correct
3,/home/tahmid/crops/p22/p22_mask_clearglass_low_003.jpg,p22,mask_clearglass,low,0.7606475353240967,p22,0.582465,correct
3,/home/tahmid/crops/p22/p22_mask_clearglass_low_004.jpg,p22,mask_clearglass,low,0.6682927012443542,p22,0.581658,correct
3,/home/tahmid/crops/p22/p22_mask_clearglass_low_005.jpg,p22,mask_clearglass,low,0.7498109340667725,p22,0.546336,correct
3,/home/tahmid/crops/p22/p22_mask_clearglass_low_006.jpg,p22,mask_clearglass,low,0.7998528480529785,p22,0.500102,correct
3,/home/tahmid/crops/p22/p22_mask_clearglass_low_007.jpg,p22,mask_clearglass,low,0.8474357724189758,p22,0.514377,correct
3,/home/tahmid/crops/p22/p22_mask_clearglass_low_008.jpg,p22,mask_clearglass,low,0.8324952125549316,p22,0.559133,correct
3,/home/tahmid/crops/p22/p22_mask_clearglass_low_009.jpg,p22,mask_clearglass,low,0.7606475353240967,p22,0.582465,correct
3,/home/tahmid/crops/p22/p22_mask_clearglass_low_010.jpg,p22,mask_clearglass,low,0.848677933216095,p22,0.378933,correct
3,/home/tahmid/crops/p22/p22_mask_clearglass_low_011.jpg,p22,mask_clearglass,low,0.8314635753631592,p22,0.369517,correct
3,/home/tahmid/crops/p22/p22_mask_clearglass_low_012.jpg,p22,mask_clearglass,low,0.7998528480529785,p22,0.500102,correct
3,/home/tahmid/crops/p22/p22_mask_clearglass_low_013.jpg,p22,mask_clearglass,low,0.8474357724189758,p22,0.514377,correct
3,/home/tahmid/crops/p22/p22_mask_clearglass_low_014.jpg,p22,mask_clearglass,low,0.7284256219863892,p22,0.437436,correct
3,/home/tahmid/crops/p22/p22_mask_clearglass_regular_001.jpg,p22,mask_clearglass,regular,0.8044350743293762,p22,0.572966,correct
3,/home/tahmid/crops/p22/p22_mask_clearglass_regular_002.jpg,p22,mask_clearglass,regular,0.8182324767112732,p22,0.577602,correct
3,/home/tahmid/crops/p22/p22_mask_clearglass_regular_003.jpg,p22,mask_clearglass,regular,0.7704174518585205,p22,0.585488,correct
3,/home/tahmid/crops/p22/p22_mask_clearglass_regular_004.jpg,p22,mask_clearglass,regular,0.6747100353240967,p22,0.565186,correct
3,/home/tahmid/crops/p22/p22_mask_clearglass_regular_005.jpg,p22,mask_clearglass,regular,0.8459428548812866,p22,0.380740,correct
3,/home/tahmid/crops/p22/p22_mask_clearglass_regular_006.jpg,p22,mask_clearglass,regular,0.7393646240234375,p22,0.520689,correct
3,/home/tahmid/crops/p22/p22_mask_clearglass_regular_007.jpg,p22,mask_clearglass,regular,0.8044594526290894,p22,0.467082,correct
3,/home/tahmid/crops/p22/p22_mask_clearglass_regular_008.jpg,p22,mask_clearglass,regular,0.8468183279037476,p22,0.533202,correct
3,/home/tahmid/crops/p22/p22_mask_clearglass_regular_009.jpg,p22,mask_clearglass,regular,0.7196100950241089,p22,0.419429,correct
3,/home/tahmid/crops/p22/p22_mask_clearglass_regular_010.jpg,p22,mask_clearglass,regular,0.8182324767112732,p22,0.577602,correct
3,/home/tahmid/crops/p22/p22_mask_clearglass_regular_011.jpg,p22,mask_clearglass,regular,0.7704174518585205,p22,0.585488,correct
3,/home/tahmid/crops/p22/p22_mask_clearglass_regular_012.jpg,p22,mask_clearglass,regular,0.6747100353240967,p22,0.565186,correct
3,/home/tahmid/crops/p22/p22_mask_clearglass_regular_013.jpg,p22,mask_clearglass,regular,0.8459428548812866,p22,0.380740,correct
3,/home/tahmid/crops/p22/p22_mask_clearglass_regular_014.jpg,p22,mask_clearglass,regular,0.7196100950241089,p22,0.419429,correct
3,/home/tahmid/crops/p22/p22_mask_low_001.jpg,p22,mask,low,0.8572460412979126,p22,0.648499,correct
3,/home/tahmid/crops/p22/p22_mask_low_002.jpg,p22,mask,low,0.7998039722442627,p22,0.669933,correct
3,/home/tahmid/crops/p22/p22_mask_low_003.jpg,p22,mask,low,0.7880486845970154,p22,0.624126,correct
3,/home/tahmid/crops/p22/p22_mask_low_004.jpg,p22,mask,low,0.8361388444900513,p22,0.549376,correct
3,/home/tahmid/crops/p22/p22_mask_low_005.jpg,p22,mask,low,0.7856667041778564,p22,0.512104,correct
3,/home/tahmid/crops/p22/p22_mask_low_006.jpg,p22,mask,low,0.7982044219970703,p22,0.613308,correct
3,/home/tahmid/crops/p22/p22_mask_low_007.jpg,p22,mask,low,0.778148353099823,p22,0.569512,correct
3,/home/tahmid/crops/p22/p22_mask_low_008.jpg,p22,mask,low,0.7061690092086792,p22,0.459788,correct
3,/home/tahmid/crops/p22/p22_mask_low_009.jpg,p22,mask,low,0.8536802530288696,p22,0.654630,correct
3,/home/tahmid/crops/p22/p22_mask_low_010.jpg,p22,mask,low,0.7998039722442627,p22,0.669933,correct
3,/home/tahmid/crops/p22/p22_mask_low_011.jpg,p22,mask,low,0.7773903608322144,p22,0.597553,correct
3,/home/tahmid/crops/p22/p22_mask_low_012.jpg,p22,mask,low,0.8361388444900513,p22,0.549376,correct
3,/home/tahmid/crops/p22/p22_mask_low_013.jpg,p22,mask,low,0.7856667041778564,p22,0.512104,correct
3,/home/tahmid/crops/p22/p22_mask_low_014.jpg,p22,mask,low,0.6891324520111084,p22,0.618113,correct
3,/home/tahmid/crops/p22/p22_mask_regular_001.jpg,p22,mask,regular,0.8526711463928223,p22,0.665877,correct
3,/home/tahmid/crops/p22/p22_mask_regular_002.jpg,p22,mask,regular,0.7996194362640381,p22,0.625952,correct
3,/home/tahmid/crops/p22/p22_mask_regular_003.jpg,p22,mask,regular,0.8283649682998657,p22,0.538837,correct
3,/home/tahmid/crops/p22/p22_mask_regular_004.jpg,p22,mask,regular,0.805924117565155,p22,0.596669,correct
3,/home/tahmid/crops/p22/p22_mask_regular_005.jpg,p22,mask,regular,0.6930317282676697,p22,0.611273,correct
3,/home/tahmid/crops/p22/p22_mask_regular_006.jpg,p22,mask,regular,0.8526711463928223,p22,0.665877,correct
3,/home/tahmid/crops/p22/p22_mask_regular_007.jpg,p22,mask,regular,0.7993704080581665,p22,0.670151,correct
3,/home/tahmid/crops/p22/p22_mask_regular_008.jpg,p22,mask,regular,0.7996194362640381,p22,0.625952,correct
3,/home/tahmid/crops/p22/p22_mask_regular_009.jpg,p22,mask,regular,0.7841139435768127,p22,0.597645,correct
3,/home/tahmid/crops/p22/p22_mask_regular_010.jpg,p22,mask,regular,0.8283649682998657,p22,0.538837,correct
3,/home/tahmid/crops/p22/p22_mask_regular_011.jpg,p22,mask,regular,0.7849971055984497,p22,0.523141,correct
3,/home/tahmid/crops/p22/p22_mask_regular_012.jpg,p22,mask,regular,0.805924117565155,p22,0.596669,correct
3,/home/tahmid/crops/p22/p22_mask_regular_013.jpg,p22,mask,regular,0.6930317282676697,p22,0.611273,correct
3,/home/tahmid/crops/p22/p22_mask_regular_014.jpg,p22,mask,regular,0.7868748307228088,p22,0.573071,correct
3,/home/tahmid/crops/p22/p22_mask_sunglass_low_001.jpg,p22,mask_sunglass,low,0.852414608001709,p22,0.442429,correct
3,/home/tahmid/crops/p22/p22_mask_sunglass_low_002.jpg,p22,mask_sunglass,low,0.6738524436950684,p22,0.442922,correct
3,/home/tahmid/crops/p22/p22_mask_sunglass_low_003.jpg,p22,mask_sunglass,low,0.7404242753982544,p22,0.395929,correct
3,/home/tahmid/crops/p22/p22_mask_sunglass_low_004.jpg,p22,mask_sunglass,low,0.800969123840332,p22,0.179653,rejected
3,/home/tahmid/crops/p22/p22_mask_sunglass_low_005.jpg,p22,mask_sunglass,low,0.8459739685058594,p22,0.211260,rejected
3,/home/tahmid/crops/p22/p22_mask_sunglass_low_006.jpg,p22,mask_sunglass,low,0.7657151222229004,p22,0.418739,correct
3,/home/tahmid/crops/p22/p22_mask_sunglass_low_007.jpg,p22,mask_sunglass,low,0.7756088972091675,p22,0.331583,correct
3,/home/tahmid/crops/p22/p22_mask_sunglass_low_008.jpg,p22,mask_sunglass,low,0.852414608001709,p22,0.442429,correct
3,/home/tahmid/crops/p22/p22_mask_sunglass_low_009.jpg,p22,mask_sunglass,low,0.784595251083374,p22,0.428672,correct
3,/home/tahmid/crops/p22/p22_mask_sunglass_low_010.jpg,p22,mask_sunglass,low,0.6738524436950684,p22,0.442922,correct
3,/home/tahmid/crops/p22/p22_mask_sunglass_low_011.jpg,p22,mask_sunglass,low,0.800969123840332,p22,0.179653,rejected
3,/home/tahmid/crops/p22/p22_mask_sunglass_low_012.jpg,p22,mask_sunglass,low,0.7657151222229004,p22,0.418739,correct
3,/home/tahmid/crops/p22/p22_mask_sunglass_low_013.jpg,p22,mask_sunglass,low,0.691392719745636,p22,0.420360,correct
3,/home/tahmid/crops/p22/p22_mask_sunglass_low_014.jpg,p22,mask_sunglass,low,0.7756088972091675,p22,0.331583,correct
3,/home/tahmid/crops/p22/p22_mask_sunglass_regular_001.jpg,p22,mask_sunglass,regular,0.6657794117927551,p22,0.431824,correct
3,/home/tahmid/crops/p22/p22_mask_sunglass_regular_002.jpg,p22,mask_sunglass,regular,0.7151930332183838,p22,0.396712,correct
3,/home/tahmid/crops/p22/p22_mask_sunglass_regular_003.jpg,p22,mask_sunglass,regular,0.8058764338493347,p22,0.196299,rejected
3,/home/tahmid/crops/p22/p22_mask_sunglass_regular_004.jpg,p22,mask_sunglass,regular,0.7646582126617432,p22,0.422649,correct
3,/home/tahmid/crops/p22/p22_mask_sunglass_regular_005.jpg,p22,mask_sunglass,regular,0.6954421401023865,p22,0.408133,correct
3,/home/tahmid/crops/p22/p22_mask_sunglass_regular_006.jpg,p22,mask_sunglass,regular,0.767027735710144,p22,0.345597,correct
3,/home/tahmid/crops/p22/p22_mask_sunglass_regular_007.jpg,p22,mask_sunglass,regular,0.7669097185134888,p22,0.426934,correct
3,/home/tahmid/crops/p22/p22_mask_sunglass_regular_008.jpg,p22,mask_sunglass,regular,0.6657794117927551,p22,0.431824,correct
3,/home/tahmid/crops/p22/p22_mask_sunglass_regular_009.jpg,p22,mask_sunglass,regular,0.7151930332183838,p22,0.396712,correct
3,/home/tahmid/crops/p22/p22_mask_sunglass_regular_010.jpg,p22,mask_sunglass,regular,0.8453624844551086,p22,0.178086,rejected
3,/home/tahmid/crops/p22/p22_mask_sunglass_regular_011.jpg,p22,mask_sunglass,regular,0.7646582126617432,p22,0.422649,correct
3,/home/tahmid/crops/p22/p22_mask_sunglass_regular_012.jpg,p22,mask_sunglass,regular,0.6954421401023865,p22,0.408133,correct
3,/home/tahmid/crops/p22/p22_mask_sunglass_regular_013.jpg,p22,mask_sunglass,regular,0.767027735710144,p22,0.345597,correct
3,/home/tahmid/crops/p22/p22_mask_sunglass_regular_014.jpg,p22,mask_sunglass,regular,0.7837314605712891,p22,0.304837,correct
3,/home/tahmid/crops/p22/p22_none_low_005.jpg,p22,none,low,0.8178725242614746,p22,0.912140,correct
3,/home/tahmid/crops/p22/p22_none_low_006.jpg,p22,none,low,0.8615748882293701,p22,0.922915,correct
3,/home/tahmid/crops/p22/p22_none_low_007.jpg,p22,none,low,0.769034743309021,p22,0.858563,correct
3,/home/tahmid/crops/p22/p22_none_low_008.jpg,p22,none,low,0.7580944895744324,p22,0.859375,correct
3,/home/tahmid/crops/p22/p22_none_low_009.jpg,p22,none,low,0.7710604667663574,p22,0.856746,correct
3,/home/tahmid/crops/p22/p22_none_low_012.jpg,p22,none,low,0.8178725242614746,p22,0.912140,correct
3,/home/tahmid/crops/p22/p22_none_low_013.jpg,p22,none,low,0.8615748882293701,p22,0.922915,correct
3,/home/tahmid/crops/p22/p22_none_low_014.jpg,p22,none,low,0.7580944895744324,p22,0.859375,correct
3,/home/tahmid/crops/p22/p22_none_low_015.jpg,p22,none,low,0.766688883304596,p22,0.866389,correct
3,/home/tahmid/crops/p22/p22_none_regular_003.jpg,p22,none,regular,0.8644737005233765,p22,0.922978,correct
3,/home/tahmid/crops/p22/p22_none_regular_004.jpg,p22,none,regular,0.7703278064727783,p22,0.861396,correct
3,/home/tahmid/crops/p22/p22_none_regular_005.jpg,p22,none,regular,0.7541552782058716,p22,0.870119,correct
3,/home/tahmid/crops/p22/p22_none_regular_006.jpg,p22,none,regular,0.7629198431968689,p22,0.870510,correct
3,/home/tahmid/crops/p22/p22_none_regular_007.jpg,p22,none,regular,0.7715232968330383,p22,0.865004,correct
3,/home/tahmid/crops/p22/p22_none_regular_011.jpg,p22,none,regular,0.8163986206054688,p22,0.918930,correct
3,/home/tahmid/crops/p22/p22_none_regular_012.jpg,p22,none,regular,0.8644737005233765,p22,0.922978,correct
3,/home/tahmid/crops/p22/p22_none_regular_013.jpg,p22,none,regular,0.7703278064727783,p22,0.861396,correct
3,/home/tahmid/crops/p22/p22_none_regular_014.jpg,p22,none,regular,0.7541552782058716,p22,0.870119,correct
3,/home/tahmid/crops/p22/p22_none_regular_015.jpg,p22,none,regular,0.7629198431968689,p22,0.870510,correct
3,/home/tahmid/crops/p22/p22_sunglass_low_001.jpg,p22,sunglass,low,0.8272108435630798,p22,0.831275,correct
3,/home/tahmid/crops/p22/p22_sunglass_low_002.jpg,p22,sunglass,low,0.8211507797241211,p22,0.831144,correct
3,/home/tahmid/crops/p22/p22_sunglass_low_003.jpg,p22,sunglass,low,0.8659570217132568,p22,0.825735,correct
3,/home/tahmid/crops/p22/p22_sunglass_low_004.jpg,p22,sunglass,low,0.760046124458313,p22,0.732334,correct
3,/home/tahmid/crops/p22/p22_sunglass_low_005.jpg,p22,sunglass,low,0.8065119981765747,p22,0.710109,correct
3,/home/tahmid/crops/p22/p22_sunglass_low_006.jpg,p22,sunglass,low,0.8215333223342896,p22,0.748291,correct
3,/home/tahmid/crops/p22/p22_sunglass_low_007.jpg,p22,sunglass,low,0.7714768648147583,p22,0.744449,correct
3,/home/tahmid/crops/p22/p22_sunglass_low_008.jpg,p22,sunglass,low,0.8211507797241211,p22,0.831144,correct
3,/home/tahmid/crops/p22/p22_sunglass_low_009.jpg,p22,sunglass,low,0.8659570217132568,p22,0.825735,correct
3,/home/tahmid/crops/p22/p22_sunglass_low_010.jpg,p22,sunglass,low,0.760046124458313,p22,0.732334,correct
3,/home/tahmid/crops/p22/p22_sunglass_low_011.jpg,p22,sunglass,low,0.8065119981765747,p22,0.710109,correct
3,/home/tahmid/crops/p22/p22_sunglass_low_012.jpg,p22,sunglass,low,0.8215333223342896,p22,0.748291,correct
3,/home/tahmid/crops/p22/p22_sunglass_low_013.jpg,p22,sunglass,low,0.8452287912368774,p22,0.717684,correct
3,/home/tahmid/crops/p22/p22_sunglass_low_014.jpg,p22,sunglass,low,0.7714768648147583,p22,0.744449,correct
3,/home/tahmid/crops/p22/p22_sunglass_low_015.jpg,p22,sunglass,low,0.8229228258132935,p22,0.747900,correct
3,/home/tahmid/crops/p22/p22_sunglass_regular_001.jpg,p22,sunglass,regular,0.8197619915008545,p22,0.837811,correct
3,/home/tahmid/crops/p22/p22_sunglass_regular_002.jpg,p22,sunglass,regular,0.8658235669136047,p22,0.835379,correct
3,/home/tahmid/crops/p22/p22_sunglass_regular_003.jpg,p22,sunglass,regular,0.7644383907318115,p22,0.723439,correct
3,/home/tahmid/crops/p22/p22_sunglass_regular_004.jpg,p22,sunglass,regular,0.8089545369148254,p22,0.716704,correct
3,/home/tahmid/crops/p22/p22_sunglass_regular_005.jpg,p22,sunglass,regular,0.8201887607574463,p22,0.754315,correct
3,/home/tahmid/crops/p22/p22_sunglass_regular_006.jpg,p22,sunglass,regular,0.8101926445960999,p22,0.765620,correct
3,/home/tahmid/crops/p22/p22_sunglass_regular_007.jpg,p22,sunglass,regular,0.7577663064002991,p22,0.741717,correct
3,/home/tahmid/crops/p22/p22_sunglass_regular_008.jpg,p22,sunglass,regular,0.7644383907318115,p22,0.723439,correct
3,/home/tahmid/crops/p22/p22_sunglass_regular_009.jpg,p22,sunglass,regular,0.8089545369148254,p22,0.716704,correct
3,/home/tahmid/crops/p22/p22_sunglass_regular_010.jpg,p22,sunglass,regular,0.8201887607574463,p22,0.754315,correct
3,/home/tahmid/crops/p22/p22_sunglass_regular_011.jpg,p22,sunglass,regular,0.8479727506637573,p22,0.746249,correct
3,/home/tahmid/crops/p22/p22_sunglass_regular_012.jpg,p22,sunglass,regular,0.8101926445960999,p22,0.765620,correct
3,/home/tahmid/crops/p22/p22_sunglass_regular_013.jpg,p22,sunglass,regular,0.773413360118866,p22,0.739484,correct
3,/home/tahmid/crops/p22/p22_sunglass_regular_014.jpg,p22,sunglass,regular,0.8246779441833496,p22,0.749828,correct
3,/home/tahmid/crops/p22/p22_sunglass_regular_015.jpg,p22,sunglass,regular,0.7577663064002991,p22,0.741717,correct
3,/home/tahmid/crops/p26/p26_cap_low_001.jpg,p26,cap,low,0.7270075082778931,p26,0.872275,correct
3,/home/tahmid/crops/p26/p26_cap_low_002.jpg,p26,cap,low,0.6996590495109558,p26,0.888721,correct
3,/home/tahmid/crops/p26/p26_cap_low_003.jpg,p26,cap,low,0.7676673531532288,p26,0.876899,correct
3,/home/tahmid/crops/p26/p26_cap_low_004.jpg,p26,cap,low,0.7582340240478516,p26,0.857234,correct
3,/home/tahmid/crops/p26/p26_cap_low_005.jpg,p26,cap,low,0.752814769744873,p26,0.860808,correct
3,/home/tahmid/crops/p26/p26_cap_low_006.jpg,p26,cap,low,0.7415269613265991,p26,0.801395,correct
3,/home/tahmid/crops/p26/p26_cap_low_007.jpg,p26,cap,low,0.7282770276069641,p26,0.799492,correct
3,/home/tahmid/crops/p26/p26_cap_low_008.jpg,p26,cap,low,0.6640695929527283,p26,0.682032,correct
3,/home/tahmid/crops/p26/p26_cap_low_009.jpg,p26,cap,low,0.7798352241516113,p26,0.738758,correct
3,/home/tahmid/crops/p26/p26_cap_low_010.jpg,p26,cap,low,0.7690206170082092,p26,0.698305,correct
3,/home/tahmid/crops/p26/p26_cap_low_011.jpg,p26,cap,low,0.7882472276687622,p26,0.712980,correct
3,/home/tahmid/crops/p26/p26_cap_low_012.jpg,p26,cap,low,0.7767996788024902,p26,0.730632,correct
3,/home/tahmid/crops/p26/p26_cap_low_013.jpg,p26,cap,low,0.7350338697433472,p26,0.731534,correct
3,/home/tahmid/crops/p26/p26_cap_low_014.jpg,p26,cap,low,0.7250816822052002,p26,0.734181,correct
3,/home/tahmid/crops/p26/p26_cap_low_015.jpg,p26,cap,low,0.6643255949020386,p26,0.655903,correct
3,/home/tahmid/crops/p26/p26_cap_low_016.jpg,p26,cap,low,0.6656347513198853,p26,0.682030,correct
3,/home/tahmid/crops/p26/p26_cap_low_017.jpg,p26,cap,low,0.6660475730895996,p26,0.573851,correct
3,/home/tahmid/crops/p26/p26_cap_low_018.jpg,p26,cap,low,0.6574497222900391,p26,0.595160,correct
3,/home/tahmid/crops/p26/p26_cap_regular_001.jpg,p26,cap,regular,0.6571094989776611,p26,0.836895,correct
3,/home/tahmid/crops/p26/p26_cap_regular_002.jpg,p26,cap,regular,0.705918550491333,p26,0.855625,correct
3,/home/tahmid/crops/p26/p26_cap_regular_003.jpg,p26,cap,regular,0.771029531955719,p26,0.864755,correct
3,/home/tahmid/crops/p26/p26_cap_regular_004.jpg,p26,cap,regular,0.7427666187286377,p26,0.859480,correct
3,/home/tahmid/crops/p26/p26_cap_regular_005.jpg,p26,cap,regular,0.7135197520256042,p26,0.809071,correct
3,/home/tahmid/crops/p26/p26_cap_regular_006.jpg,p26,cap,regular,0.7305972576141357,p26,0.821434,correct
3,/home/tahmid/crops/p26/p26_cap_regular_007.jpg,p26,cap,regular,0.6346689462661743,p26,0.688542,correct
3,/home/tahmid/crops/p26/p26_cap_regular_008.jpg,p26,cap,regular,0.6783446073532104,p26,0.677480,correct
3,/home/tahmid/crops/p26/p26_cap_regular_009.jpg,p26,cap,regular,0.6821668148040771,p26,0.690010,correct
3,/home/tahmid/crops/p26/p26_cap_regular_010.jpg,p26,cap,regular,0.7662554979324341,p26,0.702726,correct
3,/home/tahmid/crops/p26/p26_cap_regular_011.jpg,p26,cap,regular,0.7481352686882019,p26,0.725255,correct
3,/home/tahmid/crops/p26/p26_cap_regular_012.jpg,p26,cap,regular,0.7771475911140442,p26,0.750213,correct
3,/home/tahmid/crops/p26/p26_cap_regular_013.jpg,p26,cap,regular,0.7362098693847656,p26,0.742507,correct
3,/home/tahmid/crops/p26/p26_cap_regular_014.jpg,p26,cap,regular,0.7232112884521484,p26,0.757330,correct
3,/home/tahmid/crops/p26/p26_cap_regular_015.jpg,p26,cap,regular,0.6385207772254944,p26,0.667370,correct
3,/home/tahmid/crops/p26/p26_cap_regular_016.jpg,p26,cap,regular,0.6445424556732178,p26,0.691696,correct
3,/home/tahmid/crops/p26/p26_cap_regular_017.jpg,p26,cap,regular,0.6802469491958618,p26,0.581091,correct
3,/home/tahmid/crops/p26/p26_cap_regular_018.jpg,p26,cap,regular,0.6612703204154968,p26,0.602416,correct
3,/home/tahmid/crops/p26/p26_clearglass_low_001.jpg,p26,clearglass,low,0.8013049364089966,p26,0.845037,correct
3,/home/tahmid/crops/p26/p26_clearglass_low_002.jpg,p26,clearglass,low,0.7849118709564209,p26,0.822591,correct
3,/home/tahmid/crops/p26/p26_clearglass_low_003.jpg,p26,clearglass,low,0.7720541954040527,p26,0.823623,correct
3,/home/tahmid/crops/p26/p26_clearglass_low_004.jpg,p26,clearglass,low,0.8329687118530273,p26,0.830915,correct
3,/home/tahmid/crops/p26/p26_clearglass_low_005.jpg,p26,clearglass,low,0.7886422872543335,p26,0.639094,correct
3,/home/tahmid/crops/p26/p26_clearglass_low_006.jpg,p26,clearglass,low,0.8257749080657959,p26,0.715548,correct
3,/home/tahmid/crops/p26/p26_clearglass_low_007.jpg,p26,clearglass,low,0.781577467918396,p26,0.638277,correct
3,/home/tahmid/crops/p26/p26_clearglass_low_008.jpg,p26,clearglass,low,0.8041766881942749,p26,0.586796,correct
3,/home/tahmid/crops/p26/p26_clearglass_low_009.jpg,p26,clearglass,low,0.8337781429290771,p26,0.873685,correct
3,/home/tahmid/crops/p26/p26_clearglass_regular_001.jpg,p26,clearglass,regular,0.8018207550048828,p26,0.863061,correct
3,/home/tahmid/crops/p26/p26_clearglass_regular_002.jpg,p26,clearglass,regular,0.7944871187210083,p26,0.828144,correct
3,/home/tahmid/crops/p26/p26_clearglass_regular_003.jpg,p26,clearglass,regular,0.7792118787765503,p26,0.826604,correct
3,/home/tahmid/crops/p26/p26_clearglass_regular_004.jpg,p26,clearglass,regular,0.8445882797241211,p26,0.839276,correct
3,/home/tahmid/crops/p26/p26_clearglass_regular_005.jpg,p26,clearglass,regular,0.8381200432777405,p26,0.850149,correct
3,/home/tahmid/crops/p26/p26_clearglass_regular_006.jpg,p26,clearglass,regular,0.7885953783988953,p26,0.652112,correct
3,/home/tahmid/crops/p26/p26_clearglass_regular_007.jpg,p26,clearglass,regular,0.8194047212600708,p26,0.698803,correct
3,/home/tahmid/crops/p26/p26_clearglass_regular_008.jpg,p26,clearglass,regular,0.7904255390167236,p26,0.617869,correct
3,/home/tahmid/crops/p26/p26_clearglass_regular_009.jpg,p26,clearglass,regular,0.8214378356933594,p26,0.628350,correct
3,/home/tahmid/crops/p26/p26_clearglass_regular_010.jpg,p26,clearglass,regular,0.8952260613441467,p26,0.862197,correct
3,/home/tahmid/crops/p26/p26_clearglass_regular_011.jpg,p26,clearglass,regular,0.8356142044067383,p26,0.883546,correct
3,/home/tahmid/crops/p26/p26_mask_clearglass_low_001.jpg,p26,mask_clearglass,low,0.6335222721099854,p26,0.396565,correct
3,/home/tahmid/crops/p26/p26_mask_clearglass_low_002.jpg,p26,mask_clearglass,low,0.7190496325492859,p26,0.406586,correct
3,/home/tahmid/crops/p26/p26_mask_clearglass_low_003.jpg,p26,mask_clearglass,low,0.8047360777854919,p26,0.553594,correct
3,/home/tahmid/crops/p26/p26_mask_clearglass_low_004.jpg,p26,mask_clearglass,low,0.7359404563903809,p26,0.375017,correct
3,/home/tahmid/crops/p26/p26_mask_clearglass_low_005.jpg,p26,mask_clearglass,low,0.7182755470275879,p26,0.375339,correct
3,/home/tahmid/crops/p26/p26_mask_clearglass_low_006.jpg,p26,mask_clearglass,low,0.7925915718078613,p26,0.458852,correct
3,/home/tahmid/crops/p26/p26_mask_clearglass_low_007.jpg,p26,mask_clearglass,low,0.8037031888961792,p26,0.466512,correct
3,/home/tahmid/crops/p26/p26_mask_clearglass_low_008.jpg,p26,mask_clearglass,low,0.8126148581504822,p26,0.460383,correct
3,/home/tahmid/crops/p26/p26_mask_clearglass_low_009.jpg,p26,mask_clearglass,low,0.8354930281639099,p26,0.528540,correct
3,/home/tahmid/crops/p26/p26_mask_clearglass_regular_001.jpg,p26,mask_clearglass,regular,0.8234222531318665,p26,0.549322,correct
3,/home/tahmid/crops/p26/p26_mask_clearglass_regular_002.jpg,p26,mask_clearglass,regular,0.8423399925231934,p26,0.523729,correct
3,/home/tahmid/crops/p26/p26_mask_clearglass_regular_003.jpg,p26,mask_clearglass,regular,0.6151894927024841,p26,0.421958,correct
3,/home/tahmid/crops/p26/p26_mask_clearglass_regular_004.jpg,p26,mask_clearglass,regular,0.7451922297477722,p26,0.451034,correct
3,/home/tahmid/crops/p26/p26_mask_clearglass_regular_005.jpg,p26,mask_clearglass,regular,0.747088611125946,p26,0.347708,correct
3,/home/tahmid/crops/p26/p26_mask_clearglass_regular_006.jpg,p26,mask_clearglass,regular,0.7191194891929626,p26,0.368829,correct
3,/home/tahmid/crops/p26/p26_mask_clearglass_regular_007.jpg,p26,mask_clearglass,regular,0.8190914392471313,p26,0.462355,correct
3,/home/tahmid/crops/p26/p26_mask_clearglass_regular_008.jpg,p26,mask_clearglass,regular,0.8186776041984558,p26,0.456914,correct
3,/home/tahmid/crops/p26/p26_mask_clearglass_regular_009.jpg,p26,mask_clearglass,regular,0.8334165811538696,p26,0.479272,correct
3,/home/tahmid/crops/p26/p26_mask_low_001.jpg,p26,mask,low,0.8888851404190063,p26,0.617583,correct
3,/home/tahmid/crops/p26/p26_mask_low_002.jpg,p26,mask,low,0.879603385925293,p26,0.606372,correct
3,/home/tahmid/crops/p26/p26_mask_low_003.jpg,p26,mask,low,0.7924525737762451,p26,0.600836,correct
3,/home/tahmid/crops/p26/p26_mask_low_004.jpg,p26,mask,low,0.807462215423584,p26,0.594650,correct
3,/home/tahmid/crops/p26/p26_mask_low_005.jpg,p26,mask,low,0.7968400716781616,p26,0.614001,correct
3,/home/tahmid/crops/p26/p26_mask_low_006.jpg,p26,mask,low,0.8048770427703857,p26,0.469822,correct
3,/home/tahmid/crops/p26/p26_mask_low_007.jpg,p26,mask,low,0.7518848776817322,p26,0.476992,correct
3,/home/tahmid/crops/p26/p26_mask_low_008.jpg,p26,mask,low,0.7826410531997681,p26,0.501306,correct
3,/home/tahmid/crops/p26/p26_mask_low_009.jpg,p26,mask,low,0.8621900081634521,p26,0.515819,correct
3,/home/tahmid/crops/p26/p26_mask_low_010.jpg,p26,mask,low,0.8507591485977173,p26,0.610278,correct
3,/home/tahmid/crops/p26/p26_mask_low_011.jpg,p26,mask,low,0.8615460395812988,p26,0.634203,correct
3,/home/tahmid/crops/p26/p26_mask_low_012.jpg,p26,mask,low,0.7954925298690796,p26,0.599591,correct
3,/home/tahmid/crops/p26/p26_mask_low_013.jpg,p26,mask,low,0.7791773676872253,p26,0.599596,correct
3,/home/tahmid/crops/p26/p26_mask_low_014.jpg,p26,mask,low,0.6250810623168945,p26,0.215589,rejected
3,/home/tahmid/crops/p26/p26_mask_low_015.jpg,p26,mask,low,0.7753438949584961,p26,0.513391,correct
3,/home/tahmid/crops/p26/p26_mask_low_016.jpg,p26,mask,low,0.8037278056144714,p26,0.484438,correct
3,/home/tahmid/crops/p26/p26_mask_low_017.jpg,p26,mask,low,0.8432011604309082,p26,0.600799,correct
3,/home/tahmid/crops/p26/p26_mask_low_018.jpg,p26,mask,low,0.8439419269561768,p26,0.572186,correct
3,/home/tahmid/crops/p26/p26_mask_low_019.jpg,p26,mask,low,0.7803455591201782,p26,0.529308,correct
3,/home/tahmid/crops/p26/p26_mask_regular_001.jpg,p26,mask,regular,0.8881381750106812,p26,0.614549,correct
3,/home/tahmid/crops/p26/p26_mask_regular_002.jpg,p26,mask,regular,0.8856452107429504,p26,0.627449,correct
3,/home/tahmid/crops/p26/p26_mask_regular_003.jpg,p26,mask,regular,0.8831378221511841,p26,0.611269,correct
3,/home/tahmid/crops/p26/p26_mask_regular_004.jpg,p26,mask,regular,0.7887512445449829,p26,0.601229,correct
3,/home/tahmid/crops/p26/p26_mask_regular_005.jpg,p26,mask,regular,0.7980821132659912,p26,0.614943,correct
3,/home/tahmid/crops/p26/p26_mask_regular_006.jpg,p26,mask,regular,0.8198652863502502,p26,0.504562,correct
3,/home/tahmid/crops/p26/p26_mask_regular_007.jpg,p26,mask,regular,0.762589156627655,p26,0.511940,correct
3,/home/tahmid/crops/p26/p26_mask_regular_008.jpg,p26,mask,regular,0.8012940883636475,p26,0.482896,correct
3,/home/tahmid/crops/p26/p26_mask_regular_009.jpg,p26,mask,regular,0.8727332353591919,p26,0.563971,correct
3,/home/tahmid/crops/p26/p26_mask_regular_010.jpg,p26,mask,regular,0.8548570871353149,p26,0.600986,correct
3,/home/tahmid/crops/p26/p26_mask_regular_011.jpg,p26,mask,regular,0.8648908138275146,p26,0.623237,correct
3,/home/tahmid/crops/p26/p26_mask_regular_012.jpg,p26,mask,regular,0.8112078309059143,p26,0.592460,correct
3,/home/tahmid/crops/p26/p26_mask_regular_013.jpg,p26,mask,regular,0.6398631930351257,p26,0.241567,rejected
3,/home/tahmid/crops/p26/p26_mask_regular_014.jpg,p26,mask,regular,0.7501288652420044,p26,0.539308,correct
3,/home/tahmid/crops/p26/p26_mask_regular_015.jpg,p26,mask,regular,0.8093036413192749,p26,0.495635,correct
3,/home/tahmid/crops/p26/p26_mask_regular_016.jpg,p26,mask,regular,0.8411716222763062,p26,0.590576,correct
3,/home/tahmid/crops/p26/p26_mask_regular_017.jpg,p26,mask,regular,0.8587311506271362,p26,0.590832,correct
3,/home/tahmid/crops/p26/p26_mask_regular_018.jpg,p26,mask,regular,0.7803725600242615,p26,0.526365,correct
3,/home/tahmid/crops/p26/p26_mask_regular_019.jpg,p26,mask,regular,0.747848629951477,p26,0.514192,correct
3,/home/tahmid/crops/p26/p26_mask_sunglass_low_001.jpg,p26,mask_sunglass,low,0.8749468326568604,p26,0.353352,correct
3,/home/tahmid/crops/p26/p26_mask_sunglass_low_002.jpg,p26,mask_sunglass,low,0.8752208352088928,p26,0.379849,correct
3,/home/tahmid/crops/p26/p26_mask_sunglass_low_003.jpg,p26,mask_sunglass,low,0.8850688934326172,p26,0.372916,correct
3,/home/tahmid/crops/p26/p26_mask_sunglass_low_004.jpg,p26,mask_sunglass,low,0.8394054174423218,p26,0.286118,rejected
3,/home/tahmid/crops/p26/p26_mask_sunglass_low_005.jpg,p26,mask_sunglass,low,0.8442162275314331,p26,0.291227,rejected
3,/home/tahmid/crops/p26/p26_mask_sunglass_low_006.jpg,p26,mask_sunglass,low,0.8374350666999817,p26,0.288024,rejected
3,/home/tahmid/crops/p26/p26_mask_sunglass_low_007.jpg,p26,mask_sunglass,low,0.68389892578125,p15,0.088471,rejected
3,/home/tahmid/crops/p26/p26_mask_sunglass_low_008.jpg,p26,mask_sunglass,low,0.6769554615020752,p26,0.167742,rejected
3,/home/tahmid/crops/p26/p26_mask_sunglass_low_009.jpg,p26,mask_sunglass,low,0.7373490333557129,p26,0.379216,correct
3,/home/tahmid/crops/p26/p26_mask_sunglass_low_010.jpg,p26,mask_sunglass,low,0.7440434694290161,p26,0.371705,correct
3,/home/tahmid/crops/p26/p26_mask_sunglass_regular_001.jpg,p26,mask_sunglass,regular,0.82579106092453,p26,0.445846,correct
3,/home/tahmid/crops/p26/p26_mask_sunglass_regular_002.jpg,p26,mask_sunglass,regular,0.8799085021018982,p26,0.353595,correct
3,/home/tahmid/crops/p26/p26_mask_sunglass_regular_003.jpg,p26,mask_sunglass,regular,0.8837080001831055,p26,0.374431,correct
3,/home/tahmid/crops/p26/p26_mask_sunglass_regular_004.jpg,p26,mask_sunglass,regular,0.8864743709564209,p26,0.369742,correct
3,/home/tahmid/crops/p26/p26_mask_sunglass_regular_005.jpg,p26,mask_sunglass,regular,0.8523069620132446,p26,0.361690,correct
3,/home/tahmid/crops/p26/p26_mask_sunglass_regular_006.jpg,p26,mask_sunglass,regular,0.8603388071060181,p26,0.336680,correct
3,/home/tahmid/crops/p26/p26_mask_sunglass_regular_007.jpg,p26,mask_sunglass,regular,0.8309822678565979,p26,0.224528,rejected
3,/home/tahmid/crops/p26/p26_mask_sunglass_regular_008.jpg,p26,mask_sunglass,regular,0.8417893648147583,p26,0.334246,correct
3,/home/tahmid/crops/p26/p26_mask_sunglass_regular_009.jpg,p26,mask_sunglass,regular,0.782168447971344,p08,0.136161,rejected
3,/home/tahmid/crops/p26/p26_mask_sunglass_regular_010.jpg,p26,mask_sunglass,regular,0.6945518255233765,p26,0.209048,rejected
3,/home/tahmid/crops/p26/p26_mask_sunglass_regular_011.jpg,p26,mask_sunglass,regular,0.726018488407135,p26,0.355840,correct
3,/home/tahmid/crops/p26/p26_mask_sunglass_regular_012.jpg,p26,mask_sunglass,regular,0.7382687926292419,p26,0.359137,correct
3,/home/tahmid/crops/p26/p26_none_low_004.jpg,p26,none,low,0.8456709384918213,p26,0.896470,correct
3,/home/tahmid/crops/p26/p26_none_low_005.jpg,p26,none,low,0.8499419689178467,p26,0.893228,correct
3,/home/tahmid/crops/p26/p26_none_low_006.jpg,p26,none,low,0.8635764122009277,p26,0.840093,correct
3,/home/tahmid/crops/p26/p26_none_low_007.jpg,p26,none,low,0.8920925855636597,p26,0.863728,correct
3,/home/tahmid/crops/p26/p26_none_low_008.jpg,p26,none,low,0.8961350917816162,p26,0.880654,correct
3,/home/tahmid/crops/p26/p26_none_low_009.jpg,p26,none,low,0.8279566764831543,p26,0.879577,correct
3,/home/tahmid/crops/p26/p26_none_low_010.jpg,p26,none,low,0.8839094042778015,p26,0.886957,correct
3,/home/tahmid/crops/p26/p26_none_low_011.jpg,p26,none,low,0.8903576731681824,p26,0.849698,correct
3,/home/tahmid/crops/p26/p26_none_low_012.jpg,p26,none,low,0.8938373327255249,p26,0.857260,correct
3,/home/tahmid/crops/p26/p26_none_regular_004.jpg,p26,none,regular,0.8501830101013184,p26,0.893037,correct
3,/home/tahmid/crops/p26/p26_none_regular_005.jpg,p26,none,regular,0.8502023220062256,p26,0.879776,correct
3,/home/tahmid/crops/p26/p26_none_regular_006.jpg,p26,none,regular,0.8648197650909424,p26,0.867582,correct
3,/home/tahmid/crops/p26/p26_none_regular_007.jpg,p26,none,regular,0.8964658975601196,p26,0.889142,correct
3,/home/tahmid/crops/p26/p26_none_regular_008.jpg,p26,none,regular,0.89075767993927,p26,0.902700,correct
3,/home/tahmid/crops/p26/p26_none_regular_009.jpg,p26,none,regular,0.8971316814422607,p26,0.887321,correct
3,/home/tahmid/crops/p26/p26_none_regular_010.jpg,p26,none,regular,0.8287464380264282,p26,0.894997,correct
3,/home/tahmid/crops/p26/p26_none_regular_011.jpg,p26,none,regular,0.8855104446411133,p26,0.900429,correct
3,/home/tahmid/crops/p26/p26_none_regular_012.jpg,p26,none,regular,0.8937215805053711,p26,0.872036,correct
3,/home/tahmid/crops/p26/p26_none_regular_013.jpg,p26,none,regular,0.8956431150436401,p26,0.870611,correct
3,/home/tahmid/crops/p26/p26_scarf_low_001.jpg,p26,scarf,low,0.7250419855117798,p26,0.576855,correct
3,/home/tahmid/crops/p26/p26_scarf_low_002.jpg,p26,scarf,low,0.7972551584243774,p26,0.727078,correct
3,/home/tahmid/crops/p26/p26_scarf_low_003.jpg,p26,scarf,low,0.8448880910873413,p26,0.687799,correct
3,/home/tahmid/crops/p26/p26_scarf_low_004.jpg,p26,scarf,low,0.8244732618331909,p26,0.448739,correct
3,/home/tahmid/crops/p26/p26_scarf_low_005.jpg,p26,scarf,low,0.8295150995254517,p26,0.699158,correct
3,/home/tahmid/crops/p26/p26_scarf_low_006.jpg,p26,scarf,low,0.8429921865463257,p26,0.640448,correct
3,/home/tahmid/crops/p26/p26_scarf_low_007.jpg,p26,scarf,low,0.8607285022735596,p26,0.695937,correct
3,/home/tahmid/crops/p26/p26_scarf_regular_001.jpg,p26,scarf,regular,0.6841835975646973,p26,0.561640,correct
3,/home/tahmid/crops/p26/p26_scarf_regular_002.jpg,p26,scarf,regular,0.792366623878479,p26,0.720364,correct
3,/home/tahmid/crops/p26/p26_scarf_regular_003.jpg,p26,scarf,regular,0.8560535907745361,p26,0.681578,correct
3,/home/tahmid/crops/p26/p26_scarf_regular_004.jpg,p26,scarf,regular,0.8288565874099731,p26,0.427235,correct
3,/home/tahmid/crops/p26/p26_scarf_regular_005.jpg,p26,scarf,regular,0.8197512626647949,p26,0.676217,correct
3,/home/tahmid/crops/p26/p26_scarf_regular_006.jpg,p26,scarf,regular,0.8327641487121582,p26,0.684990,correct
3,/home/tahmid/crops/p26/p26_scarf_regular_007.jpg,p26,scarf,regular,0.8571585416793823,p26,0.618840,correct
3,/home/tahmid/crops/p26/p26_scarf_regular_008.jpg,p26,scarf,regular,0.8596035242080688,p26,0.654965,correct
3,/home/tahmid/crops/p26/p26_sunglass_low_001.jpg,p26,sunglass,low,0.7474029064178467,p26,0.829242,correct
3,/home/tahmid/crops/p26/p26_sunglass_low_002.jpg,p26,sunglass,low,0.7250269651412964,p26,0.761185,correct
3,/home/tahmid/crops/p26/p26_sunglass_low_003.jpg,p26,sunglass,low,0.7355682253837585,p26,0.741145,correct
3,/home/tahmid/crops/p26/p26_sunglass_low_004.jpg,p26,sunglass,low,0.7665725946426392,p26,0.759484,correct
3,/home/tahmid/crops/p26/p26_sunglass_low_005.jpg,p26,sunglass,low,0.7977815866470337,p26,0.508837,correct
3,/home/tahmid/crops/p26/p26_sunglass_low_006.jpg,p26,sunglass,low,0.8047632575035095,p26,0.626170,correct
3,/home/tahmid/crops/p26/p26_sunglass_low_007.jpg,p26,sunglass,low,0.7911203503608704,p26,0.647984,correct
3,/home/tahmid/crops/p26/p26_sunglass_low_008.jpg,p26,sunglass,low,0.8422752022743225,p26,0.686821,correct
3,/home/tahmid/crops/p26/p26_sunglass_low_009.jpg,p26,sunglass,low,0.8499356508255005,p26,0.672613,correct
3,/home/tahmid/crops/p26/p26_sunglass_low_010.jpg,p26,sunglass,low,0.7787133455276489,p26,0.557348,correct
3,/home/tahmid/crops/p26/p26_sunglass_low_011.jpg,p26,sunglass,low,0.8674129247665405,p26,0.697309,correct
3,/home/tahmid/crops/p26/p26_sunglass_low_012.jpg,p26,sunglass,low,0.8654797077178955,p26,0.732873,correct
3,/home/tahmid/crops/p26/p26_sunglass_regular_001.jpg,p26,sunglass,regular,0.7678150534629822,p26,0.837805,correct
3,/home/tahmid/crops/p26/p26_sunglass_regular_002.jpg,p26,sunglass,regular,0.754562497138977,p26,0.832260,correct
3,/home/tahmid/crops/p26/p26_sunglass_regular_003.jpg,p26,sunglass,regular,0.7253716588020325,p26,0.768569,correct
3,/home/tahmid/crops/p26/p26_sunglass_regular_004.jpg,p26,sunglass,regular,0.7276434898376465,p26,0.768471,correct
3,/home/tahmid/crops/p26/p26_sunglass_regular_005.jpg,p26,sunglass,regular,0.7616965174674988,p26,0.775022,correct
3,/home/tahmid/crops/p26/p26_sunglass_regular_006.jpg,p26,sunglass,regular,0.8069785833358765,p26,0.524034,correct
3,/home/tahmid/crops/p26/p26_sunglass_regular_007.jpg,p26,sunglass,regular,0.8054695725440979,p26,0.646734,correct
3,/home/tahmid/crops/p26/p26_sunglass_regular_008.jpg,p26,sunglass,regular,0.7915394306182861,p26,0.643863,correct
3,/home/tahmid/crops/p26/p26_sunglass_regular_009.jpg,p26,sunglass,regular,0.7796130776405334,p26,0.629636,correct
3,/home/tahmid/crops/p26/p26_sunglass_regular_010.jpg,p26,sunglass,regular,0.8417366743087769,p26,0.671793,correct
3,/home/tahmid/crops/p26/p26_sunglass_regular_011.jpg,p26,sunglass,regular,0.8501847386360168,p26,0.676636,correct
3,/home/tahmid/crops/p26/p26_sunglass_regular_012.jpg,p26,sunglass,regular,0.7803076505661011,p26,0.603657,correct
3,/home/tahmid/crops/p26/p26_sunglass_regular_013.jpg,p26,sunglass,regular,0.8809503316879272,p26,0.682775,correct
3,/home/tahmid/crops/p26/p26_sunglass_regular_014.jpg,p26,sunglass,regular,0.8631305694580078,p26,0.740142,correct
3,/home/tahmid/crops/p30/p30_cap_low_001.jpg,p30,cap,low,0.7967822551727295,p30,0.782600,correct
3,/home/tahmid/crops/p30/p30_cap_low_002.jpg,p30,cap,low,0.7945432066917419,p30,0.798999,correct
3,/home/tahmid/crops/p30/p30_cap_low_003.jpg,p30,cap,low,0.7578152418136597,p30,0.329506,correct
3,/home/tahmid/crops/p30/p30_cap_low_004.jpg,p30,cap,low,0.7567453384399414,p30,0.565837,correct
3,/home/tahmid/crops/p30/p30_cap_low_005.jpg,p30,cap,low,0.806135356426239,p30,0.559234,correct
3,/home/tahmid/crops/p30/p30_cap_low_006.jpg,p30,cap,low,0.8097764253616333,p30,0.548891,correct
3,/home/tahmid/crops/p30/p30_cap_low_007.jpg,p30,cap,low,0.730952262878418,p30,0.887983,correct
3,/home/tahmid/crops/p30/p30_cap_low_008.jpg,p30,cap,low,0.8460426330566406,p30,0.870237,correct
3,/home/tahmid/crops/p30/p30_cap_low_009.jpg,p30,cap,low,0.8067295551300049,p30,0.754666,correct
3,/home/tahmid/crops/p30/p30_cap_low_010.jpg,p30,cap,low,0.7953673601150513,p30,0.769148,correct
3,/home/tahmid/crops/p30/p30_cap_low_011.jpg,p30,cap,low,0.6990635395050049,p30,0.635511,correct
3,/home/tahmid/crops/p30/p30_cap_low_012.jpg,p30,cap,low,0.7047267556190491,p30,0.605155,correct
3,/home/tahmid/crops/p30/p30_cap_low_013.jpg,p30,cap,low,0.7205007076263428,p30,0.701457,correct
3,/home/tahmid/crops/p30/p30_cap_low_014.jpg,p30,cap,low,0.711059033870697,p30,0.690627,correct
3,/home/tahmid/crops/p30/p30_cap_regular_001.jpg,p30,cap,regular,0.7264869809150696,p30,0.324423,correct
3,/home/tahmid/crops/p30/p30_cap_regular_002.jpg,p30,cap,regular,0.7723410129547119,p30,0.372901,correct
3,/home/tahmid/crops/p30/p30_cap_regular_003.jpg,p30,cap,regular,0.7423950433731079,p30,0.602272,correct
3,/home/tahmid/crops/p30/p30_cap_regular_004.jpg,p30,cap,regular,0.7839957475662231,p30,0.636409,correct
3,/home/tahmid/crops/p30/p30_cap_regular_005.jpg,p30,cap,regular,0.7043949961662292,p30,0.656377,correct
3,/home/tahmid/crops/p30/p30_cap_regular_006.jpg,p30,cap,regular,0.80062335729599,p30,0.563455,correct
3,/home/tahmid/crops/p30/p30_cap_regular_007.jpg,p30,cap,regular,0.7595294713973999,p30,0.593414,correct
3,/home/tahmid/crops/p30/p30_cap_regular_008.jpg,p30,cap,regular,0.8160008192062378,p30,0.753337,correct
3,/home/tahmid/crops/p30/p30_cap_regular_009.jpg,p30,cap,regular,0.7261793613433838,p30,0.627242,correct
3,/home/tahmid/crops/p30/p30_cap_regular_010.jpg,p30,cap,regular,0.7468087077140808,p30,0.649798,correct
3,/home/tahmid/crops/p30/p30_cap_regular_011.jpg,p30,cap,regular,0.6827272772789001,p30,0.606406,correct
3,/home/tahmid/crops/p30/p30_cap_regular_012.jpg,p30,cap,regular,0.7438282370567322,p30,0.727891,correct
3,/home/tahmid/crops/p30/p30_cap_regular_013.jpg,p30,cap,regular,0.7326195240020752,p30,0.705654,correct
3,/home/tahmid/crops/p30/p30_cap_regular_014.jpg,p30,cap,regular,0.7640413045883179,p30,0.647421,correct
3,/home/tahmid/crops/p30/p30_clearglass_low_001.jpg,p30,clearglass,low,0.7924748659133911,p30,0.817455,correct
3,/home/tahmid/crops/p30/p30_clearglass_low_002.jpg,p30,clearglass,low,0.785763680934906,p30,0.565270,correct
3,/home/tahmid/crops/p30/p30_clearglass_low_003.jpg,p30,clearglass,low,0.8085006475448608,p30,0.730327,correct
3,/home/tahmid/crops/p30/p30_clearglass_low_004.jpg,p30,clearglass,low,0.774887204170227,p30,0.690616,correct
3,/home/tahmid/crops/p30/p30_clearglass_low_005.jpg,p30,clearglass,low,0.7761580944061279,p30,0.700169,correct
3,/home/tahmid/crops/p30/p30_clearglass_low_006.jpg,p30,clearglass,low,0.749234676361084,p30,0.593878,correct
3,/home/tahmid/crops/p30/p30_clearglass_regular_001.jpg,p30,clearglass,regular,0.799367368221283,p30,0.818897,correct
3,/home/tahmid/crops/p30/p30_clearglass_regular_002.jpg,p30,clearglass,regular,0.7954638004302979,p30,0.827607,correct
3,/home/tahmid/crops/p30/p30_clearglass_regular_003.jpg,p30,clearglass,regular,0.7805019021034241,p30,0.541906,correct
3,/home/tahmid/crops/p30/p30_clearglass_regular_004.jpg,p30,clearglass,regular,0.7806516885757446,p30,0.593147,correct
3,/home/tahmid/crops/p30/p30_clearglass_regular_005.jpg,p30,clearglass,regular,0.7846361398696899,p30,0.706883,correct
3,/home/tahmid/crops/p30/p30_clearglass_regular_006.jpg,p30,clearglass,regular,0.8113112449645996,p30,0.738588,correct
3,/home/tahmid/crops/p30/p30_clearglass_regular_007.jpg,p30,clearglass,regular,0.7719681262969971,p30,0.692556,correct
3,/home/tahmid/crops/p30/p30_clearglass_regular_008.jpg,p30,clearglass,regular,0.7772547006607056,p30,0.687207,correct
3,/home/tahmid/crops/p30/p30_clearglass_regular_009.jpg,p30,clearglass,regular,0.7706762552261353,p30,0.597678,correct
3,/home/tahmid/crops/p30/p30_clearglass_regular_010.jpg,p30,clearglass,regular,0.743422269821167,p30,0.602291,correct
3,/home/tahmid/crops/p30/p30_mask_clearglass_low_001.jpg,p30,mask_clearglass,low,0.7643867135047913,p30,0.406343,correct
3,/home/tahmid/crops/p30/p30_mask_clearglass_low_002.jpg,p30,mask_clearglass,low,0.7603814601898193,p30,0.435418,correct
3,/home/tahmid/crops/p30/p30_mask_clearglass_low_003.jpg,p30,mask_clearglass,low,0.8448134660720825,p30,0.250818,rejected
3,/home/tahmid/crops/p30/p30_mask_clearglass_low_004.jpg,p30,mask_clearglass,low,0.7927571535110474,p30,0.347873,correct
3,/home/tahmid/crops/p30/p30_mask_clearglass_low_005.jpg,p30,mask_clearglass,low,0.7074081897735596,p30,0.374610,correct
3,/home/tahmid/crops/p30/p30_mask_clearglass_low_006.jpg,p30,mask_clearglass,low,0.674789547920227,p30,0.381305,correct
3,/home/tahmid/crops/p30/p30_mask_clearglass_low_007.jpg,p30,mask_clearglass,low,0.70223069190979,p30,0.326059,correct
3,/home/tahmid/crops/p30/p30_mask_clearglass_low_008.jpg,p30,mask_clearglass,low,0.7405350208282471,p30,0.327172,correct
3,/home/tahmid/crops/p30/p30_mask_clearglass_low_009.jpg,p30,mask_clearglass,low,0.695758581161499,p30,0.362598,correct
3,/home/tahmid/crops/p30/p30_mask_clearglass_low_010.jpg,p30,mask_clearglass,low,0.6903460621833801,p30,0.351013,correct
3,/home/tahmid/crops/p30/p30_mask_clearglass_regular_001.jpg,p30,mask_clearglass,regular,0.7738231420516968,p30,0.376092,correct
3,/home/tahmid/crops/p30/p30_mask_clearglass_regular_002.jpg,p30,mask_clearglass,regular,0.7972326278686523,p30,0.385594,correct
3,/home/tahmid/crops/p30/p30_mask_clearglass_regular_003.jpg,p30,mask_clearglass,regular,0.7510702610015869,p30,0.425206,correct
3,/home/tahmid/crops/p30/p30_mask_clearglass_regular_004.jpg,p30,mask_clearglass,regular,0.7591161727905273,p30,0.425372,correct
3,/home/tahmid/crops/p30/p30_mask_clearglass_regular_005.jpg,p30,mask_clearglass,regular,0.8552908897399902,p30,0.317228,correct
3,/home/tahmid/crops/p30/p30_mask_clearglass_regular_006.jpg,p30,mask_clearglass,regular,0.7926744222640991,p30,0.316845,correct
3,/home/tahmid/crops/p30/p30_mask_clearglass_regular_007.jpg,p30,mask_clearglass,regular,0.8111813068389893,p30,0.289349,rejected
3,/home/tahmid/crops/p30/p30_mask_clearglass_regular_008.jpg,p30,mask_clearglass,regular,0.7273899912834167,p30,0.377352,correct
3,/home/tahmid/crops/p30/p30_mask_clearglass_regular_009.jpg,p30,mask_clearglass,regular,0.6991331577301025,p30,0.398834,correct
3,/home/tahmid/crops/p30/p30_mask_clearglass_regular_010.jpg,p30,mask_clearglass,regular,0.7425084710121155,p30,0.391966,correct
3,/home/tahmid/crops/p30/p30_mask_clearglass_regular_011.jpg,p30,mask_clearglass,regular,0.7000387907028198,p30,0.330819,correct
3,/home/tahmid/crops/p30/p30_mask_clearglass_regular_012.jpg,p30,mask_clearglass,regular,0.747752845287323,p30,0.355793,correct
3,/home/tahmid/crops/p30/p30_mask_clearglass_regular_013.jpg,p30,mask_clearglass,regular,0.7680525779724121,p30,0.335654,correct
3,/home/tahmid/crops/p30/p30_mask_clearglass_regular_014.jpg,p30,mask_clearglass,regular,0.7381080389022827,p30,0.400004,correct
3,/home/tahmid/crops/p30/p30_mask_clearglass_regular_015.jpg,p30,mask_clearglass,regular,0.739533543586731,p30,0.367921,correct
3,/home/tahmid/crops/p30/p30_mask_low_001.jpg,p30,mask,low,0.7300420999526978,p30,0.589568,correct
3,/home/tahmid/crops/p30/p30_mask_low_002.jpg,p30,mask,low,0.753036379814148,p30,0.612871,correct
3,/home/tahmid/crops/p30/p30_mask_low_003.jpg,p30,mask,low,0.7922675609588623,p30,0.565140,correct
3,/home/tahmid/crops/p30/p30_mask_low_004.jpg,p30,mask,low,0.7631460428237915,p30,0.514436,correct
3,/home/tahmid/crops/p30/p30_mask_low_005.jpg,p30,mask,low,0.683205246925354,p30,0.443745,correct
3,/home/tahmid/crops/p30/p30_mask_low_006.jpg,p30,mask,low,0.6844660043716431,p30,0.514302,correct
3,/home/tahmid/crops/p30/p30_mask_low_007.jpg,p30,mask,low,0.682644248008728,p30,0.495032,correct
3,/home/tahmid/crops/p30/p30_mask_low_008.jpg,p30,mask,low,0.7072253823280334,p30,0.456172,correct
3,/home/tahmid/crops/p30/p30_mask_low_009.jpg,p30,mask,low,0.7304745316505432,p30,0.578813,correct
3,/home/tahmid/crops/p30/p30_mask_low_010.jpg,p30,mask,low,0.6562604904174805,p30,0.278171,rejected
3,/home/tahmid/crops/p30/p30_mask_low_011.jpg,p30,mask,low,0.6254323720932007,p30,0.318187,correct
3,/home/tahmid/crops/p30/p30_mask_low_012.jpg,p30,mask,low,0.6864858865737915,p30,0.454010,correct
3,/home/tahmid/crops/p30/p30_mask_low_013.jpg,p30,mask,low,0.6626366376876831,p30,0.344142,correct
3,/home/tahmid/crops/p30/p30_mask_low_014.jpg,p30,mask,low,0.6725547313690186,p30,0.366606,correct
3,/home/tahmid/crops/p30/p30_mask_regular_001.jpg,p30,mask,regular,0.7747043371200562,p30,0.612707,correct
3,/home/tahmid/crops/p30/p30_mask_regular_002.jpg,p30,mask,regular,0.8295638561248779,p30,0.583088,correct
3,/home/tahmid/crops/p30/p30_mask_regular_003.jpg,p30,mask,regular,0.7976013422012329,p30,0.515134,correct
3,/home/tahmid/crops/p30/p30_mask_regular_004.jpg,p30,mask,regular,0.6831425428390503,p30,0.417927,correct
3,/home/tahmid/crops/p30/p30_mask_regular_005.jpg,p30,mask,regular,0.6912632584571838,p30,0.497686,correct
3,/home/tahmid/crops/p30/p30_mask_regular_006.jpg,p30,mask,regular,0.691687285900116,p30,0.449914,correct
3,/home/tahmid/crops/p30/p30_mask_regular_007.jpg,p30,mask,regular,0.7209216356277466,p30,0.499674,correct
3,/home/tahmid/crops/p30/p30_mask_regular_008.jpg,p30,mask,regular,0.6885595321655273,p30,0.497125,correct
3,/home/tahmid/crops/p30/p30_mask_regular_009.jpg,p30,mask,regular,0.7464406490325928,p30,0.561947,correct
3,/home/tahmid/crops/p30/p30_mask_regular_010.jpg,p30,mask,regular,0.8098376989364624,p30,0.403187,correct
3,/home/tahmid/crops/p30/p30_mask_regular_011.jpg,p30,mask,regular,0.781387984752655,p30,0.404070,correct
3,/home/tahmid/crops/p30/p30_mask_regular_012.jpg,p30,mask,regular,0.6685680747032166,p30,0.368335,correct
3,/home/tahmid/crops/p30/p30_mask_regular_013.jpg,p30,mask,regular,0.71323162317276,p30,0.463582,correct
3,/home/tahmid/crops/p30/p30_mask_regular_014.jpg,p30,mask,regular,0.6476411819458008,p30,0.435690,correct
3,/home/tahmid/crops/p30/p30_mask_regular_015.jpg,p30,mask,regular,0.7293936610221863,p30,0.385492,correct
3,/home/tahmid/crops/p30/p30_mask_sunglass_low_001.jpg,p30,mask_sunglass,low,0.8348145484924316,p30,0.184667,rejected
3,/home/tahmid/crops/p30/p30_mask_sunglass_low_002.jpg,p30,mask_sunglass,low,0.8205261826515198,p30,0.302091,correct
3,/home/tahmid/crops/p30/p30_mask_sunglass_low_003.jpg,p30,mask_sunglass,low,0.8414279818534851,p30,0.334541,correct
3,/home/tahmid/crops/p30/p30_mask_sunglass_low_004.jpg,p30,mask_sunglass,low,0.7515831589698792,p30,0.346658,correct
3,/home/tahmid/crops/p30/p30_mask_sunglass_low_005.jpg,p30,mask_sunglass,low,0.7847827672958374,p30,0.362234,correct
3,/home/tahmid/crops/p30/p30_mask_sunglass_low_006.jpg,p30,mask_sunglass,low,0.8594583868980408,p30,0.369814,correct
3,/home/tahmid/crops/p30/p30_mask_sunglass_low_007.jpg,p30,mask_sunglass,low,0.7477298974990845,p30,0.374983,correct
3,/home/tahmid/crops/p30/p30_mask_sunglass_low_008.jpg,p30,mask_sunglass,low,0.7381065487861633,p30,0.355289,correct
3,/home/tahmid/crops/p30/p30_mask_sunglass_low_009.jpg,p30,mask_sunglass,low,0.7923109531402588,p30,0.381131,correct
3,/home/tahmid/crops/p30/p30_mask_sunglass_low_010.jpg,p30,mask_sunglass,low,0.6967912316322327,p30,0.188372,rejected
3,/home/tahmid/crops/p30/p30_mask_sunglass_low_011.jpg,p30,mask_sunglass,low,0.7871180772781372,p30,0.275757,rejected
3,/home/tahmid/crops/p30/p30_mask_sunglass_low_012.jpg,p30,mask_sunglass,low,0.8102092742919922,p30,0.319443,correct
3,/home/tahmid/crops/p30/p30_mask_sunglass_regular_001.jpg,p30,mask_sunglass,regular,0.8290793299674988,p30,0.164947,rejected
3,/home/tahmid/crops/p30/p30_mask_sunglass_regular_002.jpg,p30,mask_sunglass,regular,0.808870255947113,p30,0.261082,rejected
3,/home/tahmid/crops/p30/p30_mask_sunglass_regular_003.jpg,p30,mask_sunglass,regular,0.8438622355461121,p30,0.332256,correct
3,/home/tahmid/crops/p30/p30_mask_sunglass_regular_004.jpg,p30,mask_sunglass,regular,0.7725317478179932,p30,0.316074,correct
3,/home/tahmid/crops/p30/p30_mask_sunglass_regular_005.jpg,p30,mask_sunglass,regular,0.7911803722381592,p30,0.348743,correct
3,/home/tahmid/crops/p30/p30_mask_sunglass_regular_006.jpg,p30,mask_sunglass,regular,0.8479923605918884,p30,0.330261,correct
3,/home/tahmid/crops/p30/p30_mask_sunglass_regular_007.jpg,p30,mask_sunglass,regular,0.7928875684738159,p30,0.353984,correct
3,/home/tahmid/crops/p30/p30_mask_sunglass_regular_008.jpg,p30,mask_sunglass,regular,0.7438092827796936,p30,0.396303,correct
3,/home/tahmid/crops/p30/p30_mask_sunglass_regular_009.jpg,p30,mask_sunglass,regular,0.8106338977813721,p30,0.335416,correct
3,/home/tahmid/crops/p30/p30_mask_sunglass_regular_010.jpg,p30,mask_sunglass,regular,0.7078641653060913,p30,0.221613,rejected
3,/home/tahmid/crops/p30/p30_mask_sunglass_regular_011.jpg,p30,mask_sunglass,regular,0.7909233570098877,p30,0.293561,rejected
3,/home/tahmid/crops/p30/p30_mask_sunglass_regular_012.jpg,p30,mask_sunglass,regular,0.8216592073440552,p30,0.341804,correct
3,/home/tahmid/crops/p30/p30_none_low_006.jpg,p30,none,low,0.7904695868492126,p30,0.772678,correct
3,/home/tahmid/crops/p30/p30_none_low_007.jpg,p30,none,low,0.7745157480239868,p30,0.707830,correct
3,/home/tahmid/crops/p30/p30_none_low_008.jpg,p30,none,low,0.7696489095687866,p30,0.715527,correct
3,/home/tahmid/crops/p30/p30_none_low_009.jpg,p30,none,low,0.7260828614234924,p30,0.703521,correct
3,/home/tahmid/crops/p30/p30_none_low_010.jpg,p30,none,low,0.7186506390571594,p30,0.645158,correct
3,/home/tahmid/crops/p30/p30_none_low_011.jpg,p30,none,low,0.7912509441375732,p30,0.649786,correct
3,/home/tahmid/crops/p30/p30_none_low_012.jpg,p30,none,low,0.8037633895874023,p30,0.647936,correct
3,/home/tahmid/crops/p30/p30_none_low_013.jpg,p30,none,low,0.8359607458114624,p30,0.754815,correct
3,/home/tahmid/crops/p30/p30_none_low_014.jpg,p30,none,low,0.7476731538772583,p30,0.764140,correct
3,/home/tahmid/crops/p30/p30_none_low_015.jpg,p30,none,low,0.7483920454978943,p30,0.773962,correct
3,/home/tahmid/crops/p30/p30_none_regular_007.jpg,p30,none,regular,0.769888162612915,p30,0.724799,correct
3,/home/tahmid/crops/p30/p30_none_regular_008.jpg,p30,none,regular,0.7675352692604065,p30,0.703532,correct
3,/home/tahmid/crops/p30/p30_none_regular_009.jpg,p30,none,regular,0.7380980849266052,p30,0.608509,correct
3,/home/tahmid/crops/p30/p30_none_regular_010.jpg,p30,none,regular,0.7783733606338501,p30,0.692128,correct
3,/home/tahmid/crops/p30/p30_none_regular_011.jpg,p30,none,regular,0.7223910689353943,p30,0.640212,correct
3,/home/tahmid/crops/p30/p30_none_regular_012.jpg,p30,none,regular,0.7691704034805298,p30,0.646882,correct
3,/home/tahmid/crops/p30/p30_none_regular_013.jpg,p30,none,regular,0.8423110246658325,p30,0.762003,correct
3,/home/tahmid/crops/p30/p30_none_regular_014.jpg,p30,none,regular,0.749609649181366,p30,0.797037,correct
3,/home/tahmid/crops/p30/p30_none_regular_015.jpg,p30,none,regular,0.7921252846717834,p30,0.802406,correct
3,/home/tahmid/crops/p30/p30_scarf_low_001.jpg,p30,scarf,low,0.7254142165184021,p30,0.613939,correct
3,/home/tahmid/crops/p30/p30_scarf_low_002.jpg,p30,scarf,low,0.6894521713256836,p30,0.616766,correct
3,/home/tahmid/crops/p30/p30_scarf_low_003.jpg,p30,scarf,low,0.6814249753952026,p30,0.641160,correct
3,/home/tahmid/crops/p30/p30_scarf_low_004.jpg,p30,scarf,low,0.773341178894043,p30,0.802170,correct
3,/home/tahmid/crops/p30/p30_scarf_low_005.jpg,p30,scarf,low,0.7609168291091919,p30,0.772513,correct
3,/home/tahmid/crops/p30/p30_scarf_low_006.jpg,p30,scarf,low,0.7284865975379944,p30,0.717120,correct
3,/home/tahmid/crops/p30/p30_scarf_low_007.jpg,p30,scarf,low,0.6610055565834045,p30,0.577654,correct
3,/home/tahmid/crops/p30/p30_scarf_low_008.jpg,p30,scarf,low,0.6788766384124756,p30,0.578790,correct
3,/home/tahmid/crops/p30/p30_scarf_low_009.jpg,p30,scarf,low,0.6689562797546387,p30,0.576215,correct
3,/home/tahmid/crops/p30/p30_scarf_low_010.jpg,p30,scarf,low,0.7717577219009399,p30,0.535888,correct
3,/home/tahmid/crops/p30/p30_scarf_low_011.jpg,p30,scarf,low,0.7942789793014526,p30,0.578752,correct
3,/home/tahmid/crops/p30/p30_scarf_low_012.jpg,p30,scarf,low,0.7858191728591919,p30,0.579227,correct
3,/home/tahmid/crops/p30/p30_scarf_regular_001.jpg,p30,scarf,regular,0.7300242185592651,p30,0.629375,correct
3,/home/tahmid/crops/p30/p30_scarf_regular_002.jpg,p30,scarf,regular,0.692156970500946,p30,0.613014,correct
3,/home/tahmid/crops/p30/p30_scarf_regular_003.jpg,p30,scarf,regular,0.6752158999443054,p30,0.647479,correct
3,/home/tahmid/crops/p30/p30_scarf_regular_004.jpg,p30,scarf,regular,0.7766534090042114,p30,0.813033,correct
3,/home/tahmid/crops/p30/p30_scarf_regular_005.jpg,p30,scarf,regular,0.7592495083808899,p30,0.782997,correct
3,/home/tahmid/crops/p30/p30_scarf_regular_006.jpg,p30,scarf,regular,0.7348880767822266,p30,0.723632,correct
3,/home/tahmid/crops/p30/p30_scarf_regular_007.jpg,p30,scarf,regular,0.6657443046569824,p30,0.569445,correct
3,/home/tahmid/crops/p30/p30_scarf_regular_008.jpg,p30,scarf,regular,0.6771263480186462,p30,0.604722,correct
3,/home/tahmid/crops/p30/p30_scarf_regular_009.jpg,p30,scarf,regular,0.6658567190170288,p30,0.590406,correct
3,/home/tahmid/crops/p30/p30_scarf_regular_010.jpg,p30,scarf,regular,0.7744513750076294,p30,0.548736,correct
3,/home/tahmid/crops/p30/p30_scarf_regular_011.jpg,p30,scarf,regular,0.8065941333770752,p30,0.560978,correct
3,/home/tahmid/crops/p30/p30_scarf_regular_012.jpg,p30,scarf,regular,0.8135151267051697,p30,0.596331,correct
3,/home/tahmid/crops/p30/p30_sunglass_low_001.jpg,p30,sunglass,low,0.8147018551826477,p30,0.797644,correct
3,/home/tahmid/crops/p30/p30_sunglass_low_002.jpg,p30,sunglass,low,0.7437688708305359,p30,0.776236,correct
3,/home/tahmid/crops/p30/p30_sunglass_low_003.jpg,p30,sunglass,low,0.6930720806121826,p30,0.354760,correct
3,/home/tahmid/crops/p30/p30_sunglass_low_004.jpg,p30,sunglass,low,0.7054507732391357,p30,0.332971,correct
3,/home/tahmid/crops/p30/p30_sunglass_low_005.jpg,p30,sunglass,low,0.8407039046287537,p30,0.591219,correct
3,/home/tahmid/crops/p30/p30_sunglass_low_006.jpg,p30,sunglass,low,0.7306403517723083,p30,0.623508,correct
3,/home/tahmid/crops/p30/p30_sunglass_low_007.jpg,p30,sunglass,low,0.7529957294464111,p30,0.611156,correct
3,/home/tahmid/crops/p30/p30_sunglass_low_008.jpg,p30,sunglass,low,0.6561856269836426,p30,0.483579,correct
3,/home/tahmid/crops/p30/p30_sunglass_low_009.jpg,p30,sunglass,low,0.6552612781524658,p30,0.452829,correct
3,/home/tahmid/crops/p30/p30_sunglass_regular_001.jpg,p30,sunglass,regular,0.8401085138320923,p30,0.782928,correct
3,/home/tahmid/crops/p30/p30_sunglass_regular_002.jpg,p30,sunglass,regular,0.816222608089447,p30,0.789020,correct
3,/home/tahmid/crops/p30/p30_sunglass_regular_003.jpg,p30,sunglass,regular,0.7464860677719116,p30,0.788999,correct
3,/home/tahmid/crops/p30/p30_sunglass_regular_004.jpg,p30,sunglass,regular,0.7070773243904114,p30,0.409366,correct
3,/home/tahmid/crops/p30/p30_sunglass_regular_005.jpg,p30,sunglass,regular,0.7153226733207703,p30,0.352935,correct
3,/home/tahmid/crops/p30/p30_sunglass_regular_006.jpg,p30,sunglass,regular,0.7171803712844849,p30,0.330311,correct
3,/home/tahmid/crops/p30/p30_sunglass_regular_007.jpg,p30,sunglass,regular,0.7739366292953491,p30,0.631741,correct
3,/home/tahmid/crops/p30/p30_sunglass_regular_008.jpg,p30,sunglass,regular,0.8385100364685059,p30,0.610556,correct
3,/home/tahmid/crops/p30/p30_sunglass_regular_009.jpg,p30,sunglass,regular,0.8419209718704224,p30,0.611470,correct
3,/home/tahmid/crops/p30/p30_sunglass_regular_010.jpg,p30,sunglass,regular,0.7319647669792175,p30,0.637545,correct
3,/home/tahmid/crops/p30/p30_sunglass_regular_011.jpg,p30,sunglass,regular,0.7485900521278381,p30,0.611233,correct
3,/home/tahmid/crops/p30/p30_sunglass_regular_012.jpg,p30,sunglass,regular,0.7688995599746704,p30,0.611630,correct
3,/home/tahmid/crops/p30/p30_sunglass_regular_013.jpg,p30,sunglass,regular,0.6657175421714783,p30,0.506353,correct
3,/home/tahmid/crops/p30/p30_sunglass_regular_014.jpg,p30,sunglass,regular,0.7166204452514648,p30,0.503199,correct
3,/home/tahmid/crops/p30/p30_sunglass_regular_015.jpg,p30,sunglass,regular,0.6852864027023315,p30,0.523787,correct
4,/home/tahmid/crops/p02/p02_cap_low_001.jpg,p02,cap,low,0.7302835583686829,p02,0.714828,correct
4,/home/tahmid/crops/p02/p02_cap_low_002.jpg,p02,cap,low,0.7049846649169922,p02,0.720926,correct
4,/home/tahmid/crops/p02/p02_cap_low_003.jpg,p02,cap,low,0.6855064630508423,p02,0.708377,correct
4,/home/tahmid/crops/p02/p02_cap_low_004.jpg,p02,cap,low,0.7005379796028137,p02,0.489941,correct
4,/home/tahmid/crops/p02/p02_cap_low_005.jpg,p02,cap,low,0.7237974405288696,p02,0.448450,correct
4,/home/tahmid/crops/p02/p02_cap_low_006.jpg,p02,cap,low,0.7395669221878052,p02,0.771114,correct
4,/home/tahmid/crops/p02/p02_cap_low_007.jpg,p02,cap,low,0.7259079217910767,p02,0.713076,correct
4,/home/tahmid/crops/p02/p02_cap_low_008.jpg,p02,cap,low,0.7540103793144226,p02,0.549163,correct
4,/home/tahmid/crops/p02/p02_cap_low_009.jpg,p02,cap,low,0.7698359489440918,p02,0.553883,correct
4,/home/tahmid/crops/p02/p02_cap_low_010.jpg,p02,cap,low,0.7799506783485413,p02,0.581370,correct
4,/home/tahmid/crops/p02/p02_cap_low_011.jpg,p02,cap,low,0.7483513355255127,p02,0.471254,correct
4,/home/tahmid/crops/p02/p02_cap_low_012.jpg,p02,cap,low,0.817287266254425,p02,0.481882,correct
4,/home/tahmid/crops/p02/p02_cap_regular_001.jpg,p02,cap,regular,0.7794187664985657,p02,0.726568,correct
4,/home/tahmid/crops/p02/p02_cap_regular_002.jpg,p02,cap,regular,0.8223179578781128,p02,0.707731,correct
4,/home/tahmid/crops/p02/p02_cap_regular_003.jpg,p02,cap,regular,0.7916800379753113,p02,0.710403,correct
4,/home/tahmid/crops/p02/p02_cap_regular_004.jpg,p02,cap,regular,0.6870905160903931,p02,0.433985,correct
4,/home/tahmid/crops/p02/p02_cap_regular_005.jpg,p02,cap,regular,0.6696184873580933,p02,0.458709,correct
4,/home/tahmid/crops/p02/p02_cap_regular_006.jpg,p02,cap,regular,0.679279625415802,p02,0.807528,correct
4,/home/tahmid/crops/p02/p02_cap_regular_007.jpg,p02,cap,regular,0.6992588043212891,p02,0.827539,correct
4,/home/tahmid/crops/p02/p02_cap_regular_008.jpg,p02,cap,regular,0.7070828676223755,p02,0.812409,correct
4,/home/tahmid/crops/p02/p02_cap_regular_009.jpg,p02,cap,regular,0.77592933177948,p02,0.542956,correct
4,/home/tahmid/crops/p02/p02_cap_regular_010.jpg,p02,cap,regular,0.7364727854728699,p02,0.508550,correct
4,/home/tahmid/crops/p02/p02_cap_regular_011.jpg,p02,cap,regular,0.8068343997001648,p02,0.496495,correct
4,/home/tahmid/crops/p02/p02_cap_regular_012.jpg,p02,cap,regular,0.8068976402282715,p02,0.477718,correct
4,/home/tahmid/crops/p02/p02_clearglass_low_001.jpg,p02,clearglass,low,0.8903632164001465,p02,0.686517,correct
4,/home/tahmid/crops/p02/p02_clearglass_low_002.jpg,p02,clearglass,low,0.8916874527931213,p02,0.713373,correct
4,/home/tahmid/crops/p02/p02_clearglass_low_003.jpg,p02,clearglass,low,0.8002846240997314,p02,0.624680,correct
4,/home/tahmid/crops/p02/p02_clearglass_low_004.jpg,p02,clearglass,low,0.7696022987365723,p02,0.599909,correct
4,/home/tahmid/crops/p02/p02_clearglass_low_005.jpg,p02,clearglass,low,0.7731362581253052,p02,0.611121,correct
4,/home/tahmid/crops/p02/p02_clearglass_low_006.jpg,p02,clearglass,low,0.8890116214752197,p02,0.815565,correct
4,/home/tahmid/crops/p02/p02_clearglass_low_007.jpg,p02,clearglass,low,0.8853583335876465,p02,0.791929,correct
4,/home/tahmid/crops/p02/p02_clearglass_low_008.jpg,p02,clearglass,low,0.8943951725959778,p02,0.802454,correct
4,/home/tahmid/crops/p02/p02_clearglass_low_009.jpg,p02,clearglass,low,0.7485365271568298,p02,0.504248,correct
4,/home/tahmid/crops/p02/p02_clearglass_low_010.jpg,p02,clearglass,low,0.7475838661193848,p02,0.454188,correct
4,/home/tahmid/crops/p02/p02_clearglass_low_011.jpg,p02,clearglass,low,0.6948948502540588,p02,0.443353,correct
4,/home/tahmid/crops/p02/p02_clearglass_low_012.jpg,p02,clearglass,low,0.7247456312179565,p02,0.469988,correct
4,/home/tahmid/crops/p02/p02_clearglass_regular_001.jpg,p02,clearglass,regular,0.858735203742981,p02,0.708860,correct
4,/home/tahmid/crops/p02/p02_clearglass_regular_002.jpg,p02,clearglass,regular,0.8687552809715271,p02,0.723712,correct
4,/home/tahmid/crops/p02/p02_clearglass_regular_003.jpg,p02,clearglass,regular,0.8953168392181396,p02,0.709621,correct
4,/home/tahmid/crops/p02/p02_clearglass_regular_004.jpg,p02,clearglass,regular,0.8260906934738159,p02,0.595508,correct
4,/home/tahmid/crops/p02/p02_clearglass_regular_005.jpg,p02,clearglass,regular,0.7787538766860962,p02,0.631541,correct
4,/home/tahmid/crops/p02/p02_clearglass_regular_006.jpg,p02,clearglass,regular,0.882912278175354,p02,0.808887,correct
4,/home/tahmid/crops/p02/p02_clearglass_regular_007.jpg,p02,clearglass,regular,0.7530931234359741,p02,0.475546,correct
4,/home/tahmid/crops/p02/p02_clearglass_regular_008.jpg,p02,clearglass,regular,0.718438982963562,p02,0.448609,correct
4,/home/tahmid/crops/p02/p02_clearglass_regular_009.jpg,p02,clearglass,regular,0.7113262414932251,p02,0.526259,correct
4,/home/tahmid/crops/p02/p02_clearglass_regular_010.jpg,p02,clearglass,regular,0.7251701354980469,p02,0.466237,correct
4,/home/tahmid/crops/p02/p02_clearglass_regular_011.jpg,p02,clearglass,regular,0.7217707633972168,p02,0.464968,correct
4,/home/tahmid/crops/p02/p02_clearglass_regular_012.jpg,p02,clearglass,regular,0.7282952070236206,p02,0.404239,correct
4,/home/tahmid/crops/p02/p02_mask_clearglass_low_001.jpg,p02,mask_clearglass,low,0.8167302012443542,p02,0.392187,correct
4,/home/tahmid/crops/p02/p02_mask_clearglass_low_002.jpg,p02,mask_clearglass,low,0.8258247375488281,p02,0.365483,correct
4,/home/tahmid/crops/p02/p02_mask_clearglass_low_003.jpg,p02,mask_clearglass,low,0.8545972108840942,p02,0.234586,rejected
4,/home/tahmid/crops/p02/p02_mask_clearglass_low_004.jpg,p02,mask_clearglass,low,0.8407025933265686,p02,0.273266,rejected
4,/home/tahmid/crops/p02/p02_mask_clearglass_low_005.jpg,p02,mask_clearglass,low,0.8255457878112793,p02,0.321348,correct
4,/home/tahmid/crops/p02/p02_mask_clearglass_low_006.jpg,p02,mask_clearglass,low,0.7589915990829468,p02,0.484896,correct
4,/home/tahmid/crops/p02/p02_mask_clearglass_low_007.jpg,p02,mask_clearglass,low,0.7843272686004639,p02,0.479032,correct
4,/home/tahmid/crops/p02/p02_mask_clearglass_low_008.jpg,p02,mask_clearglass,low,0.699335515499115,p02,0.281135,rejected
4,/home/tahmid/crops/p02/p02_mask_clearglass_low_009.jpg,p02,mask_clearglass,low,0.69953453540802,p02,0.319036,correct
4,/home/tahmid/crops/p02/p02_mask_clearglass_low_010.jpg,p02,mask_clearglass,low,0.5647939443588257,p05,0.103136,rejected
4,/home/tahmid/crops/p02/p02_mask_clearglass_low_011.jpg,p02,mask_clearglass,low,0.6038627624511719,p05,0.144454,rejected
4,/home/tahmid/crops/p02/p02_mask_clearglass_low_012.jpg,p02,mask_clearglass,low,0.5685884952545166,p02,0.135686,rejected
4,/home/tahmid/crops/p02/p02_mask_clearglass_regular_001.jpg,p02,mask_clearglass,regular,0.8431755900382996,p02,0.371484,correct
4,/home/tahmid/crops/p02/p02_mask_clearglass_regular_002.jpg,p02,mask_clearglass,regular,0.8481835126876831,p02,0.352229,correct
4,/home/tahmid/crops/p02/p02_mask_clearglass_regular_003.jpg,p02,mask_clearglass,regular,0.840312123298645,p02,0.372737,correct
4,/home/tahmid/crops/p02/p02_mask_clearglass_regular_004.jpg,p02,mask_clearglass,regular,0.8205599188804626,p02,0.343260,correct
4,/home/tahmid/crops/p02/p02_mask_clearglass_regular_005.jpg,p02,mask_clearglass,regular,0.7813575267791748,p02,0.461707,correct
4,/home/tahmid/crops/p02/p02_mask_clearglass_regular_006.jpg,p02,mask_clearglass,regular,0.8381166458129883,p02,0.453017,correct
4,/home/tahmid/crops/p02/p02_mask_clearglass_regular_007.jpg,p02,mask_clearglass,regular,0.8139438033103943,p02,0.497283,correct
4,/home/tahmid/crops/p02/p02_mask_clearglass_regular_008.jpg,p02,mask_clearglass,regular,0.6357269287109375,p02,0.259289,rejected
4,/home/tahmid/crops/p02/p02_mask_clearglass_regular_009.jpg,p02,mask_clearglass,regular,0.6405664682388306,p02,0.307504,correct
4,/home/tahmid/crops/p02/p02_mask_clearglass_regular_010.jpg,p02,mask_clearglass,regular,0.552091121673584,p05,0.134339,rejected
4,/home/tahmid/crops/p02/p02_mask_clearglass_regular_011.jpg,p02,mask_clearglass,regular,0.5143066048622131,p02,0.141917,rejected
4,/home/tahmid/crops/p02/p02_mask_clearglass_regular_012.jpg,p02,mask_clearglass,regular,0.5476444363594055,p05,0.121470,rejected
4,/home/tahmid/crops/p02/p02_mask_low_001.jpg,p02,mask,low,0.8223280310630798,p02,0.292191,rejected
4,/home/tahmid/crops/p02/p02_mask_low_002.jpg,p02,mask,low,0.824915885925293,p02,0.350459,correct
4,/home/tahmid/crops/p02/p02_mask_low_003.jpg,p02,mask,low,0.8670860528945923,p02,0.305663,correct
4,/home/tahmid/crops/p02/p02_mask_low_004.jpg,p02,mask,low,0.7784423828125,p02,0.288901,rejected
4,/home/tahmid/crops/p02/p02_mask_low_005.jpg,p02,mask,low,0.7539491653442383,p02,0.297829,rejected
4,/home/tahmid/crops/p02/p02_mask_low_006.jpg,p02,mask,low,0.7969077825546265,p02,0.248405,rejected
4,/home/tahmid/crops/p02/p02_mask_low_007.jpg,p02,mask,low,0.7674813270568848,p02,0.314983,correct
4,/home/tahmid/crops/p02/p02_mask_low_008.jpg,p02,mask,low,0.8131613731384277,p02,0.351460,correct
4,/home/tahmid/crops/p02/p02_mask_low_009.jpg,p02,mask,low,0.6020656824111938,p10,0.103831,rejected
4,/home/tahmid/crops/p02/p02_mask_low_010.jpg,p02,mask,low,0.6565362215042114,p02,0.218420,rejected
4,/home/tahmid/crops/p02/p02_mask_low_011.jpg,p02,mask,low,0.6899696588516235,p02,0.147710,rejected
4,/home/tahmid/crops/p02/p02_mask_low_012.jpg,p02,mask,low,0.6987562775611877,p02,0.176648,rejected
4,/home/tahmid/crops/p02/p02_mask_regular_001.jpg,p02,mask,regular,0.870445728302002,p02,0.369496,correct
4,/home/tahmid/crops/p02/p02_mask_regular_002.jpg,p02,mask,regular,0.849542498588562,p02,0.385624,correct
4,/home/tahmid/crops/p02/p02_mask_regular_003.jpg,p02,mask,regular,0.8437386155128479,p02,0.368030,correct
4,/home/tahmid/crops/p02/p02_mask_regular_004.jpg,p02,mask,regular,0.7776342630386353,p02,0.339890,correct
4,/home/tahmid/crops/p02/p02_mask_regular_005.jpg,p02,mask,regular,0.8094134330749512,p02,0.381754,correct
4,/home/tahmid/crops/p02/p02_mask_regular_006.jpg,p02,mask,regular,0.7863349914550781,p02,0.328065,correct
4,/home/tahmid/crops/p02/p02_mask_regular_007.jpg,p02,mask,regular,0.8104221224784851,p02,0.348358,correct
4,/home/tahmid/crops/p02/p02_mask_regular_008.jpg,p02,mask,regular,0.7923071980476379,p02,0.392864,correct
4,/home/tahmid/crops/p02/p02_mask_regular_009.jpg,p02,mask,regular,0.6863613724708557,p02,0.140873,rejected
4,/home/tahmid/crops/p02/p02_mask_regular_010.jpg,p02,mask,regular,0.6412502527236938,p02,0.135672,rejected
4,/home/tahmid/crops/p02/p02_mask_regular_011.jpg,p02,mask,regular,0.6642374992370605,p05,0.150832,rejected
4,/home/tahmid/crops/p02/p02_mask_regular_012.jpg,p02,mask,regular,0.6713188290596008,p05,0.126026,rejected
4,/home/tahmid/crops/p02/p02_mask_sunglass_low_001.jpg,p02,mask_sunglass,low,0.7640802264213562,p02,0.080739,rejected
4,/home/tahmid/crops/p02/p02_mask_sunglass_low_002.jpg,p02,mask_sunglass,low,0.748748242855072,p02,0.104935,rejected
4,/home/tahmid/crops/p02/p02_mask_sunglass_low_003.jpg,p02,mask_sunglass,low,0.7488730549812317,p02,0.073096,rejected
4,/home/tahmid/crops/p02/p02_mask_sunglass_low_004.jpg,p02,mask_sunglass,low,0.7598739266395569,p02,0.105657,rejected
4,/home/tahmid/crops/p02/p02_mask_sunglass_low_005.jpg,p02,mask_sunglass,low,0.7756163477897644,p02,0.114900,rejected
4,/home/tahmid/crops/p02/p02_mask_sunglass_low_006.jpg,p02,mask_sunglass,low,0.788654088973999,p03,0.069236,rejected
4,/home/tahmid/crops/p02/p02_mask_sunglass_low_007.jpg,p02,mask_sunglass,low,0.627955436706543,p03,0.084576,rejected
4,/home/tahmid/crops/p02/p02_mask_sunglass_low_008.jpg,p02,mask_sunglass,low,0.6865513324737549,p02,0.088055,rejected
4,/home/tahmid/crops/p02/p02_mask_sunglass_low_009.jpg,p02,mask_sunglass,low,0.6395691633224487,p02,0.229938,rejected
4,/home/tahmid/crops/p02/p02_mask_sunglass_low_010.jpg,p02,mask_sunglass,low,0.6081539988517761,p02,0.181719,rejected
4,/home/tahmid/crops/p02/p02_mask_sunglass_low_011.jpg,p02,mask_sunglass,low,0.6020188927650452,p02,0.193682,rejected
4,/home/tahmid/crops/p02/p02_mask_sunglass_low_012.jpg,p02,mask_sunglass,low,0.5958781242370605,p05,0.113218,rejected
4,/home/tahmid/crops/p02/p02_mask_sunglass_low_013.jpg,p02,mask_sunglass,low,0.6193870902061462,p05,0.107315,rejected
4,/home/tahmid/crops/p02/p02_mask_sunglass_regular_001.jpg,p02,mask_sunglass,regular,0.7670639753341675,p03,0.085449,rejected
4,/home/tahmid/crops/p02/p02_mask_sunglass_regular_002.jpg,p02,mask_sunglass,regular,0.7658920288085938,p02,0.098339,rejected
4,/home/tahmid/crops/p02/p02_mask_sunglass_regular_003.jpg,p02,mask_sunglass,regular,0.8068424463272095,p02,0.124916,rejected
4,/home/tahmid/crops/p02/p02_mask_sunglass_regular_004.jpg,p02,mask_sunglass,regular,0.8080651760101318,p02,0.122569,rejected
4,/home/tahmid/crops/p02/p02_mask_sunglass_regular_005.jpg,p02,mask_sunglass,regular,0.688022792339325,p03,0.095386,rejected
4,/home/tahmid/crops/p02/p02_mask_sunglass_regular_006.jpg,p02,mask_sunglass,regular,0.718154788017273,p03,0.083321,rejected
4,/home/tahmid/crops/p02/p02_mask_sunglass_regular_007.jpg,p02,mask_sunglass,regular,0.6694116592407227,p03,0.102628,rejected
4,/home/tahmid/crops/p02/p02_mask_sunglass_regular_008.jpg,p02,mask_sunglass,regular,0.6663888692855835,p02,0.157381,rejected
4,/home/tahmid/crops/p02/p02_mask_sunglass_regular_009.jpg,p02,mask_sunglass,regular,0.6522522568702698,p02,0.201448,rejected
4,/home/tahmid/crops/p02/p02_mask_sunglass_regular_010.jpg,p02,mask_sunglass,regular,0.6597939133644104,p02,0.189521,rejected
4,/home/tahmid/crops/p02/p02_mask_sunglass_regular_011.jpg,p02,mask_sunglass,regular,0.5465327501296997,p02,0.076138,rejected
4,/home/tahmid/crops/p02/p02_mask_sunglass_regular_012.jpg,p02,mask_sunglass,regular,0.5971976518630981,p02,0.079041,rejected
4,/home/tahmid/crops/p02/p02_mask_sunglass_regular_013.jpg,p02,mask_sunglass,regular,0.5256378650665283,p11,0.086522,rejected
4,/home/tahmid/crops/p02/p02_none_low_001.jpg,p02,none,low,0.9066060781478882,p02,0.756359,correct
4,/home/tahmid/crops/p02/p02_none_low_002.jpg,p02,none,low,0.8944832682609558,p02,0.755737,correct
4,/home/tahmid/crops/p02/p02_none_low_003.jpg,p02,none,low,0.8322159051895142,p02,0.503339,correct
4,/home/tahmid/crops/p02/p02_none_low_004.jpg,p02,none,low,0.7920432090759277,p02,0.537219,correct
4,/home/tahmid/crops/p02/p02_none_low_005.jpg,p02,none,low,0.7544089555740356,p02,0.516771,correct
4,/home/tahmid/crops/p02/p02_none_low_006.jpg,p02,none,low,0.7696864008903503,p02,0.510487,correct
4,/home/tahmid/crops/p02/p02_none_low_007.jpg,p02,none,low,0.7338335514068604,p02,0.473740,correct
4,/home/tahmid/crops/p02/p02_none_low_008.jpg,p02,none,low,0.8776766061782837,p02,0.652160,correct
4,/home/tahmid/crops/p02/p02_none_low_009.jpg,p02,none,low,0.8892483711242676,p02,0.636235,correct
4,/home/tahmid/crops/p02/p02_none_low_010.jpg,p02,none,low,0.8762750029563904,p02,0.618860,correct
4,/home/tahmid/crops/p02/p02_none_low_011.jpg,p02,none,low,0.8889676332473755,p02,0.895114,correct
4,/home/tahmid/crops/p02/p02_none_low_012.jpg,p02,none,low,0.8788249492645264,p02,0.902929,correct
4,/home/tahmid/crops/p02/p02_none_low_013.jpg,p02,none,low,0.8567219972610474,p02,0.905802,correct
4,/home/tahmid/crops/p02/p02_none_regular_001.jpg,p02,none,regular,0.8662259578704834,p02,0.786195,correct
4,/home/tahmid/crops/p02/p02_none_regular_002.jpg,p02,none,regular,0.892653226852417,p02,0.783029,correct
4,/home/tahmid/crops/p02/p02_none_regular_003.jpg,p02,none,regular,0.8191694021224976,p02,0.512670,correct
4,/home/tahmid/crops/p02/p02_none_regular_004.jpg,p02,none,regular,0.8392460346221924,p02,0.566252,correct
4,/home/tahmid/crops/p02/p02_none_regular_005.jpg,p02,none,regular,0.8028199076652527,p02,0.548490,correct
4,/home/tahmid/crops/p02/p02_none_regular_006.jpg,p02,none,regular,0.7589334845542908,p02,0.471012,correct
4,/home/tahmid/crops/p02/p02_none_regular_007.jpg,p02,none,regular,0.8026231527328491,p02,0.460944,correct
4,/home/tahmid/crops/p02/p02_none_regular_008.jpg,p02,none,regular,0.8053189516067505,p02,0.505111,correct
4,/home/tahmid/crops/p02/p02_none_regular_009.jpg,p02,none,regular,0.8603906035423279,p02,0.661521,correct
4,/home/tahmid/crops/p02/p02_none_regular_010.jpg,p02,none,regular,0.8738549947738647,p02,0.668047,correct
4,/home/tahmid/crops/p02/p02_none_regular_011.jpg,p02,none,regular,0.8394712209701538,p02,0.666993,correct
4,/home/tahmid/crops/p02/p02_none_regular_012.jpg,p02,none,regular,0.8869919776916504,p02,0.936752,correct
4,/home/tahmid/crops/p02/p02_scarf_low_001.jpg,p02,scarf,low,0.8123536705970764,p02,0.685060,correct
4,/home/tahmid/crops/p02/p02_scarf_low_002.jpg,p02,scarf,low,0.8274183869361877,p02,0.647523,correct
4,/home/tahmid/crops/p02/p02_scarf_low_003.jpg,p02,scarf,low,0.829150378704071,p02,0.652766,correct
4,/home/tahmid/crops/p02/p02_scarf_low_004.jpg,p02,scarf,low,0.8216520547866821,p02,0.644315,correct
4,/home/tahmid/crops/p02/p02_scarf_low_005.jpg,p02,scarf,low,0.8382871747016907,p02,0.596204,correct
4,/home/tahmid/crops/p02/p02_scarf_low_006.jpg,p02,scarf,low,0.848259687423706,p02,0.598425,correct
4,/home/tahmid/crops/p02/p02_scarf_low_007.jpg,p02,scarf,low,0.8384740352630615,p02,0.569486,correct
4,/home/tahmid/crops/p02/p02_scarf_low_008.jpg,p02,scarf,low,0.8003029227256775,p02,0.537542,correct
4,/home/tahmid/crops/p02/p02_scarf_low_009.jpg,p02,scarf,low,0.7898927927017212,p02,0.593011,correct
4,/home/tahmid/crops/p02/p02_scarf_low_010.jpg,p02,scarf,low,0.8063884973526001,p02,0.579130,correct
4,/home/tahmid/crops/p02/p02_scarf_low_011.jpg,p02,scarf,low,0.7719652652740479,p02,0.498165,correct
4,/home/tahmid/crops/p02/p02_scarf_low_012.jpg,p02,scarf,low,0.7679997682571411,p02,0.500114,correct
4,/home/tahmid/crops/p02/p02_scarf_low_013.jpg,p02,scarf,low,0.7488126754760742,p02,0.561073,correct
4,/home/tahmid/crops/p02/p02_scarf_regular_001.jpg,p02,scarf,regular,0.735595703125,p02,0.702947,correct
4,/home/tahmid/crops/p02/p02_scarf_regular_002.jpg,p02,scarf,regular,0.7493656277656555,p02,0.683535,correct
4,/home/tahmid/crops/p02/p02_scarf_regular_003.jpg,p02,scarf,regular,0.7431285977363586,p02,0.672948,correct
4,/home/tahmid/crops/p02/p02_scarf_regular_004.jpg,p02,scarf,regular,0.8595066666603088,p02,0.721896,correct
4,/home/tahmid/crops/p02/p02_scarf_regular_005.jpg,p02,scarf,regular,0.8672677278518677,p02,0.708798,correct
4,/home/tahmid/crops/p02/p02_scarf_regular_006.jpg,p02,scarf,regular,0.8495872616767883,p02,0.693789,correct
4,/home/tahmid/crops/p02/p02_scarf_regular_007.jpg,p02,scarf,regular,0.8273595571517944,p02,0.606971,correct
4,/home/tahmid/crops/p02/p02_scarf_regular_008.jpg,p02,scarf,regular,0.8254388570785522,p02,0.614825,correct
4,/home/tahmid/crops/p02/p02_scarf_regular_009.jpg,p02,scarf,regular,0.8194319605827332,p02,0.611164,correct
4,/home/tahmid/crops/p02/p02_scarf_regular_010.jpg,p02,scarf,regular,0.8092162609100342,p02,0.601755,correct
4,/home/tahmid/crops/p02/p02_scarf_regular_011.jpg,p02,scarf,regular,0.8045063614845276,p02,0.579446,correct
4,/home/tahmid/crops/p02/p02_scarf_regular_012.jpg,p02,scarf,regular,0.7607827186584473,p02,0.594651,correct
4,/home/tahmid/crops/p02/p02_scarf_regular_013.jpg,p02,scarf,regular,0.7192807197570801,p02,0.548237,correct
4,/home/tahmid/crops/p02/p02_sunglass_low_001.jpg,p02,sunglass,low,0.8310133814811707,p02,0.590038,correct
4,/home/tahmid/crops/p02/p02_sunglass_low_002.jpg,p02,sunglass,low,0.831470251083374,p02,0.630028,correct
4,/home/tahmid/crops/p02/p02_sunglass_low_003.jpg,p02,sunglass,low,0.7633757591247559,p02,0.436051,correct
4,/home/tahmid/crops/p02/p02_sunglass_low_004.jpg,p02,sunglass,low,0.7809855937957764,p02,0.454739,correct
4,/home/tahmid/crops/p02/p02_sunglass_low_005.jpg,p02,sunglass,low,0.7895945310592651,p02,0.489890,correct
4,/home/tahmid/crops/p02/p02_sunglass_low_006.jpg,p02,sunglass,low,0.8533139228820801,p02,0.723024,correct
4,/home/tahmid/crops/p02/p02_sunglass_low_007.jpg,p02,sunglass,low,0.8515255451202393,p02,0.713544,correct
4,/home/tahmid/crops/p02/p02_sunglass_low_008.jpg,p02,sunglass,low,0.7997879981994629,p02,0.458033,correct
4,/home/tahmid/crops/p02/p02_sunglass_low_009.jpg,p02,sunglass,low,0.8075317144393921,p02,0.440582,correct
4,/home/tahmid/crops/p02/p02_sunglass_low_010.jpg,p02,sunglass,low,0.8153879642486572,p02,0.438153,correct
4,/home/tahmid/crops/p02/p02_sunglass_low_011.jpg,p02,sunglass,low,0.8231719136238098,p02,0.457298,correct
4,/home/tahmid/crops/p02/p02_sunglass_low_012.jpg,p02,sunglass,low,0.8026806116104126,p02,0.442739,correct
4,/home/tahmid/crops/p02/p02_sunglass_low_013.jpg,p02,sunglass,low,0.7756664752960205,p02,0.465451,correct
4,/home/tahmid/crops/p02/p02_sunglass_regular_001.jpg,p02,sunglass,regular,0.8622069358825684,p02,0.592839,correct
4,/home/tahmid/crops/p02/p02_sunglass_regular_002.jpg,p02,sunglass,regular,0.8646385073661804,p02,0.619459,correct
4,/home/tahmid/crops/p02/p02_sunglass_regular_003.jpg,p02,sunglass,regular,0.868087887763977,p02,0.618965,correct
4,/home/tahmid/crops/p02/p02_sunglass_regular_004.jpg,p02,sunglass,regular,0.7796213626861572,p02,0.479034,correct
4,/home/tahmid/crops/p02/p02_sunglass_regular_005.jpg,p02,sunglass,regular,0.7902501821517944,p02,0.484100,correct
4,/home/tahmid/crops/p02/p02_sunglass_regular_006.jpg,p02,sunglass,regular,0.8211089372634888,p02,0.511804,correct
4,/home/tahmid/crops/p02/p02_sunglass_regular_007.jpg,p02,sunglass,regular,0.8657010197639465,p02,0.701634,correct
4,/home/tahmid/crops/p02/p02_sunglass_regular_008.jpg,p02,sunglass,regular,0.8719381093978882,p02,0.699550,correct
4,/home/tahmid/crops/p02/p02_sunglass_regular_009.jpg,p02,sunglass,regular,0.7725592851638794,p02,0.484492,correct
4,/home/tahmid/crops/p02/p02_sunglass_regular_010.jpg,p02,sunglass,regular,0.7819186449050903,p02,0.443870,correct
4,/home/tahmid/crops/p02/p02_sunglass_regular_011.jpg,p02,sunglass,regular,0.8017107248306274,p02,0.448459,correct
4,/home/tahmid/crops/p02/p02_sunglass_regular_012.jpg,p02,sunglass,regular,0.8297463655471802,p02,0.462426,correct
4,/home/tahmid/crops/p02/p02_sunglass_regular_013.jpg,p02,sunglass,regular,0.8469266891479492,p02,0.501066,correct
4,/home/tahmid/crops/p03/p03_cap_low_001.jpg,p03,cap,low,0.8079274892807007,p03,0.619812,correct
4,/home/tahmid/crops/p03/p03_cap_low_002.jpg,p03,cap,low,0.8149732947349548,p03,0.620517,correct
4,/home/tahmid/crops/p03/p03_cap_low_003.jpg,p03,cap,low,0.8671876192092896,p03,0.647582,correct
4,/home/tahmid/crops/p03/p03_cap_low_004.jpg,p03,cap,low,0.8775678873062134,p03,0.649597,correct
4,/home/tahmid/crops/p03/p03_cap_low_005.jpg,p03,cap,low,0.7598541378974915,p03,0.404069,correct
4,/home/tahmid/crops/p03/p03_cap_low_006.jpg,p03,cap,low,0.7900324463844299,p03,0.408235,correct
4,/home/tahmid/crops/p03/p03_cap_low_007.jpg,p03,cap,low,0.7280025482177734,p03,0.417426,correct
4,/home/tahmid/crops/p03/p03_cap_low_008.jpg,p03,cap,low,0.5531431436538696,p03,0.193207,rejected
4,/home/tahmid/crops/p03/p03_cap_low_009.jpg,p03,cap,low,0.5839991569519043,p03,0.201300,rejected
4,/home/tahmid/crops/p03/p03_cap_low_010.jpg,p03,cap,low,0.5224342942237854,p03,0.215665,rejected
4,/home/tahmid/crops/p03/p03_cap_low_011.jpg,p03,cap,low,0.6564251184463501,p03,0.253814,rejected
4,/home/tahmid/crops/p03/p03_cap_low_012.jpg,p03,cap,low,0.6571515798568726,p03,0.176304,rejected
4,/home/tahmid/crops/p03/p03_cap_regular_001.jpg,p03,cap,regular,0.8354142904281616,p03,0.728872,correct
4,/home/tahmid/crops/p03/p03_cap_regular_002.jpg,p03,cap,regular,0.8338018655776978,p03,0.707364,correct
4,/home/tahmid/crops/p03/p03_cap_regular_003.jpg,p03,cap,regular,0.8756378889083862,p03,0.638335,correct
4,/home/tahmid/crops/p03/p03_cap_regular_004.jpg,p03,cap,regular,0.8652657270431519,p03,0.640696,correct
4,/home/tahmid/crops/p03/p03_cap_regular_005.jpg,p03,cap,regular,0.7010266780853271,p03,0.346623,correct
4,/home/tahmid/crops/p03/p03_cap_regular_006.jpg,p03,cap,regular,0.7388836741447449,p03,0.377188,correct
4,/home/tahmid/crops/p03/p03_cap_regular_007.jpg,p03,cap,regular,0.74481600522995,p03,0.407269,correct
4,/home/tahmid/crops/p03/p03_cap_regular_008.jpg,p03,cap,regular,0.5611245632171631,p03,0.245019,rejected
4,/home/tahmid/crops/p03/p03_cap_regular_009.jpg,p03,cap,regular,0.6263211965560913,p03,0.363325,correct
4,/home/tahmid/crops/p03/p03_cap_regular_010.jpg,p03,cap,regular,0.6765878200531006,p03,0.282555,rejected
4,/home/tahmid/crops/p03/p03_cap_regular_011.jpg,p03,cap,regular,0.619356632232666,p03,0.234599,rejected
4,/home/tahmid/crops/p03/p03_cap_regular_012.jpg,p03,cap,regular,0.6578692197799683,p03,0.368842,correct
4,/home/tahmid/crops/p03/p03_clearglass_low_001.jpg,p03,clearglass,low,0.8428657054901123,p03,0.730290,correct
4,/home/tahmid/crops/p03/p03_clearglass_low_002.jpg,p03,clearglass,low,0.8564044237136841,p03,0.744494,correct
4,/home/tahmid/crops/p03/p03_clearglass_low_003.jpg,p03,clearglass,low,0.772623598575592,p03,0.663175,correct
4,/home/tahmid/crops/p03/p03_clearglass_low_004.jpg,p03,clearglass,low,0.7589803338050842,p03,0.687888,correct
4,/home/tahmid/crops/p03/p03_clearglass_low_005.jpg,p03,clearglass,low,0.8661860227584839,p03,0.568423,correct
4,/home/tahmid/crops/p03/p03_clearglass_low_006.jpg,p03,clearglass,low,0.8690199851989746,p03,0.589324,correct
4,/home/tahmid/crops/p03/p03_clearglass_low_007.jpg,p03,clearglass,low,0.8663758635520935,p03,0.583320,correct
4,/home/tahmid/crops/p03/p03_clearglass_low_008.jpg,p03,clearglass,low,0.7884156703948975,p03,0.571083,correct
4,/home/tahmid/crops/p03/p03_clearglass_low_009.jpg,p03,clearglass,low,0.7588392496109009,p03,0.583544,correct
4,/home/tahmid/crops/p03/p03_clearglass_low_010.jpg,p03,clearglass,low,0.7259044647216797,p03,0.590571,correct
4,/home/tahmid/crops/p03/p03_clearglass_low_011.jpg,p03,clearglass,low,0.6629658937454224,p03,0.305058,correct
4,/home/tahmid/crops/p03/p03_clearglass_low_012.jpg,p03,clearglass,low,0.6196208596229553,p03,0.406296,correct
4,/home/tahmid/crops/p03/p03_clearglass_regular_001.jpg,p03,clearglass,regular,0.8802206516265869,p03,0.802066,correct
4,/home/tahmid/crops/p03/p03_clearglass_regular_002.jpg,p03,clearglass,regular,0.8367848992347717,p03,0.800353,correct
4,/home/tahmid/crops/p03/p03_clearglass_regular_003.jpg,p03,clearglass,regular,0.8312405347824097,p03,0.781524,correct
4,/home/tahmid/crops/p03/p03_clearglass_regular_004.jpg,p03,clearglass,regular,0.8288677930831909,p03,0.668629,correct
4,/home/tahmid/crops/p03/p03_clearglass_regular_005.jpg,p03,clearglass,regular,0.8214532732963562,p03,0.646923,correct
4,/home/tahmid/crops/p03/p03_clearglass_regular_006.jpg,p03,clearglass,regular,0.879275918006897,p03,0.542553,correct
4,/home/tahmid/crops/p03/p03_clearglass_regular_007.jpg,p03,clearglass,regular,0.8547950387001038,p03,0.552432,correct
4,/home/tahmid/crops/p03/p03_clearglass_regular_008.jpg,p03,clearglass,regular,0.8296239376068115,p03,0.575920,correct
4,/home/tahmid/crops/p03/p03_clearglass_regular_009.jpg,p03,clearglass,regular,0.8199279308319092,p03,0.634493,correct
4,/home/tahmid/crops/p03/p03_clearglass_regular_010.jpg,p03,clearglass,regular,0.8199545741081238,p03,0.524875,correct
4,/home/tahmid/crops/p03/p03_clearglass_regular_011.jpg,p03,clearglass,regular,0.6409673690795898,p03,0.302549,correct
4,/home/tahmid/crops/p03/p03_clearglass_regular_012.jpg,p03,clearglass,regular,0.6139100790023804,p03,0.413421,correct
4,/home/tahmid/crops/p03/p03_mask_clearglass_low_001.jpg,p03,mask_clearglass,low,0.7897331118583679,p03,0.389615,correct
4,/home/tahmid/crops/p03/p03_mask_clearglass_low_002.jpg,p03,mask_clearglass,low,0.7911531925201416,p03,0.409457,correct
4,/home/tahmid/crops/p03/p03_mask_clearglass_low_003.jpg,p03,mask_clearglass,low,0.7457141280174255,p03,0.308628,correct
4,/home/tahmid/crops/p03/p03_mask_clearglass_low_004.jpg,p03,mask_clearglass,low,0.7405614852905273,p03,0.238893,rejected
4,/home/tahmid/crops/p03/p03_mask_clearglass_low_005.jpg,p03,mask_clearglass,low,0.8235172629356384,p03,0.422218,correct
4,/home/tahmid/crops/p03/p03_mask_clearglass_low_006.jpg,p03,mask_clearglass,low,0.8506146669387817,p03,0.435454,correct
4,/home/tahmid/crops/p03/p03_mask_clearglass_low_007.jpg,p03,mask_clearglass,low,0.5847154259681702,p03,0.197730,rejected
4,/home/tahmid/crops/p03/p03_mask_clearglass_low_008.jpg,p03,mask_clearglass,low,0.5550218224525452,p03,0.280122,rejected
4,/home/tahmid/crops/p03/p03_mask_clearglass_low_009.jpg,p03,mask_clearglass,low,0.603116512298584,p03,0.237127,rejected
4,/home/tahmid/crops/p03/p03_mask_clearglass_low_010.jpg,p03,mask_clearglass,low,0.5811864733695984,p03,0.161709,rejected
4,/home/tahmid/crops/p03/p03_mask_clearglass_low_011.jpg,p03,mask_clearglass,low,0.6334577798843384,p01,0.166515,rejected
4,/home/tahmid/crops/p03/p03_mask_clearglass_low_012.jpg,p03,mask_clearglass,low,0.6291273832321167,p01,0.155525,rejected
4,/home/tahmid/crops/p03/p03_mask_clearglass_regular_001.jpg,p03,mask_clearglass,regular,0.7413361072540283,p03,0.456167,correct
4,/home/tahmid/crops/p03/p03_mask_clearglass_regular_002.jpg,p03,mask_clearglass,regular,0.7746813297271729,p03,0.454305,correct
4,/home/tahmid/crops/p03/p03_mask_clearglass_regular_003.jpg,p03,mask_clearglass,regular,0.7285956740379333,p03,0.437503,correct
4,/home/tahmid/crops/p03/p03_mask_clearglass_regular_004.jpg,p03,mask_clearglass,regular,0.7046718597412109,p03,0.217526,rejected
4,/home/tahmid/crops/p03/p03_mask_clearglass_regular_005.jpg,p03,mask_clearglass,regular,0.8103907108306885,p03,0.248355,rejected
4,/home/tahmid/crops/p03/p03_mask_clearglass_regular_006.jpg,p03,mask_clearglass,regular,0.8313016891479492,p03,0.344435,correct
4,/home/tahmid/crops/p03/p03_mask_clearglass_regular_007.jpg,p03,mask_clearglass,regular,0.8451223373413086,p03,0.414218,correct
4,/home/tahmid/crops/p03/p03_mask_clearglass_regular_008.jpg,p03,mask_clearglass,regular,0.6666381359100342,p03,0.340409,correct
4,/home/tahmid/crops/p03/p03_mask_clearglass_regular_009.jpg,p03,mask_clearglass,regular,0.6681323647499084,p03,0.331062,correct
4,/home/tahmid/crops/p03/p03_mask_clearglass_regular_010.jpg,p03,mask_clearglass,regular,0.6413054466247559,p03,0.295822,rejected
4,/home/tahmid/crops/p03/p03_mask_clearglass_regular_011.jpg,p03,mask_clearglass,regular,0.6448729038238525,p03,0.188678,rejected
4,/home/tahmid/crops/p03/p03_mask_clearglass_regular_012.jpg,p03,mask_clearglass,regular,0.6652299165725708,p01,0.130868,rejected
4,/home/tahmid/crops/p03/p03_mask_clearglass_regular_013.jpg,p03,mask_clearglass,regular,0.6531376242637634,p03,0.221524,rejected
4,/home/tahmid/crops/p03/p03_mask_low_001.jpg,p03,mask,low,0.7838709950447083,p03,0.536981,correct
4,/home/tahmid/crops/p03/p03_mask_low_002.jpg,p03,mask,low,0.7534803152084351,p03,0.502112,correct
4,/home/tahmid/crops/p03/p03_mask_low_003.jpg,p03,mask,low,0.7473822236061096,p03,0.575387,correct
4,/home/tahmid/crops/p03/p03_mask_low_004.jpg,p03,mask,low,0.7666648626327515,p03,0.579779,correct
4,/home/tahmid/crops/p03/p03_mask_low_005.jpg,p03,mask,low,0.7984418869018555,p03,0.560290,correct
4,/home/tahmid/crops/p03/p03_mask_low_006.jpg,p03,mask,low,0.7182042598724365,p03,0.409256,correct
4,/home/tahmid/crops/p03/p03_mask_low_007.jpg,p03,mask,low,0.6943960189819336,p03,0.435063,correct
4,/home/tahmid/crops/p03/p03_mask_low_008.jpg,p03,mask,low,0.6756942272186279,p03,0.159510,rejected
4,/home/tahmid/crops/p03/p03_mask_low_009.jpg,p03,mask,low,0.630604088306427,p03,0.174007,rejected
4,/home/tahmid/crops/p03/p03_mask_low_010.jpg,p03,mask,low,0.5861283540725708,p03,0.225288,rejected
4,/home/tahmid/crops/p03/p03_mask_low_011.jpg,p03,mask,low,0.5569984912872314,p01,0.231552,rejected
4,/home/tahmid/crops/p03/p03_mask_low_012.jpg,p03,mask,low,0.5717086791992188,p18,0.197585,rejected
4,/home/tahmid/crops/p03/p03_mask_regular_001.jpg,p03,mask,regular,0.8090189695358276,p03,0.548059,correct
4,/home/tahmid/crops/p03/p03_mask_regular_002.jpg,p03,mask,regular,0.767196536064148,p03,0.543302,correct
4,/home/tahmid/crops/p03/p03_mask_regular_003.jpg,p03,mask,regular,0.7298597097396851,p03,0.537245,correct
4,/home/tahmid/crops/p03/p03_mask_regular_004.jpg,p03,mask,regular,0.7906928062438965,p03,0.546775,correct
4,/home/tahmid/crops/p03/p03_mask_regular_005.jpg,p03,mask,regular,0.7841857075691223,p03,0.544602,correct
4,/home/tahmid/crops/p03/p03_mask_regular_006.jpg,p03,mask,regular,0.8363120555877686,p03,0.569402,correct
4,/home/tahmid/crops/p03/p03_mask_regular_007.jpg,p03,mask,regular,0.772472620010376,p03,0.366228,correct
4,/home/tahmid/crops/p03/p03_mask_regular_008.jpg,p03,mask,regular,0.699752688407898,p03,0.309713,correct
4,/home/tahmid/crops/p03/p03_mask_regular_009.jpg,p03,mask,regular,0.6289911866188049,p03,0.160840,rejected
4,/home/tahmid/crops/p03/p03_mask_regular_010.jpg,p03,mask,regular,0.6677665710449219,p03,0.119567,rejected
4,/home/tahmid/crops/p03/p03_mask_regular_011.jpg,p03,mask,regular,0.5927329659461975,p03,0.141041,rejected
4,/home/tahmid/crops/p03/p03_mask_regular_012.jpg,p03,mask,regular,0.5942220091819763,p03,0.277717,rejected
4,/home/tahmid/crops/p03/p03_mask_sunglass_low_001.jpg,p03,mask_sunglass,low,0.6651233434677124,p03,0.162399,rejected
4,/home/tahmid/crops/p03/p03_mask_sunglass_low_002.jpg,p03,mask_sunglass,low,0.6492035388946533,p03,0.188310,rejected
4,/home/tahmid/crops/p03/p03_mask_sunglass_low_003.jpg,p03,mask_sunglass,low,0.681812047958374,p03,0.146852,rejected
4,/home/tahmid/crops/p03/p03_mask_sunglass_low_004.jpg,p03,mask_sunglass,low,0.6326117515563965,p03,0.154625,rejected
4,/home/tahmid/crops/p03/p03_mask_sunglass_low_005.jpg,p03,mask_sunglass,low,0.7221688032150269,p14,0.150915,rejected
4,/home/tahmid/crops/p03/p03_mask_sunglass_low_006.jpg,p03,mask_sunglass,low,0.6968719959259033,p02,0.146683,rejected
4,/home/tahmid/crops/p03/p03_mask_sunglass_low_007.jpg,p03,mask_sunglass,low,0.6868792772293091,p02,0.136733,rejected
4,/home/tahmid/crops/p03/p03_mask_sunglass_low_008.jpg,p03,mask_sunglass,low,0.5492233633995056,p18,0.134469,rejected
4,/home/tahmid/crops/p03/p03_mask_sunglass_low_009.jpg,p03,mask_sunglass,low,0.48109614849090576,p03,0.143771,rejected
4,/home/tahmid/crops/p03/p03_mask_sunglass_low_010.jpg,p03,mask_sunglass,low,0.509395182132721,p03,0.159040,rejected
4,/home/tahmid/crops/p03/p03_mask_sunglass_low_011.jpg,p03,mask_sunglass,low,0.4019378125667572,p14,0.115708,rejected
4,/home/tahmid/crops/p03/p03_mask_sunglass_low_012.jpg,p03,mask_sunglass,low,0.42556095123291016,p14,0.158586,rejected
4,/home/tahmid/crops/p03/p03_mask_sunglass_low_013.jpg,p03,mask_sunglass,low,0.44121798872947693,p01,0.096185,rejected
4,/home/tahmid/crops/p03/p03_mask_sunglass_regular_001.jpg,p03,mask_sunglass,regular,0.6837053894996643,p03,0.150106,rejected
4,/home/tahmid/crops/p03/p03_mask_sunglass_regular_002.jpg,p03,mask_sunglass,regular,0.6763097047805786,p03,0.191210,rejected
4,/home/tahmid/crops/p03/p03_mask_sunglass_regular_003.jpg,p03,mask_sunglass,regular,0.6490412950515747,p03,0.190684,rejected
4,/home/tahmid/crops/p03/p03_mask_sunglass_regular_004.jpg,p03,mask_sunglass,regular,0.6311658620834351,p03,0.197340,rejected
4,/home/tahmid/crops/p03/p03_mask_sunglass_regular_005.jpg,p03,mask_sunglass,regular,0.6604593992233276,p03,0.217985,rejected
4,/home/tahmid/crops/p03/p03_mask_sunglass_regular_006.jpg,p03,mask_sunglass,regular,0.6654295921325684,p03,0.165967,rejected
4,/home/tahmid/crops/p03/p03_mask_sunglass_regular_007.jpg,p03,mask_sunglass,regular,0.7607550621032715,p14,0.153661,rejected
4,/home/tahmid/crops/p03/p03_mask_sunglass_regular_008.jpg,p03,mask_sunglass,regular,0.7288428544998169,p14,0.181491,rejected
4,/home/tahmid/crops/p03/p03_mask_sunglass_regular_009.jpg,p03,mask_sunglass,regular,0.5197964310646057,p01,0.168670,rejected
4,/home/tahmid/crops/p03/p03_mask_sunglass_regular_010.jpg,p03,mask_sunglass,regular,0.498989075422287,p01,0.125562,rejected
4,/home/tahmid/crops/p03/p03_mask_sunglass_regular_011.jpg,p03,mask_sunglass,regular,0.560417890548706,p03,0.180679,rejected
4,/home/tahmid/crops/p03/p03_mask_sunglass_regular_012.jpg,p03,mask_sunglass,regular,0.38414475321769714,p01,0.104777,rejected
4,/home/tahmid/crops/p03/p03_none_low_001.jpg,p03,none,low,0.9038351774215698,p03,0.935446,correct
4,/home/tahmid/crops/p03/p03_none_low_002.jpg,p03,none,low,0.906024694442749,p03,0.890657,correct
4,/home/tahmid/crops/p03/p03_none_low_003.jpg,p03,none,low,0.9046471118927002,p03,0.908462,correct
4,/home/tahmid/crops/p03/p03_none_low_004.jpg,p03,none,low,0.8390332460403442,p03,0.785608,correct
4,/home/tahmid/crops/p03/p03_none_low_005.jpg,p03,none,low,0.8529253602027893,p03,0.812923,correct
4,/home/tahmid/crops/p03/p03_none_low_006.jpg,p03,none,low,0.8371129631996155,p03,0.823746,correct
4,/home/tahmid/crops/p03/p03_none_low_007.jpg,p03,none,low,0.8535202741622925,p03,0.806280,correct
4,/home/tahmid/crops/p03/p03_none_low_008.jpg,p03,none,low,0.7903869152069092,p03,0.667257,correct
4,/home/tahmid/crops/p03/p03_none_low_009.jpg,p03,none,low,0.8185174465179443,p03,0.671906,correct
4,/home/tahmid/crops/p03/p03_none_low_010.jpg,p03,none,low,0.810625433921814,p03,0.684345,correct
4,/home/tahmid/crops/p03/p03_none_low_011.jpg,p03,none,low,0.7368124723434448,p03,0.648049,correct
4,/home/tahmid/crops/p03/p03_none_low_012.jpg,p03,none,low,0.7101989984512329,p03,0.665000,correct
4,/home/tahmid/crops/p03/p03_none_low_013.jpg,p03,none,low,0.7305333614349365,p03,0.666064,correct
4,/home/tahmid/crops/p03/p03_none_regular_001.jpg,p03,none,regular,0.8564387559890747,p03,0.770334,correct
4,/home/tahmid/crops/p03/p03_none_regular_002.jpg,p03,none,regular,0.8825311064720154,p03,0.810791,correct
4,/home/tahmid/crops/p03/p03_none_regular_004.jpg,p03,none,regular,0.9035580158233643,p03,0.957870,correct
4,/home/tahmid/crops/p03/p03_none_regular_005.jpg,p03,none,regular,0.8134505748748779,p03,0.792171,correct
4,/home/tahmid/crops/p03/p03_none_regular_006.jpg,p03,none,regular,0.8460507392883301,p03,0.793889,correct
4,/home/tahmid/crops/p03/p03_none_regular_007.jpg,p03,none,regular,0.8465936183929443,p03,0.774152,correct
4,/home/tahmid/crops/p03/p03_none_regular_008.jpg,p03,none,regular,0.832641065120697,p03,0.723923,correct
4,/home/tahmid/crops/p03/p03_none_regular_009.jpg,p03,none,regular,0.8829057812690735,p03,0.780160,correct
4,/home/tahmid/crops/p03/p03_none_regular_010.jpg,p03,none,regular,0.8013136386871338,p03,0.721762,correct
4,/home/tahmid/crops/p03/p03_none_regular_011.jpg,p03,none,regular,0.850350022315979,p03,0.742224,correct
4,/home/tahmid/crops/p03/p03_none_regular_012.jpg,p03,none,regular,0.7649798393249512,p03,0.648838,correct
4,/home/tahmid/crops/p03/p03_none_regular_013.jpg,p03,none,regular,0.7527951002120972,p03,0.646321,correct
4,/home/tahmid/crops/p03/p03_scarf_low_001.jpg,p03,scarf,low,0.8504500985145569,p03,0.771508,correct
4,/home/tahmid/crops/p03/p03_scarf_low_002.jpg,p03,scarf,low,0.8558462858200073,p03,0.783935,correct
4,/home/tahmid/crops/p03/p03_scarf_low_003.jpg,p03,scarf,low,0.8711992502212524,p03,0.803536,correct
4,/home/tahmid/crops/p03/p03_scarf_low_004.jpg,p03,scarf,low,0.8590185642242432,p03,0.706030,correct
4,/home/tahmid/crops/p03/p03_scarf_low_005.jpg,p03,scarf,low,0.8285889029502869,p03,0.739717,correct
4,/home/tahmid/crops/p03/p03_scarf_low_006.jpg,p03,scarf,low,0.839922308921814,p03,0.713186,correct
4,/home/tahmid/crops/p03/p03_scarf_low_007.jpg,p03,scarf,low,0.7463665008544922,p03,0.596509,correct
4,/home/tahmid/crops/p03/p03_scarf_low_008.jpg,p03,scarf,low,0.7741001844406128,p03,0.584538,correct
4,/home/tahmid/crops/p03/p03_scarf_low_009.jpg,p03,scarf,low,0.7611361742019653,p03,0.586682,correct
4,/home/tahmid/crops/p03/p03_scarf_low_010.jpg,p03,scarf,low,0.7825286984443665,p03,0.465816,correct
4,/home/tahmid/crops/p03/p03_scarf_low_011.jpg,p03,scarf,low,0.8106836080551147,p03,0.449869,correct
4,/home/tahmid/crops/p03/p03_scarf_low_012.jpg,p03,scarf,low,0.8039485216140747,p03,0.441898,correct
4,/home/tahmid/crops/p03/p03_scarf_regular_001.jpg,p03,scarf,regular,0.8601851463317871,p03,0.790916,correct
4,/home/tahmid/crops/p03/p03_scarf_regular_002.jpg,p03,scarf,regular,0.8794476985931396,p03,0.812112,correct
4,/home/tahmid/crops/p03/p03_scarf_regular_003.jpg,p03,scarf,regular,0.8664790391921997,p03,0.708700,correct
4,/home/tahmid/crops/p03/p03_scarf_regular_004.jpg,p03,scarf,regular,0.8721058964729309,p03,0.691281,correct
4,/home/tahmid/crops/p03/p03_scarf_regular_005.jpg,p03,scarf,regular,0.8832465410232544,p03,0.665593,correct
4,/home/tahmid/crops/p03/p03_scarf_regular_006.jpg,p03,scarf,regular,0.8645399808883667,p03,0.722530,correct
4,/home/tahmid/crops/p03/p03_scarf_regular_007.jpg,p03,scarf,regular,0.8596959710121155,p03,0.698492,correct
4,/home/tahmid/crops/p03/p03_scarf_regular_008.jpg,p03,scarf,regular,0.8405076265335083,p03,0.707678,correct
4,/home/tahmid/crops/p03/p03_scarf_regular_009.jpg,p03,scarf,regular,0.7543739080429077,p03,0.553727,correct
4,/home/tahmid/crops/p03/p03_scarf_regular_010.jpg,p03,scarf,regular,0.7795521020889282,p03,0.571404,correct
4,/home/tahmid/crops/p03/p03_scarf_regular_011.jpg,p03,scarf,regular,0.7619588971138,p03,0.535570,correct
4,/home/tahmid/crops/p03/p03_scarf_regular_012.jpg,p03,scarf,regular,0.7260115742683411,p03,0.406608,correct
4,/home/tahmid/crops/p03/p03_scarf_regular_013.jpg,p03,scarf,regular,0.7401286363601685,p03,0.419033,correct
4,/home/tahmid/crops/p03/p03_sunglass_low_001.jpg,p03,sunglass,low,0.8660150766372681,p03,0.736371,correct
4,/home/tahmid/crops/p03/p03_sunglass_low_002.jpg,p03,sunglass,low,0.871696949005127,p03,0.652570,correct
4,/home/tahmid/crops/p03/p03_sunglass_low_003.jpg,p03,sunglass,low,0.7153196930885315,p03,0.493841,correct
4,/home/tahmid/crops/p03/p03_sunglass_low_004.jpg,p03,sunglass,low,0.6781966686248779,p03,0.500537,correct
4,/home/tahmid/crops/p03/p03_sunglass_low_005.jpg,p03,sunglass,low,0.6230816841125488,p03,0.477251,correct
4,/home/tahmid/crops/p03/p03_sunglass_low_006.jpg,p03,sunglass,low,0.7916026711463928,p03,0.608919,correct
4,/home/tahmid/crops/p03/p03_sunglass_low_007.jpg,p03,sunglass,low,0.8301378488540649,p03,0.598129,correct
4,/home/tahmid/crops/p03/p03_sunglass_low_008.jpg,p03,sunglass,low,0.6903455853462219,p03,0.493036,correct
4,/home/tahmid/crops/p03/p03_sunglass_low_009.jpg,p03,sunglass,low,0.6654828190803528,p03,0.447047,correct
4,/home/tahmid/crops/p03/p03_sunglass_low_010.jpg,p03,sunglass,low,0.6788684725761414,p03,0.468109,correct
4,/home/tahmid/crops/p03/p03_sunglass_low_011.jpg,p03,sunglass,low,0.8168478012084961,p03,0.478872,correct
4,/home/tahmid/crops/p03/p03_sunglass_low_012.jpg,p03,sunglass,low,0.7932237386703491,p03,0.464141,correct
4,/home/tahmid/crops/p03/p03_sunglass_low_013.jpg,p03,sunglass,low,0.761330246925354,p03,0.448139,correct
4,/home/tahmid/crops/p03/p03_sunglass_regular_001.jpg,p03,sunglass,regular,0.8745757341384888,p03,0.685827,correct
4,/home/tahmid/crops/p03/p03_sunglass_regular_002.jpg,p03,sunglass,regular,0.8619086742401123,p03,0.710389,correct
4,/home/tahmid/crops/p03/p03_sunglass_regular_003.jpg,p03,sunglass,regular,0.8397113084793091,p03,0.723118,correct
4,/home/tahmid/crops/p03/p03_sunglass_regular_004.jpg,p03,sunglass,regular,0.7180941700935364,p03,0.576167,correct
4,/home/tahmid/crops/p03/p03_sunglass_regular_005.jpg,p03,sunglass,regular,0.73323655128479,p03,0.542249,correct
4,/home/tahmid/crops/p03/p03_sunglass_regular_006.jpg,p03,sunglass,regular,0.7379710078239441,p03,0.526930,correct
4,/home/tahmid/crops/p03/p03_sunglass_regular_007.jpg,p03,sunglass,regular,0.8604832887649536,p03,0.642239,correct
4,/home/tahmid/crops/p03/p03_sunglass_regular_008.jpg,p03,sunglass,regular,0.8491723537445068,p03,0.628439,correct
4,/home/tahmid/crops/p03/p03_sunglass_regular_009.jpg,p03,sunglass,regular,0.8396793603897095,p03,0.648345,correct
4,/home/tahmid/crops/p03/p03_sunglass_regular_010.jpg,p03,sunglass,regular,0.675800085067749,p03,0.514198,correct
4,/home/tahmid/crops/p03/p03_sunglass_regular_011.jpg,p03,sunglass,regular,0.6978246569633484,p03,0.468506,correct
4,/home/tahmid/crops/p03/p03_sunglass_regular_012.jpg,p03,sunglass,regular,0.7631394863128662,p03,0.526305,correct
4,/home/tahmid/crops/p03/p03_sunglass_regular_013.jpg,p03,sunglass,regular,0.7887269258499146,p03,0.503803,correct
4,/home/tahmid/crops/p14/p14_cap_low_001.jpg,p14,cap,low,0.7363739013671875,p14,0.772995,correct
4,/home/tahmid/crops/p14/p14_cap_low_002.jpg,p14,cap,low,0.7957340478897095,p14,0.770366,correct
4,/home/tahmid/crops/p14/p14_cap_low_003.jpg,p14,cap,low,0.5757846236228943,p14,0.404826,correct
4,/home/tahmid/crops/p14/p14_cap_low_004.jpg,p14,cap,low,0.5754321813583374,p14,0.439084,correct
4,/home/tahmid/crops/p14/p14_cap_low_005.jpg,p14,cap,low,0.7371332049369812,p14,0.756273,correct
4,/home/tahmid/crops/p14/p14_cap_low_006.jpg,p14,cap,low,0.7762575745582581,p14,0.724969,correct
4,/home/tahmid/crops/p14/p14_cap_low_007.jpg,p14,cap,low,0.6880300641059875,p14,0.586305,correct
4,/home/tahmid/crops/p14/p14_cap_low_008.jpg,p14,cap,low,0.7058970928192139,p14,0.603050,correct
4,/home/tahmid/crops/p14/p14_cap_low_009.jpg,p14,cap,low,0.7188872694969177,p14,0.516756,correct
4,/home/tahmid/crops/p14/p14_cap_low_010.jpg,p14,cap,low,0.679463267326355,p14,0.578945,correct
4,/home/tahmid/crops/p14/p14_cap_regular_001.jpg,p14,cap,regular,0.7583647966384888,p14,0.786037,correct
4,/home/tahmid/crops/p14/p14_cap_regular_002.jpg,p14,cap,regular,0.8261572122573853,p14,0.791754,correct
4,/home/tahmid/crops/p14/p14_cap_regular_003.jpg,p14,cap,regular,0.6173693537712097,p14,0.480396,correct
4,/home/tahmid/crops/p14/p14_cap_regular_004.jpg,p14,cap,regular,0.5958746671676636,p14,0.425575,correct
4,/home/tahmid/crops/p14/p14_cap_regular_005.jpg,p14,cap,regular,0.7646816372871399,p14,0.755712,correct
4,/home/tahmid/crops/p14/p14_cap_regular_006.jpg,p14,cap,regular,0.8076620101928711,p14,0.744964,correct
4,/home/tahmid/crops/p14/p14_cap_regular_007.jpg,p14,cap,regular,0.6826919317245483,p14,0.582799,correct
4,/home/tahmid/crops/p14/p14_cap_regular_008.jpg,p14,cap,regular,0.7048285007476807,p14,0.596911,correct
4,/home/tahmid/crops/p14/p14_cap_regular_009.jpg,p14,cap,regular,0.63408362865448,p14,0.515296,correct
4,/home/tahmid/crops/p14/p14_cap_regular_010.jpg,p14,cap,regular,0.629169762134552,p14,0.573431,correct
4,/home/tahmid/crops/p14/p14_clearglass_low_001.jpg,p14,clearglass,low,0.7962746620178223,p14,0.781982,correct
4,/home/tahmid/crops/p14/p14_clearglass_low_002.jpg,p14,clearglass,low,0.8083474040031433,p14,0.793953,correct
4,/home/tahmid/crops/p14/p14_clearglass_low_003.jpg,p14,clearglass,low,0.6857713460922241,p14,0.500421,correct
4,/home/tahmid/crops/p14/p14_clearglass_low_004.jpg,p14,clearglass,low,0.6774111986160278,p14,0.579152,correct
4,/home/tahmid/crops/p14/p14_clearglass_low_005.jpg,p14,clearglass,low,0.8242962956428528,p14,0.598077,correct
4,/home/tahmid/crops/p14/p14_clearglass_low_006.jpg,p14,clearglass,low,0.8188418745994568,p14,0.655706,correct
4,/home/tahmid/crops/p14/p14_clearglass_low_007.jpg,p14,clearglass,low,0.6728872060775757,p14,0.478844,correct
4,/home/tahmid/crops/p14/p14_clearglass_low_008.jpg,p14,clearglass,low,0.7264329791069031,p14,0.508053,correct
4,/home/tahmid/crops/p14/p14_clearglass_low_009.jpg,p14,clearglass,low,0.7273231744766235,p14,0.491445,correct
4,/home/tahmid/crops/p14/p14_clearglass_low_010.jpg,p14,clearglass,low,0.7341016530990601,p14,0.540775,correct
4,/home/tahmid/crops/p14/p14_clearglass_regular_001.jpg,p14,clearglass,regular,0.827630877494812,p14,0.810489,correct
4,/home/tahmid/crops/p14/p14_clearglass_regular_002.jpg,p14,clearglass,regular,0.8231920003890991,p14,0.813373,correct
4,/home/tahmid/crops/p14/p14_clearglass_regular_003.jpg,p14,clearglass,regular,0.6946051716804504,p14,0.521339,correct
4,/home/tahmid/crops/p14/p14_clearglass_regular_004.jpg,p14,clearglass,regular,0.6682175993919373,p14,0.635726,correct
4,/home/tahmid/crops/p14/p14_clearglass_regular_005.jpg,p14,clearglass,regular,0.8365837931632996,p14,0.641435,correct
4,/home/tahmid/crops/p14/p14_clearglass_regular_006.jpg,p14,clearglass,regular,0.8347445726394653,p14,0.700337,correct
4,/home/tahmid/crops/p14/p14_clearglass_regular_007.jpg,p14,clearglass,regular,0.6821829080581665,p14,0.535423,correct
4,/home/tahmid/crops/p14/p14_clearglass_regular_008.jpg,p14,clearglass,regular,0.7223395109176636,p14,0.515741,correct
4,/home/tahmid/crops/p14/p14_clearglass_regular_009.jpg,p14,clearglass,regular,0.7222215533256531,p14,0.498889,correct
4,/home/tahmid/crops/p14/p14_clearglass_regular_010.jpg,p14,clearglass,regular,0.7175767421722412,p14,0.503694,correct
4,/home/tahmid/crops/p14/p14_mask_clearglass_low_001.jpg,p14,mask_clearglass,low,0.7813940048217773,p14,0.445711,correct
4,/home/tahmid/crops/p14/p14_mask_clearglass_low_002.jpg,p14,mask_clearglass,low,0.7202954292297363,p14,0.424124,correct
4,/home/tahmid/crops/p14/p14_mask_clearglass_low_003.jpg,p14,mask_clearglass,low,0.7483558654785156,p14,0.235923,rejected
4,/home/tahmid/crops/p14/p14_mask_clearglass_low_004.jpg,p14,mask_clearglass,low,0.7553979158401489,p14,0.263194,rejected
4,/home/tahmid/crops/p14/p14_mask_clearglass_low_005.jpg,p14,mask_clearglass,low,0.47892919182777405,p14,0.236834,rejected
4,/home/tahmid/crops/p14/p14_mask_clearglass_low_006.jpg,p14,mask_clearglass,low,0.48319607973098755,p16,0.111675,rejected
4,/home/tahmid/crops/p14/p14_mask_clearglass_low_007.jpg,p14,mask_clearglass,low,0.5860301852226257,p14,0.255463,rejected
4,/home/tahmid/crops/p14/p14_mask_clearglass_low_008.jpg,p14,mask_clearglass,low,0.6296706795692444,p14,0.297473,rejected
4,/home/tahmid/crops/p14/p14_mask_clearglass_low_009.jpg,p14,mask_clearglass,low,0.669965386390686,p14,0.199534,rejected
4,/home/tahmid/crops/p14/p14_mask_clearglass_low_010.jpg,p14,mask_clearglass,low,0.5549437403678894,p14,0.156317,rejected
4,/home/tahmid/crops/p14/p14_mask_clearglass_regular_001.jpg,p14,mask_clearglass,regular,0.8054829835891724,p14,0.449130,correct
4,/home/tahmid/crops/p14/p14_mask_clearglass_regular_002.jpg,p14,mask_clearglass,regular,0.7491148114204407,p14,0.427560,correct
4,/home/tahmid/crops/p14/p14_mask_clearglass_regular_003.jpg,p14,mask_clearglass,regular,0.7479087114334106,p14,0.200066,rejected
4,/home/tahmid/crops/p14/p14_mask_clearglass_regular_004.jpg,p14,mask_clearglass,regular,0.7521767020225525,p14,0.250222,rejected
4,/home/tahmid/crops/p14/p14_mask_clearglass_regular_005.jpg,p14,mask_clearglass,regular,0.5172159671783447,p14,0.195781,rejected
4,/home/tahmid/crops/p14/p14_mask_clearglass_regular_006.jpg,p14,mask_clearglass,regular,0.4779673218727112,p14,0.171558,rejected
4,/home/tahmid/crops/p14/p14_mask_clearglass_regular_007.jpg,p14,mask_clearglass,regular,0.5944012403488159,p14,0.274551,rejected
4,/home/tahmid/crops/p14/p14_mask_clearglass_regular_008.jpg,p14,mask_clearglass,regular,0.5908840894699097,p14,0.269428,rejected
4,/home/tahmid/crops/p14/p14_mask_clearglass_regular_009.jpg,p14,mask_clearglass,regular,0.6356604099273682,p14,0.270504,rejected
4,/home/tahmid/crops/p14/p14_mask_clearglass_regular_010.jpg,p14,mask_clearglass,regular,0.5525705218315125,p14,0.275726,rejected
4,/home/tahmid/crops/p14/p14_mask_low_001.jpg,p14,mask,low,0.7193030118942261,p14,0.574434,correct
4,/home/tahmid/crops/p14/p14_mask_low_002.jpg,p14,mask,low,0.8112591505050659,p14,0.570273,correct
4,/home/tahmid/crops/p14/p14_mask_low_003.jpg,p14,mask,low,0.7798869609832764,p14,0.406049,correct
4,/home/tahmid/crops/p14/p14_mask_low_004.jpg,p14,mask,low,0.7675835490226746,p14,0.403278,correct
4,/home/tahmid/crops/p14/p14_mask_low_006.jpg,p14,mask,low,0.40939974784851074,p13,0.248592,rejected
4,/home/tahmid/crops/p14/p14_mask_low_007.jpg,p14,mask,low,0.860283613204956,p14,0.533823,correct
4,/home/tahmid/crops/p14/p14_mask_low_008.jpg,p14,mask,low,0.7931647896766663,p14,0.387064,correct
4,/home/tahmid/crops/p14/p14_mask_low_009.jpg,p14,mask,low,0.5494384765625,p01,0.098546,rejected
4,/home/tahmid/crops/p14/p14_mask_low_010.jpg,p14,mask,low,0.7172908782958984,p14,0.347878,correct
4,/home/tahmid/crops/p14/p14_mask_low_011.jpg,p14,mask,low,0.6525274515151978,p14,0.334513,correct
4,/home/tahmid/crops/p14/p14_mask_low_012.jpg,p14,mask,low,0.5561423897743225,p14,0.262139,rejected
4,/home/tahmid/crops/p14/p14_mask_low_013.jpg,p14,mask,low,0.64435875415802,p23,0.099344,rejected
4,/home/tahmid/crops/p14/p14_mask_low_014.jpg,p14,mask,low,0.6404483318328857,p23,0.147988,rejected
4,/home/tahmid/crops/p14/p14_mask_low_015.jpg,p14,mask,low,0.5990228056907654,p23,0.138311,rejected
4,/home/tahmid/crops/p14/p14_mask_regular_001.jpg,p14,mask,regular,0.7324843406677246,p14,0.595385,correct
4,/home/tahmid/crops/p14/p14_mask_regular_002.jpg,p14,mask,regular,0.8022150993347168,p14,0.579751,correct
4,/home/tahmid/crops/p14/p14_mask_regular_003.jpg,p14,mask,regular,0.7505499720573425,p14,0.437450,correct
4,/home/tahmid/crops/p14/p14_mask_regular_004.jpg,p14,mask,regular,0.7976316809654236,p14,0.446736,correct
4,/home/tahmid/crops/p14/p14_mask_regular_005.jpg,p14,mask,regular,0.6494861841201782,p14,0.348220,correct
4,/home/tahmid/crops/p14/p14_mask_regular_006.jpg,p14,mask,regular,0.7202303409576416,p14,0.292408,rejected
4,/home/tahmid/crops/p14/p14_mask_regular_007.jpg,p14,mask,regular,0.8365796804428101,p14,0.553257,correct
4,/home/tahmid/crops/p14/p14_mask_regular_008.jpg,p14,mask,regular,0.7697551250457764,p14,0.459616,correct
4,/home/tahmid/crops/p14/p14_mask_regular_009.jpg,p14,mask,regular,0.7265828847885132,p14,0.312854,correct
4,/home/tahmid/crops/p14/p14_mask_regular_010.jpg,p14,mask,regular,0.7090047001838684,p14,0.374887,correct
4,/home/tahmid/crops/p14/p14_mask_regular_011.jpg,p14,mask,regular,0.6708863973617554,p14,0.346956,correct
4,/home/tahmid/crops/p14/p14_mask_regular_012.jpg,p14,mask,regular,0.5716615915298462,p14,0.253702,rejected
4,/home/tahmid/crops/p14/p14_mask_regular_013.jpg,p14,mask,regular,0.6869769096374512,p14,0.304212,correct
4,/home/tahmid/crops/p14/p14_mask_regular_014.jpg,p14,mask,regular,0.6457582712173462,p14,0.324408,correct
4,/home/tahmid/crops/p14/p14_mask_regular_015.jpg,p14,mask,regular,0.6669232845306396,p14,0.365871,correct
4,/home/tahmid/crops/p14/p14_mask_sunglass_low_001.jpg,p14,mask_sunglass,low,0.8374698162078857,p14,0.323558,correct
4,/home/tahmid/crops/p14/p14_mask_sunglass_low_002.jpg,p14,mask_sunglass,low,0.7833478450775146,p14,0.220407,rejected
4,/home/tahmid/crops/p14/p14_mask_sunglass_low_003.jpg,p14,mask_sunglass,low,0.7949549555778503,p14,0.210619,rejected
4,/home/tahmid/crops/p14/p14_mask_sunglass_low_004.jpg,p14,mask_sunglass,low,0.6928343772888184,p14,0.130740,rejected
4,/home/tahmid/crops/p14/p14_mask_sunglass_low_005.jpg,p14,mask_sunglass,low,0.7148670554161072,p14,0.155471,rejected
4,/home/tahmid/crops/p14/p14_mask_sunglass_low_006.jpg,p14,mask_sunglass,low,0.6881424784660339,p14,0.139249,rejected
4,/home/tahmid/crops/p14/p14_mask_sunglass_low_007.jpg,p14,mask_sunglass,low,0.380357950925827,p30,0.126228,rejected
4,/home/tahmid/crops/p14/p14_mask_sunglass_low_008.jpg,p14,mask_sunglass,low,0.3073124885559082,p30,0.100243,rejected
4,/home/tahmid/crops/p14/p14_mask_sunglass_low_010.jpg,p14,mask_sunglass,low,0.6188417673110962,p14,0.172956,rejected
4,/home/tahmid/crops/p14/p14_mask_sunglass_low_011.jpg,p14,mask_sunglass,low,0.6948283910751343,p25,0.137258,rejected
4,/home/tahmid/crops/p14/p14_mask_sunglass_low_012.jpg,p14,mask_sunglass,low,0.6303465962409973,p14,0.169534,rejected
4,/home/tahmid/crops/p14/p14_mask_sunglass_low_013.jpg,p14,mask_sunglass,low,0.5600792169570923,p14,0.212196,rejected
4,/home/tahmid/crops/p14/p14_mask_sunglass_low_014.jpg,p14,mask_sunglass,low,0.5487680435180664,p14,0.173322,rejected
4,/home/tahmid/crops/p14/p14_mask_sunglass_low_015.jpg,p14,mask_sunglass,low,0.6977946162223816,p14,0.177915,rejected
4,/home/tahmid/crops/p14/p14_mask_sunglass_regular_001.jpg,p14,mask_sunglass,regular,0.8411574959754944,p14,0.294311,rejected
4,/home/tahmid/crops/p14/p14_mask_sunglass_regular_002.jpg,p14,mask_sunglass,regular,0.8049416542053223,p14,0.307818,correct
4,/home/tahmid/crops/p14/p14_mask_sunglass_regular_003.jpg,p14,mask_sunglass,regular,0.7820132374763489,p14,0.296311,rejected
4,/home/tahmid/crops/p14/p14_mask_sunglass_regular_004.jpg,p14,mask_sunglass,regular,0.6930013298988342,p14,0.171674,rejected
4,/home/tahmid/crops/p14/p14_mask_sunglass_regular_005.jpg,p14,mask_sunglass,regular,0.715118408203125,p14,0.162750,rejected
4,/home/tahmid/crops/p14/p14_mask_sunglass_regular_006.jpg,p14,mask_sunglass,regular,0.7201688289642334,p14,0.193561,rejected
4,/home/tahmid/crops/p14/p14_mask_sunglass_regular_009.jpg,p14,mask_sunglass,regular,0.30444610118865967,p30,0.071525,rejected
4,/home/tahmid/crops/p14/p14_mask_sunglass_regular_010.jpg,p14,mask_sunglass,regular,0.5294903516769409,p14,0.209154,rejected
4,/home/tahmid/crops/p14/p14_mask_sunglass_regular_011.jpg,p14,mask_sunglass,regular,0.6409647464752197,p25,0.162458,rejected
4,/home/tahmid/crops/p14/p14_mask_sunglass_regular_012.jpg,p14,mask_sunglass,regular,0.6616666316986084,p25,0.178398,rejected
4,/home/tahmid/crops/p14/p14_mask_sunglass_regular_013.jpg,p14,mask_sunglass,regular,0.5499852895736694,p14,0.202237,rejected
4,/home/tahmid/crops/p14/p14_mask_sunglass_regular_014.jpg,p14,mask_sunglass,regular,0.5481332540512085,p14,0.197444,rejected
4,/home/tahmid/crops/p14/p14_mask_sunglass_regular_015.jpg,p14,mask_sunglass,regular,0.7064663171768188,p14,0.197551,rejected
4,/home/tahmid/crops/p14/p14_none_low_004.jpg,p14,none,low,0.8017944097518921,p14,0.597429,correct
4,/home/tahmid/crops/p14/p14_none_low_005.jpg,p14,none,low,0.8347570300102234,p14,0.587351,correct
4,/home/tahmid/crops/p14/p14_none_low_006.jpg,p14,none,low,0.8166420459747314,p14,0.539572,correct
4,/home/tahmid/crops/p14/p14_none_low_007.jpg,p14,none,low,0.7619820237159729,p14,0.545710,correct
4,/home/tahmid/crops/p14/p14_none_low_008.jpg,p14,none,low,0.8072963953018188,p14,0.503630,correct
4,/home/tahmid/crops/p14/p14_none_low_009.jpg,p14,none,low,0.8064711093902588,p14,0.510777,correct
4,/home/tahmid/crops/p14/p14_none_low_010.jpg,p14,none,low,0.7539897561073303,p14,0.649570,correct
4,/home/tahmid/crops/p14/p14_none_low_011.jpg,p14,none,low,0.7717002630233765,p14,0.641487,correct
4,/home/tahmid/crops/p14/p14_none_low_012.jpg,p14,none,low,0.7572649121284485,p14,0.642933,correct
4,/home/tahmid/crops/p14/p14_none_low_013.jpg,p14,none,low,0.8383042812347412,p14,0.633721,correct
4,/home/tahmid/crops/p14/p14_none_low_014.jpg,p14,none,low,0.833048939704895,p14,0.588310,correct
4,/home/tahmid/crops/p14/p14_none_low_015.jpg,p14,none,low,0.8255729675292969,p14,0.608533,correct
4,/home/tahmid/crops/p14/p14_none_regular_004.jpg,p14,none,regular,0.7914472818374634,p14,0.627292,correct
4,/home/tahmid/crops/p14/p14_none_regular_005.jpg,p14,none,regular,0.828781008720398,p14,0.563164,correct
4,/home/tahmid/crops/p14/p14_none_regular_006.jpg,p14,none,regular,0.82405686378479,p14,0.578466,correct
4,/home/tahmid/crops/p14/p14_none_regular_007.jpg,p14,none,regular,0.7886130809783936,p14,0.531902,correct
4,/home/tahmid/crops/p14/p14_none_regular_008.jpg,p14,none,regular,0.8306190967559814,p14,0.534609,correct
4,/home/tahmid/crops/p14/p14_none_regular_009.jpg,p14,none,regular,0.8378527164459229,p14,0.518103,correct
4,/home/tahmid/crops/p14/p14_none_regular_010.jpg,p14,none,regular,0.7451779246330261,p14,0.648865,correct
4,/home/tahmid/crops/p14/p14_none_regular_011.jpg,p14,none,regular,0.7514144778251648,p14,0.662990,correct
4,/home/tahmid/crops/p14/p14_none_regular_012.jpg,p14,none,regular,0.7470453977584839,p14,0.672099,correct
4,/home/tahmid/crops/p14/p14_none_regular_013.jpg,p14,none,regular,0.8548569083213806,p14,0.601099,correct
4,/home/tahmid/crops/p14/p14_none_regular_014.jpg,p14,none,regular,0.8461771607398987,p14,0.595000,correct
4,/home/tahmid/crops/p14/p14_none_regular_015.jpg,p14,none,regular,0.8172848224639893,p14,0.610964,correct
4,/home/tahmid/crops/p14/p14_scarf_low_001.jpg,p14,scarf,low,0.7797102928161621,p14,0.530210,correct
4,/home/tahmid/crops/p14/p14_scarf_low_002.jpg,p14,scarf,low,0.8189353942871094,p14,0.576818,correct
4,/home/tahmid/crops/p14/p14_scarf_low_003.jpg,p14,scarf,low,0.6489291191101074,p14,0.294984,rejected
4,/home/tahmid/crops/p14/p14_scarf_low_004.jpg,p14,scarf,low,0.6762382984161377,p14,0.297616,rejected
4,/home/tahmid/crops/p14/p14_scarf_low_005.jpg,p14,scarf,low,0.7451894283294678,p14,0.346755,correct
4,/home/tahmid/crops/p14/p14_scarf_low_006.jpg,p14,scarf,low,0.7666355967521667,p14,0.387226,correct
4,/home/tahmid/crops/p14/p14_scarf_low_007.jpg,p14,scarf,low,0.6481987833976746,p14,0.331458,correct
4,/home/tahmid/crops/p14/p14_scarf_low_008.jpg,p14,scarf,low,0.5708774924278259,p14,0.301212,correct
4,/home/tahmid/crops/p14/p14_scarf_low_009.jpg,p14,scarf,low,0.6729777455329895,p14,0.495393,correct
4,/home/tahmid/crops/p14/p14_scarf_low_010.jpg,p14,scarf,low,0.665791928768158,p14,0.502499,correct
4,/home/tahmid/crops/p14/p14_scarf_regular_001.jpg,p14,scarf,regular,0.7494008541107178,p14,0.622205,correct
4,/home/tahmid/crops/p14/p14_scarf_regular_002.jpg,p14,scarf,regular,0.8456385135650635,p14,0.636394,correct
4,/home/tahmid/crops/p14/p14_scarf_regular_003.jpg,p14,scarf,regular,0.5912402868270874,p14,0.275914,rejected
4,/home/tahmid/crops/p14/p14_scarf_regular_004.jpg,p14,scarf,regular,0.6717361211776733,p14,0.439102,correct
4,/home/tahmid/crops/p14/p14_scarf_regular_005.jpg,p14,scarf,regular,0.7454689145088196,p14,0.451066,correct
4,/home/tahmid/crops/p14/p14_scarf_regular_006.jpg,p14,scarf,regular,0.7699057459831238,p14,0.454042,correct
4,/home/tahmid/crops/p14/p14_scarf_regular_007.jpg,p14,scarf,regular,0.6351630091667175,p14,0.571443,correct
4,/home/tahmid/crops/p14/p14_scarf_regular_008.jpg,p14,scarf,regular,0.6426458954811096,p14,0.523728,correct
4,/home/tahmid/crops/p14/p14_scarf_regular_009.jpg,p14,scarf,regular,0.6902800798416138,p14,0.524504,correct
4,/home/tahmid/crops/p14/p14_scarf_regular_010.jpg,p14,scarf,regular,0.7380223274230957,p14,0.486404,correct
4,/home/tahmid/crops/p14/p14_sunglass_low_001.jpg,p14,sunglass,low,0.791211724281311,p14,0.593370,correct
4,/home/tahmid/crops/p14/p14_sunglass_low_002.jpg,p14,sunglass,low,0.8322032690048218,p14,0.594234,correct
4,/home/tahmid/crops/p14/p14_sunglass_low_003.jpg,p14,sunglass,low,0.6489604711532593,p14,0.278721,rejected
4,/home/tahmid/crops/p14/p14_sunglass_low_004.jpg,p14,sunglass,low,0.6379850506782532,p14,0.443446,correct
4,/home/tahmid/crops/p14/p14_sunglass_low_005.jpg,p14,sunglass,low,0.8192062377929688,p14,0.569309,correct
4,/home/tahmid/crops/p14/p14_sunglass_low_006.jpg,p14,sunglass,low,0.864929735660553,p14,0.565203,correct
4,/home/tahmid/crops/p14/p14_sunglass_low_007.jpg,p14,sunglass,low,0.7577387094497681,p14,0.437022,correct
4,/home/tahmid/crops/p14/p14_sunglass_low_008.jpg,p14,sunglass,low,0.7409473657608032,p14,0.462318,correct
4,/home/tahmid/crops/p14/p14_sunglass_low_009.jpg,p14,sunglass,low,0.7600211501121521,p14,0.542307,correct
4,/home/tahmid/crops/p14/p14_sunglass_low_010.jpg,p14,sunglass,low,0.7357551455497742,p14,0.528364,correct
4,/home/tahmid/crops/p14/p14_sunglass_low_011.jpg,p14,sunglass,low,0.8284329771995544,p14,0.610175,correct
4,/home/tahmid/crops/p14/p14_sunglass_low_012.jpg,p14,sunglass,low,0.6637061834335327,p14,0.408819,correct
4,/home/tahmid/crops/p14/p14_sunglass_low_013.jpg,p14,sunglass,low,0.7994769811630249,p14,0.488008,correct
4,/home/tahmid/crops/p14/p14_sunglass_low_014.jpg,p14,sunglass,low,0.7218015193939209,p14,0.410646,correct
4,/home/tahmid/crops/p14/p14_sunglass_low_015.jpg,p14,sunglass,low,0.7497619390487671,p14,0.535106,correct
4,/home/tahmid/crops/p14/p14_sunglass_regular_001.jpg,p14,sunglass,regular,0.7911503314971924,p14,0.683256,correct
4,/home/tahmid/crops/p14/p14_sunglass_regular_002.jpg,p14,sunglass,regular,0.8077377080917358,p14,0.704550,correct
4,/home/tahmid/crops/p14/p14_sunglass_regular_003.jpg,p14,sunglass,regular,0.7023525834083557,p14,0.366739,correct
4,/home/tahmid/crops/p14/p14_sunglass_regular_004.jpg,p14,sunglass,regular,0.6676416397094727,p14,0.496600,correct
4,/home/tahmid/crops/p14/p14_sunglass_regular_005.jpg,p14,sunglass,regular,0.8158855438232422,p14,0.600421,correct
4,/home/tahmid/crops/p14/p14_sunglass_regular_006.jpg,p14,sunglass,regular,0.8584938049316406,p14,0.619908,correct
4,/home/tahmid/crops/p14/p14_sunglass_regular_007.jpg,p14,sunglass,regular,0.7503699064254761,p14,0.465424,correct
4,/home/tahmid/crops/p14/p14_sunglass_regular_008.jpg,p14,sunglass,regular,0.7249464988708496,p14,0.466843,correct
4,/home/tahmid/crops/p14/p14_sunglass_regular_009.jpg,p14,sunglass,regular,0.7591789960861206,p14,0.543863,correct
4,/home/tahmid/crops/p14/p14_sunglass_regular_010.jpg,p14,sunglass,regular,0.7452176213264465,p14,0.547761,correct
4,/home/tahmid/crops/p14/p14_sunglass_regular_011.jpg,p14,sunglass,regular,0.8272362947463989,p14,0.685055,correct
4,/home/tahmid/crops/p14/p14_sunglass_regular_012.jpg,p14,sunglass,regular,0.7238790392875671,p14,0.443631,correct
4,/home/tahmid/crops/p14/p14_sunglass_regular_013.jpg,p14,sunglass,regular,0.8212107419967651,p14,0.548083,correct
4,/home/tahmid/crops/p14/p14_sunglass_regular_014.jpg,p14,sunglass,regular,0.707965075969696,p14,0.420637,correct
4,/home/tahmid/crops/p14/p14_sunglass_regular_015.jpg,p14,sunglass,regular,0.7494692802429199,p14,0.508871,correct
4,/home/tahmid/crops/p19/p19_cap_low_001.jpg,p19,cap,low,0.673506498336792,p19,0.650231,correct
4,/home/tahmid/crops/p19/p19_cap_low_002.jpg,p19,cap,low,0.7120894193649292,p19,0.663705,correct
4,/home/tahmid/crops/p19/p19_cap_low_003.jpg,p19,cap,low,0.7316860556602478,p19,0.657009,correct
4,/home/tahmid/crops/p19/p19_cap_low_004.jpg,p19,cap,low,0.7650365829467773,p19,0.581748,correct
4,/home/tahmid/crops/p19/p19_cap_low_005.jpg,p19,cap,low,0.7553073763847351,p19,0.619893,correct
4,/home/tahmid/crops/p19/p19_cap_low_006.jpg,p19,cap,low,0.7666467428207397,p19,0.575405,correct
4,/home/tahmid/crops/p19/p19_cap_low_007.jpg,p19,cap,low,0.6046053171157837,p19,0.232268,rejected
4,/home/tahmid/crops/p19/p19_cap_low_008.jpg,p19,cap,low,0.5975265502929688,p19,0.272596,rejected
4,/home/tahmid/crops/p19/p19_cap_low_009.jpg,p19,cap,low,0.5704895257949829,p19,0.287382,rejected
4,/home/tahmid/crops/p19/p19_cap_low_010.jpg,p19,cap,low,0.7269918918609619,p19,0.512093,correct
4,/home/tahmid/crops/p19/p19_cap_low_011.jpg,p19,cap,low,0.726313591003418,p19,0.472471,correct
4,/home/tahmid/crops/p19/p19_cap_low_012.jpg,p19,cap,low,0.7400974631309509,p19,0.527744,correct
4,/home/tahmid/crops/p19/p19_cap_regular_001.jpg,p19,cap,regular,0.7656533718109131,p19,0.668917,correct
4,/home/tahmid/crops/p19/p19_cap_regular_002.jpg,p19,cap,regular,0.8223088979721069,p19,0.718903,correct
4,/home/tahmid/crops/p19/p19_cap_regular_003.jpg,p19,cap,regular,0.7420968413352966,p19,0.584007,correct
4,/home/tahmid/crops/p19/p19_cap_regular_004.jpg,p19,cap,regular,0.7999019622802734,p19,0.629746,correct
4,/home/tahmid/crops/p19/p19_cap_regular_005.jpg,p19,cap,regular,0.7407344579696655,p19,0.607165,correct
4,/home/tahmid/crops/p19/p19_cap_regular_006.jpg,p19,cap,regular,0.7795078754425049,p19,0.601461,correct
4,/home/tahmid/crops/p19/p19_cap_regular_007.jpg,p19,cap,regular,0.803917407989502,p19,0.637934,correct
4,/home/tahmid/crops/p19/p19_cap_regular_008.jpg,p19,cap,regular,0.7462036609649658,p19,0.604372,correct
4,/home/tahmid/crops/p19/p19_cap_regular_009.jpg,p19,cap,regular,0.6234772801399231,p19,0.343901,correct
4,/home/tahmid/crops/p19/p19_cap_regular_010.jpg,p19,cap,regular,0.5898250341415405,p19,0.367420,correct
4,/home/tahmid/crops/p19/p19_cap_regular_011.jpg,p19,cap,regular,0.6453908085823059,p19,0.354349,correct
4,/home/tahmid/crops/p19/p19_cap_regular_012.jpg,p19,cap,regular,0.8174771070480347,p19,0.525550,correct
4,/home/tahmid/crops/p19/p19_cap_regular_013.jpg,p19,cap,regular,0.8309094309806824,p19,0.525097,correct
4,/home/tahmid/crops/p19/p19_cap_regular_014.jpg,p19,cap,regular,0.8095201253890991,p19,0.503291,correct
4,/home/tahmid/crops/p19/p19_clearglass_low_001.jpg,p19,clearglass,low,0.7297782897949219,p19,0.596908,correct
4,/home/tahmid/crops/p19/p19_clearglass_low_002.jpg,p19,clearglass,low,0.760157585144043,p19,0.666881,correct
4,/home/tahmid/crops/p19/p19_clearglass_low_003.jpg,p19,clearglass,low,0.7315905690193176,p19,0.665811,correct
4,/home/tahmid/crops/p19/p19_clearglass_low_004.jpg,p19,clearglass,low,0.7225826382637024,p19,0.690083,correct
4,/home/tahmid/crops/p19/p19_clearglass_low_005.jpg,p19,clearglass,low,0.8063212633132935,p19,0.601421,correct
4,/home/tahmid/crops/p19/p19_clearglass_low_006.jpg,p19,clearglass,low,0.789215087890625,p19,0.634694,correct
4,/home/tahmid/crops/p19/p19_clearglass_low_007.jpg,p19,clearglass,low,0.7731833457946777,p19,0.636332,correct
4,/home/tahmid/crops/p19/p19_clearglass_regular_001.jpg,p19,clearglass,regular,0.7987285256385803,p19,0.832114,correct
4,/home/tahmid/crops/p19/p19_clearglass_regular_002.jpg,p19,clearglass,regular,0.7307520508766174,p19,0.646319,correct
4,/home/tahmid/crops/p19/p19_clearglass_regular_003.jpg,p19,clearglass,regular,0.773878812789917,p19,0.647889,correct
4,/home/tahmid/crops/p19/p19_clearglass_regular_004.jpg,p19,clearglass,regular,0.8001726865768433,p19,0.651170,correct
4,/home/tahmid/crops/p19/p19_clearglass_regular_005.jpg,p19,clearglass,regular,0.8099687099456787,p19,0.608748,correct
4,/home/tahmid/crops/p19/p19_mask_clearglass_low_001.jpg,p19,mask_clearglass,low,0.7668862342834473,p19,0.500139,correct
4,/home/tahmid/crops/p19/p19_mask_clearglass_low_002.jpg,p19,mask_clearglass,low,0.7545242309570312,p19,0.515323,correct
4,/home/tahmid/crops/p19/p19_mask_clearglass_low_003.jpg,p19,mask_clearglass,low,0.7748740911483765,p19,0.504296,correct
4,/home/tahmid/crops/p19/p19_mask_clearglass_low_004.jpg,p19,mask_clearglass,low,0.6748852729797363,p19,0.402954,correct
4,/home/tahmid/crops/p19/p19_mask_clearglass_low_005.jpg,p19,mask_clearglass,low,0.6445366144180298,p19,0.357254,correct
4,/home/tahmid/crops/p19/p19_mask_clearglass_low_006.jpg,p19,mask_clearglass,low,0.639624297618866,p19,0.355484,correct
4,/home/tahmid/crops/p19/p19_mask_clearglass_low_007.jpg,p19,mask_clearglass,low,0.7004772424697876,p19,0.369802,correct
4,/home/tahmid/crops/p19/p19_mask_clearglass_low_008.jpg,p19,mask_clearglass,low,0.6794602870941162,p19,0.416709,correct
4,/home/tahmid/crops/p19/p19_mask_clearglass_low_009.jpg,p19,mask_clearglass,low,0.7017010450363159,p19,0.375810,correct
4,/home/tahmid/crops/p19/p19_mask_clearglass_low_010.jpg,p19,mask_clearglass,low,0.7189444899559021,p19,0.417848,correct
4,/home/tahmid/crops/p19/p19_mask_clearglass_low_011.jpg,p19,mask_clearglass,low,0.7171034216880798,p19,0.411288,correct
4,/home/tahmid/crops/p19/p19_mask_clearglass_low_012.jpg,p19,mask_clearglass,low,0.6945101022720337,p19,0.352187,correct
4,/home/tahmid/crops/p19/p19_mask_clearglass_low_013.jpg,p19,mask_clearglass,low,0.6880216002464294,p19,0.388534,correct
4,/home/tahmid/crops/p19/p19_mask_clearglass_low_014.jpg,p19,mask_clearglass,low,0.680080771446228,p19,0.414846,correct
4,/home/tahmid/crops/p19/p19_mask_clearglass_low_015.jpg,p19,mask_clearglass,low,0.7766122817993164,p19,0.408053,correct
4,/home/tahmid/crops/p19/p19_mask_clearglass_regular_001.jpg,p19,mask_clearglass,regular,0.7460768222808838,p19,0.430320,correct
4,/home/tahmid/crops/p19/p19_mask_clearglass_regular_002.jpg,p19,mask_clearglass,regular,0.7745081186294556,p19,0.489313,correct
4,/home/tahmid/crops/p19/p19_mask_clearglass_regular_003.jpg,p19,mask_clearglass,regular,0.8153512477874756,p19,0.451851,correct
4,/home/tahmid/crops/p19/p19_mask_clearglass_regular_004.jpg,p19,mask_clearglass,regular,0.8023372888565063,p19,0.489824,correct
4,/home/tahmid/crops/p19/p19_mask_clearglass_regular_005.jpg,p19,mask_clearglass,regular,0.6933108568191528,p19,0.373445,correct
4,/home/tahmid/crops/p19/p19_mask_clearglass_regular_006.jpg,p19,mask_clearglass,regular,0.683565616607666,p19,0.330443,correct
4,/home/tahmid/crops/p19/p19_mask_clearglass_regular_007.jpg,p19,mask_clearglass,regular,0.687511146068573,p19,0.383709,correct
4,/home/tahmid/crops/p19/p19_mask_clearglass_regular_008.jpg,p19,mask_clearglass,regular,0.6611533164978027,p19,0.347492,correct
4,/home/tahmid/crops/p19/p19_mask_clearglass_regular_009.jpg,p19,mask_clearglass,regular,0.6455591320991516,p19,0.347036,correct
4,/home/tahmid/crops/p19/p19_mask_clearglass_regular_010.jpg,p19,mask_clearglass,regular,0.6554006338119507,p19,0.332643,correct
4,/home/tahmid/crops/p19/p19_mask_clearglass_regular_011.jpg,p19,mask_clearglass,regular,0.7537346482276917,p19,0.347475,correct
4,/home/tahmid/crops/p19/p19_mask_clearglass_regular_012.jpg,p19,mask_clearglass,regular,0.7398669123649597,p19,0.370068,correct
4,/home/tahmid/crops/p19/p19_mask_clearglass_regular_013.jpg,p19,mask_clearglass,regular,0.7578413486480713,p19,0.386448,correct
4,/home/tahmid/crops/p19/p19_mask_clearglass_regular_014.jpg,p19,mask_clearglass,regular,0.7953318357467651,p19,0.389238,correct
4,/home/tahmid/crops/p19/p19_mask_clearglass_regular_015.jpg,p19,mask_clearglass,regular,0.7915592193603516,p19,0.433907,correct
4,/home/tahmid/crops/p19/p19_mask_low_001.jpg,p19,mask,low,0.8106639981269836,p19,0.572425,correct
4,/home/tahmid/crops/p19/p19_mask_low_002.jpg,p19,mask,low,0.810981273651123,p19,0.574524,correct
4,/home/tahmid/crops/p19/p19_mask_low_003.jpg,p19,mask,low,0.7419015169143677,p19,0.589684,correct
4,/home/tahmid/crops/p19/p19_mask_low_004.jpg,p19,mask,low,0.6165561079978943,p19,0.431898,correct
4,/home/tahmid/crops/p19/p19_mask_low_005.jpg,p19,mask,low,0.6317263841629028,p19,0.439165,correct
4,/home/tahmid/crops/p19/p19_mask_low_006.jpg,p19,mask,low,0.6971499919891357,p19,0.435348,correct
4,/home/tahmid/crops/p19/p19_mask_low_007.jpg,p19,mask,low,0.6859745383262634,p19,0.414520,correct
4,/home/tahmid/crops/p19/p19_mask_low_008.jpg,p19,mask,low,0.7122560739517212,p19,0.434695,correct
4,/home/tahmid/crops/p19/p19_mask_low_009.jpg,p19,mask,low,0.7023729681968689,p19,0.435856,correct
4,/home/tahmid/crops/p19/p19_mask_low_010.jpg,p19,mask,low,0.7462108731269836,p19,0.425025,correct
4,/home/tahmid/crops/p19/p19_mask_low_011.jpg,p19,mask,low,0.7404196858406067,p19,0.395949,correct
4,/home/tahmid/crops/p19/p19_mask_low_012.jpg,p19,mask,low,0.7291864156723022,p19,0.394961,correct
4,/home/tahmid/crops/p19/p19_mask_low_013.jpg,p19,mask,low,0.7525667548179626,p19,0.578601,correct
4,/home/tahmid/crops/p19/p19_mask_low_014.jpg,p19,mask,low,0.774092435836792,p19,0.564422,correct
4,/home/tahmid/crops/p19/p19_mask_low_015.jpg,p19,mask,low,0.792094349861145,p19,0.439724,correct
4,/home/tahmid/crops/p19/p19_mask_regular_001.jpg,p19,mask,regular,0.7913873195648193,p19,0.577441,correct
4,/home/tahmid/crops/p19/p19_mask_regular_002.jpg,p19,mask,regular,0.7818800210952759,p19,0.547512,correct
4,/home/tahmid/crops/p19/p19_mask_regular_003.jpg,p19,mask,regular,0.7076283097267151,p19,0.569624,correct
4,/home/tahmid/crops/p19/p19_mask_regular_004.jpg,p19,mask,regular,0.6661081910133362,p19,0.443214,correct
4,/home/tahmid/crops/p19/p19_mask_regular_005.jpg,p19,mask,regular,0.6753790378570557,p19,0.437702,correct
4,/home/tahmid/crops/p19/p19_mask_regular_006.jpg,p19,mask,regular,0.6492205858230591,p19,0.427389,correct
4,/home/tahmid/crops/p19/p19_mask_regular_007.jpg,p19,mask,regular,0.6793423891067505,p19,0.427201,correct
4,/home/tahmid/crops/p19/p19_mask_regular_008.jpg,p19,mask,regular,0.6888731718063354,p19,0.445585,correct
4,/home/tahmid/crops/p19/p19_mask_regular_009.jpg,p19,mask,regular,0.7137249708175659,p19,0.433246,correct
4,/home/tahmid/crops/p19/p19_mask_regular_010.jpg,p19,mask,regular,0.7220874428749084,p19,0.408390,correct
4,/home/tahmid/crops/p19/p19_mask_regular_011.jpg,p19,mask,regular,0.7220610976219177,p19,0.380071,correct
4,/home/tahmid/crops/p19/p19_mask_regular_012.jpg,p19,mask,regular,0.7488684058189392,p19,0.371456,correct
4,/home/tahmid/crops/p19/p19_mask_regular_013.jpg,p19,mask,regular,0.7049179673194885,p19,0.542582,correct
4,/home/tahmid/crops/p19/p19_mask_regular_014.jpg,p19,mask,regular,0.7586839199066162,p19,0.539397,correct
4,/home/tahmid/crops/p19/p19_mask_regular_015.jpg,p19,mask,regular,0.7655675411224365,p19,0.551804,correct
4,/home/tahmid/crops/p19/p19_mask_sunglass_low_001.jpg,p19,mask_sunglass,low,0.6974902153015137,p19,0.417252,correct
4,/home/tahmid/crops/p19/p19_mask_sunglass_low_002.jpg,p19,mask_sunglass,low,0.6553264856338501,p19,0.411777,correct
4,/home/tahmid/crops/p19/p19_mask_sunglass_low_003.jpg,p19,mask_sunglass,low,0.666312575340271,p19,0.425288,correct
4,/home/tahmid/crops/p19/p19_mask_sunglass_low_004.jpg,p19,mask_sunglass,low,0.6433828473091125,p19,0.345436,correct
4,/home/tahmid/crops/p19/p19_mask_sunglass_low_005.jpg,p19,mask_sunglass,low,0.6458402872085571,p19,0.286519,rejected
4,/home/tahmid/crops/p19/p19_mask_sunglass_low_006.jpg,p19,mask_sunglass,low,0.6321890354156494,p19,0.307455,correct
4,/home/tahmid/crops/p19/p19_mask_sunglass_low_007.jpg,p19,mask_sunglass,low,0.6404196619987488,p19,0.320211,correct
4,/home/tahmid/crops/p19/p19_mask_sunglass_low_008.jpg,p19,mask_sunglass,low,0.6372941136360168,p19,0.343715,correct
4,/home/tahmid/crops/p19/p19_mask_sunglass_low_009.jpg,p19,mask_sunglass,low,0.6624374389648438,p19,0.343725,correct
4,/home/tahmid/crops/p19/p19_mask_sunglass_low_010.jpg,p19,mask_sunglass,low,0.7695708274841309,p19,0.295059,rejected
4,/home/tahmid/crops/p19/p19_mask_sunglass_low_011.jpg,p19,mask_sunglass,low,0.7111474871635437,p19,0.290685,rejected
4,/home/tahmid/crops/p19/p19_mask_sunglass_low_012.jpg,p19,mask_sunglass,low,0.7186665534973145,p19,0.303750,correct
4,/home/tahmid/crops/p19/p19_mask_sunglass_low_013.jpg,p19,mask_sunglass,low,0.6943274736404419,p19,0.255320,rejected
4,/home/tahmid/crops/p19/p19_mask_sunglass_low_014.jpg,p19,mask_sunglass,low,0.7069216370582581,p19,0.295978,rejected
4,/home/tahmid/crops/p19/p19_mask_sunglass_low_015.jpg,p19,mask_sunglass,low,0.7098618149757385,p19,0.247274,rejected
4,/home/tahmid/crops/p19/p19_mask_sunglass_regular_001.jpg,p19,mask_sunglass,regular,0.738001823425293,p19,0.426257,correct
4,/home/tahmid/crops/p19/p19_mask_sunglass_regular_002.jpg,p19,mask_sunglass,regular,0.7285715341567993,p19,0.422872,correct
4,/home/tahmid/crops/p19/p19_mask_sunglass_regular_003.jpg,p19,mask_sunglass,regular,0.7217553853988647,p19,0.435075,correct
4,/home/tahmid/crops/p19/p19_mask_sunglass_regular_004.jpg,p19,mask_sunglass,regular,0.6443036794662476,p19,0.215542,rejected
4,/home/tahmid/crops/p19/p19_mask_sunglass_regular_005.jpg,p19,mask_sunglass,regular,0.6408489346504211,p19,0.227917,rejected
4,/home/tahmid/crops/p19/p19_mask_sunglass_regular_006.jpg,p19,mask_sunglass,regular,0.6284496784210205,p19,0.280717,rejected
4,/home/tahmid/crops/p19/p19_mask_sunglass_regular_007.jpg,p19,mask_sunglass,regular,0.6895163655281067,p19,0.287613,rejected
4,/home/tahmid/crops/p19/p19_mask_sunglass_regular_008.jpg,p19,mask_sunglass,regular,0.6502671241760254,p19,0.364941,correct
4,/home/tahmid/crops/p19/p19_mask_sunglass_regular_009.jpg,p19,mask_sunglass,regular,0.6240615844726562,p19,0.318233,correct
4,/home/tahmid/crops/p19/p19_mask_sunglass_regular_010.jpg,p19,mask_sunglass,regular,0.7431237101554871,p19,0.285376,rejected
4,/home/tahmid/crops/p19/p19_mask_sunglass_regular_011.jpg,p19,mask_sunglass,regular,0.710404634475708,p19,0.316433,correct
4,/home/tahmid/crops/p19/p19_mask_sunglass_regular_012.jpg,p19,mask_sunglass,regular,0.7649732828140259,p19,0.299033,rejected
4,/home/tahmid/crops/p19/p19_mask_sunglass_regular_013.jpg,p19,mask_sunglass,regular,0.6625329852104187,p19,0.150905,rejected
4,/home/tahmid/crops/p19/p19_mask_sunglass_regular_014.jpg,p19,mask_sunglass,regular,0.6591980457305908,p19,0.187444,rejected
4,/home/tahmid/crops/p19/p19_mask_sunglass_regular_015.jpg,p19,mask_sunglass,regular,0.6990755796432495,p19,0.261406,rejected
4,/home/tahmid/crops/p19/p19_none_low_001.jpg,p19,none,low,0.7997616529464722,p19,0.945051,correct
4,/home/tahmid/crops/p19/p19_none_low_002.jpg,p19,none,low,0.800431489944458,p19,0.947850,correct
4,/home/tahmid/crops/p19/p19_none_low_003.jpg,p19,none,low,0.7940624952316284,p19,0.934773,correct
4,/home/tahmid/crops/p19/p19_none_low_004.jpg,p19,none,low,0.7515527009963989,p19,0.667062,correct
4,/home/tahmid/crops/p19/p19_none_low_005.jpg,p19,none,low,0.6619889140129089,p19,0.492170,correct
4,/home/tahmid/crops/p19/p19_none_low_006.jpg,p19,none,low,0.730292558670044,p19,0.711103,correct
4,/home/tahmid/crops/p19/p19_none_low_007.jpg,p19,none,low,0.7485825419425964,p19,0.704668,correct
4,/home/tahmid/crops/p19/p19_none_low_008.jpg,p19,none,low,0.8030216693878174,p19,0.657301,correct
4,/home/tahmid/crops/p19/p19_none_low_009.jpg,p19,none,low,0.8278871774673462,p19,0.644670,correct
4,/home/tahmid/crops/p19/p19_none_regular_002.jpg,p19,none,regular,0.7409555315971375,p19,0.726870,correct
4,/home/tahmid/crops/p19/p19_none_regular_003.jpg,p19,none,regular,0.6979358196258545,p19,0.728079,correct
4,/home/tahmid/crops/p19/p19_none_regular_004.jpg,p19,none,regular,0.7438663244247437,p19,0.698240,correct
4,/home/tahmid/crops/p19/p19_none_regular_005.jpg,p19,none,regular,0.7179303169250488,p19,0.657650,correct
4,/home/tahmid/crops/p19/p19_none_regular_006.jpg,p19,none,regular,0.7332543134689331,p19,0.683924,correct
4,/home/tahmid/crops/p19/p19_none_regular_007.jpg,p19,none,regular,0.7675399780273438,p19,0.471323,correct
4,/home/tahmid/crops/p19/p19_none_regular_008.jpg,p19,none,regular,0.8341165781021118,p19,0.629205,correct
4,/home/tahmid/crops/p19/p19_scarf_low_001.jpg,p19,scarf,low,0.8452413082122803,p19,0.805939,correct
4,/home/tahmid/crops/p19/p19_scarf_low_002.jpg,p19,scarf,low,0.8285977840423584,p19,0.814025,correct
4,/home/tahmid/crops/p19/p19_scarf_low_003.jpg,p19,scarf,low,0.8393062353134155,p19,0.508588,correct
4,/home/tahmid/crops/p19/p19_scarf_low_004.jpg,p19,scarf,low,0.8111018538475037,p19,0.475544,correct
4,/home/tahmid/crops/p19/p19_scarf_low_005.jpg,p19,scarf,low,0.8320174813270569,p19,0.550025,correct
4,/home/tahmid/crops/p19/p19_scarf_low_006.jpg,p19,scarf,low,0.7198850512504578,p19,0.562349,correct
4,/home/tahmid/crops/p19/p19_scarf_low_007.jpg,p19,scarf,low,0.7575207948684692,p19,0.580144,correct
4,/home/tahmid/crops/p19/p19_scarf_low_008.jpg,p19,scarf,low,0.705546498298645,p19,0.672627,correct
4,/home/tahmid/crops/p19/p19_scarf_low_009.jpg,p19,scarf,low,0.6009387969970703,p19,0.692466,correct
4,/home/tahmid/crops/p19/p19_scarf_low_010.jpg,p19,scarf,low,0.5852169990539551,p19,0.689152,correct
4,/home/tahmid/crops/p19/p19_scarf_low_011.jpg,p19,scarf,low,0.8449864387512207,p19,0.722848,correct
4,/home/tahmid/crops/p19/p19_scarf_low_012.jpg,p19,scarf,low,0.8484418392181396,p19,0.708929,correct
4,/home/tahmid/crops/p19/p19_scarf_regular_001.jpg,p19,scarf,regular,0.8180694580078125,p19,0.777901,correct
4,/home/tahmid/crops/p19/p19_scarf_regular_002.jpg,p19,scarf,regular,0.8421045541763306,p19,0.792740,correct
4,/home/tahmid/crops/p19/p19_scarf_regular_003.jpg,p19,scarf,regular,0.8527606725692749,p19,0.800837,correct
4,/home/tahmid/crops/p19/p19_scarf_regular_004.jpg,p19,scarf,regular,0.8078746795654297,p19,0.434298,correct
4,/home/tahmid/crops/p19/p19_scarf_regular_005.jpg,p19,scarf,regular,0.7906919717788696,p19,0.478247,correct
4,/home/tahmid/crops/p19/p19_scarf_regular_006.jpg,p19,scarf,regular,0.8181596994400024,p19,0.485726,correct
4,/home/tahmid/crops/p19/p19_scarf_regular_007.jpg,p19,scarf,regular,0.7226102352142334,p19,0.479354,correct
4,/home/tahmid/crops/p19/p19_scarf_regular_008.jpg,p19,scarf,regular,0.7318135499954224,p19,0.508300,correct
4,/home/tahmid/crops/p19/p19_scarf_regular_009.jpg,p19,scarf,regular,0.7952994108200073,p19,0.485141,correct
4,/home/tahmid/crops/p19/p19_scarf_regular_010.jpg,p19,scarf,regular,0.7545234560966492,p19,0.663199,correct
4,/home/tahmid/crops/p19/p19_scarf_regular_011.jpg,p19,scarf,regular,0.7532107830047607,p19,0.708809,correct
4,/home/tahmid/crops/p19/p19_scarf_regular_012.jpg,p19,scarf,regular,0.8082020282745361,p19,0.684373,correct
4,/home/tahmid/crops/p19/p19_scarf_regular_013.jpg,p19,scarf,regular,0.8172619938850403,p19,0.686203,correct
4,/home/tahmid/crops/p19/p19_scarf_regular_014.jpg,p19,scarf,regular,0.8633910417556763,p19,0.674410,correct
4,/home/tahmid/crops/p19/p19_sunglass_low_001.jpg,p19,sunglass,low,0.7846095561981201,p19,0.777717,correct
4,/home/tahmid/crops/p19/p19_sunglass_low_002.jpg,p19,sunglass,low,0.8026050925254822,p19,0.736723,correct
4,/home/tahmid/crops/p19/p19_sunglass_low_003.jpg,p19,sunglass,low,0.7654552459716797,p19,0.607688,correct
4,/home/tahmid/crops/p19/p19_sunglass_low_004.jpg,p19,sunglass,low,0.7362437844276428,p19,0.602016,correct
4,/home/tahmid/crops/p19/p19_sunglass_low_005.jpg,p19,sunglass,low,0.704007089138031,p19,0.620191,correct
4,/home/tahmid/crops/p19/p19_sunglass_low_006.jpg,p19,sunglass,low,0.7671808004379272,p19,0.654230,correct
4,/home/tahmid/crops/p19/p19_sunglass_low_007.jpg,p19,sunglass,low,0.7527365684509277,p19,0.672789,correct
4,/home/tahmid/crops/p19/p19_sunglass_low_008.jpg,p19,sunglass,low,0.7855319380760193,p19,0.618763,correct
4,/home/tahmid/crops/p19/p19_sunglass_low_009.jpg,p19,sunglass,low,0.6324147582054138,p19,0.278009,rejected
4,/home/tahmid/crops/p19/p19_sunglass_low_010.jpg,p19,sunglass,low,0.6581969261169434,p19,0.289146,rejected
4,/home/tahmid/crops/p19/p19_sunglass_low_011.jpg,p19,sunglass,low,0.6282259225845337,p19,0.288895,rejected
4,/home/tahmid/crops/p19/p19_sunglass_low_012.jpg,p19,sunglass,low,0.8464584350585938,p19,0.595142,correct
4,/home/tahmid/crops/p19/p19_sunglass_low_013.jpg,p19,sunglass,low,0.8629655838012695,p19,0.568723,correct
4,/home/tahmid/crops/p19/p19_sunglass_low_014.jpg,p19,sunglass,low,0.8350754976272583,p19,0.536143,correct
4,/home/tahmid/crops/p19/p19_sunglass_regular_001.jpg,p19,sunglass,regular,0.7516945600509644,p19,0.729965,correct
4,/home/tahmid/crops/p19/p19_sunglass_regular_002.jpg,p19,sunglass,regular,0.8198745250701904,p19,0.735093,correct
4,/home/tahmid/crops/p19/p19_sunglass_regular_003.jpg,p19,sunglass,regular,0.8441846966743469,p19,0.748070,correct
4,/home/tahmid/crops/p19/p19_sunglass_regular_004.jpg,p19,sunglass,regular,0.7970435619354248,p19,0.687280,correct
4,/home/tahmid/crops/p19/p19_sunglass_regular_005.jpg,p19,sunglass,regular,0.8226480484008789,p19,0.769003,correct
4,/home/tahmid/crops/p19/p19_sunglass_regular_006.jpg,p19,sunglass,regular,0.7465912699699402,p19,0.583212,correct
4,/home/tahmid/crops/p19/p19_sunglass_regular_007.jpg,p19,sunglass,regular,0.7308328151702881,p19,0.591350,correct
4,/home/tahmid/crops/p19/p19_sunglass_regular_008.jpg,p19,sunglass,regular,0.7805948257446289,p19,0.653447,correct
4,/home/tahmid/crops/p19/p19_sunglass_regular_009.jpg,p19,sunglass,regular,0.783812403678894,p19,0.637769,correct
4,/home/tahmid/crops/p19/p19_sunglass_regular_010.jpg,p19,sunglass,regular,0.5774151682853699,p19,0.331595,correct
4,/home/tahmid/crops/p19/p19_sunglass_regular_011.jpg,p19,sunglass,regular,0.7100183963775635,p19,0.296910,rejected
4,/home/tahmid/crops/p19/p19_sunglass_regular_012.jpg,p19,sunglass,regular,0.6677850484848022,p19,0.292430,rejected
4,/home/tahmid/crops/p19/p19_sunglass_regular_013.jpg,p19,sunglass,regular,0.822590708732605,p19,0.576172,correct
4,/home/tahmid/crops/p19/p19_sunglass_regular_014.jpg,p19,sunglass,regular,0.8515357971191406,p19,0.581533,correct
4,/home/tahmid/crops/p19/p19_sunglass_regular_015.jpg,p19,sunglass,regular,0.8609764575958252,p19,0.578955,correct
4,/home/tahmid/crops/p28/p28_cap_low_001.jpg,p28,cap,low,0.7773569822311401,p28,0.621219,correct
4,/home/tahmid/crops/p28/p28_cap_low_002.jpg,p28,cap,low,0.8505619168281555,p28,0.620597,correct
4,/home/tahmid/crops/p28/p28_cap_low_003.jpg,p28,cap,low,0.7870803475379944,p28,0.629425,correct
4,/home/tahmid/crops/p28/p28_cap_low_004.jpg,p28,cap,low,0.8251744508743286,p28,0.641802,correct
4,/home/tahmid/crops/p28/p28_cap_low_005.jpg,p28,cap,low,0.8041341304779053,p28,0.617072,correct
4,/home/tahmid/crops/p28/p28_cap_low_006.jpg,p28,cap,low,0.792251706123352,p28,0.648668,correct
4,/home/tahmid/crops/p28/p28_cap_low_007.jpg,p28,cap,low,0.8079258799552917,p28,0.653639,correct
4,/home/tahmid/crops/p28/p28_cap_low_008.jpg,p28,cap,low,0.7508654594421387,p28,0.369277,correct
4,/home/tahmid/crops/p28/p28_cap_low_009.jpg,p28,cap,low,0.6186846494674683,p28,0.430233,correct
4,/home/tahmid/crops/p28/p28_cap_low_010.jpg,p28,cap,low,0.6785917282104492,p28,0.464941,correct
4,/home/tahmid/crops/p28/p28_cap_low_011.jpg,p28,cap,low,0.7256088256835938,p28,0.462123,correct
4,/home/tahmid/crops/p28/p28_cap_low_012.jpg,p28,cap,low,0.7663904428482056,p28,0.436026,correct
4,/home/tahmid/crops/p28/p28_cap_low_013.jpg,p28,cap,low,0.7666856050491333,p28,0.434828,correct
4,/home/tahmid/crops/p28/p28_cap_low_014.jpg,p28,cap,low,0.7861385345458984,p28,0.571426,correct
4,/home/tahmid/crops/p28/p28_cap_low_015.jpg,p28,cap,low,0.7433702945709229,p28,0.552855,correct
4,/home/tahmid/crops/p28/p28_cap_low_016.jpg,p28,cap,low,0.7443316578865051,p28,0.554348,correct
4,/home/tahmid/crops/p28/p28_cap_regular_001.jpg,p28,cap,regular,0.7655539512634277,p28,0.613403,correct
4,/home/tahmid/crops/p28/p28_cap_regular_002.jpg,p28,cap,regular,0.8576108813285828,p28,0.632067,correct
4,/home/tahmid/crops/p28/p28_cap_regular_003.jpg,p28,cap,regular,0.7861080169677734,p28,0.600808,correct
4,/home/tahmid/crops/p28/p28_cap_regular_004.jpg,p28,cap,regular,0.8292478322982788,p28,0.646696,correct
4,/home/tahmid/crops/p28/p28_cap_regular_005.jpg,p28,cap,regular,0.8155878782272339,p28,0.630453,correct
4,/home/tahmid/crops/p28/p28_cap_regular_006.jpg,p28,cap,regular,0.8191272020339966,p28,0.654420,correct
4,/home/tahmid/crops/p28/p28_cap_regular_007.jpg,p28,cap,regular,0.7500590085983276,p28,0.398931,correct
4,/home/tahmid/crops/p28/p28_cap_regular_008.jpg,p28,cap,regular,0.6378064155578613,p28,0.434955,correct
4,/home/tahmid/crops/p28/p28_cap_regular_009.jpg,p28,cap,regular,0.6940026879310608,p28,0.472928,correct
4,/home/tahmid/crops/p28/p28_cap_regular_010.jpg,p28,cap,regular,0.7416086792945862,p28,0.482023,correct
4,/home/tahmid/crops/p28/p28_cap_regular_011.jpg,p28,cap,regular,0.7679798603057861,p28,0.450727,correct
4,/home/tahmid/crops/p28/p28_cap_regular_012.jpg,p28,cap,regular,0.7781206369400024,p28,0.473145,correct
4,/home/tahmid/crops/p28/p28_cap_regular_013.jpg,p28,cap,regular,0.8040770292282104,p28,0.564903,correct
4,/home/tahmid/crops/p28/p28_cap_regular_014.jpg,p28,cap,regular,0.7647868394851685,p28,0.552294,correct
4,/home/tahmid/crops/p28/p28_cap_regular_015.jpg,p28,cap,regular,0.7338937520980835,p28,0.567279,correct
4,/home/tahmid/crops/p28/p28_clearglass_low_001.jpg,p28,clearglass,low,0.7787477374076843,p28,0.845901,correct
4,/home/tahmid/crops/p28/p28_clearglass_low_002.jpg,p28,clearglass,low,0.8450148105621338,p28,0.855760,correct
4,/home/tahmid/crops/p28/p28_clearglass_low_003.jpg,p28,clearglass,low,0.7596697807312012,p28,0.789864,correct
4,/home/tahmid/crops/p28/p28_clearglass_low_004.jpg,p28,clearglass,low,0.7735249996185303,p28,0.806101,correct
4,/home/tahmid/crops/p28/p28_clearglass_low_005.jpg,p28,clearglass,low,0.7721048593521118,p28,0.825236,correct
4,/home/tahmid/crops/p28/p28_clearglass_low_006.jpg,p28,clearglass,low,0.6881972551345825,p28,0.748976,correct
4,/home/tahmid/crops/p28/p28_clearglass_low_007.jpg,p28,clearglass,low,0.8002796173095703,p28,0.825570,correct
4,/home/tahmid/crops/p28/p28_clearglass_low_008.jpg,p28,clearglass,low,0.7995715141296387,p28,0.851873,correct
4,/home/tahmid/crops/p28/p28_clearglass_regular_001.jpg,p28,clearglass,regular,0.7806626558303833,p28,0.855518,correct
4,/home/tahmid/crops/p28/p28_clearglass_regular_002.jpg,p28,clearglass,regular,0.7657805681228638,p28,0.815053,correct
4,/home/tahmid/crops/p28/p28_clearglass_regular_003.jpg,p28,clearglass,regular,0.76533442735672,p28,0.824273,correct
4,/home/tahmid/crops/p28/p28_clearglass_regular_004.jpg,p28,clearglass,regular,0.7688045501708984,p28,0.844913,correct
4,/home/tahmid/crops/p28/p28_clearglass_regular_005.jpg,p28,clearglass,regular,0.6872686147689819,p28,0.782752,correct
4,/home/tahmid/crops/p28/p28_clearglass_regular_006.jpg,p28,clearglass,regular,0.8044419288635254,p28,0.819880,correct
4,/home/tahmid/crops/p28/p28_clearglass_regular_007.jpg,p28,clearglass,regular,0.8039677143096924,p28,0.844008,correct
4,/home/tahmid/crops/p28/p28_mask_clearglass_low_001.jpg,p28,mask_clearglass,low,0.8621780276298523,p28,0.515911,correct
4,/home/tahmid/crops/p28/p28_mask_clearglass_low_002.jpg,p28,mask_clearglass,low,0.8526109457015991,p28,0.487260,correct
4,/home/tahmid/crops/p28/p28_mask_clearglass_low_003.jpg,p28,mask_clearglass,low,0.8037772178649902,p28,0.494645,correct
4,/home/tahmid/crops/p28/p28_mask_clearglass_low_004.jpg,p28,mask_clearglass,low,0.8512678146362305,p28,0.393574,correct
4,/home/tahmid/crops/p28/p28_mask_clearglass_low_005.jpg,p28,mask_clearglass,low,0.8757120370864868,p28,0.425721,correct
4,/home/tahmid/crops/p28/p28_mask_clearglass_low_006.jpg,p28,mask_clearglass,low,0.8689085245132446,p28,0.403167,correct
4,/home/tahmid/crops/p28/p28_mask_clearglass_low_007.jpg,p28,mask_clearglass,low,0.7320680618286133,p28,0.398252,correct
4,/home/tahmid/crops/p28/p28_mask_clearglass_low_008.jpg,p28,mask_clearglass,low,0.765477180480957,p28,0.468590,correct
4,/home/tahmid/crops/p28/p28_mask_clearglass_low_009.jpg,p28,mask_clearglass,low,0.7827029228210449,p28,0.526836,correct
4,/home/tahmid/crops/p28/p28_mask_clearglass_low_010.jpg,p28,mask_clearglass,low,0.8113046884536743,p28,0.386658,correct
4,/home/tahmid/crops/p28/p28_mask_clearglass_low_011.jpg,p28,mask_clearglass,low,0.8173881769180298,p28,0.365693,correct
4,/home/tahmid/crops/p28/p28_mask_clearglass_low_012.jpg,p28,mask_clearglass,low,0.8151119947433472,p28,0.354120,correct
4,/home/tahmid/crops/p28/p28_mask_clearglass_low_013.jpg,p28,mask_clearglass,low,0.8200532793998718,p28,0.393857,correct
4,/home/tahmid/crops/p28/p28_mask_clearglass_low_014.jpg,p28,mask_clearglass,low,0.7492994666099548,p28,0.364027,correct
4,/home/tahmid/crops/p28/p28_mask_clearglass_low_015.jpg,p28,mask_clearglass,low,0.6608256101608276,p28,0.347674,correct
4,/home/tahmid/crops/p28/p28_mask_clearglass_low_016.jpg,p28,mask_clearglass,low,0.6566514372825623,p28,0.338491,correct
4,/home/tahmid/crops/p28/p28_mask_clearglass_regular_001.jpg,p28,mask_clearglass,regular,0.8585060834884644,p28,0.556000,correct
4,/home/tahmid/crops/p28/p28_mask_clearglass_regular_002.jpg,p28,mask_clearglass,regular,0.8498053550720215,p28,0.526962,correct
4,/home/tahmid/crops/p28/p28_mask_clearglass_regular_003.jpg,p28,mask_clearglass,regular,0.792924702167511,p28,0.541682,correct
4,/home/tahmid/crops/p28/p28_mask_clearglass_regular_004.jpg,p28,mask_clearglass,regular,0.8658084869384766,p28,0.411175,correct
4,/home/tahmid/crops/p28/p28_mask_clearglass_regular_005.jpg,p28,mask_clearglass,regular,0.8712130188941956,p28,0.416854,correct
4,/home/tahmid/crops/p28/p28_mask_clearglass_regular_006.jpg,p28,mask_clearglass,regular,0.8634690046310425,p28,0.415925,correct
4,/home/tahmid/crops/p28/p28_mask_clearglass_regular_007.jpg,p28,mask_clearglass,regular,0.7766813039779663,p28,0.472529,correct
4,/home/tahmid/crops/p28/p28_mask_clearglass_regular_008.jpg,p28,mask_clearglass,regular,0.7878198027610779,p28,0.482403,correct
4,/home/tahmid/crops/p28/p28_mask_clearglass_regular_009.jpg,p28,mask_clearglass,regular,0.7628185749053955,p28,0.521637,correct
4,/home/tahmid/crops/p28/p28_mask_clearglass_regular_010.jpg,p28,mask_clearglass,regular,0.8203297257423401,p28,0.422647,correct
4,/home/tahmid/crops/p28/p28_mask_clearglass_regular_011.jpg,p28,mask_clearglass,regular,0.8124405741691589,p28,0.380174,correct
4,/home/tahmid/crops/p28/p28_mask_clearglass_regular_012.jpg,p28,mask_clearglass,regular,0.8264708518981934,p28,0.432649,correct
4,/home/tahmid/crops/p28/p28_mask_clearglass_regular_013.jpg,p28,mask_clearglass,regular,0.732705295085907,p28,0.357185,correct
4,/home/tahmid/crops/p28/p28_mask_clearglass_regular_014.jpg,p28,mask_clearglass,regular,0.6602116227149963,p28,0.379499,correct
4,/home/tahmid/crops/p28/p28_mask_clearglass_regular_015.jpg,p28,mask_clearglass,regular,0.6727638244628906,p28,0.365256,correct
4,/home/tahmid/crops/p28/p28_mask_low_001.jpg,p28,mask,low,0.7952061891555786,p28,0.493182,correct
4,/home/tahmid/crops/p28/p28_mask_low_002.jpg,p28,mask,low,0.7713596820831299,p28,0.530189,correct
4,/home/tahmid/crops/p28/p28_mask_low_003.jpg,p28,mask,low,0.6664143800735474,p28,0.511379,correct
4,/home/tahmid/crops/p28/p28_mask_low_004.jpg,p28,mask,low,0.7337088584899902,p28,0.523751,correct
4,/home/tahmid/crops/p28/p28_mask_low_005.jpg,p28,mask,low,0.7628713846206665,p28,0.481934,correct
4,/home/tahmid/crops/p28/p28_mask_low_006.jpg,p28,mask,low,0.7319408655166626,p28,0.422065,correct
4,/home/tahmid/crops/p28/p28_mask_low_007.jpg,p28,mask,low,0.7244452834129333,p28,0.444500,correct
4,/home/tahmid/crops/p28/p28_mask_low_008.jpg,p28,mask,low,0.7566643953323364,p28,0.469760,correct
4,/home/tahmid/crops/p28/p28_mask_low_009.jpg,p28,mask,low,0.7962017059326172,p28,0.442217,correct
4,/home/tahmid/crops/p28/p28_mask_low_010.jpg,p28,mask,low,0.6844509840011597,p28,0.425717,correct
4,/home/tahmid/crops/p28/p28_mask_low_011.jpg,p28,mask,low,0.6763700842857361,p28,0.407747,correct
4,/home/tahmid/crops/p28/p28_mask_low_012.jpg,p28,mask,low,0.7691242694854736,p28,0.472823,correct
4,/home/tahmid/crops/p28/p28_mask_low_013.jpg,p28,mask,low,0.6979260444641113,p28,0.481022,correct
4,/home/tahmid/crops/p28/p28_mask_low_014.jpg,p28,mask,low,0.738436222076416,p28,0.488730,correct
4,/home/tahmid/crops/p28/p28_mask_low_015.jpg,p28,mask,low,0.7903145551681519,p28,0.519252,correct
4,/home/tahmid/crops/p28/p28_mask_regular_001.jpg,p28,mask,regular,0.7670581936836243,p28,0.515351,correct
4,/home/tahmid/crops/p28/p28_mask_regular_002.jpg,p28,mask,regular,0.768994927406311,p28,0.513592,correct
4,/home/tahmid/crops/p28/p28_mask_regular_003.jpg,p28,mask,regular,0.6914581060409546,p28,0.541226,correct
4,/home/tahmid/crops/p28/p28_mask_regular_004.jpg,p28,mask,regular,0.7476212978363037,p28,0.530125,correct
4,/home/tahmid/crops/p28/p28_mask_regular_005.jpg,p28,mask,regular,0.7358214259147644,p28,0.503778,correct
4,/home/tahmid/crops/p28/p28_mask_regular_006.jpg,p28,mask,regular,0.7231754660606384,p28,0.427214,correct
4,/home/tahmid/crops/p28/p28_mask_regular_007.jpg,p28,mask,regular,0.7491151690483093,p28,0.465521,correct
4,/home/tahmid/crops/p28/p28_mask_regular_008.jpg,p28,mask,regular,0.7540587186813354,p28,0.479178,correct
4,/home/tahmid/crops/p28/p28_mask_regular_009.jpg,p28,mask,regular,0.7941200733184814,p28,0.513967,correct
4,/home/tahmid/crops/p28/p28_mask_regular_010.jpg,p28,mask,regular,0.6977398991584778,p28,0.422945,correct
4,/home/tahmid/crops/p28/p28_mask_regular_011.jpg,p28,mask,regular,0.7009450197219849,p28,0.449061,correct
4,/home/tahmid/crops/p28/p28_mask_regular_012.jpg,p28,mask,regular,0.7605941295623779,p28,0.453443,correct
4,/home/tahmid/crops/p28/p28_mask_regular_013.jpg,p28,mask,regular,0.6945263147354126,p28,0.502114,correct
4,/home/tahmid/crops/p28/p28_mask_regular_014.jpg,p28,mask,regular,0.7381607890129089,p28,0.546422,correct
4,/home/tahmid/crops/p28/p28_mask_regular_015.jpg,p28,mask,regular,0.7920299768447876,p28,0.512853,correct
4,/home/tahmid/crops/p28/p28_mask_sunglass_low_001.jpg,p28,mask_sunglass,low,0.800761342048645,p28,0.332215,correct
4,/home/tahmid/crops/p28/p28_mask_sunglass_low_002.jpg,p28,mask_sunglass,low,0.7704142332077026,p28,0.380666,correct
4,/home/tahmid/crops/p28/p28_mask_sunglass_low_003.jpg,p28,mask_sunglass,low,0.7886492609977722,p28,0.326124,correct
4,/home/tahmid/crops/p28/p28_mask_sunglass_low_004.jpg,p28,mask_sunglass,low,0.8051121234893799,p28,0.181263,rejected
4,/home/tahmid/crops/p28/p28_mask_sunglass_low_005.jpg,p28,mask_sunglass,low,0.7953921556472778,p28,0.234241,rejected
4,/home/tahmid/crops/p28/p28_mask_sunglass_low_006.jpg,p28,mask_sunglass,low,0.7860212326049805,p28,0.198665,rejected
4,/home/tahmid/crops/p28/p28_mask_sunglass_low_007.jpg,p28,mask_sunglass,low,0.7276765704154968,p28,0.219245,rejected
4,/home/tahmid/crops/p28/p28_mask_sunglass_low_008.jpg,p28,mask_sunglass,low,0.7832081317901611,p28,0.193665,rejected
4,/home/tahmid/crops/p28/p28_mask_sunglass_low_009.jpg,p28,mask_sunglass,low,0.7385856509208679,p28,0.347877,correct
4,/home/tahmid/crops/p28/p28_mask_sunglass_low_010.jpg,p28,mask_sunglass,low,0.7372526526451111,p28,0.338818,correct
4,/home/tahmid/crops/p28/p28_mask_sunglass_low_011.jpg,p28,mask_sunglass,low,0.8248909711837769,p28,0.337546,correct
4,/home/tahmid/crops/p28/p28_mask_sunglass_low_012.jpg,p28,mask_sunglass,low,0.8314212560653687,p28,0.350166,correct
4,/home/tahmid/crops/p28/p28_mask_sunglass_low_013.jpg,p28,mask_sunglass,low,0.7808448672294617,p28,0.303047,correct
4,/home/tahmid/crops/p28/p28_mask_sunglass_low_014.jpg,p28,mask_sunglass,low,0.8003728985786438,p28,0.298215,rejected
4,/home/tahmid/crops/p28/p28_mask_sunglass_regular_001.jpg,p28,mask_sunglass,regular,0.8164712190628052,p28,0.308042,correct
4,/home/tahmid/crops/p28/p28_mask_sunglass_regular_002.jpg,p28,mask_sunglass,regular,0.7714047431945801,p28,0.330022,correct
4,/home/tahmid/crops/p28/p28_mask_sunglass_regular_003.jpg,p28,mask_sunglass,regular,0.8022491931915283,p28,0.351813,correct
4,/home/tahmid/crops/p28/p28_mask_sunglass_regular_004.jpg,p28,mask_sunglass,regular,0.8125237226486206,p28,0.240983,rejected
4,/home/tahmid/crops/p28/p28_mask_sunglass_regular_005.jpg,p28,mask_sunglass,regular,0.7999916672706604,p28,0.210162,rejected
4,/home/tahmid/crops/p28/p28_mask_sunglass_regular_006.jpg,p28,mask_sunglass,regular,0.7954497337341309,p28,0.213036,rejected
4,/home/tahmid/crops/p28/p28_mask_sunglass_regular_007.jpg,p28,mask_sunglass,regular,0.7162564992904663,p28,0.243037,rejected
4,/home/tahmid/crops/p28/p28_mask_sunglass_regular_008.jpg,p28,mask_sunglass,regular,0.7740001678466797,p28,0.254337,rejected
4,/home/tahmid/crops/p28/p28_mask_sunglass_regular_009.jpg,p28,mask_sunglass,regular,0.7338731288909912,p28,0.344655,correct
4,/home/tahmid/crops/p28/p28_mask_sunglass_regular_010.jpg,p28,mask_sunglass,regular,0.7387279868125916,p28,0.351216,correct
4,/home/tahmid/crops/p28/p28_mask_sunglass_regular_011.jpg,p28,mask_sunglass,regular,0.8474535942077637,p28,0.329141,correct
4,/home/tahmid/crops/p28/p28_mask_sunglass_regular_012.jpg,p28,mask_sunglass,regular,0.8357824087142944,p28,0.330035,correct
4,/home/tahmid/crops/p28/p28_mask_sunglass_regular_013.jpg,p28,mask_sunglass,regular,0.793287992477417,p28,0.345014,correct
4,/home/tahmid/crops/p28/p28_mask_sunglass_regular_014.jpg,p28,mask_sunglass,regular,0.8261426687240601,p28,0.341453,correct
4,/home/tahmid/crops/p28/p28_none_low_008.jpg,p28,none,low,0.8122870922088623,p28,0.848467,correct
4,/home/tahmid/crops/p28/p28_none_regular_007.jpg,p28,none,regular,0.8186697959899902,p28,0.866320,correct
4,/home/tahmid/crops/p28/p28_none_regular_008.jpg,p28,none,regular,0.8498570322990417,p28,0.866951,correct
4,/home/tahmid/crops/p28/p28_scarf_low_001.jpg,p28,scarf,low,0.810240626335144,p28,0.607032,correct
4,/home/tahmid/crops/p28/p28_scarf_low_002.jpg,p28,scarf,low,0.8177371025085449,p28,0.593786,correct
4,/home/tahmid/crops/p28/p28_scarf_low_003.jpg,p28,scarf,low,0.8209760189056396,p28,0.572021,correct
4,/home/tahmid/crops/p28/p28_scarf_low_004.jpg,p28,scarf,low,0.6356571316719055,p28,0.569762,correct
4,/home/tahmid/crops/p28/p28_scarf_low_005.jpg,p28,scarf,low,0.6481010913848877,p28,0.566716,correct
4,/home/tahmid/crops/p28/p28_scarf_low_006.jpg,p28,scarf,low,0.7336680293083191,p28,0.546461,correct
4,/home/tahmid/crops/p28/p28_scarf_low_007.jpg,p28,scarf,low,0.8150635957717896,p28,0.582495,correct
4,/home/tahmid/crops/p28/p28_scarf_low_008.jpg,p28,scarf,low,0.8002853393554688,p28,0.609911,correct
4,/home/tahmid/crops/p28/p28_scarf_low_009.jpg,p28,scarf,low,0.7976744174957275,p28,0.609666,correct
4,/home/tahmid/crops/p28/p28_scarf_low_010.jpg,p28,scarf,low,0.6159705519676208,p28,0.571954,correct
4,/home/tahmid/crops/p28/p28_scarf_low_011.jpg,p28,scarf,low,0.8040086627006531,p28,0.594684,correct
4,/home/tahmid/crops/p28/p28_scarf_low_012.jpg,p28,scarf,low,0.5465213060379028,p28,0.520318,correct
4,/home/tahmid/crops/p28/p28_scarf_regular_001.jpg,p28,scarf,regular,0.8089507222175598,p28,0.629420,correct
4,/home/tahmid/crops/p28/p28_scarf_regular_002.jpg,p28,scarf,regular,0.806830108165741,p28,0.616939,correct
4,/home/tahmid/crops/p28/p28_scarf_regular_003.jpg,p28,scarf,regular,0.6153030395507812,p28,0.557800,correct
4,/home/tahmid/crops/p28/p28_scarf_regular_004.jpg,p28,scarf,regular,0.6786032915115356,p28,0.592813,correct
4,/home/tahmid/crops/p28/p28_scarf_regular_005.jpg,p28,scarf,regular,0.7333794236183167,p28,0.570734,correct
4,/home/tahmid/crops/p28/p28_scarf_regular_006.jpg,p28,scarf,regular,0.8215032815933228,p28,0.602216,correct
4,/home/tahmid/crops/p28/p28_scarf_regular_007.jpg,p28,scarf,regular,0.7976102828979492,p28,0.621413,correct
4,/home/tahmid/crops/p28/p28_scarf_regular_008.jpg,p28,scarf,regular,0.797897458076477,p28,0.634453,correct
4,/home/tahmid/crops/p28/p28_scarf_regular_009.jpg,p28,scarf,regular,0.6052387952804565,p28,0.557696,correct
4,/home/tahmid/crops/p28/p28_scarf_regular_010.jpg,p28,scarf,regular,0.793060302734375,p28,0.597086,correct
4,/home/tahmid/crops/p28/p28_scarf_regular_011.jpg,p28,scarf,regular,0.5263018012046814,p28,0.484891,correct
4,/home/tahmid/crops/p28/p28_sunglass_low_001.jpg,p28,sunglass,low,0.8284397125244141,p28,0.794551,correct
4,/home/tahmid/crops/p28/p28_sunglass_low_002.jpg,p28,sunglass,low,0.8794211149215698,p28,0.799592,correct
4,/home/tahmid/crops/p28/p28_sunglass_low_003.jpg,p28,sunglass,low,0.8770101070404053,p28,0.814133,correct
4,/home/tahmid/crops/p28/p28_sunglass_low_004.jpg,p28,sunglass,low,0.7968072891235352,p28,0.760010,correct
4,/home/tahmid/crops/p28/p28_sunglass_low_005.jpg,p28,sunglass,low,0.8103166818618774,p28,0.734854,correct
4,/home/tahmid/crops/p28/p28_sunglass_low_006.jpg,p28,sunglass,low,0.7947587966918945,p28,0.733762,correct
4,/home/tahmid/crops/p28/p28_sunglass_low_007.jpg,p28,sunglass,low,0.8092292547225952,p28,0.589985,correct
4,/home/tahmid/crops/p28/p28_sunglass_low_008.jpg,p28,sunglass,low,0.7908507585525513,p28,0.628027,correct
4,/home/tahmid/crops/p28/p28_sunglass_low_009.jpg,p28,sunglass,low,0.7995816469192505,p28,0.686480,correct
4,/home/tahmid/crops/p28/p28_sunglass_low_010.jpg,p28,sunglass,low,0.845594584941864,p28,0.647226,correct
4,/home/tahmid/crops/p28/p28_sunglass_low_011.jpg,p28,sunglass,low,0.8511778712272644,p28,0.675657,correct
4,/home/tahmid/crops/p28/p28_sunglass_low_012.jpg,p28,sunglass,low,0.6972911953926086,p28,0.537467,correct
4,/home/tahmid/crops/p28/p28_sunglass_low_013.jpg,p28,sunglass,low,0.7017903923988342,p28,0.548677,correct
4,/home/tahmid/crops/p28/p28_sunglass_regular_001.jpg,p28,sunglass,regular,0.830614447593689,p28,0.797612,correct
4,/home/tahmid/crops/p28/p28_sunglass_regular_002.jpg,p28,sunglass,regular,0.8819503784179688,p28,0.802010,correct
4,/home/tahmid/crops/p28/p28_sunglass_regular_003.jpg,p28,sunglass,regular,0.8799413442611694,p28,0.817871,correct
4,/home/tahmid/crops/p28/p28_sunglass_regular_004.jpg,p28,sunglass,regular,0.7930223941802979,p28,0.783565,correct
4,/home/tahmid/crops/p28/p28_sunglass_regular_005.jpg,p28,sunglass,regular,0.810379147529602,p28,0.743733,correct
4,/home/tahmid/crops/p28/p28_sunglass_regular_006.jpg,p28,sunglass,regular,0.7930230498313904,p28,0.744597,correct
4,/home/tahmid/crops/p28/p28_sunglass_regular_007.jpg,p28,sunglass,regular,0.8110812306404114,p28,0.604445,correct
4,/home/tahmid/crops/p28/p28_sunglass_regular_008.jpg,p28,sunglass,regular,0.8035134077072144,p28,0.653175,correct
4,/home/tahmid/crops/p28/p28_sunglass_regular_009.jpg,p28,sunglass,regular,0.7911417484283447,p28,0.699465,correct
4,/home/tahmid/crops/p28/p28_sunglass_regular_010.jpg,p28,sunglass,regular,0.841048002243042,p28,0.649685,correct
4,/home/tahmid/crops/p28/p28_sunglass_regular_011.jpg,p28,sunglass,regular,0.8598546385765076,p28,0.671384,correct
4,/home/tahmid/crops/p28/p28_sunglass_regular_012.jpg,p28,sunglass,regular,0.7177387475967407,p28,0.543474,correct
4,/home/tahmid/crops/p28/p28_sunglass_regular_013.jpg,p28,sunglass,regular,0.7213378548622131,p28,0.502523,correct
5,/home/tahmid/crops/p05/p05_cap_low_001.jpg,p05,cap,low,0.6765466928482056,p05,0.518531,correct
5,/home/tahmid/crops/p05/p05_cap_low_002.jpg,p05,cap,low,0.6386196613311768,p05,0.526530,correct
5,/home/tahmid/crops/p05/p05_cap_low_003.jpg,p05,cap,low,0.6386196613311768,p05,0.526530,correct
5,/home/tahmid/crops/p05/p05_cap_low_004.jpg,p05,cap,low,0.675531268119812,p05,0.544404,correct
5,/home/tahmid/crops/p05/p05_cap_low_005.jpg,p05,cap,low,0.6620925068855286,p05,0.397064,correct
5,/home/tahmid/crops/p05/p05_cap_low_006.jpg,p05,cap,low,0.6923861503601074,p05,0.405288,correct
5,/home/tahmid/crops/p05/p05_cap_low_007.jpg,p05,cap,low,0.6744612455368042,p05,0.409555,correct
5,/home/tahmid/crops/p05/p05_cap_low_008.jpg,p05,cap,low,0.6744612455368042,p05,0.409555,correct
5,/home/tahmid/crops/p05/p05_cap_low_009.jpg,p05,cap,low,0.47836562991142273,p05,0.200597,rejected
5,/home/tahmid/crops/p05/p05_cap_low_010.jpg,p05,cap,low,0.4451356530189514,p05,0.161457,rejected
5,/home/tahmid/crops/p05/p05_cap_low_011.jpg,p05,cap,low,0.44948074221611023,p05,0.218063,rejected
5,/home/tahmid/crops/p05/p05_cap_low_012.jpg,p05,cap,low,0.44948074221611023,p05,0.218063,rejected
5,/home/tahmid/crops/p05/p05_cap_low_013.jpg,p05,cap,low,0.5808380842208862,p05,0.202258,rejected
5,/home/tahmid/crops/p05/p05_cap_low_014.jpg,p05,cap,low,0.6161743402481079,p05,0.180494,rejected
5,/home/tahmid/crops/p05/p05_cap_low_015.jpg,p05,cap,low,0.6161743402481079,p05,0.180494,rejected
5,/home/tahmid/crops/p05/p05_cap_regular_001.jpg,p05,cap,regular,0.7148131132125854,p05,0.560082,correct
5,/home/tahmid/crops/p05/p05_cap_regular_002.jpg,p05,cap,regular,0.7148131132125854,p05,0.560082,correct
5,/home/tahmid/crops/p05/p05_cap_regular_003.jpg,p05,cap,regular,0.6630884408950806,p05,0.578831,correct
5,/home/tahmid/crops/p05/p05_cap_regular_004.jpg,p05,cap,regular,0.7481287717819214,p05,0.279511,rejected
5,/home/tahmid/crops/p05/p05_cap_regular_005.jpg,p05,cap,regular,0.7481287717819214,p05,0.279511,rejected
5,/home/tahmid/crops/p05/p05_cap_regular_006.jpg,p05,cap,regular,0.7272248268127441,p05,0.332322,correct
5,/home/tahmid/crops/p05/p05_cap_regular_007.jpg,p05,cap,regular,0.7272248268127441,p05,0.332322,correct
5,/home/tahmid/crops/p05/p05_cap_regular_008.jpg,p05,cap,regular,0.6194272637367249,p05,0.208589,rejected
5,/home/tahmid/crops/p05/p05_cap_regular_009.jpg,p05,cap,regular,0.6476663947105408,p05,0.264212,rejected
5,/home/tahmid/crops/p05/p05_cap_regular_010.jpg,p05,cap,regular,0.6579873561859131,p05,0.238920,rejected
5,/home/tahmid/crops/p05/p05_cap_regular_011.jpg,p05,cap,regular,0.6579873561859131,p05,0.238920,rejected
5,/home/tahmid/crops/p05/p05_cap_regular_012.jpg,p05,cap,regular,0.7273036241531372,p05,0.559178,correct
5,/home/tahmid/crops/p05/p05_cap_regular_013.jpg,p05,cap,regular,0.7228739261627197,p05,0.556480,correct
5,/home/tahmid/crops/p05/p05_cap_regular_014.jpg,p05,cap,regular,0.675531268119812,p05,0.544404,correct
5,/home/tahmid/crops/p05/p05_cap_regular_015.jpg,p05,cap,regular,0.6744612455368042,p05,0.409555,correct
5,/home/tahmid/crops/p05/p05_mask_clearglass_low_001.jpg,p05,mask_clearglass,low,0.7689104080200195,p05,0.406725,correct
5,/home/tahmid/crops/p05/p05_mask_clearglass_low_002.jpg,p05,mask_clearglass,low,0.5876747369766235,p05,0.257884,rejected
5,/home/tahmid/crops/p05/p05_mask_clearglass_low_003.jpg,p05,mask_clearglass,low,0.680762529373169,p05,0.307309,correct
5,/home/tahmid/crops/p05/p05_mask_clearglass_low_004.jpg,p05,mask_clearglass,low,0.6660583019256592,p05,0.303723,correct
5,/home/tahmid/crops/p05/p05_mask_clearglass_low_005.jpg,p05,mask_clearglass,low,0.34781551361083984,p05,0.160233,rejected
5,/home/tahmid/crops/p05/p05_mask_clearglass_low_006.jpg,p05,mask_clearglass,low,0.35201534628868103,p18,0.121842,rejected
5,/home/tahmid/crops/p05/p05_mask_clearglass_low_007.jpg,p05,mask_clearglass,low,0.37466561794281006,p05,0.174633,rejected
5,/home/tahmid/crops/p05/p05_mask_clearglass_low_008.jpg,p05,mask_clearglass,low,0.40847188234329224,p05,0.193594,rejected
5,/home/tahmid/crops/p05/p05_mask_clearglass_regular_001.jpg,p05,mask_clearglass,regular,0.6860768795013428,p05,0.308645,correct
5,/home/tahmid/crops/p05/p05_mask_clearglass_regular_002.jpg,p05,mask_clearglass,regular,0.704914927482605,p05,0.321909,correct
5,/home/tahmid/crops/p05/p05_mask_clearglass_regular_003.jpg,p05,mask_clearglass,regular,0.7043548822402954,p05,0.307774,correct
5,/home/tahmid/crops/p05/p05_mask_clearglass_regular_004.jpg,p05,mask_clearglass,regular,0.5687585473060608,p05,0.196408,rejected
5,/home/tahmid/crops/p05/p05_mask_clearglass_regular_005.jpg,p05,mask_clearglass,regular,0.5587445497512817,p05,0.190005,rejected
5,/home/tahmid/crops/p05/p05_mask_clearglass_regular_006.jpg,p05,mask_clearglass,regular,0.326988160610199,p05,0.095861,rejected
5,/home/tahmid/crops/p05/p05_mask_low_001.jpg,p05,mask,low,0.7864782214164734,p05,0.604132,correct
5,/home/tahmid/crops/p05/p05_mask_low_002.jpg,p05,mask,low,0.7864782214164734,p05,0.604132,correct
5,/home/tahmid/crops/p05/p05_mask_low_003.jpg,p05,mask,low,0.7945327162742615,p05,0.565321,correct
5,/home/tahmid/crops/p05/p05_mask_low_004.jpg,p05,mask,low,0.7945327162742615,p05,0.565321,correct
5,/home/tahmid/crops/p05/p05_mask_low_005.jpg,p05,mask,low,0.8059983253479004,p05,0.523577,correct
5,/home/tahmid/crops/p05/p05_mask_low_006.jpg,p05,mask,low,0.8220059871673584,p05,0.540137,correct
5,/home/tahmid/crops/p05/p05_mask_low_007.jpg,p05,mask,low,0.7815080881118774,p05,0.514796,correct
5,/home/tahmid/crops/p05/p05_mask_low_008.jpg,p05,mask,low,0.7815080881118774,p05,0.514796,correct
5,/home/tahmid/crops/p05/p05_mask_low_009.jpg,p05,mask,low,0.7819499373435974,p05,0.491834,correct
5,/home/tahmid/crops/p05/p05_mask_low_010.jpg,p05,mask,low,0.7819499373435974,p05,0.491834,correct
5,/home/tahmid/crops/p05/p05_mask_low_011.jpg,p05,mask,low,0.7724156379699707,p05,0.460518,correct
5,/home/tahmid/crops/p05/p05_mask_low_012.jpg,p05,mask,low,0.7724156379699707,p05,0.460518,correct
5,/home/tahmid/crops/p05/p05_mask_low_013.jpg,p05,mask,low,0.7629043459892273,p05,0.401341,correct
5,/home/tahmid/crops/p05/p05_mask_low_014.jpg,p05,mask,low,0.7696022987365723,p05,0.450752,correct
5,/home/tahmid/crops/p05/p05_mask_low_015.jpg,p05,mask,low,0.7019997835159302,p05,0.417736,correct
5,/home/tahmid/crops/p05/p05_mask_regular_001.jpg,p05,mask,regular,0.8149241805076599,p05,0.592602,correct
5,/home/tahmid/crops/p05/p05_mask_regular_002.jpg,p05,mask,regular,0.8147807121276855,p05,0.564037,correct
5,/home/tahmid/crops/p05/p05_mask_regular_003.jpg,p05,mask,regular,0.7954912185668945,p05,0.563253,correct
5,/home/tahmid/crops/p05/p05_mask_regular_004.jpg,p05,mask,regular,0.7954912185668945,p05,0.563253,correct
5,/home/tahmid/crops/p05/p05_mask_regular_005.jpg,p05,mask,regular,0.8297408819198608,p05,0.524695,correct
5,/home/tahmid/crops/p05/p05_mask_regular_006.jpg,p05,mask,regular,0.7654170989990234,p05,0.494368,correct
5,/home/tahmid/crops/p05/p05_mask_regular_007.jpg,p05,mask,regular,0.7890225648880005,p05,0.506579,correct
5,/home/tahmid/crops/p05/p05_mask_regular_008.jpg,p05,mask,regular,0.7743890285491943,p05,0.497182,correct
5,/home/tahmid/crops/p05/p05_mask_regular_009.jpg,p05,mask,regular,0.791907548904419,p05,0.451450,correct
5,/home/tahmid/crops/p05/p05_mask_regular_010.jpg,p05,mask,regular,0.7600734233856201,p05,0.412765,correct
5,/home/tahmid/crops/p05/p05_mask_regular_011.jpg,p05,mask,regular,0.7494924068450928,p05,0.415090,correct
5,/home/tahmid/crops/p05/p05_mask_regular_012.jpg,p05,mask,regular,0.7019997835159302,p05,0.417736,correct
5,/home/tahmid/crops/p05/p05_mask_regular_013.jpg,p05,mask,regular,0.7019997835159302,p05,0.417736,correct
5,/home/tahmid/crops/p05/p05_mask_regular_014.jpg,p05,mask,regular,0.6005534529685974,p05,0.277341,rejected
5,/home/tahmid/crops/p05/p05_mask_regular_015.jpg,p05,mask,regular,0.6585932970046997,p05,0.261798,rejected
5,/home/tahmid/crops/p05/p05_mask_sunglass_low_001.jpg,p05,mask_sunglass,low,0.6994524598121643,p05,0.348437,correct
5,/home/tahmid/crops/p05/p05_mask_sunglass_low_002.jpg,p05,mask_sunglass,low,0.6149910688400269,p05,0.218844,rejected
5,/home/tahmid/crops/p05/p05_mask_sunglass_low_003.jpg,p05,mask_sunglass,low,0.596164345741272,p05,0.201516,rejected
5,/home/tahmid/crops/p05/p05_mask_sunglass_low_004.jpg,p05,mask_sunglass,low,0.6523985862731934,p05,0.212660,rejected
5,/home/tahmid/crops/p05/p05_mask_sunglass_low_005.jpg,p05,mask_sunglass,low,0.6523985862731934,p05,0.212660,rejected
5,/home/tahmid/crops/p05/p05_mask_sunglass_low_006.jpg,p05,mask_sunglass,low,0.7177537679672241,p05,0.213681,rejected
5,/home/tahmid/crops/p05/p05_mask_sunglass_low_007.jpg,p05,mask_sunglass,low,0.6787673830986023,p05,0.165950,rejected
5,/home/tahmid/crops/p05/p05_mask_sunglass_low_008.jpg,p05,mask_sunglass,low,0.5733416080474854,p16,0.110332,rejected
5,/home/tahmid/crops/p05/p05_mask_sunglass_low_009.jpg,p05,mask_sunglass,low,0.5737529397010803,p05,0.115727,rejected
5,/home/tahmid/crops/p05/p05_mask_sunglass_low_010.jpg,p05,mask_sunglass,low,0.5888365507125854,p05,0.212090,rejected
5,/home/tahmid/crops/p05/p05_mask_sunglass_low_011.jpg,p05,mask_sunglass,low,0.5562025308609009,p05,0.190632,rejected
5,/home/tahmid/crops/p05/p05_mask_sunglass_low_012.jpg,p05,mask_sunglass,low,0.5562025308609009,p05,0.190632,rejected
5,/home/tahmid/crops/p05/p05_mask_sunglass_low_013.jpg,p05,mask_sunglass,low,0.6895456910133362,p05,0.216487,rejected
5,/home/tahmid/crops/p05/p05_mask_sunglass_low_014.jpg,p05,mask_sunglass,low,0.6895456910133362,p05,0.216487,rejected
5,/home/tahmid/crops/p05/p05_mask_sunglass_low_015.jpg,p05,mask_sunglass,low,0.6904189586639404,p05,0.231540,rejected
5,/home/tahmid/crops/p05/p05_mask_sunglass_regular_001.jpg,p05,mask_sunglass,regular,0.7022174000740051,p05,0.267688,rejected
5,/home/tahmid/crops/p05/p05_mask_sunglass_regular_002.jpg,p05,mask_sunglass,regular,0.7160717248916626,p05,0.254371,rejected
5,/home/tahmid/crops/p05/p05_mask_sunglass_regular_003.jpg,p05,mask_sunglass,regular,0.682241678237915,p05,0.178800,rejected
5,/home/tahmid/crops/p05/p05_mask_sunglass_regular_004.jpg,p05,mask_sunglass,regular,0.6703627705574036,p05,0.224235,rejected
5,/home/tahmid/crops/p05/p05_mask_sunglass_regular_005.jpg,p05,mask_sunglass,regular,0.7391866445541382,p05,0.210174,rejected
5,/home/tahmid/crops/p05/p05_mask_sunglass_regular_006.jpg,p05,mask_sunglass,regular,0.7597249746322632,p05,0.196157,rejected
5,/home/tahmid/crops/p05/p05_mask_sunglass_regular_007.jpg,p05,mask_sunglass,regular,0.686864972114563,p05,0.189443,rejected
5,/home/tahmid/crops/p05/p05_mask_sunglass_regular_008.jpg,p05,mask_sunglass,regular,0.686864972114563,p05,0.189443,rejected
5,/home/tahmid/crops/p05/p05_mask_sunglass_regular_009.jpg,p05,mask_sunglass,regular,0.6810057163238525,p05,0.241238,rejected
5,/home/tahmid/crops/p05/p05_mask_sunglass_regular_010.jpg,p05,mask_sunglass,regular,0.6810057163238525,p05,0.241238,rejected
5,/home/tahmid/crops/p05/p05_mask_sunglass_regular_011.jpg,p05,mask_sunglass,regular,0.7381935715675354,p05,0.151314,rejected
5,/home/tahmid/crops/p05/p05_mask_sunglass_regular_012.jpg,p05,mask_sunglass,regular,0.7381935715675354,p05,0.151314,rejected
5,/home/tahmid/crops/p05/p05_mask_sunglass_regular_013.jpg,p05,mask_sunglass,regular,0.7171350717544556,p05,0.199420,rejected
5,/home/tahmid/crops/p05/p05_mask_sunglass_regular_014.jpg,p05,mask_sunglass,regular,0.7042179703712463,p05,0.179050,rejected
5,/home/tahmid/crops/p05/p05_mask_sunglass_regular_015.jpg,p05,mask_sunglass,regular,0.6722167730331421,p05,0.189174,rejected
5,/home/tahmid/crops/p05/p05_none_low_001.jpg,p05,none,low,0.8495689630508423,p05,0.940919,correct
5,/home/tahmid/crops/p05/p05_none_low_002.jpg,p05,none,low,0.8495689630508423,p05,0.940919,correct
5,/home/tahmid/crops/p05/p05_none_low_003.jpg,p05,none,low,0.8589316606521606,p05,0.936721,correct
5,/home/tahmid/crops/p05/p05_none_low_004.jpg,p05,none,low,0.8589316606521606,p05,0.936721,correct
5,/home/tahmid/crops/p05/p05_none_low_005.jpg,p05,none,low,0.8623190522193909,p05,0.933025,correct
5,/home/tahmid/crops/p05/p05_none_low_006.jpg,p05,none,low,0.8623190522193909,p05,0.933025,correct
5,/home/tahmid/crops/p05/p05_none_low_007.jpg,p05,none,low,0.8439866304397583,p05,0.821024,correct
5,/home/tahmid/crops/p05/p05_none_low_008.jpg,p05,none,low,0.8372899889945984,p05,0.805358,correct
5,/home/tahmid/crops/p05/p05_none_low_009.jpg,p05,none,low,0.8150973916053772,p05,0.683379,correct
5,/home/tahmid/crops/p05/p05_none_low_010.jpg,p05,none,low,0.8150973916053772,p05,0.683379,correct
5,/home/tahmid/crops/p05/p05_none_low_011.jpg,p05,none,low,0.807330846786499,p05,0.692426,correct
5,/home/tahmid/crops/p05/p05_none_low_012.jpg,p05,none,low,0.807330846786499,p05,0.692426,correct
5,/home/tahmid/crops/p05/p05_none_low_013.jpg,p05,none,low,0.807330846786499,p05,0.692426,correct
5,/home/tahmid/crops/p05/p05_none_low_014.jpg,p05,none,low,0.7993876934051514,p05,0.673434,correct
5,/home/tahmid/crops/p05/p05_none_low_015.jpg,p05,none,low,0.8491296768188477,p05,0.682051,correct
5,/home/tahmid/crops/p05/p05_none_low_016.jpg,p05,none,low,0.8491296768188477,p05,0.682051,correct
5,/home/tahmid/crops/p05/p05_none_regular_001.jpg,p05,none,regular,0.8630181550979614,p05,0.956329,correct
5,/home/tahmid/crops/p05/p05_none_regular_003.jpg,p05,none,regular,0.8586552143096924,p05,0.958879,correct
5,/home/tahmid/crops/p05/p05_none_regular_004.jpg,p05,none,regular,0.8294107913970947,p05,0.922204,correct
5,/home/tahmid/crops/p05/p05_none_regular_005.jpg,p05,none,regular,0.8294107913970947,p05,0.922204,correct
5,/home/tahmid/crops/p05/p05_none_regular_006.jpg,p05,none,regular,0.853663444519043,p05,0.932876,correct
5,/home/tahmid/crops/p05/p05_none_regular_007.jpg,p05,none,regular,0.853663444519043,p05,0.932876,correct
5,/home/tahmid/crops/p05/p05_none_regular_008.jpg,p05,none,regular,0.853663444519043,p05,0.932876,correct
5,/home/tahmid/crops/p05/p05_none_regular_009.jpg,p05,none,regular,0.8307425379753113,p05,0.813103,correct
5,/home/tahmid/crops/p05/p05_none_regular_010.jpg,p05,none,regular,0.8253658413887024,p05,0.827524,correct
5,/home/tahmid/crops/p05/p05_none_regular_011.jpg,p05,none,regular,0.8202433586120605,p05,0.809678,correct
5,/home/tahmid/crops/p05/p05_none_regular_012.jpg,p05,none,regular,0.8202433586120605,p05,0.809678,correct
5,/home/tahmid/crops/p05/p05_none_regular_013.jpg,p05,none,regular,0.8414686918258667,p05,0.737005,correct
5,/home/tahmid/crops/p05/p05_none_regular_014.jpg,p05,none,regular,0.8372266888618469,p05,0.690816,correct
5,/home/tahmid/crops/p05/p05_none_regular_015.jpg,p05,none,regular,0.8127357363700867,p05,0.663788,correct
5,/home/tahmid/crops/p05/p05_none_regular_016.jpg,p05,none,regular,0.8168516755104065,p05,0.647628,correct
5,/home/tahmid/crops/p05/p05_scarf_low_001.jpg,p05,scarf,low,0.7681388854980469,p05,0.777178,correct
5,/home/tahmid/crops/p05/p05_scarf_low_002.jpg,p05,scarf,low,0.7657074928283691,p05,0.659174,correct
5,/home/tahmid/crops/p05/p05_scarf_low_003.jpg,p05,scarf,low,0.7363724708557129,p05,0.649301,correct
5,/home/tahmid/crops/p05/p05_scarf_low_004.jpg,p05,scarf,low,0.7363724708557129,p05,0.649301,correct
5,/home/tahmid/crops/p05/p05_scarf_low_005.jpg,p05,scarf,low,0.7363724708557129,p05,0.649301,correct
5,/home/tahmid/crops/p05/p05_scarf_low_006.jpg,p05,scarf,low,0.6534069180488586,p05,0.528223,correct
5,/home/tahmid/crops/p05/p05_scarf_low_007.jpg,p05,scarf,low,0.7166226506233215,p05,0.549506,correct
5,/home/tahmid/crops/p05/p05_scarf_low_008.jpg,p05,scarf,low,0.7166226506233215,p05,0.549506,correct
5,/home/tahmid/crops/p05/p05_scarf_low_009.jpg,p05,scarf,low,0.8353917598724365,p05,0.760038,correct
5,/home/tahmid/crops/p05/p05_scarf_low_010.jpg,p05,scarf,low,0.8081734776496887,p05,0.764613,correct
5,/home/tahmid/crops/p05/p05_scarf_low_011.jpg,p05,scarf,low,0.8081734776496887,p05,0.764613,correct
5,/home/tahmid/crops/p05/p05_scarf_low_012.jpg,p05,scarf,low,0.8640186786651611,p05,0.781066,correct
5,/home/tahmid/crops/p05/p05_scarf_low_013.jpg,p05,scarf,low,0.8640186786651611,p05,0.781066,correct
5,/home/tahmid/crops/p05/p05_scarf_low_014.jpg,p05,scarf,low,0.8826460242271423,p05,0.791846,correct
5,/home/tahmid/crops/p05/p05_scarf_low_015.jpg,p05,scarf,low,0.8826460242271423,p05,0.791846,correct
5,/home/tahmid/crops/p05/p05_scarf_low_016.jpg,p05,scarf,low,0.8826460242271423,p05,0.791846,correct
5,/home/tahmid/crops/p05/p05_scarf_regular_001.jpg,p05,scarf,regular,0.7522568702697754,p05,0.763986,correct
5,/home/tahmid/crops/p05/p05_scarf_regular_002.jpg,p05,scarf,regular,0.7478022575378418,p05,0.782041,correct
5,/home/tahmid/crops/p05/p05_scarf_regular_003.jpg,p05,scarf,regular,0.6980450749397278,p05,0.686908,correct
5,/home/tahmid/crops/p05/p05_scarf_regular_004.jpg,p05,scarf,regular,0.6365819573402405,p05,0.653155,correct
5,/home/tahmid/crops/p05/p05_scarf_regular_005.jpg,p05,scarf,regular,0.7657074928283691,p05,0.659174,correct
5,/home/tahmid/crops/p05/p05_scarf_regular_006.jpg,p05,scarf,regular,0.745976984500885,p05,0.561588,correct
5,/home/tahmid/crops/p05/p05_scarf_regular_007.jpg,p05,scarf,regular,0.7282615303993225,p05,0.539148,correct
5,/home/tahmid/crops/p05/p05_scarf_regular_008.jpg,p05,scarf,regular,0.7280873656272888,p05,0.517373,correct
5,/home/tahmid/crops/p05/p05_scarf_regular_009.jpg,p05,scarf,regular,0.8437435030937195,p05,0.793631,correct
5,/home/tahmid/crops/p05/p05_scarf_regular_010.jpg,p05,scarf,regular,0.8437435030937195,p05,0.793631,correct
5,/home/tahmid/crops/p05/p05_scarf_regular_011.jpg,p05,scarf,regular,0.8513880968093872,p05,0.782797,correct
5,/home/tahmid/crops/p05/p05_scarf_regular_012.jpg,p05,scarf,regular,0.8447760343551636,p05,0.763889,correct
5,/home/tahmid/crops/p05/p05_scarf_regular_013.jpg,p05,scarf,regular,0.8670029044151306,p05,0.784634,correct
5,/home/tahmid/crops/p05/p05_scarf_regular_014.jpg,p05,scarf,regular,0.8582100868225098,p05,0.777834,correct
5,/home/tahmid/crops/p05/p05_scarf_regular_015.jpg,p05,scarf,regular,0.8582100868225098,p05,0.777834,correct
5,/home/tahmid/crops/p05/p05_scarf_regular_016.jpg,p05,scarf,regular,0.8582100868225098,p05,0.777834,correct
5,/home/tahmid/crops/p05/p05_sunglass_low_001.jpg,p05,sunglass,low,0.7799594402313232,p05,0.664996,correct
5,/home/tahmid/crops/p05/p05_sunglass_low_002.jpg,p05,sunglass,low,0.7807855010032654,p05,0.693316,correct
5,/home/tahmid/crops/p05/p05_sunglass_low_003.jpg,p05,sunglass,low,0.7567405700683594,p05,0.640319,correct
5,/home/tahmid/crops/p05/p05_sunglass_low_004.jpg,p05,sunglass,low,0.7175174355506897,p05,0.634386,correct
5,/home/tahmid/crops/p05/p05_sunglass_low_005.jpg,p05,sunglass,low,0.7182507514953613,p05,0.623298,correct
5,/home/tahmid/crops/p05/p05_sunglass_low_006.jpg,p05,sunglass,low,0.7182507514953613,p05,0.623298,correct
5,/home/tahmid/crops/p05/p05_sunglass_low_007.jpg,p05,sunglass,low,0.7552888989448547,p05,0.625826,correct
5,/home/tahmid/crops/p05/p05_sunglass_low_008.jpg,p05,sunglass,low,0.7232190370559692,p05,0.643953,correct
5,/home/tahmid/crops/p05/p05_sunglass_low_009.jpg,p05,sunglass,low,0.7190507054328918,p05,0.635946,correct
5,/home/tahmid/crops/p05/p05_sunglass_low_010.jpg,p05,sunglass,low,0.7190507054328918,p05,0.635946,correct
5,/home/tahmid/crops/p05/p05_sunglass_low_011.jpg,p05,sunglass,low,0.7514268159866333,p05,0.468414,correct
5,/home/tahmid/crops/p05/p05_sunglass_low_012.jpg,p05,sunglass,low,0.7514268159866333,p05,0.468414,correct
5,/home/tahmid/crops/p05/p05_sunglass_low_013.jpg,p05,sunglass,low,0.7514268159866333,p05,0.468414,correct
5,/home/tahmid/crops/p05/p05_sunglass_low_014.jpg,p05,sunglass,low,0.6626695990562439,p05,0.300097,correct
5,/home/tahmid/crops/p05/p05_sunglass_low_015.jpg,p05,sunglass,low,0.7147486805915833,p05,0.315814,correct
5,/home/tahmid/crops/p05/p05_sunglass_low_016.jpg,p05,sunglass,low,0.7147486805915833,p05,0.315814,correct
5,/home/tahmid/crops/p05/p05_sunglass_regular_001.jpg,p05,sunglass,regular,0.7931652069091797,p05,0.690353,correct
5,/home/tahmid/crops/p05/p05_sunglass_regular_002.jpg,p05,sunglass,regular,0.7702971696853638,p05,0.681091,correct
5,/home/tahmid/crops/p05/p05_sunglass_regular_003.jpg,p05,sunglass,regular,0.7830478549003601,p05,0.656956,correct
5,/home/tahmid/crops/p05/p05_sunglass_regular_004.jpg,p05,sunglass,regular,0.7841944098472595,p05,0.638301,correct
5,/home/tahmid/crops/p05/p05_sunglass_regular_005.jpg,p05,sunglass,regular,0.7635695338249207,p05,0.639169,correct
5,/home/tahmid/crops/p05/p05_sunglass_regular_006.jpg,p05,sunglass,regular,0.7765137553215027,p05,0.652399,correct
5,/home/tahmid/crops/p05/p05_sunglass_regular_007.jpg,p05,sunglass,regular,0.7857949733734131,p05,0.652564,correct
5,/home/tahmid/crops/p05/p05_sunglass_regular_008.jpg,p05,sunglass,regular,0.7857949733734131,p05,0.652564,correct
5,/home/tahmid/crops/p05/p05_sunglass_regular_009.jpg,p05,sunglass,regular,0.682904839515686,p05,0.610414,correct
5,/home/tahmid/crops/p05/p05_sunglass_regular_010.jpg,p05,sunglass,regular,0.7552888989448547,p05,0.625826,correct
5,/home/tahmid/crops/p05/p05_sunglass_regular_011.jpg,p05,sunglass,regular,0.7552888989448547,p05,0.625826,correct
5,/home/tahmid/crops/p05/p05_sunglass_regular_012.jpg,p05,sunglass,regular,0.7590165734291077,p05,0.459003,correct
5,/home/tahmid/crops/p05/p05_sunglass_regular_013.jpg,p05,sunglass,regular,0.7642110586166382,p05,0.443737,correct
5,/home/tahmid/crops/p05/p05_sunglass_regular_014.jpg,p05,sunglass,regular,0.7147486805915833,p05,0.315814,correct
5,/home/tahmid/crops/p05/p05_sunglass_regular_015.jpg,p05,sunglass,regular,0.7293946743011475,p05,0.229710,rejected
5,/home/tahmid/crops/p05/p05_sunglass_regular_016.jpg,p05,sunglass,regular,0.7576843500137329,p05,0.237121,rejected
5,/home/tahmid/crops/p08/p08_cap_low_001.jpg,p08,cap,low,0.7358217239379883,p08,0.684529,correct
5,/home/tahmid/crops/p08/p08_cap_low_002.jpg,p08,cap,low,0.6845483183860779,p08,0.699530,correct
5,/home/tahmid/crops/p08/p08_cap_low_003.jpg,p08,cap,low,0.7303394079208374,p08,0.638331,correct
5,/home/tahmid/crops/p08/p08_cap_low_004.jpg,p08,cap,low,0.7782328128814697,p08,0.654047,correct
5,/home/tahmid/crops/p08/p08_cap_low_005.jpg,p08,cap,low,0.7457795143127441,p08,0.749331,correct
5,/home/tahmid/crops/p08/p08_cap_low_006.jpg,p08,cap,low,0.769105076789856,p08,0.747762,correct
5,/home/tahmid/crops/p08/p08_cap_low_007.jpg,p08,cap,low,0.6482894420623779,p08,0.443716,correct
5,/home/tahmid/crops/p08/p08_cap_low_008.jpg,p08,cap,low,0.6579437255859375,p08,0.449692,correct
5,/home/tahmid/crops/p08/p08_cap_low_009.jpg,p08,cap,low,0.699898898601532,p08,0.672898,correct
5,/home/tahmid/crops/p08/p08_cap_low_010.jpg,p08,cap,low,0.7965781688690186,p08,0.673781,correct
5,/home/tahmid/crops/p08/p08_cap_regular_001.jpg,p08,cap,regular,0.784392237663269,p08,0.755831,correct
5,/home/tahmid/crops/p08/p08_cap_regular_002.jpg,p08,cap,regular,0.798969030380249,p08,0.738091,correct
5,/home/tahmid/crops/p08/p08_cap_regular_003.jpg,p08,cap,regular,0.788957953453064,p08,0.669278,correct
5,/home/tahmid/crops/p08/p08_cap_regular_004.jpg,p08,cap,regular,0.7276933193206787,p08,0.655452,correct
5,/home/tahmid/crops/p08/p08_cap_regular_005.jpg,p08,cap,regular,0.7856202125549316,p08,0.799991,correct
5,/home/tahmid/crops/p08/p08_cap_regular_006.jpg,p08,cap,regular,0.7767218351364136,p08,0.781150,correct
5,/home/tahmid/crops/p08/p08_cap_regular_007.jpg,p08,cap,regular,0.7463021874427795,p08,0.556141,correct
5,/home/tahmid/crops/p08/p08_cap_regular_008.jpg,p08,cap,regular,0.7704579830169678,p08,0.515524,correct
5,/home/tahmid/crops/p08/p08_cap_regular_009.jpg,p08,cap,regular,0.7958305478096008,p08,0.705030,correct
5,/home/tahmid/crops/p08/p08_cap_regular_010.jpg,p08,cap,regular,0.8062986135482788,p08,0.725662,correct
5,/home/tahmid/crops/p08/p08_clearglass_low_001.jpg,p08,clearglass,low,0.7531003952026367,p08,0.738796,correct
5,/home/tahmid/crops/p08/p08_clearglass_low_002.jpg,p08,clearglass,low,0.7750977277755737,p08,0.744994,correct
5,/home/tahmid/crops/p08/p08_clearglass_low_003.jpg,p08,clearglass,low,0.7674127221107483,p08,0.683560,correct
5,/home/tahmid/crops/p08/p08_clearglass_low_004.jpg,p08,clearglass,low,0.7473761439323425,p08,0.658059,correct
5,/home/tahmid/crops/p08/p08_clearglass_low_005.jpg,p08,clearglass,low,0.7221915125846863,p08,0.812801,correct
5,/home/tahmid/crops/p08/p08_clearglass_low_006.jpg,p08,clearglass,low,0.7902865409851074,p08,0.800361,correct
5,/home/tahmid/crops/p08/p08_clearglass_low_007.jpg,p08,clearglass,low,0.8180922269821167,p08,0.552561,correct
5,/home/tahmid/crops/p08/p08_clearglass_low_008.jpg,p08,clearglass,low,0.7323444485664368,p08,0.575058,correct
5,/home/tahmid/crops/p08/p08_clearglass_low_009.jpg,p08,clearglass,low,0.8399442434310913,p08,0.677067,correct
5,/home/tahmid/crops/p08/p08_clearglass_low_010.jpg,p08,clearglass,low,0.7691535949707031,p08,0.658566,correct
5,/home/tahmid/crops/p08/p08_clearglass_regular_001.jpg,p08,clearglass,regular,0.7784507274627686,p08,0.795411,correct
5,/home/tahmid/crops/p08/p08_clearglass_regular_002.jpg,p08,clearglass,regular,0.7772610187530518,p08,0.770553,correct
5,/home/tahmid/crops/p08/p08_clearglass_regular_003.jpg,p08,clearglass,regular,0.7722650766372681,p08,0.711978,correct
5,/home/tahmid/crops/p08/p08_clearglass_regular_004.jpg,p08,clearglass,regular,0.7360077500343323,p08,0.707924,correct
5,/home/tahmid/crops/p08/p08_clearglass_regular_005.jpg,p08,clearglass,regular,0.7823748588562012,p08,0.831667,correct
5,/home/tahmid/crops/p08/p08_clearglass_regular_006.jpg,p08,clearglass,regular,0.7621361613273621,p08,0.838411,correct
5,/home/tahmid/crops/p08/p08_clearglass_regular_007.jpg,p08,clearglass,regular,0.7773920297622681,p08,0.672461,correct
5,/home/tahmid/crops/p08/p08_clearglass_regular_008.jpg,p08,clearglass,regular,0.7174842357635498,p08,0.670016,correct
5,/home/tahmid/crops/p08/p08_clearglass_regular_009.jpg,p08,clearglass,regular,0.7468847036361694,p08,0.736490,correct
5,/home/tahmid/crops/p08/p08_clearglass_regular_010.jpg,p08,clearglass,regular,0.7681511640548706,p08,0.742523,correct
5,/home/tahmid/crops/p08/p08_mask_clearglass_low_001.jpg,p08,mask_clearglass,low,0.7278810143470764,p08,0.408682,correct
5,/home/tahmid/crops/p08/p08_mask_clearglass_low_002.jpg,p08,mask_clearglass,low,0.714785099029541,p08,0.389403,correct
5,/home/tahmid/crops/p08/p08_mask_clearglass_low_003.jpg,p08,mask_clearglass,low,0.7354564666748047,p08,0.429044,correct
5,/home/tahmid/crops/p08/p08_mask_clearglass_low_004.jpg,p08,mask_clearglass,low,0.7304844856262207,p08,0.440220,correct
5,/home/tahmid/crops/p08/p08_mask_clearglass_low_005.jpg,p08,mask_clearglass,low,0.7426344156265259,p08,0.451588,correct
5,/home/tahmid/crops/p08/p08_mask_clearglass_low_006.jpg,p08,mask_clearglass,low,0.7345408797264099,p08,0.459105,correct
5,/home/tahmid/crops/p08/p08_mask_clearglass_low_007.jpg,p08,mask_clearglass,low,0.7808159589767456,p08,0.447655,correct
5,/home/tahmid/crops/p08/p08_mask_clearglass_low_008.jpg,p08,mask_clearglass,low,0.6829031109809875,p08,0.399041,correct
5,/home/tahmid/crops/p08/p08_mask_clearglass_low_009.jpg,p08,mask_clearglass,low,0.6760086417198181,p08,0.387110,correct
5,/home/tahmid/crops/p08/p08_mask_clearglass_low_010.jpg,p08,mask_clearglass,low,0.7529891729354858,p08,0.340201,correct
5,/home/tahmid/crops/p08/p08_mask_clearglass_low_011.jpg,p08,mask_clearglass,low,0.772437334060669,p08,0.333670,correct
5,/home/tahmid/crops/p08/p08_mask_clearglass_regular_001.jpg,p08,mask_clearglass,regular,0.7661625742912292,p08,0.404060,correct
5,/home/tahmid/crops/p08/p08_mask_clearglass_regular_002.jpg,p08,mask_clearglass,regular,0.7724788188934326,p08,0.402870,correct
5,/home/tahmid/crops/p08/p08_mask_clearglass_regular_003.jpg,p08,mask_clearglass,regular,0.764236569404602,p08,0.459274,correct
5,/home/tahmid/crops/p08/p08_mask_clearglass_regular_004.jpg,p08,mask_clearglass,regular,0.7596666812896729,p08,0.450067,correct
5,/home/tahmid/crops/p08/p08_mask_clearglass_regular_005.jpg,p08,mask_clearglass,regular,0.7660524845123291,p08,0.542824,correct
5,/home/tahmid/crops/p08/p08_mask_clearglass_regular_006.jpg,p08,mask_clearglass,regular,0.7198637127876282,p08,0.568987,correct
5,/home/tahmid/crops/p08/p08_mask_clearglass_regular_007.jpg,p08,mask_clearglass,regular,0.7250949144363403,p08,0.365894,correct
5,/home/tahmid/crops/p08/p08_mask_clearglass_regular_008.jpg,p08,mask_clearglass,regular,0.7672591805458069,p08,0.353904,correct
5,/home/tahmid/crops/p08/p08_mask_clearglass_regular_009.jpg,p08,mask_clearglass,regular,0.7723640203475952,p08,0.353914,correct
5,/home/tahmid/crops/p08/p08_mask_clearglass_regular_010.jpg,p08,mask_clearglass,regular,0.8045215606689453,p08,0.379540,correct
5,/home/tahmid/crops/p08/p08_mask_low_001.jpg,p08,mask,low,0.7951748371124268,p08,0.505798,correct
5,/home/tahmid/crops/p08/p08_mask_low_002.jpg,p08,mask,low,0.7873122096061707,p08,0.496931,correct
5,/home/tahmid/crops/p08/p08_mask_low_003.jpg,p08,mask,low,0.7733093500137329,p08,0.409542,correct
5,/home/tahmid/crops/p08/p08_mask_low_004.jpg,p08,mask,low,0.7131014466285706,p08,0.489423,correct
5,/home/tahmid/crops/p08/p08_mask_low_005.jpg,p08,mask,low,0.7597794532775879,p08,0.489646,correct
5,/home/tahmid/crops/p08/p08_mask_low_006.jpg,p08,mask,low,0.7650710344314575,p08,0.491924,correct
5,/home/tahmid/crops/p08/p08_mask_low_007.jpg,p08,mask,low,0.7184443473815918,p08,0.545571,correct
5,/home/tahmid/crops/p08/p08_mask_low_008.jpg,p08,mask,low,0.7413057684898376,p08,0.580151,correct
5,/home/tahmid/crops/p08/p08_mask_low_009.jpg,p08,mask,low,0.7774195671081543,p08,0.542067,correct
5,/home/tahmid/crops/p08/p08_mask_low_010.jpg,p08,mask,low,0.6851575374603271,p08,0.440055,correct
5,/home/tahmid/crops/p08/p08_mask_low_011.jpg,p08,mask,low,0.6682871580123901,p08,0.436212,correct
5,/home/tahmid/crops/p08/p08_mask_low_012.jpg,p08,mask,low,0.6995481252670288,p08,0.417692,correct
5,/home/tahmid/crops/p08/p08_mask_low_013.jpg,p08,mask,low,0.7833123803138733,p08,0.501533,correct
5,/home/tahmid/crops/p08/p08_mask_low_014.jpg,p08,mask,low,0.7985751628875732,p08,0.506743,correct
5,/home/tahmid/crops/p08/p08_mask_low_015.jpg,p08,mask,low,0.7825185656547546,p08,0.487251,correct
5,/home/tahmid/crops/p08/p08_mask_regular_001.jpg,p08,mask,regular,0.801774263381958,p08,0.543197,correct
5,/home/tahmid/crops/p08/p08_mask_regular_002.jpg,p08,mask,regular,0.7718793749809265,p08,0.538884,correct
5,/home/tahmid/crops/p08/p08_mask_regular_003.jpg,p08,mask,regular,0.7749274969100952,p08,0.548660,correct
5,/home/tahmid/crops/p08/p08_mask_regular_004.jpg,p08,mask,regular,0.7716110944747925,p08,0.479751,correct
5,/home/tahmid/crops/p08/p08_mask_regular_005.jpg,p08,mask,regular,0.7656894326210022,p08,0.501358,correct
5,/home/tahmid/crops/p08/p08_mask_regular_006.jpg,p08,mask,regular,0.7669264078140259,p08,0.500261,correct
5,/home/tahmid/crops/p08/p08_mask_regular_007.jpg,p08,mask,regular,0.6842069625854492,p08,0.629721,correct
5,/home/tahmid/crops/p08/p08_mask_regular_008.jpg,p08,mask,regular,0.7409886717796326,p08,0.643826,correct
5,/home/tahmid/crops/p08/p08_mask_regular_009.jpg,p08,mask,regular,0.7207733988761902,p08,0.590227,correct
5,/home/tahmid/crops/p08/p08_mask_regular_010.jpg,p08,mask,regular,0.7708855271339417,p08,0.475253,correct
5,/home/tahmid/crops/p08/p08_mask_regular_011.jpg,p08,mask,regular,0.7437372207641602,p08,0.488574,correct
5,/home/tahmid/crops/p08/p08_mask_regular_012.jpg,p08,mask,regular,0.7391339540481567,p08,0.477926,correct
5,/home/tahmid/crops/p08/p08_mask_regular_013.jpg,p08,mask,regular,0.7359892129898071,p08,0.492239,correct
5,/home/tahmid/crops/p08/p08_mask_regular_014.jpg,p08,mask,regular,0.7686103582382202,p08,0.503228,correct
5,/home/tahmid/crops/p08/p08_mask_sunglass_low_001.jpg,p08,mask_sunglass,low,0.8073059320449829,p08,0.320143,correct
5,/home/tahmid/crops/p08/p08_mask_sunglass_low_002.jpg,p08,mask_sunglass,low,0.7798851728439331,p08,0.323472,correct
5,/home/tahmid/crops/p08/p08_mask_sunglass_low_003.jpg,p08,mask_sunglass,low,0.7909854650497437,p08,0.286801,rejected
5,/home/tahmid/crops/p08/p08_mask_sunglass_low_004.jpg,p08,mask_sunglass,low,0.7295044660568237,p08,0.330370,correct
5,/home/tahmid/crops/p08/p08_mask_sunglass_low_005.jpg,p08,mask_sunglass,low,0.7326304316520691,p08,0.326946,correct
5,/home/tahmid/crops/p08/p08_mask_sunglass_low_006.jpg,p08,mask_sunglass,low,0.7478613257408142,p08,0.360250,correct
5,/home/tahmid/crops/p08/p08_mask_sunglass_low_007.jpg,p08,mask_sunglass,low,0.7270435094833374,p08,0.421289,correct
5,/home/tahmid/crops/p08/p08_mask_sunglass_low_008.jpg,p08,mask_sunglass,low,0.7877014875411987,p08,0.389339,correct
5,/home/tahmid/crops/p08/p08_mask_sunglass_low_009.jpg,p08,mask_sunglass,low,0.7872570157051086,p08,0.446361,correct
5,/home/tahmid/crops/p08/p08_mask_sunglass_low_010.jpg,p08,mask_sunglass,low,0.7068037986755371,p08,0.353245,correct
5,/home/tahmid/crops/p08/p08_mask_sunglass_low_011.jpg,p08,mask_sunglass,low,0.7147043943405151,p08,0.333288,correct
5,/home/tahmid/crops/p08/p08_mask_sunglass_low_012.jpg,p08,mask_sunglass,low,0.7259911298751831,p08,0.340579,correct
5,/home/tahmid/crops/p08/p08_mask_sunglass_low_013.jpg,p08,mask_sunglass,low,0.7163380980491638,p08,0.292552,rejected
5,/home/tahmid/crops/p08/p08_mask_sunglass_low_014.jpg,p08,mask_sunglass,low,0.764404296875,p08,0.269913,rejected
5,/home/tahmid/crops/p08/p08_mask_sunglass_low_015.jpg,p08,mask_sunglass,low,0.8035914897918701,p08,0.289370,rejected
5,/home/tahmid/crops/p08/p08_mask_sunglass_regular_001.jpg,p08,mask_sunglass,regular,0.7342994213104248,p08,0.326553,correct
5,/home/tahmid/crops/p08/p08_mask_sunglass_regular_002.jpg,p08,mask_sunglass,regular,0.72184818983078,p08,0.341134,correct
5,/home/tahmid/crops/p08/p08_mask_sunglass_regular_003.jpg,p08,mask_sunglass,regular,0.7862808704376221,p08,0.315185,correct
5,/home/tahmid/crops/p08/p08_mask_sunglass_regular_004.jpg,p08,mask_sunglass,regular,0.7396727204322815,p08,0.415181,correct
5,/home/tahmid/crops/p08/p08_mask_sunglass_regular_005.jpg,p08,mask_sunglass,regular,0.7533745765686035,p08,0.370511,correct
5,/home/tahmid/crops/p08/p08_mask_sunglass_regular_006.jpg,p08,mask_sunglass,regular,0.7666712999343872,p08,0.383338,correct
5,/home/tahmid/crops/p08/p08_mask_sunglass_regular_007.jpg,p08,mask_sunglass,regular,0.7305927276611328,p08,0.414457,correct
5,/home/tahmid/crops/p08/p08_mask_sunglass_regular_008.jpg,p08,mask_sunglass,regular,0.685248851776123,p08,0.451426,correct
5,/home/tahmid/crops/p08/p08_mask_sunglass_regular_009.jpg,p08,mask_sunglass,regular,0.718772292137146,p08,0.446576,correct
5,/home/tahmid/crops/p08/p08_mask_sunglass_regular_010.jpg,p08,mask_sunglass,regular,0.6766513586044312,p08,0.318621,correct
5,/home/tahmid/crops/p08/p08_mask_sunglass_regular_011.jpg,p08,mask_sunglass,regular,0.6850665807723999,p08,0.299239,rejected
5,/home/tahmid/crops/p08/p08_mask_sunglass_regular_012.jpg,p08,mask_sunglass,regular,0.6763995289802551,p08,0.286305,rejected
5,/home/tahmid/crops/p08/p08_mask_sunglass_regular_013.jpg,p08,mask_sunglass,regular,0.7796739339828491,p08,0.267235,rejected
5,/home/tahmid/crops/p08/p08_mask_sunglass_regular_014.jpg,p08,mask_sunglass,regular,0.7180097699165344,p08,0.259082,rejected
5,/home/tahmid/crops/p08/p08_mask_sunglass_regular_015.jpg,p08,mask_sunglass,regular,0.7544902563095093,p08,0.298759,rejected
5,/home/tahmid/crops/p08/p08_none_low_001.jpg,p08,none,low,0.8648681044578552,p08,0.780837,correct
5,/home/tahmid/crops/p08/p08_none_low_002.jpg,p08,none,low,0.7945777773857117,p08,0.764959,correct
5,/home/tahmid/crops/p08/p08_none_low_003.jpg,p08,none,low,0.7896789908409119,p08,0.774289,correct
5,/home/tahmid/crops/p08/p08_none_low_004.jpg,p08,none,low,0.7741093635559082,p08,0.701803,correct
5,/home/tahmid/crops/p08/p08_none_low_005.jpg,p08,none,low,0.7524456977844238,p08,0.713019,correct
5,/home/tahmid/crops/p08/p08_none_low_006.jpg,p08,none,low,0.7731978893280029,p08,0.717381,correct
5,/home/tahmid/crops/p08/p08_none_low_007.jpg,p08,none,low,0.7920280694961548,p08,0.785913,correct
5,/home/tahmid/crops/p08/p08_none_low_008.jpg,p08,none,low,0.7708868980407715,p08,0.832579,correct
5,/home/tahmid/crops/p08/p08_none_low_009.jpg,p08,none,low,0.7804375886917114,p08,0.842032,correct
5,/home/tahmid/crops/p08/p08_none_low_010.jpg,p08,none,low,0.7121089696884155,p08,0.618815,correct
5,/home/tahmid/crops/p08/p08_none_low_011.jpg,p08,none,low,0.7494263648986816,p08,0.631158,correct
5,/home/tahmid/crops/p08/p08_none_low_012.jpg,p08,none,low,0.6683598756790161,p08,0.633125,correct
5,/home/tahmid/crops/p08/p08_none_low_013.jpg,p08,none,low,0.8205956220626831,p08,0.774360,correct
5,/home/tahmid/crops/p08/p08_none_low_014.jpg,p08,none,low,0.8043864965438843,p08,0.780500,correct
5,/home/tahmid/crops/p08/p08_none_low_015.jpg,p08,none,low,0.778072714805603,p08,0.727266,correct
5,/home/tahmid/crops/p08/p08_none_regular_010.jpg,p08,none,regular,0.7348161935806274,p08,0.757910,correct
5,/home/tahmid/crops/p08/p08_none_regular_011.jpg,p08,none,regular,0.7634298205375671,p08,0.758690,correct
5,/home/tahmid/crops/p08/p08_none_regular_012.jpg,p08,none,regular,0.7662162184715271,p08,0.731487,correct
5,/home/tahmid/crops/p08/p08_none_regular_013.jpg,p08,none,regular,0.8090271949768066,p08,0.829127,correct
5,/home/tahmid/crops/p08/p08_none_regular_014.jpg,p08,none,regular,0.7933362722396851,p08,0.834541,correct
5,/home/tahmid/crops/p08/p08_none_regular_015.jpg,p08,none,regular,0.7830513119697571,p08,0.851484,correct
5,/home/tahmid/crops/p08/p08_scarf_low_001.jpg,p08,scarf,low,0.7578308582305908,p08,0.446077,correct
5,/home/tahmid/crops/p08/p08_scarf_low_002.jpg,p08,scarf,low,0.7584861516952515,p08,0.482135,correct
5,/home/tahmid/crops/p08/p08_scarf_low_003.jpg,p08,scarf,low,0.5485180616378784,p08,0.391229,correct
5,/home/tahmid/crops/p08/p08_scarf_low_004.jpg,p08,scarf,low,0.6662272214889526,p08,0.449112,correct
5,/home/tahmid/crops/p08/p08_scarf_low_005.jpg,p08,scarf,low,0.6455541849136353,p08,0.470761,correct
5,/home/tahmid/crops/p08/p08_scarf_low_006.jpg,p08,scarf,low,0.6412449479103088,p08,0.516454,correct
5,/home/tahmid/crops/p08/p08_scarf_low_007.jpg,p08,scarf,low,0.5014253854751587,p08,0.389701,correct
5,/home/tahmid/crops/p08/p08_scarf_low_008.jpg,p08,scarf,low,0.5251827836036682,p08,0.385632,correct
5,/home/tahmid/crops/p08/p08_scarf_low_009.jpg,p08,scarf,low,0.6453548669815063,p08,0.421331,correct
5,/home/tahmid/crops/p08/p08_scarf_low_010.jpg,p08,scarf,low,0.6250488758087158,p08,0.331155,correct
5,/home/tahmid/crops/p08/p08_scarf_regular_001.jpg,p08,scarf,regular,0.7372682690620422,p08,0.518640,correct
5,/home/tahmid/crops/p08/p08_scarf_regular_002.jpg,p08,scarf,regular,0.6835447549819946,p08,0.520514,correct
5,/home/tahmid/crops/p08/p08_scarf_regular_003.jpg,p08,scarf,regular,0.6144546270370483,p08,0.441328,correct
5,/home/tahmid/crops/p08/p08_scarf_regular_004.jpg,p08,scarf,regular,0.634893536567688,p08,0.412028,correct
5,/home/tahmid/crops/p08/p08_scarf_regular_005.jpg,p08,scarf,regular,0.680664598941803,p08,0.474916,correct
5,/home/tahmid/crops/p08/p08_scarf_regular_006.jpg,p08,scarf,regular,0.6926596760749817,p08,0.482033,correct
5,/home/tahmid/crops/p08/p08_scarf_regular_007.jpg,p08,scarf,regular,0.5727553367614746,p08,0.477441,correct
5,/home/tahmid/crops/p08/p08_scarf_regular_008.jpg,p08,scarf,regular,0.5959839224815369,p08,0.480252,correct
5,/home/tahmid/crops/p08/p08_scarf_regular_009.jpg,p08,scarf,regular,0.7409241199493408,p08,0.452467,correct
5,/home/tahmid/crops/p08/p08_scarf_regular_010.jpg,p08,scarf,regular,0.702877402305603,p08,0.473241,correct
5,/home/tahmid/crops/p08/p08_sunglass_low_001.jpg,p08,sunglass,low,0.7604940533638,p08,0.655780,correct
5,/home/tahmid/crops/p08/p08_sunglass_low_002.jpg,p08,sunglass,low,0.7428765296936035,p08,0.649707,correct
5,/home/tahmid/crops/p08/p08_sunglass_low_003.jpg,p08,sunglass,low,0.7309747934341431,p08,0.651664,correct
5,/home/tahmid/crops/p08/p08_sunglass_low_004.jpg,p08,sunglass,low,0.7819138169288635,p08,0.628968,correct
5,/home/tahmid/crops/p08/p08_sunglass_low_005.jpg,p08,sunglass,low,0.783531665802002,p08,0.653546,correct
5,/home/tahmid/crops/p08/p08_sunglass_low_006.jpg,p08,sunglass,low,0.8146383166313171,p08,0.623871,correct
5,/home/tahmid/crops/p08/p08_sunglass_low_007.jpg,p08,sunglass,low,0.7910559177398682,p08,0.686123,correct
5,/home/tahmid/crops/p08/p08_sunglass_low_008.jpg,p08,sunglass,low,0.7921797037124634,p08,0.689166,correct
5,/home/tahmid/crops/p08/p08_sunglass_low_009.jpg,p08,sunglass,low,0.7917826175689697,p08,0.683349,correct
5,/home/tahmid/crops/p08/p08_sunglass_low_010.jpg,p08,sunglass,low,0.7283471822738647,p08,0.520767,correct
5,/home/tahmid/crops/p08/p08_sunglass_low_011.jpg,p08,sunglass,low,0.7569409608840942,p08,0.529167,correct
5,/home/tahmid/crops/p08/p08_sunglass_low_012.jpg,p08,sunglass,low,0.7764724493026733,p08,0.531576,correct
5,/home/tahmid/crops/p08/p08_sunglass_low_013.jpg,p08,sunglass,low,0.8140432834625244,p08,0.584278,correct
5,/home/tahmid/crops/p08/p08_sunglass_low_014.jpg,p08,sunglass,low,0.7753199934959412,p08,0.600368,correct
5,/home/tahmid/crops/p08/p08_sunglass_low_015.jpg,p08,sunglass,low,0.7685668468475342,p08,0.597175,correct
5,/home/tahmid/crops/p08/p08_sunglass_regular_001.jpg,p08,sunglass,regular,0.7760637998580933,p08,0.701201,correct
5,/home/tahmid/crops/p08/p08_sunglass_regular_002.jpg,p08,sunglass,regular,0.7685601711273193,p08,0.687957,correct
5,/home/tahmid/crops/p08/p08_sunglass_regular_003.jpg,p08,sunglass,regular,0.7809367179870605,p08,0.686665,correct
5,/home/tahmid/crops/p08/p08_sunglass_regular_004.jpg,p08,sunglass,regular,0.7759581804275513,p08,0.637374,correct
5,/home/tahmid/crops/p08/p08_sunglass_regular_005.jpg,p08,sunglass,regular,0.7768633365631104,p08,0.626589,correct
5,/home/tahmid/crops/p08/p08_sunglass_regular_006.jpg,p08,sunglass,regular,0.7929580211639404,p08,0.645653,correct
5,/home/tahmid/crops/p08/p08_sunglass_regular_007.jpg,p08,sunglass,regular,0.7792119383811951,p08,0.787094,correct
5,/home/tahmid/crops/p08/p08_sunglass_regular_008.jpg,p08,sunglass,regular,0.7895931005477905,p08,0.779123,correct
5,/home/tahmid/crops/p08/p08_sunglass_regular_009.jpg,p08,sunglass,regular,0.7525149583816528,p08,0.781363,correct
5,/home/tahmid/crops/p08/p08_sunglass_regular_010.jpg,p08,sunglass,regular,0.7065777778625488,p08,0.571634,correct
5,/home/tahmid/crops/p08/p08_sunglass_regular_011.jpg,p08,sunglass,regular,0.7074763178825378,p08,0.598390,correct
5,/home/tahmid/crops/p08/p08_sunglass_regular_012.jpg,p08,sunglass,regular,0.7586795687675476,p08,0.563062,correct
5,/home/tahmid/crops/p08/p08_sunglass_regular_013.jpg,p08,sunglass,regular,0.7940545082092285,p08,0.635326,correct
5,/home/tahmid/crops/p08/p08_sunglass_regular_014.jpg,p08,sunglass,regular,0.7880135774612427,p08,0.636889,correct
5,/home/tahmid/crops/p08/p08_sunglass_regular_015.jpg,p08,sunglass,regular,0.7823355197906494,p08,0.649452,correct
5,/home/tahmid/crops/p18/p18_cap_low_001.jpg,p18,cap,low,0.8610237240791321,p18,0.801565,correct
5,/home/tahmid/crops/p18/p18_cap_low_002.jpg,p18,cap,low,0.8580180406570435,p18,0.780994,correct
5,/home/tahmid/crops/p18/p18_cap_low_003.jpg,p18,cap,low,0.84978187084198,p18,0.800451,correct
5,/home/tahmid/crops/p18/p18_cap_low_004.jpg,p18,cap,low,0.7017390727996826,p18,0.480215,correct
5,/home/tahmid/crops/p18/p18_cap_low_005.jpg,p18,cap,low,0.6841457486152649,p18,0.494601,correct
5,/home/tahmid/crops/p18/p18_cap_low_006.jpg,p18,cap,low,0.6959798336029053,p18,0.489525,correct
5,/home/tahmid/crops/p18/p18_cap_low_007.jpg,p18,cap,low,0.7574777603149414,p18,0.541096,correct
5,/home/tahmid/crops/p18/p18_cap_low_008.jpg,p18,cap,low,0.7559206485748291,p18,0.557013,correct
5,/home/tahmid/crops/p18/p18_cap_low_009.jpg,p18,cap,low,0.7498405575752258,p18,0.540567,correct
5,/home/tahmid/crops/p18/p18_cap_low_010.jpg,p18,cap,low,0.7791261672973633,p18,0.652716,correct
5,/home/tahmid/crops/p18/p18_cap_low_011.jpg,p18,cap,low,0.787162721157074,p18,0.631105,correct
5,/home/tahmid/crops/p18/p18_cap_low_012.jpg,p18,cap,low,0.8082885146141052,p18,0.626783,correct
5,/home/tahmid/crops/p18/p18_cap_low_013.jpg,p18,cap,low,0.7685444355010986,p18,0.501724,correct
5,/home/tahmid/crops/p18/p18_cap_low_014.jpg,p18,cap,low,0.750715434551239,p18,0.515990,correct
5,/home/tahmid/crops/p18/p18_cap_regular_001.jpg,p18,cap,regular,0.8490681052207947,p18,0.818672,correct
5,/home/tahmid/crops/p18/p18_cap_regular_002.jpg,p18,cap,regular,0.8570225238800049,p18,0.819938,correct
5,/home/tahmid/crops/p18/p18_cap_regular_003.jpg,p18,cap,regular,0.7036339044570923,p18,0.493622,correct
5,/home/tahmid/crops/p18/p18_cap_regular_004.jpg,p18,cap,regular,0.6831250190734863,p18,0.495314,correct
5,/home/tahmid/crops/p18/p18_cap_regular_005.jpg,p18,cap,regular,0.690457284450531,p18,0.488037,correct
5,/home/tahmid/crops/p18/p18_cap_regular_006.jpg,p18,cap,regular,0.7564747333526611,p18,0.538320,correct
5,/home/tahmid/crops/p18/p18_cap_regular_007.jpg,p18,cap,regular,0.7513498067855835,p18,0.538760,correct
5,/home/tahmid/crops/p18/p18_cap_regular_008.jpg,p18,cap,regular,0.7578480243682861,p18,0.558148,correct
5,/home/tahmid/crops/p18/p18_cap_regular_009.jpg,p18,cap,regular,0.8138574361801147,p18,0.691689,correct
5,/home/tahmid/crops/p18/p18_cap_regular_010.jpg,p18,cap,regular,0.7830541133880615,p18,0.702469,correct
5,/home/tahmid/crops/p18/p18_cap_regular_011.jpg,p18,cap,regular,0.7827771902084351,p18,0.701511,correct
5,/home/tahmid/crops/p18/p18_cap_regular_012.jpg,p18,cap,regular,0.7895370721817017,p18,0.446526,correct
5,/home/tahmid/crops/p18/p18_cap_regular_013.jpg,p18,cap,regular,0.776307225227356,p18,0.443783,correct
5,/home/tahmid/crops/p18/p18_cap_regular_014.jpg,p18,cap,regular,0.7814074754714966,p18,0.477388,correct
5,/home/tahmid/crops/p18/p18_clearglass_low_001.jpg,p18,clearglass,low,0.8577560186386108,p18,0.737981,correct
5,/home/tahmid/crops/p18/p18_clearglass_low_002.jpg,p18,clearglass,low,0.8527738451957703,p18,0.724362,correct
5,/home/tahmid/crops/p18/p18_clearglass_low_003.jpg,p18,clearglass,low,0.833297848701477,p18,0.691073,correct
5,/home/tahmid/crops/p18/p18_clearglass_low_004.jpg,p18,clearglass,low,0.7790976762771606,p18,0.534073,correct
5,/home/tahmid/crops/p18/p18_clearglass_low_005.jpg,p18,clearglass,low,0.7878261804580688,p18,0.535785,correct
5,/home/tahmid/crops/p18/p18_clearglass_low_006.jpg,p18,clearglass,low,0.7418774962425232,p18,0.519500,correct
5,/home/tahmid/crops/p18/p18_clearglass_low_007.jpg,p18,clearglass,low,0.7211395502090454,p18,0.551048,correct
5,/home/tahmid/crops/p18/p18_clearglass_low_008.jpg,p18,clearglass,low,0.7217874526977539,p18,0.466975,correct
5,/home/tahmid/crops/p18/p18_clearglass_low_009.jpg,p18,clearglass,low,0.6536687016487122,p18,0.552287,correct
5,/home/tahmid/crops/p18/p18_clearglass_low_010.jpg,p18,clearglass,low,0.6537951827049255,p18,0.518955,correct
5,/home/tahmid/crops/p18/p18_clearglass_low_011.jpg,p18,clearglass,low,0.6487404108047485,p18,0.545507,correct
5,/home/tahmid/crops/p18/p18_clearglass_low_012.jpg,p18,clearglass,low,0.7843053936958313,p18,0.598056,correct
5,/home/tahmid/crops/p18/p18_clearglass_low_013.jpg,p18,clearglass,low,0.7522060871124268,p18,0.575483,correct
5,/home/tahmid/crops/p18/p18_clearglass_low_014.jpg,p18,clearglass,low,0.7667074203491211,p18,0.588853,correct
5,/home/tahmid/crops/p18/p18_clearglass_regular_001.jpg,p18,clearglass,regular,0.8559050559997559,p18,0.705977,correct
5,/home/tahmid/crops/p18/p18_clearglass_regular_002.jpg,p18,clearglass,regular,0.851205050945282,p18,0.719525,correct
5,/home/tahmid/crops/p18/p18_clearglass_regular_003.jpg,p18,clearglass,regular,0.7781317830085754,p18,0.519772,correct
5,/home/tahmid/crops/p18/p18_clearglass_regular_004.jpg,p18,clearglass,regular,0.7934260368347168,p18,0.516050,correct
5,/home/tahmid/crops/p18/p18_clearglass_regular_005.jpg,p18,clearglass,regular,0.7814978361129761,p18,0.490469,correct
5,/home/tahmid/crops/p18/p18_clearglass_regular_006.jpg,p18,clearglass,regular,0.7508704662322998,p18,0.565113,correct
5,/home/tahmid/crops/p18/p18_clearglass_regular_007.jpg,p18,clearglass,regular,0.7220176458358765,p18,0.520611,correct
5,/home/tahmid/crops/p18/p18_clearglass_regular_008.jpg,p18,clearglass,regular,0.726518988609314,p18,0.509208,correct
5,/home/tahmid/crops/p18/p18_clearglass_regular_009.jpg,p18,clearglass,regular,0.6579765677452087,p18,0.534881,correct
5,/home/tahmid/crops/p18/p18_clearglass_regular_010.jpg,p18,clearglass,regular,0.646714448928833,p18,0.525895,correct
5,/home/tahmid/crops/p18/p18_clearglass_regular_011.jpg,p18,clearglass,regular,0.6489672660827637,p18,0.553082,correct
5,/home/tahmid/crops/p18/p18_clearglass_regular_012.jpg,p18,clearglass,regular,0.7863355875015259,p18,0.583495,correct
5,/home/tahmid/crops/p18/p18_clearglass_regular_013.jpg,p18,clearglass,regular,0.7599411010742188,p18,0.611438,correct
5,/home/tahmid/crops/p18/p18_clearglass_regular_014.jpg,p18,clearglass,regular,0.7660372257232666,p18,0.571220,correct
5,/home/tahmid/crops/p18/p18_mask_clearglass_low_001.jpg,p18,mask_clearglass,low,0.7617961168289185,p18,0.489141,correct
5,/home/tahmid/crops/p18/p18_mask_clearglass_low_002.jpg,p18,mask_clearglass,low,0.7875772714614868,p18,0.486793,correct
5,/home/tahmid/crops/p18/p18_mask_clearglass_low_003.jpg,p18,mask_clearglass,low,0.8158305883407593,p18,0.487666,correct
5,/home/tahmid/crops/p18/p18_mask_clearglass_low_004.jpg,p18,mask_clearglass,low,0.7423927783966064,p18,0.249902,rejected
5,/home/tahmid/crops/p18/p18_mask_clearglass_low_005.jpg,p18,mask_clearglass,low,0.8069099187850952,p18,0.288549,rejected
5,/home/tahmid/crops/p18/p18_mask_clearglass_low_006.jpg,p18,mask_clearglass,low,0.7818949222564697,p18,0.263204,rejected
5,/home/tahmid/crops/p18/p18_mask_clearglass_low_007.jpg,p18,mask_clearglass,low,0.7888334393501282,p18,0.254295,rejected
5,/home/tahmid/crops/p18/p18_mask_clearglass_low_008.jpg,p18,mask_clearglass,low,0.7900846004486084,p18,0.249792,rejected
5,/home/tahmid/crops/p18/p18_mask_clearglass_low_009.jpg,p18,mask_clearglass,low,0.8295385241508484,p18,0.265712,rejected
5,/home/tahmid/crops/p18/p18_mask_clearglass_low_010.jpg,p18,mask_clearglass,low,0.7663747072219849,p18,0.418276,correct
5,/home/tahmid/crops/p18/p18_mask_clearglass_low_011.jpg,p18,mask_clearglass,low,0.773128867149353,p18,0.422085,correct
5,/home/tahmid/crops/p18/p18_mask_clearglass_low_012.jpg,p18,mask_clearglass,low,0.7723326086997986,p18,0.424029,correct
5,/home/tahmid/crops/p18/p18_mask_clearglass_regular_001.jpg,p18,mask_clearglass,regular,0.8022180795669556,p18,0.494338,correct
5,/home/tahmid/crops/p18/p18_mask_clearglass_regular_002.jpg,p18,mask_clearglass,regular,0.8121200799942017,p18,0.474274,correct
5,/home/tahmid/crops/p18/p18_mask_clearglass_regular_003.jpg,p18,mask_clearglass,regular,0.7788694500923157,p18,0.493315,correct
5,/home/tahmid/crops/p18/p18_mask_clearglass_regular_004.jpg,p18,mask_clearglass,regular,0.7713823318481445,p18,0.269316,rejected
5,/home/tahmid/crops/p18/p18_mask_clearglass_regular_005.jpg,p18,mask_clearglass,regular,0.8120346069335938,p18,0.203084,rejected
5,/home/tahmid/crops/p18/p18_mask_clearglass_regular_006.jpg,p18,mask_clearglass,regular,0.8103775382041931,p18,0.214900,rejected
5,/home/tahmid/crops/p18/p18_mask_clearglass_regular_007.jpg,p18,mask_clearglass,regular,0.7558800578117371,p18,0.398657,correct
5,/home/tahmid/crops/p18/p18_mask_clearglass_regular_008.jpg,p18,mask_clearglass,regular,0.7585043907165527,p18,0.389810,correct
5,/home/tahmid/crops/p18/p18_mask_clearglass_regular_009.jpg,p18,mask_clearglass,regular,0.8673624992370605,p18,0.242219,rejected
5,/home/tahmid/crops/p18/p18_mask_clearglass_regular_010.jpg,p18,mask_clearglass,regular,0.8633862733840942,p18,0.194664,rejected
5,/home/tahmid/crops/p18/p18_mask_clearglass_regular_011.jpg,p18,mask_clearglass,regular,0.867023229598999,p18,0.180372,rejected
5,/home/tahmid/crops/p18/p18_mask_clearglass_regular_012.jpg,p18,mask_clearglass,regular,0.8149813413619995,p18,0.249172,rejected
5,/home/tahmid/crops/p18/p18_mask_clearglass_regular_013.jpg,p18,mask_clearglass,regular,0.804810106754303,p18,0.199805,rejected
5,/home/tahmid/crops/p18/p18_mask_clearglass_regular_014.jpg,p18,mask_clearglass,regular,0.7801474332809448,p18,0.198612,rejected
5,/home/tahmid/crops/p18/p18_mask_low_001.jpg,p18,mask,low,0.8091388940811157,p18,0.543970,correct
5,/home/tahmid/crops/p18/p18_mask_low_002.jpg,p18,mask,low,0.7790376543998718,p18,0.509683,correct
5,/home/tahmid/crops/p18/p18_mask_low_003.jpg,p18,mask,low,0.7387850880622864,p18,0.479012,correct
5,/home/tahmid/crops/p18/p18_mask_low_004.jpg,p18,mask,low,0.7479546070098877,p18,0.363646,correct
5,/home/tahmid/crops/p18/p18_mask_low_005.jpg,p18,mask,low,0.7887294888496399,p18,0.417188,correct
5,/home/tahmid/crops/p18/p18_mask_regular_001.jpg,p18,mask,regular,0.7094686031341553,p18,0.528759,correct
5,/home/tahmid/crops/p18/p18_mask_regular_002.jpg,p18,mask,regular,0.7770800590515137,p18,0.527664,correct
5,/home/tahmid/crops/p18/p18_mask_regular_003.jpg,p18,mask,regular,0.8423701524734497,p18,0.534921,correct
5,/home/tahmid/crops/p18/p18_mask_regular_004.jpg,p18,mask,regular,0.8046050667762756,p18,0.296020,rejected
5,/home/tahmid/crops/p18/p18_mask_regular_005.jpg,p18,mask,regular,0.7649197578430176,p18,0.362216,correct
5,/home/tahmid/crops/p18/p18_mask_regular_006.jpg,p18,mask,regular,0.8229370713233948,p18,0.374714,correct
5,/home/tahmid/crops/p18/p18_mask_regular_007.jpg,p18,mask,regular,0.7405856847763062,p18,0.176732,rejected
5,/home/tahmid/crops/p18/p18_mask_regular_008.jpg,p18,mask,regular,0.7671517133712769,p18,0.228075,rejected
5,/home/tahmid/crops/p18/p18_mask_regular_009.jpg,p18,mask,regular,0.7698454856872559,p18,0.214523,rejected
5,/home/tahmid/crops/p18/p18_mask_regular_010.jpg,p18,mask,regular,0.7976988554000854,p18,0.383125,correct
5,/home/tahmid/crops/p18/p18_mask_sunglass_low_001.jpg,p18,mask_sunglass,low,0.7074719071388245,p18,0.190014,rejected
5,/home/tahmid/crops/p18/p18_mask_sunglass_low_002.jpg,p18,mask_sunglass,low,0.7424413561820984,p18,0.222346,rejected
5,/home/tahmid/crops/p18/p18_mask_sunglass_low_003.jpg,p18,mask_sunglass,low,0.7039371132850647,p18,0.447843,correct
5,/home/tahmid/crops/p18/p18_mask_sunglass_low_004.jpg,p18,mask_sunglass,low,0.725144624710083,p18,0.451101,correct
5,/home/tahmid/crops/p18/p18_mask_sunglass_regular_001.jpg,p18,mask_sunglass,regular,0.8498047590255737,p18,0.397390,correct
5,/home/tahmid/crops/p18/p18_mask_sunglass_regular_002.jpg,p18,mask_sunglass,regular,0.8392043113708496,p18,0.446899,correct
5,/home/tahmid/crops/p18/p18_mask_sunglass_regular_003.jpg,p18,mask_sunglass,regular,0.8378379344940186,p18,0.421574,correct
5,/home/tahmid/crops/p18/p18_mask_sunglass_regular_004.jpg,p18,mask_sunglass,regular,0.7766569256782532,p18,0.192517,rejected
5,/home/tahmid/crops/p18/p18_mask_sunglass_regular_005.jpg,p18,mask_sunglass,regular,0.7483830451965332,p18,0.221562,rejected
5,/home/tahmid/crops/p18/p18_mask_sunglass_regular_006.jpg,p18,mask_sunglass,regular,0.7165478467941284,p18,0.429629,correct
5,/home/tahmid/crops/p18/p18_none_low_001.jpg,p18,none,low,0.8795700073242188,p18,0.917593,correct
5,/home/tahmid/crops/p18/p18_none_low_002.jpg,p18,none,low,0.9105236530303955,p18,0.895358,correct
5,/home/tahmid/crops/p18/p18_none_low_003.jpg,p18,none,low,0.9122285842895508,p18,0.880158,correct
5,/home/tahmid/crops/p18/p18_none_low_004.jpg,p18,none,low,0.8676272630691528,p18,0.634183,correct
5,/home/tahmid/crops/p18/p18_none_low_005.jpg,p18,none,low,0.8587003350257874,p18,0.628890,correct
5,/home/tahmid/crops/p18/p18_none_low_006.jpg,p18,none,low,0.8361208438873291,p18,0.622939,correct
5,/home/tahmid/crops/p18/p18_none_low_007.jpg,p18,none,low,0.8322920203208923,p18,0.543121,correct
5,/home/tahmid/crops/p18/p18_none_low_008.jpg,p18,none,low,0.8587076663970947,p18,0.537352,correct
5,/home/tahmid/crops/p18/p18_none_low_009.jpg,p18,none,low,0.8659356832504272,p18,0.536815,correct
5,/home/tahmid/crops/p18/p18_none_low_010.jpg,p18,none,low,0.8348320722579956,p18,0.730528,correct
5,/home/tahmid/crops/p18/p18_none_low_011.jpg,p18,none,low,0.8389540314674377,p18,0.746778,correct
5,/home/tahmid/crops/p18/p18_none_low_012.jpg,p18,none,low,0.8409202694892883,p18,0.742831,correct
5,/home/tahmid/crops/p18/p18_none_low_013.jpg,p18,none,low,0.8062511682510376,p18,0.400061,correct
5,/home/tahmid/crops/p18/p18_none_low_014.jpg,p18,none,low,0.7788432240486145,p18,0.403485,correct
5,/home/tahmid/crops/p18/p18_none_low_015.jpg,p18,none,low,0.7672981023788452,p18,0.406567,correct
5,/home/tahmid/crops/p18/p18_none_regular_002.jpg,p18,none,regular,0.8858188390731812,p18,0.962551,correct
5,/home/tahmid/crops/p18/p18_none_regular_003.jpg,p18,none,regular,0.8806113004684448,p18,0.965366,correct
5,/home/tahmid/crops/p18/p18_none_regular_004.jpg,p18,none,regular,0.8507941961288452,p18,0.582230,correct
5,/home/tahmid/crops/p18/p18_none_regular_005.jpg,p18,none,regular,0.847154974937439,p18,0.580892,correct
5,/home/tahmid/crops/p18/p18_none_regular_006.jpg,p18,none,regular,0.8455696105957031,p18,0.580738,correct
5,/home/tahmid/crops/p18/p18_none_regular_007.jpg,p18,none,regular,0.8470962643623352,p18,0.528550,correct
5,/home/tahmid/crops/p18/p18_none_regular_008.jpg,p18,none,regular,0.857966423034668,p18,0.542642,correct
5,/home/tahmid/crops/p18/p18_none_regular_009.jpg,p18,none,regular,0.8558661937713623,p18,0.552123,correct
5,/home/tahmid/crops/p18/p18_none_regular_010.jpg,p18,none,regular,0.855146050453186,p18,0.718975,correct
5,/home/tahmid/crops/p18/p18_none_regular_011.jpg,p18,none,regular,0.8330003023147583,p18,0.727725,correct
5,/home/tahmid/crops/p18/p18_none_regular_012.jpg,p18,none,regular,0.8437374234199524,p18,0.732010,correct
5,/home/tahmid/crops/p18/p18_none_regular_013.jpg,p18,none,regular,0.7780144214630127,p18,0.564271,correct
5,/home/tahmid/crops/p18/p18_none_regular_014.jpg,p18,none,regular,0.756668210029602,p18,0.508604,correct
5,/home/tahmid/crops/p18/p18_none_regular_015.jpg,p18,none,regular,0.7421769499778748,p18,0.517055,correct
5,/home/tahmid/crops/p18/p18_scarf_low_001.jpg,p18,scarf,low,0.8730831146240234,p18,0.854881,correct
5,/home/tahmid/crops/p18/p18_scarf_low_002.jpg,p18,scarf,low,0.8823896050453186,p18,0.859108,correct
5,/home/tahmid/crops/p18/p18_scarf_low_003.jpg,p18,scarf,low,0.8843843340873718,p18,0.870855,correct
5,/home/tahmid/crops/p18/p18_scarf_low_004.jpg,p18,scarf,low,0.7671706676483154,p18,0.632206,correct
5,/home/tahmid/crops/p18/p18_scarf_low_005.jpg,p18,scarf,low,0.7597312331199646,p18,0.617809,correct
5,/home/tahmid/crops/p18/p18_scarf_low_006.jpg,p18,scarf,low,0.7433288097381592,p18,0.596291,correct
5,/home/tahmid/crops/p18/p18_scarf_low_007.jpg,p18,scarf,low,0.7351046204566956,p18,0.529620,correct
5,/home/tahmid/crops/p18/p18_scarf_low_008.jpg,p18,scarf,low,0.7477414608001709,p18,0.518455,correct
5,/home/tahmid/crops/p18/p18_scarf_low_009.jpg,p18,scarf,low,0.7352980375289917,p18,0.523395,correct
5,/home/tahmid/crops/p18/p18_scarf_low_010.jpg,p18,scarf,low,0.7189798355102539,p18,0.544160,correct
5,/home/tahmid/crops/p18/p18_scarf_low_011.jpg,p18,scarf,low,0.8013402223587036,p18,0.691913,correct
5,/home/tahmid/crops/p18/p18_scarf_low_012.jpg,p18,scarf,low,0.7856408357620239,p18,0.704560,correct
5,/home/tahmid/crops/p18/p18_scarf_low_013.jpg,p18,scarf,low,0.7851237058639526,p18,0.689309,correct
5,/home/tahmid/crops/p18/p18_scarf_low_014.jpg,p18,scarf,low,0.8771516680717468,p18,0.380023,correct
5,/home/tahmid/crops/p18/p18_scarf_regular_001.jpg,p18,scarf,regular,0.8567537069320679,p18,0.853278,correct
5,/home/tahmid/crops/p18/p18_scarf_regular_002.jpg,p18,scarf,regular,0.8762463927268982,p18,0.855417,correct
5,/home/tahmid/crops/p18/p18_scarf_regular_003.jpg,p18,scarf,regular,0.8673409819602966,p18,0.864942,correct
5,/home/tahmid/crops/p18/p18_scarf_regular_004.jpg,p18,scarf,regular,0.8452392220497131,p18,0.596709,correct
5,/home/tahmid/crops/p18/p18_scarf_regular_005.jpg,p18,scarf,regular,0.8059558868408203,p18,0.592348,correct
5,/home/tahmid/crops/p18/p18_scarf_regular_006.jpg,p18,scarf,regular,0.7923110723495483,p18,0.593613,correct
5,/home/tahmid/crops/p18/p18_scarf_regular_007.jpg,p18,scarf,regular,0.8103551864624023,p18,0.619544,correct
5,/home/tahmid/crops/p18/p18_scarf_regular_008.jpg,p18,scarf,regular,0.7164767980575562,p18,0.513471,correct
5,/home/tahmid/crops/p18/p18_scarf_regular_009.jpg,p18,scarf,regular,0.8135650753974915,p18,0.685025,correct
5,/home/tahmid/crops/p18/p18_scarf_regular_010.jpg,p18,scarf,regular,0.8033759593963623,p18,0.657755,correct
5,/home/tahmid/crops/p18/p18_scarf_regular_011.jpg,p18,scarf,regular,0.7966320514678955,p18,0.673230,correct
5,/home/tahmid/crops/p18/p18_scarf_regular_012.jpg,p18,scarf,regular,0.7922684550285339,p18,0.343491,correct
5,/home/tahmid/crops/p18/p18_scarf_regular_013.jpg,p18,scarf,regular,0.8403652906417847,p18,0.341283,correct
5,/home/tahmid/crops/p18/p18_scarf_regular_014.jpg,p18,scarf,regular,0.8307645320892334,p18,0.343534,correct
5,/home/tahmid/crops/p18/p18_scarf_regular_015.jpg,p18,scarf,regular,0.8642661571502686,p18,0.377986,correct
5,/home/tahmid/crops/p18/p18_sunglass_low_001.jpg,p18,sunglass,low,0.8438284397125244,p18,0.704723,correct
5,/home/tahmid/crops/p18/p18_sunglass_low_002.jpg,p18,sunglass,low,0.8548746705055237,p18,0.697616,correct
5,/home/tahmid/crops/p18/p18_sunglass_low_003.jpg,p18,sunglass,low,0.8550928831100464,p18,0.684462,correct
5,/home/tahmid/crops/p18/p18_sunglass_low_004.jpg,p18,sunglass,low,0.7987775802612305,p18,0.506902,correct
5,/home/tahmid/crops/p18/p18_sunglass_low_005.jpg,p18,sunglass,low,0.8107243776321411,p18,0.502771,correct
5,/home/tahmid/crops/p18/p18_sunglass_low_006.jpg,p18,sunglass,low,0.7899767160415649,p18,0.495082,correct
5,/home/tahmid/crops/p18/p18_sunglass_low_007.jpg,p18,sunglass,low,0.7707645893096924,p18,0.408375,correct
5,/home/tahmid/crops/p18/p18_sunglass_low_008.jpg,p18,sunglass,low,0.7794578075408936,p18,0.447283,correct
5,/home/tahmid/crops/p18/p18_sunglass_low_009.jpg,p18,sunglass,low,0.7714669108390808,p18,0.413600,correct
5,/home/tahmid/crops/p18/p18_sunglass_low_010.jpg,p18,sunglass,low,0.7695717811584473,p18,0.448083,correct
5,/home/tahmid/crops/p18/p18_sunglass_low_011.jpg,p18,sunglass,low,0.7572561502456665,p18,0.389718,correct
5,/home/tahmid/crops/p18/p18_sunglass_low_012.jpg,p18,sunglass,low,0.7275549173355103,p18,0.570924,correct
5,/home/tahmid/crops/p18/p18_sunglass_low_013.jpg,p18,sunglass,low,0.7240831255912781,p18,0.582374,correct
5,/home/tahmid/crops/p18/p18_sunglass_low_014.jpg,p18,sunglass,low,0.7480303049087524,p18,0.595054,correct
5,/home/tahmid/crops/p18/p18_sunglass_regular_001.jpg,p18,sunglass,regular,0.8415709733963013,p18,0.704788,correct
5,/home/tahmid/crops/p18/p18_sunglass_regular_002.jpg,p18,sunglass,regular,0.8520442247390747,p18,0.675363,correct
5,/home/tahmid/crops/p18/p18_sunglass_regular_003.jpg,p18,sunglass,regular,0.853310227394104,p18,0.725327,correct
5,/home/tahmid/crops/p18/p18_sunglass_regular_004.jpg,p18,sunglass,regular,0.8055984973907471,p18,0.534196,correct
5,/home/tahmid/crops/p18/p18_sunglass_regular_005.jpg,p18,sunglass,regular,0.80927574634552,p18,0.491984,correct
5,/home/tahmid/crops/p18/p18_sunglass_regular_006.jpg,p18,sunglass,regular,0.7962337732315063,p18,0.456788,correct
5,/home/tahmid/crops/p18/p18_sunglass_regular_007.jpg,p18,sunglass,regular,0.7752310633659363,p18,0.439777,correct
5,/home/tahmid/crops/p18/p18_sunglass_regular_008.jpg,p18,sunglass,regular,0.7763571739196777,p18,0.463841,correct
5,/home/tahmid/crops/p18/p18_sunglass_regular_009.jpg,p18,sunglass,regular,0.775808572769165,p18,0.425545,correct
5,/home/tahmid/crops/p18/p18_sunglass_regular_010.jpg,p18,sunglass,regular,0.7758772373199463,p18,0.447272,correct
5,/home/tahmid/crops/p18/p18_sunglass_regular_011.jpg,p18,sunglass,regular,0.7771239876747131,p18,0.456267,correct
5,/home/tahmid/crops/p18/p18_sunglass_regular_012.jpg,p18,sunglass,regular,0.7508219480514526,p18,0.409123,correct
5,/home/tahmid/crops/p18/p18_sunglass_regular_013.jpg,p18,sunglass,regular,0.7454845905303955,p18,0.579793,correct
5,/home/tahmid/crops/p18/p18_sunglass_regular_014.jpg,p18,sunglass,regular,0.7398958206176758,p18,0.572788,correct
5,/home/tahmid/crops/p18/p18_sunglass_regular_015.jpg,p18,sunglass,regular,0.7489749789237976,p18,0.569061,correct
5,/home/tahmid/crops/p25/p25_cap_low_001.jpg,p25,cap,low,0.7681192755699158,p25,0.696229,correct
5,/home/tahmid/crops/p25/p25_cap_low_002.jpg,p25,cap,low,0.709536075592041,p25,0.469404,correct
5,/home/tahmid/crops/p25/p25_cap_low_003.jpg,p25,cap,low,0.7619673609733582,p25,0.671694,correct
5,/home/tahmid/crops/p25/p25_cap_low_004.jpg,p25,cap,low,0.7858299016952515,p25,0.593874,correct
5,/home/tahmid/crops/p25/p25_cap_low_005.jpg,p25,cap,low,0.7636847496032715,p25,0.590350,correct
5,/home/tahmid/crops/p25/p25_cap_low_006.jpg,p25,cap,low,0.6652451157569885,p25,0.566653,correct
5,/home/tahmid/crops/p25/p25_cap_low_007.jpg,p25,cap,low,0.7281916737556458,p25,0.573873,correct
5,/home/tahmid/crops/p25/p25_cap_low_008.jpg,p25,cap,low,0.7681192755699158,p25,0.696229,correct
5,/home/tahmid/crops/p25/p25_cap_low_009.jpg,p25,cap,low,0.709536075592041,p25,0.469404,correct
5,/home/tahmid/crops/p25/p25_cap_low_010.jpg,p25,cap,low,0.7672333717346191,p25,0.673447,correct
5,/home/tahmid/crops/p25/p25_cap_low_011.jpg,p25,cap,low,0.7619673609733582,p25,0.671694,correct
5,/home/tahmid/crops/p25/p25_cap_low_012.jpg,p25,cap,low,0.7858299016952515,p25,0.593874,correct
5,/home/tahmid/crops/p25/p25_cap_low_013.jpg,p25,cap,low,0.7636847496032715,p25,0.590350,correct
5,/home/tahmid/crops/p25/p25_cap_low_014.jpg,p25,cap,low,0.7281916737556458,p25,0.573873,correct
5,/home/tahmid/crops/p25/p25_cap_regular_001.jpg,p25,cap,regular,0.7796318531036377,p25,0.694815,correct
5,/home/tahmid/crops/p25/p25_cap_regular_002.jpg,p25,cap,regular,0.7601088881492615,p25,0.488429,correct
5,/home/tahmid/crops/p25/p25_cap_regular_003.jpg,p25,cap,regular,0.7692363262176514,p25,0.682679,correct
5,/home/tahmid/crops/p25/p25_cap_regular_004.jpg,p25,cap,regular,0.7593939304351807,p25,0.676438,correct
5,/home/tahmid/crops/p25/p25_cap_regular_005.jpg,p25,cap,regular,0.7866582870483398,p25,0.611051,correct
5,/home/tahmid/crops/p25/p25_cap_regular_006.jpg,p25,cap,regular,0.7610722780227661,p25,0.577267,correct
5,/home/tahmid/crops/p25/p25_cap_regular_007.jpg,p25,cap,regular,0.6588135957717896,p25,0.555012,correct
5,/home/tahmid/crops/p25/p25_cap_regular_008.jpg,p25,cap,regular,0.725867748260498,p25,0.569943,correct
5,/home/tahmid/crops/p25/p25_cap_regular_009.jpg,p25,cap,regular,0.7796318531036377,p25,0.694815,correct
5,/home/tahmid/crops/p25/p25_cap_regular_010.jpg,p25,cap,regular,0.7962329387664795,p25,0.684114,correct
5,/home/tahmid/crops/p25/p25_cap_regular_011.jpg,p25,cap,regular,0.7134738564491272,p25,0.465249,correct
5,/home/tahmid/crops/p25/p25_cap_regular_012.jpg,p25,cap,regular,0.7692363262176514,p25,0.682679,correct
5,/home/tahmid/crops/p25/p25_cap_regular_013.jpg,p25,cap,regular,0.7593939304351807,p25,0.676438,correct
5,/home/tahmid/crops/p25/p25_cap_regular_014.jpg,p25,cap,regular,0.6588135957717896,p25,0.555012,correct
5,/home/tahmid/crops/p25/p25_clearglass_low_001.jpg,p25,clearglass,low,0.8053166270256042,p25,0.762940,correct
5,/home/tahmid/crops/p25/p25_clearglass_low_002.jpg,p25,clearglass,low,0.8058197498321533,p25,0.762209,correct
5,/home/tahmid/crops/p25/p25_clearglass_low_003.jpg,p25,clearglass,low,0.8336242437362671,p25,0.762334,correct
5,/home/tahmid/crops/p25/p25_clearglass_low_004.jpg,p25,clearglass,low,0.6882531046867371,p25,0.651190,correct
5,/home/tahmid/crops/p25/p25_clearglass_low_005.jpg,p25,clearglass,low,0.8469579219818115,p25,0.750813,correct
5,/home/tahmid/crops/p25/p25_clearglass_low_006.jpg,p25,clearglass,low,0.8614929914474487,p25,0.733222,correct
5,/home/tahmid/crops/p25/p25_clearglass_low_007.jpg,p25,clearglass,low,0.7728004455566406,p25,0.748119,correct
5,/home/tahmid/crops/p25/p25_clearglass_low_008.jpg,p25,clearglass,low,0.7231295108795166,p25,0.810752,correct
5,/home/tahmid/crops/p25/p25_clearglass_low_009.jpg,p25,clearglass,low,0.7202328443527222,p25,0.789733,correct
5,/home/tahmid/crops/p25/p25_clearglass_low_010.jpg,p25,clearglass,low,0.8058197498321533,p25,0.762209,correct
5,/home/tahmid/crops/p25/p25_clearglass_low_011.jpg,p25,clearglass,low,0.8614929914474487,p25,0.733222,correct
5,/home/tahmid/crops/p25/p25_clearglass_low_012.jpg,p25,clearglass,low,0.7728004455566406,p25,0.748119,correct
5,/home/tahmid/crops/p25/p25_clearglass_low_013.jpg,p25,clearglass,low,0.7983051538467407,p25,0.746961,correct
5,/home/tahmid/crops/p25/p25_clearglass_low_014.jpg,p25,clearglass,low,0.7231295108795166,p25,0.810752,correct
5,/home/tahmid/crops/p25/p25_clearglass_regular_001.jpg,p25,clearglass,regular,0.8344248533248901,p25,0.767718,correct
5,/home/tahmid/crops/p25/p25_clearglass_regular_002.jpg,p25,clearglass,regular,0.6989085078239441,p25,0.668023,correct
5,/home/tahmid/crops/p25/p25_clearglass_regular_003.jpg,p25,clearglass,regular,0.8533233404159546,p25,0.748841,correct
5,/home/tahmid/crops/p25/p25_clearglass_regular_004.jpg,p25,clearglass,regular,0.777748703956604,p25,0.769878,correct
5,/home/tahmid/crops/p25/p25_clearglass_regular_005.jpg,p25,clearglass,regular,0.8045594692230225,p25,0.743377,correct
5,/home/tahmid/crops/p25/p25_clearglass_regular_006.jpg,p25,clearglass,regular,0.7050613164901733,p25,0.785891,correct
5,/home/tahmid/crops/p25/p25_clearglass_regular_007.jpg,p25,clearglass,regular,0.801906406879425,p25,0.767253,correct
5,/home/tahmid/crops/p25/p25_clearglass_regular_008.jpg,p25,clearglass,regular,0.8344248533248901,p25,0.767718,correct
5,/home/tahmid/crops/p25/p25_clearglass_regular_009.jpg,p25,clearglass,regular,0.6989085078239441,p25,0.668023,correct
5,/home/tahmid/crops/p25/p25_clearglass_regular_010.jpg,p25,clearglass,regular,0.8647734522819519,p25,0.727640,correct
5,/home/tahmid/crops/p25/p25_clearglass_regular_011.jpg,p25,clearglass,regular,0.777748703956604,p25,0.769878,correct
5,/home/tahmid/crops/p25/p25_clearglass_regular_012.jpg,p25,clearglass,regular,0.8045594692230225,p25,0.743377,correct
5,/home/tahmid/crops/p25/p25_clearglass_regular_013.jpg,p25,clearglass,regular,0.7242628335952759,p25,0.812357,correct
5,/home/tahmid/crops/p25/p25_clearglass_regular_014.jpg,p25,clearglass,regular,0.7050613164901733,p25,0.785891,correct
5,/home/tahmid/crops/p25/p25_mask_clearglass_low_001.jpg,p25,mask_clearglass,low,0.7734763622283936,p25,0.529971,correct
5,/home/tahmid/crops/p25/p25_mask_clearglass_low_002.jpg,p25,mask_clearglass,low,0.7622995376586914,p25,0.537206,correct
5,/home/tahmid/crops/p25/p25_mask_clearglass_low_003.jpg,p25,mask_clearglass,low,0.7989857792854309,p25,0.531830,correct
5,/home/tahmid/crops/p25/p25_mask_clearglass_low_004.jpg,p25,mask_clearglass,low,0.6854156255722046,p25,0.430877,correct
5,/home/tahmid/crops/p25/p25_mask_clearglass_low_005.jpg,p25,mask_clearglass,low,0.7313568592071533,p25,0.457879,correct
5,/home/tahmid/crops/p25/p25_mask_clearglass_low_006.jpg,p25,mask_clearglass,low,0.763703465461731,p25,0.479223,correct
5,/home/tahmid/crops/p25/p25_mask_clearglass_low_007.jpg,p25,mask_clearglass,low,0.7989857792854309,p25,0.531830,correct
5,/home/tahmid/crops/p25/p25_mask_clearglass_low_008.jpg,p25,mask_clearglass,low,0.7575842142105103,p25,0.432572,correct
5,/home/tahmid/crops/p25/p25_mask_clearglass_low_009.jpg,p25,mask_clearglass,low,0.6854156255722046,p25,0.430877,correct
5,/home/tahmid/crops/p25/p25_mask_clearglass_low_010.jpg,p25,mask_clearglass,low,0.8075488805770874,p25,0.449032,correct
5,/home/tahmid/crops/p25/p25_mask_clearglass_low_011.jpg,p25,mask_clearglass,low,0.7313568592071533,p25,0.457879,correct
5,/home/tahmid/crops/p25/p25_mask_clearglass_low_012.jpg,p25,mask_clearglass,low,0.7909421324729919,p25,0.475047,correct
5,/home/tahmid/crops/p25/p25_mask_clearglass_low_013.jpg,p25,mask_clearglass,low,0.743797242641449,p25,0.535375,correct
5,/home/tahmid/crops/p25/p25_mask_clearglass_low_014.jpg,p25,mask_clearglass,low,0.7198320627212524,p25,0.490406,correct
5,/home/tahmid/crops/p25/p25_mask_clearglass_regular_001.jpg,p25,mask_clearglass,regular,0.7987196445465088,p25,0.522956,correct
5,/home/tahmid/crops/p25/p25_mask_clearglass_regular_002.jpg,p25,mask_clearglass,regular,0.7502806186676025,p25,0.399774,correct
5,/home/tahmid/crops/p25/p25_mask_clearglass_regular_003.jpg,p25,mask_clearglass,regular,0.6867068409919739,p25,0.424489,correct
5,/home/tahmid/crops/p25/p25_mask_clearglass_regular_004.jpg,p25,mask_clearglass,regular,0.7260602712631226,p25,0.454998,correct
5,/home/tahmid/crops/p25/p25_mask_clearglass_regular_005.jpg,p25,mask_clearglass,regular,0.7983566522598267,p25,0.479621,correct
5,/home/tahmid/crops/p25/p25_mask_clearglass_regular_006.jpg,p25,mask_clearglass,regular,0.7505390644073486,p25,0.549394,correct
5,/home/tahmid/crops/p25/p25_mask_clearglass_regular_007.jpg,p25,mask_clearglass,regular,0.712306022644043,p25,0.481948,correct
5,/home/tahmid/crops/p25/p25_mask_clearglass_regular_008.jpg,p25,mask_clearglass,regular,0.7637382745742798,p25,0.527509,correct
5,/home/tahmid/crops/p25/p25_mask_clearglass_regular_009.jpg,p25,mask_clearglass,regular,0.7502806186676025,p25,0.399774,correct
5,/home/tahmid/crops/p25/p25_mask_clearglass_regular_010.jpg,p25,mask_clearglass,regular,0.6867068409919739,p25,0.424489,correct
5,/home/tahmid/crops/p25/p25_mask_clearglass_regular_011.jpg,p25,mask_clearglass,regular,0.8031240701675415,p25,0.454970,correct
5,/home/tahmid/crops/p25/p25_mask_clearglass_regular_012.jpg,p25,mask_clearglass,regular,0.7260602712631226,p25,0.454998,correct
5,/home/tahmid/crops/p25/p25_mask_clearglass_regular_013.jpg,p25,mask_clearglass,regular,0.7983566522598267,p25,0.479621,correct
5,/home/tahmid/crops/p25/p25_mask_clearglass_regular_014.jpg,p25,mask_clearglass,regular,0.712306022644043,p25,0.481948,correct
5,/home/tahmid/crops/p25/p25_mask_low_001.jpg,p25,mask,low,0.7574697732925415,p25,0.537650,correct
5,/home/tahmid/crops/p25/p25_mask_low_002.jpg,p25,mask,low,0.7280030250549316,p25,0.551379,correct
5,/home/tahmid/crops/p25/p25_mask_low_003.jpg,p25,mask,low,0.7477262020111084,p25,0.517312,correct
5,/home/tahmid/crops/p25/p25_mask_low_004.jpg,p25,mask,low,0.8185100555419922,p25,0.496580,correct
5,/home/tahmid/crops/p25/p25_mask_low_005.jpg,p25,mask,low,0.8280016183853149,p25,0.482978,correct
5,/home/tahmid/crops/p25/p25_mask_low_006.jpg,p25,mask,low,0.8232489824295044,p25,0.529260,correct
5,/home/tahmid/crops/p25/p25_mask_low_007.jpg,p25,mask,low,0.806075930595398,p25,0.539952,correct
5,/home/tahmid/crops/p25/p25_mask_low_008.jpg,p25,mask,low,0.7727826237678528,p25,0.551854,correct
5,/home/tahmid/crops/p25/p25_mask_low_009.jpg,p25,mask,low,0.731065034866333,p25,0.540371,correct
5,/home/tahmid/crops/p25/p25_mask_low_010.jpg,p25,mask,low,0.8185100555419922,p25,0.496580,correct
5,/home/tahmid/crops/p25/p25_mask_low_011.jpg,p25,mask,low,0.8232489824295044,p25,0.529260,correct
5,/home/tahmid/crops/p25/p25_mask_low_012.jpg,p25,mask,low,0.806075930595398,p25,0.539952,correct
5,/home/tahmid/crops/p25/p25_mask_low_013.jpg,p25,mask,low,0.7727826237678528,p25,0.551854,correct
5,/home/tahmid/crops/p25/p25_mask_low_014.jpg,p25,mask,low,0.6514103412628174,p25,0.519243,correct
5,/home/tahmid/crops/p25/p25_mask_regular_001.jpg,p25,mask,regular,0.7732912302017212,p25,0.544425,correct
5,/home/tahmid/crops/p25/p25_mask_regular_002.jpg,p25,mask,regular,0.731065034866333,p25,0.540371,correct
5,/home/tahmid/crops/p25/p25_mask_regular_003.jpg,p25,mask,regular,0.7525554895401001,p25,0.544850,correct
5,/home/tahmid/crops/p25/p25_mask_regular_004.jpg,p25,mask,regular,0.7650995254516602,p25,0.532665,correct
5,/home/tahmid/crops/p25/p25_mask_regular_005.jpg,p25,mask,regular,0.7043577432632446,p25,0.542594,correct
5,/home/tahmid/crops/p25/p25_mask_regular_006.jpg,p25,mask,regular,0.8210396766662598,p25,0.478107,correct
5,/home/tahmid/crops/p25/p25_mask_regular_007.jpg,p25,mask,regular,0.8282995223999023,p25,0.495471,correct
5,/home/tahmid/crops/p25/p25_mask_regular_008.jpg,p25,mask,regular,0.8213199377059937,p25,0.536004,correct
5,/home/tahmid/crops/p25/p25_mask_regular_009.jpg,p25,mask,regular,0.7689416408538818,p25,0.559851,correct
5,/home/tahmid/crops/p25/p25_mask_regular_010.jpg,p25,mask,regular,0.6309580206871033,p25,0.525962,correct
5,/home/tahmid/crops/p25/p25_mask_regular_011.jpg,p25,mask,regular,0.8282995223999023,p25,0.495471,correct
5,/home/tahmid/crops/p25/p25_mask_regular_012.jpg,p25,mask,regular,0.8213199377059937,p25,0.536004,correct
5,/home/tahmid/crops/p25/p25_mask_regular_013.jpg,p25,mask,regular,0.800330400466919,p25,0.526836,correct
5,/home/tahmid/crops/p25/p25_mask_regular_014.jpg,p25,mask,regular,0.7689416408538818,p25,0.559851,correct
5,/home/tahmid/crops/p25/p25_mask_sunglass_low_001.jpg,p25,mask_sunglass,low,0.736550509929657,p25,0.414310,correct
5,/home/tahmid/crops/p25/p25_mask_sunglass_low_002.jpg,p25,mask_sunglass,low,0.7616078853607178,p25,0.405790,correct
5,/home/tahmid/crops/p25/p25_mask_sunglass_low_003.jpg,p25,mask_sunglass,low,0.7007527947425842,p25,0.389202,correct
5,/home/tahmid/crops/p25/p25_mask_sunglass_low_004.jpg,p25,mask_sunglass,low,0.7537015676498413,p25,0.354347,correct
5,/home/tahmid/crops/p25/p25_mask_sunglass_low_005.jpg,p25,mask_sunglass,low,0.8011907935142517,p25,0.395320,correct
5,/home/tahmid/crops/p25/p25_mask_sunglass_low_006.jpg,p25,mask_sunglass,low,0.8187050819396973,p25,0.385261,correct
5,/home/tahmid/crops/p25/p25_mask_sunglass_low_007.jpg,p25,mask_sunglass,low,0.779000997543335,p25,0.404995,correct
5,/home/tahmid/crops/p25/p25_mask_sunglass_low_008.jpg,p25,mask_sunglass,low,0.6587332487106323,p25,0.368431,correct
5,/home/tahmid/crops/p25/p25_mask_sunglass_low_009.jpg,p25,mask_sunglass,low,0.7007527947425842,p25,0.389202,correct
5,/home/tahmid/crops/p25/p25_mask_sunglass_low_010.jpg,p25,mask_sunglass,low,0.7639081478118896,p25,0.359958,correct
5,/home/tahmid/crops/p25/p25_mask_sunglass_low_011.jpg,p25,mask_sunglass,low,0.8011907935142517,p25,0.395320,correct
5,/home/tahmid/crops/p25/p25_mask_sunglass_low_012.jpg,p25,mask_sunglass,low,0.7684522867202759,p25,0.407346,correct
5,/home/tahmid/crops/p25/p25_mask_sunglass_low_013.jpg,p25,mask_sunglass,low,0.778165340423584,p25,0.352699,correct
5,/home/tahmid/crops/p25/p25_mask_sunglass_low_014.jpg,p25,mask_sunglass,low,0.6587332487106323,p25,0.368431,correct
5,/home/tahmid/crops/p25/p25_mask_sunglass_regular_001.jpg,p25,mask_sunglass,regular,0.7519652843475342,p25,0.411052,correct
5,/home/tahmid/crops/p25/p25_mask_sunglass_regular_002.jpg,p25,mask_sunglass,regular,0.7493089437484741,p25,0.354491,correct
5,/home/tahmid/crops/p25/p25_mask_sunglass_regular_003.jpg,p25,mask_sunglass,regular,0.8028516173362732,p25,0.394205,correct
5,/home/tahmid/crops/p25/p25_mask_sunglass_regular_004.jpg,p25,mask_sunglass,regular,0.8198950290679932,p25,0.388329,correct
5,/home/tahmid/crops/p25/p25_mask_sunglass_regular_005.jpg,p25,mask_sunglass,regular,0.7708340883255005,p25,0.411605,correct
5,/home/tahmid/crops/p25/p25_mask_sunglass_regular_006.jpg,p25,mask_sunglass,regular,0.6944694519042969,p25,0.407065,correct
5,/home/tahmid/crops/p25/p25_mask_sunglass_regular_007.jpg,p25,mask_sunglass,regular,0.7519652843475342,p25,0.411052,correct
5,/home/tahmid/crops/p25/p25_mask_sunglass_regular_008.jpg,p25,mask_sunglass,regular,0.6974765062332153,p25,0.392216,correct
5,/home/tahmid/crops/p25/p25_mask_sunglass_regular_009.jpg,p25,mask_sunglass,regular,0.7811359167098999,p25,0.370080,correct
5,/home/tahmid/crops/p25/p25_mask_sunglass_regular_010.jpg,p25,mask_sunglass,regular,0.7493089437484741,p25,0.354491,correct
5,/home/tahmid/crops/p25/p25_mask_sunglass_regular_011.jpg,p25,mask_sunglass,regular,0.8028516173362732,p25,0.394205,correct
5,/home/tahmid/crops/p25/p25_mask_sunglass_regular_012.jpg,p25,mask_sunglass,regular,0.7806051969528198,p25,0.384395,correct
5,/home/tahmid/crops/p25/p25_mask_sunglass_regular_013.jpg,p25,mask_sunglass,regular,0.7917048931121826,p25,0.396443,correct
5,/home/tahmid/crops/p25/p25_mask_sunglass_regular_014.jpg,p25,mask_sunglass,regular,0.6944694519042969,p25,0.407065,correct
5,/home/tahmid/crops/p25/p25_none_low_001.jpg,p25,none,low,0.8586156368255615,p25,0.833270,correct
5,/home/tahmid/crops/p25/p25_none_low_002.jpg,p25,none,low,0.8361363410949707,p25,0.828047,correct
5,/home/tahmid/crops/p25/p25_none_low_003.jpg,p25,none,low,0.7932469844818115,p25,0.769232,correct
5,/home/tahmid/crops/p25/p25_none_low_004.jpg,p25,none,low,0.8024786710739136,p25,0.770732,correct
5,/home/tahmid/crops/p25/p25_none_low_005.jpg,p25,none,low,0.8290209770202637,p25,0.793936,correct
5,/home/tahmid/crops/p25/p25_none_low_006.jpg,p25,none,low,0.7963595986366272,p25,0.776870,correct
5,/home/tahmid/crops/p25/p25_none_low_009.jpg,p25,none,low,0.8558589220046997,p25,0.836181,correct
5,/home/tahmid/crops/p25/p25_none_low_010.jpg,p25,none,low,0.7932469844818115,p25,0.769232,correct
5,/home/tahmid/crops/p25/p25_none_low_011.jpg,p25,none,low,0.8024786710739136,p25,0.770732,correct
5,/home/tahmid/crops/p25/p25_none_low_012.jpg,p25,none,low,0.8290209770202637,p25,0.793936,correct
5,/home/tahmid/crops/p25/p25_none_low_013.jpg,p25,none,low,0.7963595986366272,p25,0.776870,correct
5,/home/tahmid/crops/p25/p25_none_regular_001.jpg,p25,none,regular,0.8531210422515869,p25,0.827897,correct
5,/home/tahmid/crops/p25/p25_none_regular_002.jpg,p25,none,regular,0.8300612568855286,p25,0.822649,correct
5,/home/tahmid/crops/p25/p25_none_regular_003.jpg,p25,none,regular,0.8076144456863403,p25,0.774077,correct
5,/home/tahmid/crops/p25/p25_none_regular_004.jpg,p25,none,regular,0.8295691013336182,p25,0.792242,correct
5,/home/tahmid/crops/p25/p25_none_regular_008.jpg,p25,none,regular,0.7659158706665039,p25,0.922985,correct
5,/home/tahmid/crops/p25/p25_none_regular_009.jpg,p25,none,regular,0.8531210422515869,p25,0.827897,correct
5,/home/tahmid/crops/p25/p25_none_regular_010.jpg,p25,none,regular,0.7904870510101318,p25,0.780384,correct
5,/home/tahmid/crops/p25/p25_none_regular_011.jpg,p25,none,regular,0.8076144456863403,p25,0.774077,correct
5,/home/tahmid/crops/p25/p25_none_regular_012.jpg,p25,none,regular,0.8295691013336182,p25,0.792242,correct
5,/home/tahmid/crops/p25/p25_none_regular_013.jpg,p25,none,regular,0.7946155667304993,p25,0.778826,correct
5,/home/tahmid/crops/p25/p25_sunglass_low_001.jpg,p25,sunglass,low,0.7970374226570129,p25,0.713124,correct
5,/home/tahmid/crops/p25/p25_sunglass_low_002.jpg,p25,sunglass,low,0.7911736965179443,p25,0.720452,correct
5,/home/tahmid/crops/p25/p25_sunglass_low_003.jpg,p25,sunglass,low,0.8164086937904358,p25,0.721148,correct
5,/home/tahmid/crops/p25/p25_sunglass_low_004.jpg,p25,sunglass,low,0.7445031404495239,p25,0.586330,correct
5,/home/tahmid/crops/p25/p25_sunglass_low_005.jpg,p25,sunglass,low,0.7859066724777222,p25,0.684562,correct
5,/home/tahmid/crops/p25/p25_sunglass_low_006.jpg,p25,sunglass,low,0.7859066724777222,p25,0.684562,correct
5,/home/tahmid/crops/p25/p25_sunglass_low_007.jpg,p25,sunglass,low,0.7747002840042114,p25,0.708567,correct
5,/home/tahmid/crops/p25/p25_sunglass_low_008.jpg,p25,sunglass,low,0.7472485303878784,p25,0.700091,correct
5,/home/tahmid/crops/p25/p25_sunglass_low_009.jpg,p25,sunglass,low,0.6342433094978333,p25,0.784570,correct
5,/home/tahmid/crops/p25/p25_sunglass_low_010.jpg,p25,sunglass,low,0.8164086937904358,p25,0.721148,correct
5,/home/tahmid/crops/p25/p25_sunglass_low_011.jpg,p25,sunglass,low,0.7425355911254883,p25,0.585925,correct
5,/home/tahmid/crops/p25/p25_sunglass_low_012.jpg,p25,sunglass,low,0.8460603952407837,p25,0.700754,correct
5,/home/tahmid/crops/p25/p25_sunglass_low_013.jpg,p25,sunglass,low,0.7747002840042114,p25,0.708567,correct
5,/home/tahmid/crops/p25/p25_sunglass_low_014.jpg,p25,sunglass,low,0.6342433094978333,p25,0.784570,correct
5,/home/tahmid/crops/p25/p25_sunglass_low_015.jpg,p25,sunglass,low,0.7577860355377197,p25,0.777705,correct
5,/home/tahmid/crops/p25/p25_sunglass_regular_001.jpg,p25,sunglass,regular,0.7870219349861145,p25,0.706280,correct
5,/home/tahmid/crops/p25/p25_sunglass_regular_002.jpg,p25,sunglass,regular,0.7320830225944519,p25,0.580593,correct
5,/home/tahmid/crops/p25/p25_sunglass_regular_003.jpg,p25,sunglass,regular,0.7325187921524048,p25,0.598271,correct
5,/home/tahmid/crops/p25/p25_sunglass_regular_004.jpg,p25,sunglass,regular,0.7883855104446411,p25,0.697251,correct
5,/home/tahmid/crops/p25/p25_sunglass_regular_005.jpg,p25,sunglass,regular,0.8464171886444092,p25,0.701675,correct
5,/home/tahmid/crops/p25/p25_sunglass_regular_006.jpg,p25,sunglass,regular,0.7817074060440063,p25,0.718343,correct
5,/home/tahmid/crops/p25/p25_sunglass_regular_007.jpg,p25,sunglass,regular,0.6352450251579285,p25,0.780149,correct
5,/home/tahmid/crops/p25/p25_sunglass_regular_008.jpg,p25,sunglass,regular,0.7602835893630981,p25,0.756764,correct
5,/home/tahmid/crops/p25/p25_sunglass_regular_009.jpg,p25,sunglass,regular,0.7870219349861145,p25,0.706280,correct
5,/home/tahmid/crops/p25/p25_sunglass_regular_010.jpg,p25,sunglass,regular,0.8181157112121582,p25,0.712021,correct
5,/home/tahmid/crops/p25/p25_sunglass_regular_011.jpg,p25,sunglass,regular,0.7325187921524048,p25,0.598271,correct
5,/home/tahmid/crops/p25/p25_sunglass_regular_012.jpg,p25,sunglass,regular,0.8464171886444092,p25,0.701675,correct
5,/home/tahmid/crops/p25/p25_sunglass_regular_013.jpg,p25,sunglass,regular,0.7817074060440063,p25,0.718343,correct
5,/home/tahmid/crops/p25/p25_sunglass_regular_014.jpg,p25,sunglass,regular,0.7574056386947632,p25,0.707689,correct
5,/home/tahmid/crops/p25/p25_sunglass_regular_015.jpg,p25,sunglass,regular,0.7602835893630981,p25,0.756764,correct
5,/home/tahmid/crops/p29/p29_cap_low_001.jpg,p29,cap,low,0.824394702911377,p29,0.770837,correct
5,/home/tahmid/crops/p29/p29_cap_low_002.jpg,p29,cap,low,0.8188316822052002,p29,0.739236,correct
5,/home/tahmid/crops/p29/p29_cap_low_003.jpg,p29,cap,low,0.7755199670791626,p29,0.755796,correct
5,/home/tahmid/crops/p29/p29_cap_low_004.jpg,p29,cap,low,0.713039755821228,p29,0.740728,correct
5,/home/tahmid/crops/p29/p29_cap_low_005.jpg,p29,cap,low,0.7288219928741455,p29,0.718354,correct
5,/home/tahmid/crops/p29/p29_cap_low_006.jpg,p29,cap,low,0.783779501914978,p29,0.696584,correct
5,/home/tahmid/crops/p29/p29_cap_low_007.jpg,p29,cap,low,0.7776030898094177,p29,0.662668,correct
5,/home/tahmid/crops/p29/p29_cap_low_008.jpg,p29,cap,low,0.7919585704803467,p29,0.648413,correct
5,/home/tahmid/crops/p29/p29_cap_low_009.jpg,p29,cap,low,0.8174501657485962,p29,0.673453,correct
5,/home/tahmid/crops/p29/p29_cap_low_010.jpg,p29,cap,low,0.8262791633605957,p29,0.830877,correct
5,/home/tahmid/crops/p29/p29_cap_low_011.jpg,p29,cap,low,0.808443009853363,p29,0.847261,correct
5,/home/tahmid/crops/p29/p29_cap_low_012.jpg,p29,cap,low,0.8263533115386963,p29,0.852266,correct
5,/home/tahmid/crops/p29/p29_cap_low_013.jpg,p29,cap,low,0.8025491237640381,p29,0.837411,correct
5,/home/tahmid/crops/p29/p29_cap_low_014.jpg,p29,cap,low,0.8305405378341675,p29,0.749382,correct
5,/home/tahmid/crops/p29/p29_cap_low_015.jpg,p29,cap,low,0.8362162113189697,p29,0.757567,correct
5,/home/tahmid/crops/p29/p29_cap_low_016.jpg,p29,cap,low,0.8226702213287354,p29,0.802626,correct
5,/home/tahmid/crops/p29/p29_cap_low_017.jpg,p29,cap,low,0.8457202315330505,p29,0.815077,correct
5,/home/tahmid/crops/p29/p29_cap_regular_001.jpg,p29,cap,regular,0.7742363214492798,p29,0.757761,correct
5,/home/tahmid/crops/p29/p29_cap_regular_002.jpg,p29,cap,regular,0.7743065357208252,p29,0.773214,correct
5,/home/tahmid/crops/p29/p29_cap_regular_003.jpg,p29,cap,regular,0.8401833772659302,p29,0.744286,correct
5,/home/tahmid/crops/p29/p29_cap_regular_004.jpg,p29,cap,regular,0.7801604270935059,p29,0.748719,correct
5,/home/tahmid/crops/p29/p29_cap_regular_005.jpg,p29,cap,regular,0.7613164186477661,p29,0.745365,correct
5,/home/tahmid/crops/p29/p29_cap_regular_006.jpg,p29,cap,regular,0.7591140270233154,p29,0.701588,correct
5,/home/tahmid/crops/p29/p29_cap_regular_007.jpg,p29,cap,regular,0.7905648946762085,p29,0.690195,correct
5,/home/tahmid/crops/p29/p29_cap_regular_008.jpg,p29,cap,regular,0.7990919351577759,p29,0.701565,correct
5,/home/tahmid/crops/p29/p29_cap_regular_009.jpg,p29,cap,regular,0.7680039405822754,p29,0.705427,correct
5,/home/tahmid/crops/p29/p29_cap_regular_010.jpg,p29,cap,regular,0.785205602645874,p29,0.705070,correct
5,/home/tahmid/crops/p29/p29_cap_regular_011.jpg,p29,cap,regular,0.8048408627510071,p29,0.702871,correct
5,/home/tahmid/crops/p29/p29_cap_regular_012.jpg,p29,cap,regular,0.8183187246322632,p29,0.703932,correct
5,/home/tahmid/crops/p29/p29_cap_regular_013.jpg,p29,cap,regular,0.7616727352142334,p29,0.699404,correct
5,/home/tahmid/crops/p29/p29_cap_regular_014.jpg,p29,cap,regular,0.8437259793281555,p29,0.850760,correct
5,/home/tahmid/crops/p29/p29_cap_regular_015.jpg,p29,cap,regular,0.8668473958969116,p29,0.873501,correct
5,/home/tahmid/crops/p29/p29_cap_regular_016.jpg,p29,cap,regular,0.8543956279754639,p29,0.849879,correct
5,/home/tahmid/crops/p29/p29_cap_regular_017.jpg,p29,cap,regular,0.8338899612426758,p29,0.841786,correct
5,/home/tahmid/crops/p29/p29_cap_regular_018.jpg,p29,cap,regular,0.7885984182357788,p29,0.747046,correct
5,/home/tahmid/crops/p29/p29_cap_regular_019.jpg,p29,cap,regular,0.8288815021514893,p29,0.752613,correct
5,/home/tahmid/crops/p29/p29_cap_regular_020.jpg,p29,cap,regular,0.7463140487670898,p29,0.746146,correct
5,/home/tahmid/crops/p29/p29_cap_regular_021.jpg,p29,cap,regular,0.8280966281890869,p29,0.809254,correct
5,/home/tahmid/crops/p29/p29_cap_regular_022.jpg,p29,cap,regular,0.852401614189148,p29,0.814311,correct
5,/home/tahmid/crops/p29/p29_clearglass_low_001.jpg,p29,clearglass,low,0.7310359477996826,p29,0.757822,correct
5,/home/tahmid/crops/p29/p29_clearglass_low_002.jpg,p29,clearglass,low,0.8575651049613953,p29,0.693450,correct
5,/home/tahmid/crops/p29/p29_clearglass_low_003.jpg,p29,clearglass,low,0.8341661691665649,p29,0.733089,correct
5,/home/tahmid/crops/p29/p29_clearglass_low_004.jpg,p29,clearglass,low,0.8539670705795288,p29,0.742919,correct
5,/home/tahmid/crops/p29/p29_clearglass_low_005.jpg,p29,clearglass,low,0.8426704406738281,p29,0.847329,correct
5,/home/tahmid/crops/p29/p29_clearglass_low_006.jpg,p29,clearglass,low,0.8177270293235779,p29,0.791637,correct
5,/home/tahmid/crops/p29/p29_clearglass_low_007.jpg,p29,clearglass,low,0.8449822664260864,p29,0.793715,correct
5,/home/tahmid/crops/p29/p29_clearglass_low_008.jpg,p29,clearglass,low,0.7710046768188477,p29,0.756616,correct
5,/home/tahmid/crops/p29/p29_clearglass_regular_001.jpg,p29,clearglass,regular,0.8554306030273438,p29,0.729110,correct
5,/home/tahmid/crops/p29/p29_clearglass_regular_002.jpg,p29,clearglass,regular,0.8360031843185425,p29,0.741290,correct
5,/home/tahmid/crops/p29/p29_clearglass_regular_003.jpg,p29,clearglass,regular,0.8544625639915466,p29,0.742801,correct
5,/home/tahmid/crops/p29/p29_clearglass_regular_004.jpg,p29,clearglass,regular,0.8241031169891357,p29,0.809131,correct
5,/home/tahmid/crops/p29/p29_clearglass_regular_005.jpg,p29,clearglass,regular,0.7212475538253784,p29,0.781121,correct
5,/home/tahmid/crops/p29/p29_clearglass_regular_006.jpg,p29,clearglass,regular,0.8399653434753418,p29,0.815272,correct
5,/home/tahmid/crops/p29/p29_clearglass_regular_007.jpg,p29,clearglass,regular,0.7976921200752258,p29,0.792728,correct
5,/home/tahmid/crops/p29/p29_clearglass_regular_008.jpg,p29,clearglass,regular,0.8472160696983337,p29,0.851375,correct
5,/home/tahmid/crops/p29/p29_mask_clearglass_low_001.jpg,p29,mask_clearglass,low,0.7557163238525391,p29,0.530692,correct
5,/home/tahmid/crops/p29/p29_mask_clearglass_low_002.jpg,p29,mask_clearglass,low,0.7271803021430969,p29,0.534747,correct
5,/home/tahmid/crops/p29/p29_mask_clearglass_low_003.jpg,p29,mask_clearglass,low,0.8058058023452759,p29,0.502865,correct
5,/home/tahmid/crops/p29/p29_mask_clearglass_low_004.jpg,p29,mask_clearglass,low,0.8577944040298462,p29,0.473958,correct
5,/home/tahmid/crops/p29/p29_mask_clearglass_low_005.jpg,p29,mask_clearglass,low,0.7984212040901184,p29,0.305222,correct
5,/home/tahmid/crops/p29/p29_mask_clearglass_low_006.jpg,p29,mask_clearglass,low,0.7703025341033936,p29,0.326789,correct
5,/home/tahmid/crops/p29/p29_mask_clearglass_low_007.jpg,p29,mask_clearglass,low,0.8300684690475464,p29,0.447712,correct
5,/home/tahmid/crops/p29/p29_mask_clearglass_regular_001.jpg,p29,mask_clearglass,regular,0.7557045221328735,p29,0.553134,correct
5,/home/tahmid/crops/p29/p29_mask_clearglass_regular_002.jpg,p29,mask_clearglass,regular,0.7451174855232239,p29,0.537114,correct
5,/home/tahmid/crops/p29/p29_mask_clearglass_regular_003.jpg,p29,mask_clearglass,regular,0.6944577097892761,p29,0.521934,correct
5,/home/tahmid/crops/p29/p29_mask_clearglass_regular_004.jpg,p29,mask_clearglass,regular,0.6633670330047607,p29,0.538929,correct
5,/home/tahmid/crops/p29/p29_mask_clearglass_regular_005.jpg,p29,mask_clearglass,regular,0.7239343523979187,p29,0.527248,correct
5,/home/tahmid/crops/p29/p29_mask_clearglass_regular_006.jpg,p29,mask_clearglass,regular,0.7488850355148315,p29,0.528043,correct
5,/home/tahmid/crops/p29/p29_mask_clearglass_regular_007.jpg,p29,mask_clearglass,regular,0.8020910620689392,p29,0.494487,correct
5,/home/tahmid/crops/p29/p29_mask_clearglass_regular_008.jpg,p29,mask_clearglass,regular,0.8054380416870117,p29,0.518003,correct
5,/home/tahmid/crops/p29/p29_mask_clearglass_regular_009.jpg,p29,mask_clearglass,regular,0.8612227439880371,p29,0.511436,correct
5,/home/tahmid/crops/p29/p29_mask_clearglass_regular_010.jpg,p29,mask_clearglass,regular,0.8613054752349854,p29,0.512724,correct
5,/home/tahmid/crops/p29/p29_mask_clearglass_regular_011.jpg,p29,mask_clearglass,regular,0.8508681058883667,p29,0.495986,correct
5,/home/tahmid/crops/p29/p29_mask_clearglass_regular_012.jpg,p29,mask_clearglass,regular,0.7756340503692627,p29,0.365058,correct
5,/home/tahmid/crops/p29/p29_mask_clearglass_regular_013.jpg,p29,mask_clearglass,regular,0.8013899922370911,p29,0.326521,correct
5,/home/tahmid/crops/p29/p29_mask_clearglass_regular_014.jpg,p29,mask_clearglass,regular,0.7789492607116699,p29,0.373801,correct
5,/home/tahmid/crops/p29/p29_mask_clearglass_regular_015.jpg,p29,mask_clearglass,regular,0.8117718696594238,p29,0.360632,correct
5,/home/tahmid/crops/p29/p29_mask_clearglass_regular_016.jpg,p29,mask_clearglass,regular,0.8225025534629822,p29,0.407425,correct
5,/home/tahmid/crops/p29/p29_mask_clearglass_regular_017.jpg,p29,mask_clearglass,regular,0.8151519894599915,p29,0.409072,correct
5,/home/tahmid/crops/p29/p29_mask_clearglass_regular_018.jpg,p29,mask_clearglass,regular,0.8378567695617676,p29,0.450613,correct
5,/home/tahmid/crops/p29/p29_mask_clearglass_regular_019.jpg,p29,mask_clearglass,regular,0.8275724649429321,p29,0.378412,correct
5,/home/tahmid/crops/p29/p29_mask_clearglass_regular_020.jpg,p29,mask_clearglass,regular,0.8191161155700684,p29,0.545489,correct
5,/home/tahmid/crops/p29/p29_mask_low_001.jpg,p29,mask,low,0.8013734817504883,p29,0.607947,correct
5,/home/tahmid/crops/p29/p29_mask_low_002.jpg,p29,mask,low,0.7957127094268799,p29,0.586938,correct
5,/home/tahmid/crops/p29/p29_mask_low_003.jpg,p29,mask,low,0.7919187545776367,p29,0.608427,correct
5,/home/tahmid/crops/p29/p29_mask_low_004.jpg,p29,mask,low,0.7385591864585876,p29,0.612047,correct
5,/home/tahmid/crops/p29/p29_mask_low_005.jpg,p29,mask,low,0.7929626107215881,p29,0.571858,correct
5,/home/tahmid/crops/p29/p29_mask_low_006.jpg,p29,mask,low,0.8298557996749878,p29,0.564353,correct
5,/home/tahmid/crops/p29/p29_mask_low_007.jpg,p29,mask,low,0.7207490801811218,p29,0.539797,correct
5,/home/tahmid/crops/p29/p29_mask_low_008.jpg,p29,mask,low,0.7405843734741211,p29,0.549282,correct
5,/home/tahmid/crops/p29/p29_mask_low_009.jpg,p29,mask,low,0.7598793506622314,p29,0.571376,correct
5,/home/tahmid/crops/p29/p29_mask_low_010.jpg,p29,mask,low,0.6858440637588501,p29,0.560657,correct
5,/home/tahmid/crops/p29/p29_mask_low_011.jpg,p29,mask,low,0.7241844534873962,p29,0.494200,correct
5,/home/tahmid/crops/p29/p29_mask_low_012.jpg,p29,mask,low,0.6698399782180786,p29,0.505812,correct
5,/home/tahmid/crops/p29/p29_mask_low_013.jpg,p29,mask,low,0.7686681747436523,p29,0.525105,correct
5,/home/tahmid/crops/p29/p29_mask_low_014.jpg,p29,mask,low,0.743904173374176,p29,0.516069,correct
5,/home/tahmid/crops/p29/p29_mask_low_015.jpg,p29,mask,low,0.7630555629730225,p29,0.412291,correct
5,/home/tahmid/crops/p29/p29_mask_regular_001.jpg,p29,mask,regular,0.756583571434021,p29,0.608783,correct
5,/home/tahmid/crops/p29/p29_mask_regular_002.jpg,p29,mask,regular,0.7745504379272461,p29,0.616671,correct
5,/home/tahmid/crops/p29/p29_mask_regular_003.jpg,p29,mask,regular,0.7821296453475952,p29,0.607445,correct
5,/home/tahmid/crops/p29/p29_mask_regular_004.jpg,p29,mask,regular,0.8008530139923096,p29,0.605656,correct
5,/home/tahmid/crops/p29/p29_mask_regular_005.jpg,p29,mask,regular,0.7930507659912109,p29,0.601071,correct
5,/home/tahmid/crops/p29/p29_mask_regular_006.jpg,p29,mask,regular,0.8063369989395142,p29,0.567912,correct
5,/home/tahmid/crops/p29/p29_mask_regular_007.jpg,p29,mask,regular,0.778313934803009,p29,0.618125,correct
5,/home/tahmid/crops/p29/p29_mask_regular_008.jpg,p29,mask,regular,0.7996290922164917,p29,0.571486,correct
5,/home/tahmid/crops/p29/p29_mask_regular_009.jpg,p29,mask,regular,0.7764651775360107,p29,0.575259,correct
5,/home/tahmid/crops/p29/p29_mask_regular_010.jpg,p29,mask,regular,0.784369707107544,p29,0.580998,correct
5,/home/tahmid/crops/p29/p29_mask_regular_011.jpg,p29,mask,regular,0.7767879366874695,p29,0.585586,correct
5,/home/tahmid/crops/p29/p29_mask_regular_012.jpg,p29,mask,regular,0.8292288184165955,p29,0.579427,correct
5,/home/tahmid/crops/p29/p29_mask_regular_013.jpg,p29,mask,regular,0.6971191167831421,p29,0.565091,correct
5,/home/tahmid/crops/p29/p29_mask_regular_014.jpg,p29,mask,regular,0.7599787712097168,p29,0.569918,correct
5,/home/tahmid/crops/p29/p29_mask_regular_015.jpg,p29,mask,regular,0.7254506945610046,p29,0.601418,correct
5,/home/tahmid/crops/p29/p29_mask_regular_016.jpg,p29,mask,regular,0.6990870833396912,p29,0.536923,correct
5,/home/tahmid/crops/p29/p29_mask_regular_017.jpg,p29,mask,regular,0.7209808826446533,p29,0.575552,correct
5,/home/tahmid/crops/p29/p29_mask_regular_018.jpg,p29,mask,regular,0.7810307741165161,p29,0.559102,correct
5,/home/tahmid/crops/p29/p29_mask_regular_019.jpg,p29,mask,regular,0.7399567365646362,p29,0.491562,correct
5,/home/tahmid/crops/p29/p29_mask_regular_020.jpg,p29,mask,regular,0.776058554649353,p29,0.491949,correct
5,/home/tahmid/crops/p29/p29_mask_regular_021.jpg,p29,mask,regular,0.7490074634552002,p29,0.493415,correct
5,/home/tahmid/crops/p29/p29_mask_regular_022.jpg,p29,mask,regular,0.764565110206604,p29,0.451003,correct
5,/home/tahmid/crops/p29/p29_mask_sunglass_low_001.jpg,p29,mask_sunglass,low,0.7971866726875305,p29,0.261119,rejected
5,/home/tahmid/crops/p29/p29_mask_sunglass_low_002.jpg,p29,mask_sunglass,low,0.7837817072868347,p29,0.396910,correct
5,/home/tahmid/crops/p29/p29_mask_sunglass_low_003.jpg,p29,mask_sunglass,low,0.7901872396469116,p29,0.371045,correct
5,/home/tahmid/crops/p29/p29_mask_sunglass_low_004.jpg,p29,mask_sunglass,low,0.817435622215271,p29,0.344965,correct
5,/home/tahmid/crops/p29/p29_mask_sunglass_low_005.jpg,p29,mask_sunglass,low,0.8502593636512756,p29,0.339080,correct
5,/home/tahmid/crops/p29/p29_mask_sunglass_low_006.jpg,p29,mask_sunglass,low,0.8001958727836609,p29,0.378057,correct
5,/home/tahmid/crops/p29/p29_mask_sunglass_low_007.jpg,p29,mask_sunglass,low,0.7948735356330872,p29,0.308726,correct
5,/home/tahmid/crops/p29/p29_mask_sunglass_low_008.jpg,p29,mask_sunglass,low,0.7234048247337341,p29,0.324922,correct
5,/home/tahmid/crops/p29/p29_mask_sunglass_regular_001.jpg,p29,mask_sunglass,regular,0.8082035779953003,p29,0.271734,rejected
5,/home/tahmid/crops/p29/p29_mask_sunglass_regular_002.jpg,p29,mask_sunglass,regular,0.7285676598548889,p29,0.315204,correct
5,/home/tahmid/crops/p29/p29_mask_sunglass_regular_003.jpg,p29,mask_sunglass,regular,0.8035726547241211,p29,0.414878,correct
5,/home/tahmid/crops/p29/p29_mask_sunglass_regular_004.jpg,p29,mask_sunglass,regular,0.8277608156204224,p29,0.330097,correct
5,/home/tahmid/crops/p29/p29_mask_sunglass_regular_005.jpg,p29,mask_sunglass,regular,0.8584387302398682,p29,0.349346,correct
5,/home/tahmid/crops/p29/p29_mask_sunglass_regular_006.jpg,p29,mask_sunglass,regular,0.8003150224685669,p29,0.392630,correct
5,/home/tahmid/crops/p29/p29_mask_sunglass_regular_007.jpg,p29,mask_sunglass,regular,0.8094128370285034,p29,0.399504,correct
5,/home/tahmid/crops/p29/p29_mask_sunglass_regular_008.jpg,p29,mask_sunglass,regular,0.8106327056884766,p29,0.316265,correct
5,/home/tahmid/crops/p29/p29_none_low_005.jpg,p29,none,low,0.8397941589355469,p29,0.811918,correct
5,/home/tahmid/crops/p29/p29_none_low_006.jpg,p29,none,low,0.8655372858047485,p29,0.854110,correct
5,/home/tahmid/crops/p29/p29_none_regular_012.jpg,p29,none,regular,0.8322574496269226,p29,0.777182,correct
5,/home/tahmid/crops/p29/p29_none_regular_013.jpg,p29,none,regular,0.844651460647583,p29,0.820842,correct
5,/home/tahmid/crops/p29/p29_none_regular_014.jpg,p29,none,regular,0.8673124313354492,p29,0.855698,correct
5,/home/tahmid/crops/p29/p29_none_regular_015.jpg,p29,none,regular,0.8624647259712219,p29,0.850599,correct
5,/home/tahmid/crops/p29/p29_none_regular_016.jpg,p29,none,regular,0.8580640554428101,p29,0.811762,correct
5,/home/tahmid/crops/p29/p29_scarf_low_001.jpg,p29,scarf,low,0.7115070819854736,p29,0.819382,correct
5,/home/tahmid/crops/p29/p29_scarf_low_002.jpg,p29,scarf,low,0.8118090629577637,p29,0.756829,correct
5,/home/tahmid/crops/p29/p29_scarf_low_003.jpg,p29,scarf,low,0.7563519477844238,p29,0.875059,correct
5,/home/tahmid/crops/p29/p29_scarf_low_004.jpg,p29,scarf,low,0.8087729215621948,p29,0.744810,correct
5,/home/tahmid/crops/p29/p29_scarf_low_005.jpg,p29,scarf,low,0.7423440217971802,p29,0.723440,correct
5,/home/tahmid/crops/p29/p29_scarf_low_006.jpg,p29,scarf,low,0.7406535744667053,p29,0.852262,correct
5,/home/tahmid/crops/p29/p29_scarf_low_007.jpg,p29,scarf,low,0.8164644837379456,p29,0.836412,correct
5,/home/tahmid/crops/p29/p29_scarf_low_008.jpg,p29,scarf,low,0.7778648734092712,p29,0.789864,correct
5,/home/tahmid/crops/p29/p29_scarf_regular_001.jpg,p29,scarf,regular,0.8210873007774353,p29,0.768515,correct
5,/home/tahmid/crops/p29/p29_scarf_regular_002.jpg,p29,scarf,regular,0.8011651039123535,p29,0.748792,correct
5,/home/tahmid/crops/p29/p29_scarf_regular_003.jpg,p29,scarf,regular,0.7489264011383057,p29,0.747644,correct
5,/home/tahmid/crops/p29/p29_scarf_regular_004.jpg,p29,scarf,regular,0.7162758111953735,p29,0.817946,correct
5,/home/tahmid/crops/p29/p29_scarf_regular_005.jpg,p29,scarf,regular,0.7632248401641846,p29,0.869656,correct
5,/home/tahmid/crops/p29/p29_scarf_regular_006.jpg,p29,scarf,regular,0.756195068359375,p29,0.854217,correct
5,/home/tahmid/crops/p29/p29_scarf_regular_007.jpg,p29,scarf,regular,0.8122977018356323,p29,0.850725,correct
5,/home/tahmid/crops/p29/p29_scarf_regular_008.jpg,p29,scarf,regular,0.7830451726913452,p29,0.797416,correct
5,/home/tahmid/crops/p29/p29_sunglass_low_001.jpg,p29,sunglass,low,0.8393889665603638,p29,0.795362,correct
5,/home/tahmid/crops/p29/p29_sunglass_low_002.jpg,p29,sunglass,low,0.8178185820579529,p29,0.792907,correct
5,/home/tahmid/crops/p29/p29_sunglass_low_003.jpg,p29,sunglass,low,0.8393722772598267,p29,0.816535,correct
5,/home/tahmid/crops/p29/p29_sunglass_low_004.jpg,p29,sunglass,low,0.8401962518692017,p29,0.751668,correct
5,/home/tahmid/crops/p29/p29_sunglass_low_005.jpg,p29,sunglass,low,0.8591510057449341,p29,0.698497,correct
5,/home/tahmid/crops/p29/p29_sunglass_low_006.jpg,p29,sunglass,low,0.8382453918457031,p29,0.710929,correct
5,/home/tahmid/crops/p29/p29_sunglass_low_007.jpg,p29,sunglass,low,0.8621878623962402,p29,0.693134,correct
5,/home/tahmid/crops/p29/p29_sunglass_regular_001.jpg,p29,sunglass,regular,0.8374392986297607,p29,0.800298,correct
5,/home/tahmid/crops/p29/p29_sunglass_regular_002.jpg,p29,sunglass,regular,0.8156090974807739,p29,0.793575,correct
5,/home/tahmid/crops/p29/p29_sunglass_regular_003.jpg,p29,sunglass,regular,0.8630623817443848,p29,0.800766,correct
5,/home/tahmid/crops/p29/p29_sunglass_regular_004.jpg,p29,sunglass,regular,0.8531882762908936,p29,0.790635,correct
5,/home/tahmid/crops/p29/p29_sunglass_regular_005.jpg,p29,sunglass,regular,0.8356865644454956,p29,0.805420,correct
5,/home/tahmid/crops/p29/p29_sunglass_regular_006.jpg,p29,sunglass,regular,0.8431396484375,p29,0.815725,correct
5,/home/tahmid/crops/p29/p29_sunglass_regular_007.jpg,p29,sunglass,regular,0.8702876567840576,p29,0.759868,correct
5,/home/tahmid/crops/p29/p29_sunglass_regular_008.jpg,p29,sunglass,regular,0.8557471036911011,p29,0.760736,correct
5,/home/tahmid/crops/p29/p29_sunglass_regular_009.jpg,p29,sunglass,regular,0.8493298292160034,p29,0.771393,correct
5,/home/tahmid/crops/p29/p29_sunglass_regular_010.jpg,p29,sunglass,regular,0.8784163594245911,p29,0.778202,correct
5,/home/tahmid/crops/p29/p29_sunglass_regular_011.jpg,p29,sunglass,regular,0.8669124841690063,p29,0.794808,correct
5,/home/tahmid/crops/p29/p29_sunglass_regular_012.jpg,p29,sunglass,regular,0.8618960380554199,p29,0.737807,correct
5,/home/tahmid/crops/p29/p29_sunglass_regular_013.jpg,p29,sunglass,regular,0.8404499292373657,p29,0.720496,correct
5,/home/tahmid/crops/p29/p29_sunglass_regular_014.jpg,p29,sunglass,regular,0.8758169412612915,p29,0.730674,correct
5,/home/tahmid/crops/p29/p29_sunglass_regular_015.jpg,p29,sunglass,regular,0.8578776121139526,p29,0.727000,correct
5,/home/tahmid/crops/p29/p29_sunglass_regular_016.jpg,p29,sunglass,regular,0.8335028290748596,p29,0.730229,correct
5,/home/tahmid/crops/p29/p29_sunglass_regular_017.jpg,p29,sunglass,regular,0.8550482988357544,p29,0.717114,correct
5,/home/tahmid/crops/p29/p29_sunglass_regular_018.jpg,p29,sunglass,regular,0.8584163188934326,p29,0.709383,correct
5,/home/tahmid/crops/p29/p29_sunglass_regular_019.jpg,p29,sunglass,regular,0.8624435663223267,p29,0.729507,correct
5,/home/tahmid/crops/p29/p29_sunglass_regular_020.jpg,p29,sunglass,regular,0.7954728603363037,p29,0.698723,correct
6,/home/tahmid/crops/p01/p01_cap_low_001.jpg,p01,cap,low,0.7659834623336792,p01,0.361902,correct
6,/home/tahmid/crops/p01/p01_cap_low_002.jpg,p01,cap,low,0.7992340922355652,p01,0.350207,correct
6,/home/tahmid/crops/p01/p01_cap_low_003.jpg,p01,cap,low,0.6113721132278442,p19,0.356490,misidentified
6,/home/tahmid/crops/p01/p01_cap_low_004.jpg,p01,cap,low,0.6967820525169373,p21,0.331537,misidentified
6,/home/tahmid/crops/p01/p01_cap_low_005.jpg,p01,cap,low,0.7313180565834045,p10,0.314519,misidentified
6,/home/tahmid/crops/p01/p01_cap_low_006.jpg,p01,cap,low,0.7188972234725952,p21,0.341611,misidentified
6,/home/tahmid/crops/p01/p01_cap_low_007.jpg,p01,cap,low,0.7139408588409424,p01,0.303345,correct
6,/home/tahmid/crops/p01/p01_cap_low_008.jpg,p01,cap,low,0.7295897006988525,p01,0.339545,correct
6,/home/tahmid/crops/p01/p01_cap_low_009.jpg,p01,cap,low,0.7295897006988525,p01,0.339545,correct
6,/home/tahmid/crops/p01/p01_cap_low_010.jpg,p01,cap,low,0.7377419471740723,p01,0.342970,correct
6,/home/tahmid/crops/p01/p01_cap_low_011.jpg,p01,cap,low,0.6892623901367188,p19,0.296464,rejected
6,/home/tahmid/crops/p01/p01_cap_low_012.jpg,p01,cap,low,0.7069518566131592,p01,0.313250,correct
6,/home/tahmid/crops/p01/p01_cap_regular_001.jpg,p01,cap,regular,0.7577440738677979,p01,0.411371,correct
6,/home/tahmid/crops/p01/p01_cap_regular_002.jpg,p01,cap,regular,0.7577440738677979,p01,0.411371,correct
6,/home/tahmid/crops/p01/p01_cap_regular_003.jpg,p01,cap,regular,0.5719086527824402,p19,0.388492,misidentified
6,/home/tahmid/crops/p01/p01_cap_regular_004.jpg,p01,cap,regular,0.5719086527824402,p19,0.388492,misidentified
6,/home/tahmid/crops/p01/p01_cap_regular_005.jpg,p01,cap,regular,0.7047780752182007,p19,0.374847,misidentified
6,/home/tahmid/crops/p01/p01_cap_regular_006.jpg,p01,cap,regular,0.7485781311988831,p01,0.348835,correct
6,/home/tahmid/crops/p01/p01_cap_regular_007.jpg,p01,cap,regular,0.7787865400314331,p01,0.368091,correct
6,/home/tahmid/crops/p01/p01_cap_regular_008.jpg,p01,cap,regular,0.8444292545318604,p01,0.350060,correct
6,/home/tahmid/crops/p01/p01_cap_regular_009.jpg,p01,cap,regular,0.7124278545379639,p01,0.315975,correct
6,/home/tahmid/crops/p01/p01_cap_regular_010.jpg,p01,cap,regular,0.7130603790283203,p01,0.345455,correct
6,/home/tahmid/crops/p01/p01_cap_regular_011.jpg,p01,cap,regular,0.7084701061248779,p01,0.325201,correct
6,/home/tahmid/crops/p01/p01_cap_regular_012.jpg,p01,cap,regular,0.7084701061248779,p01,0.325201,correct
6,/home/tahmid/crops/p01/p01_clearglass_low_001.jpg,p01,clearglass,low,0.8721979260444641,p01,0.453911,correct
6,/home/tahmid/crops/p01/p01_clearglass_low_002.jpg,p01,clearglass,low,0.8826411366462708,p01,0.464456,correct
6,/home/tahmid/crops/p01/p01_clearglass_low_003.jpg,p01,clearglass,low,0.8763241171836853,p01,0.471274,correct
6,/home/tahmid/crops/p01/p01_clearglass_low_004.jpg,p01,clearglass,low,0.787467896938324,p01,0.311902,correct
6,/home/tahmid/crops/p01/p01_clearglass_low_005.jpg,p01,clearglass,low,0.879793643951416,p01,0.422664,correct
6,/home/tahmid/crops/p01/p01_clearglass_low_006.jpg,p01,clearglass,low,0.8625013828277588,p01,0.444110,correct
6,/home/tahmid/crops/p01/p01_clearglass_low_007.jpg,p01,clearglass,low,0.8646193146705627,p01,0.446806,correct
6,/home/tahmid/crops/p01/p01_clearglass_low_008.jpg,p01,clearglass,low,0.737349271774292,p03,0.379720,misidentified
6,/home/tahmid/crops/p01/p01_clearglass_low_009.jpg,p01,clearglass,low,0.7600555419921875,p03,0.345041,misidentified
6,/home/tahmid/crops/p01/p01_clearglass_low_010.jpg,p01,clearglass,low,0.7970799803733826,p01,0.319184,correct
6,/home/tahmid/crops/p01/p01_clearglass_low_011.jpg,p01,clearglass,low,0.8063662648200989,p01,0.359877,correct
6,/home/tahmid/crops/p01/p01_clearglass_low_012.jpg,p01,clearglass,low,0.7565733194351196,p01,0.338521,correct
6,/home/tahmid/crops/p01/p01_clearglass_regular_001.jpg,p01,clearglass,regular,0.8715406656265259,p01,0.470089,correct
6,/home/tahmid/crops/p01/p01_clearglass_regular_002.jpg,p01,clearglass,regular,0.8642781972885132,p01,0.480787,correct
6,/home/tahmid/crops/p01/p01_clearglass_regular_003.jpg,p01,clearglass,regular,0.8068150281906128,p01,0.330578,correct
6,/home/tahmid/crops/p01/p01_clearglass_regular_004.jpg,p01,clearglass,regular,0.8150908946990967,p19,0.311748,misidentified
6,/home/tahmid/crops/p01/p01_clearglass_regular_005.jpg,p01,clearglass,regular,0.8873699307441711,p01,0.459792,correct
6,/home/tahmid/crops/p01/p01_clearglass_regular_006.jpg,p01,clearglass,regular,0.8817540407180786,p01,0.454440,correct
6,/home/tahmid/crops/p01/p01_clearglass_regular_007.jpg,p01,clearglass,regular,0.8740143775939941,p01,0.436330,correct
6,/home/tahmid/crops/p01/p01_clearglass_regular_008.jpg,p01,clearglass,regular,0.7594996690750122,p03,0.308139,misidentified
6,/home/tahmid/crops/p01/p01_clearglass_regular_009.jpg,p01,clearglass,regular,0.7593986988067627,p03,0.312935,misidentified
6,/home/tahmid/crops/p01/p01_clearglass_regular_010.jpg,p01,clearglass,regular,0.772290825843811,p03,0.315582,misidentified
6,/home/tahmid/crops/p01/p01_clearglass_regular_011.jpg,p01,clearglass,regular,0.808323323726654,p01,0.370046,correct
6,/home/tahmid/crops/p01/p01_clearglass_regular_012.jpg,p01,clearglass,regular,0.7776658535003662,p01,0.343015,correct
6,/home/tahmid/crops/p01/p01_mask_clearglass_low_001.jpg,p01,mask_clearglass,low,0.85176682472229,p01,0.290852,rejected
6,/home/tahmid/crops/p01/p01_mask_clearglass_low_002.jpg,p01,mask_clearglass,low,0.8527911901473999,p01,0.285805,rejected
6,/home/tahmid/crops/p01/p01_mask_clearglass_low_003.jpg,p01,mask_clearglass,low,0.843932032585144,p17,0.291098,rejected
6,/home/tahmid/crops/p01/p01_mask_clearglass_low_004.jpg,p01,mask_clearglass,low,0.7025792598724365,p01,0.307380,correct
6,/home/tahmid/crops/p01/p01_mask_clearglass_low_005.jpg,p01,mask_clearglass,low,0.6725079417228699,p01,0.293745,rejected
6,/home/tahmid/crops/p01/p01_mask_clearglass_low_006.jpg,p01,mask_clearglass,low,0.7827457189559937,p03,0.302254,misidentified
6,/home/tahmid/crops/p01/p01_mask_clearglass_low_007.jpg,p01,mask_clearglass,low,0.7523987293243408,p01,0.290585,rejected
6,/home/tahmid/crops/p01/p01_mask_clearglass_low_008.jpg,p01,mask_clearglass,low,0.656647801399231,p17,0.286043,rejected
6,/home/tahmid/crops/p01/p01_mask_clearglass_low_009.jpg,p01,mask_clearglass,low,0.6494041085243225,p17,0.272966,rejected
6,/home/tahmid/crops/p01/p01_mask_clearglass_low_010.jpg,p01,mask_clearglass,low,0.7050302624702454,p03,0.286556,rejected
6,/home/tahmid/crops/p01/p01_mask_clearglass_low_011.jpg,p01,mask_clearglass,low,0.6697397232055664,p03,0.339111,misidentified
6,/home/tahmid/crops/p01/p01_mask_clearglass_low_012.jpg,p01,mask_clearglass,low,0.6851205229759216,p03,0.307485,misidentified
6,/home/tahmid/crops/p01/p01_mask_clearglass_regular_001.jpg,p01,mask_clearglass,regular,0.8361760377883911,p03,0.301433,misidentified
6,/home/tahmid/crops/p01/p01_mask_clearglass_regular_002.jpg,p01,mask_clearglass,regular,0.8525530099868774,p17,0.287948,rejected
6,/home/tahmid/crops/p01/p01_mask_clearglass_regular_003.jpg,p01,mask_clearglass,regular,0.769723653793335,p01,0.319389,correct
6,/home/tahmid/crops/p01/p01_mask_clearglass_regular_004.jpg,p01,mask_clearglass,regular,0.7258887887001038,p01,0.313927,correct
6,/home/tahmid/crops/p01/p01_mask_clearglass_regular_005.jpg,p01,mask_clearglass,regular,0.72871994972229,p01,0.300879,correct
6,/home/tahmid/crops/p01/p01_mask_clearglass_regular_006.jpg,p01,mask_clearglass,regular,0.8311779499053955,p01,0.333511,correct
6,/home/tahmid/crops/p01/p01_mask_clearglass_regular_007.jpg,p01,mask_clearglass,regular,0.795354962348938,p01,0.334182,correct
6,/home/tahmid/crops/p01/p01_mask_clearglass_regular_008.jpg,p01,mask_clearglass,regular,0.6262423992156982,p03,0.319110,misidentified
6,/home/tahmid/crops/p01/p01_mask_clearglass_regular_009.jpg,p01,mask_clearglass,regular,0.6682738065719604,p03,0.318859,misidentified
6,/home/tahmid/crops/p01/p01_mask_clearglass_regular_010.jpg,p01,mask_clearglass,regular,0.6503821611404419,p17,0.303312,misidentified
6,/home/tahmid/crops/p01/p01_mask_clearglass_regular_011.jpg,p01,mask_clearglass,regular,0.6763787269592285,p03,0.317455,misidentified
6,/home/tahmid/crops/p01/p01_mask_clearglass_regular_012.jpg,p01,mask_clearglass,regular,0.7207615375518799,p03,0.319818,misidentified
6,/home/tahmid/crops/p01/p01_mask_low_001.jpg,p01,mask,low,0.8375888466835022,p01,0.312437,correct
6,/home/tahmid/crops/p01/p01_mask_low_002.jpg,p01,mask,low,0.8442416787147522,p01,0.312333,correct
6,/home/tahmid/crops/p01/p01_mask_low_003.jpg,p01,mask,low,0.7697802782058716,p01,0.312646,correct
6,/home/tahmid/crops/p01/p01_mask_low_004.jpg,p01,mask,low,0.7697802782058716,p01,0.312646,correct
6,/home/tahmid/crops/p01/p01_mask_low_005.jpg,p01,mask,low,0.7181021571159363,p01,0.287854,rejected
6,/home/tahmid/crops/p01/p01_mask_low_006.jpg,p01,mask,low,0.7905601263046265,p01,0.325622,correct
6,/home/tahmid/crops/p01/p01_mask_low_007.jpg,p01,mask,low,0.816698431968689,p01,0.333327,correct
6,/home/tahmid/crops/p01/p01_mask_low_008.jpg,p01,mask,low,0.8180149793624878,p01,0.339590,correct
6,/home/tahmid/crops/p01/p01_mask_low_009.jpg,p01,mask,low,0.6499442458152771,p17,0.365810,misidentified
6,/home/tahmid/crops/p01/p01_mask_low_010.jpg,p01,mask,low,0.6547669768333435,p17,0.331276,misidentified
6,/home/tahmid/crops/p01/p01_mask_low_011.jpg,p01,mask,low,0.5870062708854675,p17,0.321426,misidentified
6,/home/tahmid/crops/p01/p01_mask_low_012.jpg,p01,mask,low,0.6768543124198914,p03,0.321430,misidentified
6,/home/tahmid/crops/p01/p01_mask_regular_001.jpg,p01,mask,regular,0.8757455945014954,p01,0.315008,correct
6,/home/tahmid/crops/p01/p01_mask_regular_002.jpg,p01,mask,regular,0.8674665689468384,p01,0.313236,correct
6,/home/tahmid/crops/p01/p01_mask_regular_003.jpg,p01,mask,regular,0.8674665689468384,p01,0.313236,correct
6,/home/tahmid/crops/p01/p01_mask_regular_004.jpg,p01,mask,regular,0.7508950233459473,p01,0.297144,rejected
6,/home/tahmid/crops/p01/p01_mask_regular_005.jpg,p01,mask,regular,0.8571420907974243,p01,0.321973,correct
6,/home/tahmid/crops/p01/p01_mask_regular_006.jpg,p01,mask,regular,0.8606809973716736,p01,0.328602,correct
6,/home/tahmid/crops/p01/p01_mask_regular_007.jpg,p01,mask,regular,0.6948928236961365,p17,0.315724,misidentified
6,/home/tahmid/crops/p01/p01_mask_regular_008.jpg,p01,mask,regular,0.7013911008834839,p17,0.319196,misidentified
6,/home/tahmid/crops/p01/p01_mask_regular_009.jpg,p01,mask,regular,0.6922346353530884,p17,0.320459,misidentified
6,/home/tahmid/crops/p01/p01_mask_regular_010.jpg,p01,mask,regular,0.6922346353530884,p17,0.320459,misidentified
6,/home/tahmid/crops/p01/p01_mask_regular_011.jpg,p01,mask,regular,0.6205416917800903,p19,0.304573,misidentified
6,/home/tahmid/crops/p01/p01_mask_regular_012.jpg,p01,mask,regular,0.6758400797843933,p03,0.309052,misidentified
6,/home/tahmid/crops/p01/p01_mask_sunglass_low_001.jpg,p01,mask_sunglass,low,0.7421869039535522,p01,0.321528,correct
6,/home/tahmid/crops/p01/p01_mask_sunglass_low_002.jpg,p01,mask_sunglass,low,0.7796589136123657,p01,0.305746,correct
6,/home/tahmid/crops/p01/p01_mask_sunglass_low_003.jpg,p01,mask_sunglass,low,0.6640295386314392,p03,0.272650,rejected
6,/home/tahmid/crops/p01/p01_mask_sunglass_low_004.jpg,p01,mask_sunglass,low,0.6861801147460938,p01,0.246862,rejected
6,/home/tahmid/crops/p01/p01_mask_sunglass_low_005.jpg,p01,mask_sunglass,low,0.6628618240356445,p03,0.268719,rejected
6,/home/tahmid/crops/p01/p01_mask_sunglass_low_006.jpg,p01,mask_sunglass,low,0.5363696217536926,p02,0.244802,rejected
6,/home/tahmid/crops/p01/p01_mask_sunglass_low_007.jpg,p01,mask_sunglass,low,0.3204824924468994,p14,0.260159,rejected
6,/home/tahmid/crops/p01/p01_mask_sunglass_low_008.jpg,p01,mask_sunglass,low,0.6603978276252747,p02,0.294281,rejected
6,/home/tahmid/crops/p01/p01_mask_sunglass_low_009.jpg,p01,mask_sunglass,low,0.6053401231765747,p02,0.312649,misidentified
6,/home/tahmid/crops/p01/p01_mask_sunglass_low_010.jpg,p01,mask_sunglass,low,0.6256112456321716,p02,0.281668,rejected
6,/home/tahmid/crops/p01/p01_mask_sunglass_low_011.jpg,p01,mask_sunglass,low,0.674943208694458,p03,0.272923,rejected
6,/home/tahmid/crops/p01/p01_mask_sunglass_low_012.jpg,p01,mask_sunglass,low,0.6904336214065552,p03,0.300930,misidentified
6,/home/tahmid/crops/p01/p01_mask_sunglass_low_013.jpg,p01,mask_sunglass,low,0.694983959197998,p03,0.284463,rejected
6,/home/tahmid/crops/p01/p01_mask_sunglass_regular_001.jpg,p01,mask_sunglass,regular,0.8323137760162354,p01,0.303994,correct
6,/home/tahmid/crops/p01/p01_mask_sunglass_regular_002.jpg,p01,mask_sunglass,regular,0.8254995346069336,p01,0.311745,correct
6,/home/tahmid/crops/p01/p01_mask_sunglass_regular_003.jpg,p01,mask_sunglass,regular,0.6986055970191956,p01,0.239853,rejected
6,/home/tahmid/crops/p01/p01_mask_sunglass_regular_004.jpg,p01,mask_sunglass,regular,0.6840869188308716,p17,0.235576,rejected
6,/home/tahmid/crops/p01/p01_mask_sunglass_regular_005.jpg,p01,mask_sunglass,regular,0.7003041505813599,p01,0.224310,rejected
6,/home/tahmid/crops/p01/p01_mask_sunglass_regular_006.jpg,p01,mask_sunglass,regular,0.8245182037353516,p03,0.269452,rejected
6,/home/tahmid/crops/p01/p01_mask_sunglass_regular_007.jpg,p01,mask_sunglass,regular,0.7123404741287231,p03,0.274559,rejected
6,/home/tahmid/crops/p01/p01_mask_sunglass_regular_008.jpg,p01,mask_sunglass,regular,0.6088957190513611,p03,0.294857,rejected
6,/home/tahmid/crops/p01/p01_mask_sunglass_regular_009.jpg,p01,mask_sunglass,regular,0.6465414762496948,p03,0.297931,rejected
6,/home/tahmid/crops/p01/p01_mask_sunglass_regular_010.jpg,p01,mask_sunglass,regular,0.6746048927307129,p17,0.297564,rejected
6,/home/tahmid/crops/p01/p01_mask_sunglass_regular_011.jpg,p01,mask_sunglass,regular,0.6774699687957764,p03,0.300210,misidentified
6,/home/tahmid/crops/p01/p01_mask_sunglass_regular_012.jpg,p01,mask_sunglass,regular,0.6628565788269043,p19,0.277109,rejected
6,/home/tahmid/crops/p01/p01_mask_sunglass_regular_013.jpg,p01,mask_sunglass,regular,0.6954390406608582,p19,0.287728,rejected
6,/home/tahmid/crops/p01/p01_none_low_001.jpg,p01,none,low,0.8884983062744141,p01,0.497456,correct
6,/home/tahmid/crops/p01/p01_none_low_002.jpg,p01,none,low,0.9004903435707092,p01,0.480681,correct
6,/home/tahmid/crops/p01/p01_none_low_003.jpg,p01,none,low,0.731440007686615,p01,0.414826,correct
6,/home/tahmid/crops/p01/p01_none_low_004.jpg,p01,none,low,0.7728008031845093,p01,0.379019,correct
6,/home/tahmid/crops/p01/p01_none_low_005.jpg,p01,none,low,0.7785356044769287,p01,0.408556,correct
6,/home/tahmid/crops/p01/p01_none_low_006.jpg,p01,none,low,0.8876627683639526,p01,0.558694,correct
6,/home/tahmid/crops/p01/p01_none_low_007.jpg,p01,none,low,0.8784757852554321,p01,0.571695,correct
6,/home/tahmid/crops/p01/p01_none_low_008.jpg,p01,none,low,0.7667933106422424,p17,0.318666,misidentified
6,/home/tahmid/crops/p01/p01_none_low_009.jpg,p01,none,low,0.8161271810531616,p18,0.305218,misidentified
6,/home/tahmid/crops/p01/p01_none_low_010.jpg,p01,none,low,0.8161038160324097,p17,0.302366,misidentified
6,/home/tahmid/crops/p01/p01_none_low_011.jpg,p01,none,low,0.7965046763420105,p01,0.359173,correct
6,/home/tahmid/crops/p01/p01_none_low_012.jpg,p01,none,low,0.7981388568878174,p01,0.379101,correct
6,/home/tahmid/crops/p01/p01_none_low_013.jpg,p01,none,low,0.8074612617492676,p01,0.367674,correct
6,/home/tahmid/crops/p01/p01_none_regular_001.jpg,p01,none,regular,0.9044716954231262,p01,0.492217,correct
6,/home/tahmid/crops/p01/p01_none_regular_002.jpg,p01,none,regular,0.8692623376846313,p01,0.519898,correct
6,/home/tahmid/crops/p01/p01_none_regular_003.jpg,p01,none,regular,0.8624911308288574,p01,0.495384,correct
6,/home/tahmid/crops/p01/p01_none_regular_004.jpg,p01,none,regular,0.8523111343383789,p01,0.488786,correct
6,/home/tahmid/crops/p01/p01_none_regular_005.jpg,p01,none,regular,0.7973358631134033,p01,0.395542,correct
6,/home/tahmid/crops/p01/p01_none_regular_006.jpg,p01,none,regular,0.7528985738754272,p01,0.402387,correct
6,/home/tahmid/crops/p01/p01_none_regular_007.jpg,p01,none,regular,0.748258650302887,p01,0.394378,correct
6,/home/tahmid/crops/p01/p01_none_regular_010.jpg,p01,none,regular,0.7543572187423706,p01,0.364569,correct
6,/home/tahmid/crops/p01/p01_none_regular_011.jpg,p01,none,regular,0.7661866545677185,p01,0.332508,correct
6,/home/tahmid/crops/p01/p01_none_regular_012.jpg,p01,none,regular,0.768210232257843,p01,0.333770,correct
6,/home/tahmid/crops/p01/p01_none_regular_013.jpg,p01,none,regular,0.8266452550888062,p01,0.328344,correct
6,/home/tahmid/crops/p01/p01_scarf_low_001.jpg,p01,scarf,low,0.8408495187759399,p01,0.384398,correct
6,/home/tahmid/crops/p01/p01_scarf_low_002.jpg,p01,scarf,low,0.8361532688140869,p01,0.381845,correct
6,/home/tahmid/crops/p01/p01_scarf_low_003.jpg,p01,scarf,low,0.8445870876312256,p01,0.389676,correct
6,/home/tahmid/crops/p01/p01_scarf_low_004.jpg,p01,scarf,low,0.8445870876312256,p01,0.389676,correct
6,/home/tahmid/crops/p01/p01_scarf_low_005.jpg,p01,scarf,low,0.7552967071533203,p19,0.325145,misidentified
6,/home/tahmid/crops/p01/p01_scarf_low_006.jpg,p01,scarf,low,0.8014902472496033,p01,0.354411,correct
6,/home/tahmid/crops/p01/p01_scarf_low_007.jpg,p01,scarf,low,0.7678791284561157,p01,0.394827,correct
6,/home/tahmid/crops/p01/p01_scarf_low_008.jpg,p01,scarf,low,0.7895157933235168,p01,0.364673,correct
6,/home/tahmid/crops/p01/p01_scarf_low_009.jpg,p01,scarf,low,0.7289922833442688,p01,0.337145,correct
6,/home/tahmid/crops/p01/p01_scarf_low_010.jpg,p01,scarf,low,0.7289922833442688,p01,0.337145,correct
6,/home/tahmid/crops/p01/p01_scarf_low_011.jpg,p01,scarf,low,0.7776411771774292,p01,0.323579,correct
6,/home/tahmid/crops/p01/p01_scarf_low_012.jpg,p01,scarf,low,0.7013521194458008,p03,0.306733,misidentified
6,/home/tahmid/crops/p01/p01_scarf_low_013.jpg,p01,scarf,low,0.6665694117546082,p03,0.307163,misidentified
6,/home/tahmid/crops/p01/p01_scarf_regular_001.jpg,p01,scarf,regular,0.8707722425460815,p01,0.386377,correct
6,/home/tahmid/crops/p01/p01_scarf_regular_002.jpg,p01,scarf,regular,0.8707722425460815,p01,0.386377,correct
6,/home/tahmid/crops/p01/p01_scarf_regular_003.jpg,p01,scarf,regular,0.8623449206352234,p01,0.388178,correct
6,/home/tahmid/crops/p01/p01_scarf_regular_004.jpg,p01,scarf,regular,0.7876707315444946,p19,0.340113,misidentified
6,/home/tahmid/crops/p01/p01_scarf_regular_005.jpg,p01,scarf,regular,0.8087674379348755,p19,0.343588,misidentified
6,/home/tahmid/crops/p01/p01_scarf_regular_006.jpg,p01,scarf,regular,0.799317479133606,p19,0.331224,misidentified
6,/home/tahmid/crops/p01/p01_scarf_regular_007.jpg,p01,scarf,regular,0.8093752861022949,p01,0.406819,correct
6,/home/tahmid/crops/p01/p01_scarf_regular_008.jpg,p01,scarf,regular,0.8324341177940369,p01,0.414066,correct
6,/home/tahmid/crops/p01/p01_scarf_regular_009.jpg,p01,scarf,regular,0.7916046380996704,p01,0.346884,correct
6,/home/tahmid/crops/p01/p01_scarf_regular_010.jpg,p01,scarf,regular,0.7857081890106201,p01,0.321785,correct
6,/home/tahmid/crops/p01/p01_scarf_regular_011.jpg,p01,scarf,regular,0.8012150526046753,p01,0.315912,correct
6,/home/tahmid/crops/p01/p01_scarf_regular_012.jpg,p01,scarf,regular,0.7180598974227905,p01,0.329925,correct
6,/home/tahmid/crops/p01/p01_scarf_regular_013.jpg,p01,scarf,regular,0.7180598974227905,p01,0.329925,correct
6,/home/tahmid/crops/p01/p01_sunglass_low_001.jpg,p01,sunglass,low,0.8274689316749573,p01,0.411048,correct
6,/home/tahmid/crops/p01/p01_sunglass_low_002.jpg,p01,sunglass,low,0.8363178372383118,p01,0.374990,correct
6,/home/tahmid/crops/p01/p01_sunglass_low_003.jpg,p01,sunglass,low,0.7438273429870605,p01,0.314104,correct
6,/home/tahmid/crops/p01/p01_sunglass_low_004.jpg,p01,sunglass,low,0.7380086183547974,p01,0.318143,correct
6,/home/tahmid/crops/p01/p01_sunglass_low_005.jpg,p01,sunglass,low,0.7250422239303589,p01,0.338932,correct
6,/home/tahmid/crops/p01/p01_sunglass_low_006.jpg,p01,sunglass,low,0.8354456424713135,p01,0.439359,correct
6,/home/tahmid/crops/p01/p01_sunglass_low_007.jpg,p01,sunglass,low,0.8614193201065063,p01,0.439055,correct
6,/home/tahmid/crops/p01/p01_sunglass_low_008.jpg,p01,sunglass,low,0.8227074146270752,p01,0.397667,correct
6,/home/tahmid/crops/p01/p01_sunglass_low_009.jpg,p01,sunglass,low,0.798244059085846,p17,0.316680,misidentified
6,/home/tahmid/crops/p01/p01_sunglass_low_010.jpg,p01,sunglass,low,0.8125214576721191,p17,0.313666,misidentified
6,/home/tahmid/crops/p01/p01_sunglass_low_011.jpg,p01,sunglass,low,0.8430980443954468,p01,0.347161,correct
6,/home/tahmid/crops/p01/p01_sunglass_low_012.jpg,p01,sunglass,low,0.8562368154525757,p01,0.352514,correct
6,/home/tahmid/crops/p01/p01_sunglass_low_013.jpg,p01,sunglass,low,0.8499928712844849,p01,0.345412,correct
6,/home/tahmid/crops/p01/p01_sunglass_regular_001.jpg,p01,sunglass,regular,0.8846690654754639,p01,0.455719,correct
6,/home/tahmid/crops/p01/p01_sunglass_regular_002.jpg,p01,sunglass,regular,0.8871873021125793,p01,0.441302,correct
6,/home/tahmid/crops/p01/p01_sunglass_regular_003.jpg,p01,sunglass,regular,0.7002637982368469,p01,0.310201,correct
6,/home/tahmid/crops/p01/p01_sunglass_regular_004.jpg,p01,sunglass,regular,0.7556549310684204,p01,0.289031,rejected
6,/home/tahmid/crops/p01/p01_sunglass_regular_005.jpg,p01,sunglass,regular,0.7188735008239746,p01,0.318884,correct
6,/home/tahmid/crops/p01/p01_sunglass_regular_006.jpg,p01,sunglass,regular,0.8505160808563232,p01,0.446141,correct
6,/home/tahmid/crops/p01/p01_sunglass_regular_007.jpg,p01,sunglass,regular,0.8545127511024475,p01,0.453195,correct
6,/home/tahmid/crops/p01/p01_sunglass_regular_008.jpg,p01,sunglass,regular,0.8584596514701843,p01,0.442228,correct
6,/home/tahmid/crops/p01/p01_sunglass_regular_009.jpg,p01,sunglass,regular,0.7518314123153687,p18,0.286426,rejected
6,/home/tahmid/crops/p01/p01_sunglass_regular_010.jpg,p01,sunglass,regular,0.7845735549926758,p01,0.294785,rejected
6,/home/tahmid/crops/p01/p01_sunglass_regular_011.jpg,p01,sunglass,regular,0.8635724782943726,p01,0.346330,correct
6,/home/tahmid/crops/p01/p01_sunglass_regular_012.jpg,p01,sunglass,regular,0.8449101448059082,p01,0.350781,correct
6,/home/tahmid/crops/p01/p01_sunglass_regular_013.jpg,p01,sunglass,regular,0.8010581135749817,p01,0.330492,correct
6,/home/tahmid/crops/p04/p04_cap_low_001.jpg,p04,cap,low,0.8162673115730286,p04,0.495658,correct
6,/home/tahmid/crops/p04/p04_cap_low_002.jpg,p04,cap,low,0.7446182370185852,p04,0.515369,correct
6,/home/tahmid/crops/p04/p04_cap_low_003.jpg,p04,cap,low,0.7684909105300903,p04,0.510606,correct
6,/home/tahmid/crops/p04/p04_cap_low_004.jpg,p04,cap,low,0.8072483539581299,p04,0.438730,correct
6,/home/tahmid/crops/p04/p04_cap_low_005.jpg,p04,cap,low,0.7770943641662598,p04,0.439929,correct
6,/home/tahmid/crops/p04/p04_cap_low_006.jpg,p04,cap,low,0.8039579391479492,p04,0.470049,correct
6,/home/tahmid/crops/p04/p04_cap_low_007.jpg,p04,cap,low,0.8553088307380676,p04,0.476293,correct
6,/home/tahmid/crops/p04/p04_cap_low_008.jpg,p04,cap,low,0.8448117971420288,p04,0.493410,correct
6,/home/tahmid/crops/p04/p04_cap_low_009.jpg,p04,cap,low,0.8700035810470581,p04,0.493756,correct
6,/home/tahmid/crops/p04/p04_cap_low_010.jpg,p04,cap,low,0.6812513470649719,p04,0.362868,correct
6,/home/tahmid/crops/p04/p04_cap_low_011.jpg,p04,cap,low,0.6905994415283203,p04,0.354496,correct
6,/home/tahmid/crops/p04/p04_cap_low_012.jpg,p04,cap,low,0.7343558669090271,p30,0.315488,misidentified
6,/home/tahmid/crops/p04/p04_cap_low_013.jpg,p04,cap,low,0.7624140977859497,p30,0.326792,misidentified
6,/home/tahmid/crops/p04/p04_cap_regular_001.jpg,p04,cap,regular,0.8537493944168091,p04,0.517069,correct
6,/home/tahmid/crops/p04/p04_cap_regular_002.jpg,p04,cap,regular,0.8732881546020508,p04,0.523602,correct
6,/home/tahmid/crops/p04/p04_cap_regular_003.jpg,p04,cap,regular,0.8359097242355347,p04,0.522009,correct
6,/home/tahmid/crops/p04/p04_cap_regular_004.jpg,p04,cap,regular,0.837490975856781,p04,0.511508,correct
6,/home/tahmid/crops/p04/p04_cap_regular_005.jpg,p04,cap,regular,0.8412198424339294,p04,0.530688,correct
6,/home/tahmid/crops/p04/p04_cap_regular_006.jpg,p04,cap,regular,0.8438946008682251,p04,0.480956,correct
6,/home/tahmid/crops/p04/p04_cap_regular_007.jpg,p04,cap,regular,0.8665698766708374,p04,0.553673,correct
6,/home/tahmid/crops/p04/p04_cap_regular_008.jpg,p04,cap,regular,0.8318952918052673,p04,0.554102,correct
6,/home/tahmid/crops/p04/p04_cap_regular_009.jpg,p04,cap,regular,0.8516498804092407,p04,0.566057,correct
6,/home/tahmid/crops/p04/p04_cap_regular_010.jpg,p04,cap,regular,0.7193079590797424,p30,0.353681,misidentified
6,/home/tahmid/crops/p04/p04_cap_regular_011.jpg,p04,cap,regular,0.8360613584518433,p30,0.385480,misidentified
6,/home/tahmid/crops/p04/p04_cap_regular_012.jpg,p04,cap,regular,0.804496169090271,p30,0.372908,misidentified
6,/home/tahmid/crops/p04/p04_cap_regular_013.jpg,p04,cap,regular,0.7349002957344055,p04,0.408710,correct
6,/home/tahmid/crops/p04/p04_cap_regular_014.jpg,p04,cap,regular,0.7668250799179077,p30,0.367873,misidentified
6,/home/tahmid/crops/p04/p04_cap_regular_015.jpg,p04,cap,regular,0.7370645999908447,p30,0.355939,misidentified
6,/home/tahmid/crops/p04/p04_clearglass_low_001.jpg,p04,clearglass,low,0.7958889007568359,p04,0.529062,correct
6,/home/tahmid/crops/p04/p04_clearglass_low_002.jpg,p04,clearglass,low,0.8011231422424316,p04,0.526422,correct
6,/home/tahmid/crops/p04/p04_clearglass_low_003.jpg,p04,clearglass,low,0.7936537265777588,p04,0.501493,correct
6,/home/tahmid/crops/p04/p04_clearglass_low_004.jpg,p04,clearglass,low,0.8237162828445435,p04,0.455958,correct
6,/home/tahmid/crops/p04/p04_clearglass_low_005.jpg,p04,clearglass,low,0.8236157894134521,p04,0.420185,correct
6,/home/tahmid/crops/p04/p04_clearglass_low_006.jpg,p04,clearglass,low,0.8355752229690552,p04,0.491524,correct
6,/home/tahmid/crops/p04/p04_clearglass_low_007.jpg,p04,clearglass,low,0.8341587781906128,p04,0.514992,correct
6,/home/tahmid/crops/p04/p04_clearglass_low_008.jpg,p04,clearglass,low,0.8583366870880127,p04,0.523594,correct
6,/home/tahmid/crops/p04/p04_clearglass_low_009.jpg,p04,clearglass,low,0.8353110551834106,p04,0.527350,correct
6,/home/tahmid/crops/p04/p04_clearglass_low_010.jpg,p04,clearglass,low,0.835266649723053,p04,0.430409,correct
6,/home/tahmid/crops/p04/p04_clearglass_low_011.jpg,p04,clearglass,low,0.7260976433753967,p04,0.341611,correct
6,/home/tahmid/crops/p04/p04_clearglass_low_012.jpg,p04,clearglass,low,0.719174325466156,p04,0.335597,correct
6,/home/tahmid/crops/p04/p04_clearglass_low_013.jpg,p04,clearglass,low,0.694561779499054,p04,0.322722,correct
6,/home/tahmid/crops/p04/p04_clearglass_low_014.jpg,p04,clearglass,low,0.7731338739395142,p04,0.385202,correct
6,/home/tahmid/crops/p04/p04_clearglass_low_015.jpg,p04,clearglass,low,0.7787860631942749,p04,0.383149,correct
6,/home/tahmid/crops/p04/p04_clearglass_low_016.jpg,p04,clearglass,low,0.8120931386947632,p04,0.394541,correct
6,/home/tahmid/crops/p04/p04_clearglass_regular_001.jpg,p04,clearglass,regular,0.8626874685287476,p04,0.575300,correct
6,/home/tahmid/crops/p04/p04_clearglass_regular_002.jpg,p04,clearglass,regular,0.8386068344116211,p04,0.564256,correct
6,/home/tahmid/crops/p04/p04_clearglass_regular_003.jpg,p04,clearglass,regular,0.8680253028869629,p04,0.544152,correct
6,/home/tahmid/crops/p04/p04_clearglass_regular_004.jpg,p04,clearglass,regular,0.892723798751831,p04,0.414711,correct
6,/home/tahmid/crops/p04/p04_clearglass_regular_005.jpg,p04,clearglass,regular,0.8879715800285339,p04,0.462101,correct
6,/home/tahmid/crops/p04/p04_clearglass_regular_006.jpg,p04,clearglass,regular,0.8660314083099365,p04,0.454589,correct
6,/home/tahmid/crops/p04/p04_clearglass_regular_007.jpg,p04,clearglass,regular,0.8476570248603821,p04,0.505276,correct
6,/home/tahmid/crops/p04/p04_clearglass_regular_008.jpg,p04,clearglass,regular,0.832198977470398,p04,0.533875,correct
6,/home/tahmid/crops/p04/p04_clearglass_regular_009.jpg,p04,clearglass,regular,0.8087443709373474,p04,0.517209,correct
6,/home/tahmid/crops/p04/p04_clearglass_regular_010.jpg,p04,clearglass,regular,0.8287917375564575,p30,0.314713,misidentified
6,/home/tahmid/crops/p04/p04_clearglass_regular_011.jpg,p04,clearglass,regular,0.8222733736038208,p04,0.345712,correct
6,/home/tahmid/crops/p04/p04_clearglass_regular_012.jpg,p04,clearglass,regular,0.7744256258010864,p04,0.336612,correct
6,/home/tahmid/crops/p04/p04_clearglass_regular_013.jpg,p04,clearglass,regular,0.8359783887863159,p30,0.375677,misidentified
6,/home/tahmid/crops/p04/p04_clearglass_regular_014.jpg,p04,clearglass,regular,0.8026645183563232,p04,0.361136,correct
6,/home/tahmid/crops/p04/p04_clearglass_regular_015.jpg,p04,clearglass,regular,0.8357516527175903,p04,0.366624,correct
6,/home/tahmid/crops/p04/p04_mask_clearglass_low_001.jpg,p04,mask_clearglass,low,0.779192328453064,p04,0.380667,correct
6,/home/tahmid/crops/p04/p04_mask_clearglass_low_002.jpg,p04,mask_clearglass,low,0.7504782676696777,p04,0.389876,correct
6,/home/tahmid/crops/p04/p04_mask_clearglass_low_003.jpg,p04,mask_clearglass,low,0.7633174657821655,p04,0.369535,correct
6,/home/tahmid/crops/p04/p04_mask_clearglass_low_004.jpg,p04,mask_clearglass,low,0.7837569713592529,p04,0.336153,correct
6,/home/tahmid/crops/p04/p04_mask_clearglass_low_005.jpg,p04,mask_clearglass,low,0.785914421081543,p04,0.384365,correct
6,/home/tahmid/crops/p04/p04_mask_clearglass_low_006.jpg,p04,mask_clearglass,low,0.7926490306854248,p04,0.397332,correct
6,/home/tahmid/crops/p04/p04_mask_clearglass_low_007.jpg,p04,mask_clearglass,low,0.7449949979782104,p30,0.324685,misidentified
6,/home/tahmid/crops/p04/p04_mask_clearglass_low_008.jpg,p04,mask_clearglass,low,0.7181815505027771,p30,0.298617,rejected
6,/home/tahmid/crops/p04/p04_mask_clearglass_low_009.jpg,p04,mask_clearglass,low,0.7441375255584717,p30,0.316074,misidentified
6,/home/tahmid/crops/p04/p04_mask_clearglass_low_010.jpg,p04,mask_clearglass,low,0.5014825463294983,p04,0.267349,rejected
6,/home/tahmid/crops/p04/p04_mask_clearglass_low_011.jpg,p04,mask_clearglass,low,0.4882747530937195,p30,0.281794,rejected
6,/home/tahmid/crops/p04/p04_mask_clearglass_low_012.jpg,p04,mask_clearglass,low,0.49711373448371887,p07,0.300352,misidentified
6,/home/tahmid/crops/p04/p04_mask_clearglass_low_013.jpg,p04,mask_clearglass,low,0.45171546936035156,p16,0.273809,rejected
6,/home/tahmid/crops/p04/p04_mask_clearglass_low_014.jpg,p04,mask_clearglass,low,0.5134633779525757,p16,0.268541,rejected
6,/home/tahmid/crops/p04/p04_mask_clearglass_low_015.jpg,p04,mask_clearglass,low,0.5338143110275269,p16,0.273348,rejected
6,/home/tahmid/crops/p04/p04_mask_clearglass_regular_001.jpg,p04,mask_clearglass,regular,0.7804943323135376,p04,0.370080,correct
6,/home/tahmid/crops/p04/p04_mask_clearglass_regular_002.jpg,p04,mask_clearglass,regular,0.7563067078590393,p04,0.371204,correct
6,/home/tahmid/crops/p04/p04_mask_clearglass_regular_003.jpg,p04,mask_clearglass,regular,0.8201640844345093,p04,0.366085,correct
6,/home/tahmid/crops/p04/p04_mask_clearglass_regular_004.jpg,p04,mask_clearglass,regular,0.7689963579177856,p04,0.335088,correct
6,/home/tahmid/crops/p04/p04_mask_clearglass_regular_005.jpg,p04,mask_clearglass,regular,0.7698286175727844,p04,0.367020,correct
6,/home/tahmid/crops/p04/p04_mask_clearglass_regular_006.jpg,p04,mask_clearglass,regular,0.8020200729370117,p04,0.349039,correct
6,/home/tahmid/crops/p04/p04_mask_clearglass_regular_007.jpg,p04,mask_clearglass,regular,0.7985057234764099,p30,0.334031,misidentified
6,/home/tahmid/crops/p04/p04_mask_clearglass_regular_008.jpg,p04,mask_clearglass,regular,0.7729423642158508,p30,0.327898,misidentified
6,/home/tahmid/crops/p04/p04_mask_clearglass_regular_009.jpg,p04,mask_clearglass,regular,0.7881942391395569,p30,0.330737,misidentified
6,/home/tahmid/crops/p04/p04_mask_clearglass_regular_010.jpg,p04,mask_clearglass,regular,0.48509347438812256,p28,0.263300,rejected
6,/home/tahmid/crops/p04/p04_mask_clearglass_regular_011.jpg,p04,mask_clearglass,regular,0.5907544493675232,p28,0.294403,rejected
6,/home/tahmid/crops/p04/p04_mask_clearglass_regular_012.jpg,p04,mask_clearglass,regular,0.5030993223190308,p28,0.223376,rejected
6,/home/tahmid/crops/p04/p04_mask_clearglass_regular_013.jpg,p04,mask_clearglass,regular,0.5957472324371338,p28,0.288739,rejected
6,/home/tahmid/crops/p04/p04_mask_clearglass_regular_014.jpg,p04,mask_clearglass,regular,0.5848153829574585,p28,0.319750,misidentified
6,/home/tahmid/crops/p04/p04_mask_clearglass_regular_015.jpg,p04,mask_clearglass,regular,0.5939071178436279,p28,0.289863,rejected
6,/home/tahmid/crops/p04/p04_mask_low_001.jpg,p04,mask,low,0.7913758158683777,p04,0.449051,correct
6,/home/tahmid/crops/p04/p04_mask_low_002.jpg,p04,mask,low,0.7880741357803345,p04,0.445207,correct
6,/home/tahmid/crops/p04/p04_mask_low_003.jpg,p04,mask,low,0.7582640647888184,p04,0.438967,correct
6,/home/tahmid/crops/p04/p04_mask_low_004.jpg,p04,mask,low,0.7582640647888184,p04,0.438967,correct
6,/home/tahmid/crops/p04/p04_mask_low_005.jpg,p04,mask,low,0.7524095773696899,p04,0.451140,correct
6,/home/tahmid/crops/p04/p04_mask_low_006.jpg,p04,mask,low,0.8235241174697876,p04,0.457074,correct
6,/home/tahmid/crops/p04/p04_mask_low_007.jpg,p04,mask,low,0.8235241174697876,p04,0.457074,correct
6,/home/tahmid/crops/p04/p04_mask_low_008.jpg,p04,mask,low,0.8092684745788574,p04,0.475040,correct
6,/home/tahmid/crops/p04/p04_mask_low_009.jpg,p04,mask,low,0.827763557434082,p04,0.464502,correct
6,/home/tahmid/crops/p04/p04_mask_low_010.jpg,p04,mask,low,0.827763557434082,p04,0.464502,correct
6,/home/tahmid/crops/p04/p04_mask_low_011.jpg,p04,mask,low,0.33121269941329956,p10,0.285146,rejected
6,/home/tahmid/crops/p04/p04_mask_low_012.jpg,p04,mask,low,0.4685169458389282,p04,0.294032,rejected
6,/home/tahmid/crops/p04/p04_mask_low_013.jpg,p04,mask,low,0.4685169458389282,p04,0.294032,rejected
6,/home/tahmid/crops/p04/p04_mask_low_014.jpg,p04,mask,low,0.5198646187782288,p23,0.246235,rejected
6,/home/tahmid/crops/p04/p04_mask_low_015.jpg,p04,mask,low,0.5459800958633423,p04,0.284401,rejected
6,/home/tahmid/crops/p04/p04_mask_low_016.jpg,p04,mask,low,0.5825120806694031,p04,0.264338,rejected
6,/home/tahmid/crops/p04/p04_mask_regular_001.jpg,p04,mask,regular,0.8207194209098816,p04,0.419024,correct
6,/home/tahmid/crops/p04/p04_mask_regular_002.jpg,p04,mask,regular,0.8333803415298462,p04,0.445021,correct
6,/home/tahmid/crops/p04/p04_mask_regular_003.jpg,p04,mask,regular,0.8333803415298462,p04,0.445021,correct
6,/home/tahmid/crops/p04/p04_mask_regular_004.jpg,p04,mask,regular,0.8173297643661499,p04,0.442381,correct
6,/home/tahmid/crops/p04/p04_mask_regular_005.jpg,p04,mask,regular,0.8593624830245972,p04,0.444695,correct
6,/home/tahmid/crops/p04/p04_mask_regular_006.jpg,p04,mask,regular,0.8184912204742432,p04,0.455226,correct
6,/home/tahmid/crops/p04/p04_mask_regular_007.jpg,p04,mask,regular,0.802899956703186,p04,0.449383,correct
6,/home/tahmid/crops/p04/p04_mask_regular_008.jpg,p04,mask,regular,0.7936915159225464,p04,0.470775,correct
6,/home/tahmid/crops/p04/p04_mask_regular_009.jpg,p04,mask,regular,0.7936915159225464,p04,0.470775,correct
6,/home/tahmid/crops/p04/p04_mask_regular_010.jpg,p04,mask,regular,0.606360137462616,p04,0.329002,correct
6,/home/tahmid/crops/p04/p04_mask_regular_011.jpg,p04,mask,regular,0.606360137462616,p04,0.329002,correct
6,/home/tahmid/crops/p04/p04_mask_regular_012.jpg,p04,mask,regular,0.6741544008255005,p04,0.311266,correct
6,/home/tahmid/crops/p04/p04_mask_regular_013.jpg,p04,mask,regular,0.7037250995635986,p30,0.293713,rejected
6,/home/tahmid/crops/p04/p04_mask_regular_014.jpg,p04,mask,regular,0.49061310291290283,p12,0.290724,rejected
6,/home/tahmid/crops/p04/p04_mask_regular_015.jpg,p04,mask,regular,0.5459886789321899,p30,0.283570,rejected
6,/home/tahmid/crops/p04/p04_mask_regular_016.jpg,p04,mask,regular,0.6074311137199402,p04,0.296307,rejected
6,/home/tahmid/crops/p04/p04_mask_sunglass_low_001.jpg,p04,mask_sunglass,low,0.738686740398407,p12,0.280816,rejected
6,/home/tahmid/crops/p04/p04_mask_sunglass_low_002.jpg,p04,mask_sunglass,low,0.722357988357544,p11,0.273953,rejected
6,/home/tahmid/crops/p04/p04_mask_sunglass_low_003.jpg,p04,mask_sunglass,low,0.7094791531562805,p12,0.265356,rejected
6,/home/tahmid/crops/p04/p04_mask_sunglass_low_004.jpg,p04,mask_sunglass,low,0.7700901031494141,p30,0.290194,rejected
6,/home/tahmid/crops/p04/p04_mask_sunglass_low_005.jpg,p04,mask_sunglass,low,0.7469919323921204,p06,0.285806,rejected
6,/home/tahmid/crops/p04/p04_mask_sunglass_low_006.jpg,p04,mask_sunglass,low,0.7952647805213928,p06,0.263774,rejected
6,/home/tahmid/crops/p04/p04_mask_sunglass_low_007.jpg,p04,mask_sunglass,low,0.6640253067016602,p12,0.283567,rejected
6,/home/tahmid/crops/p04/p04_mask_sunglass_low_008.jpg,p04,mask_sunglass,low,0.5811209678649902,p12,0.335054,misidentified
6,/home/tahmid/crops/p04/p04_mask_sunglass_low_009.jpg,p04,mask_sunglass,low,0.712504506111145,p12,0.299081,rejected
6,/home/tahmid/crops/p04/p04_mask_sunglass_low_010.jpg,p04,mask_sunglass,low,0.5606382489204407,p30,0.270080,rejected
6,/home/tahmid/crops/p04/p04_mask_sunglass_low_011.jpg,p04,mask_sunglass,low,0.6260645389556885,p23,0.303918,misidentified
6,/home/tahmid/crops/p04/p04_mask_sunglass_low_012.jpg,p04,mask_sunglass,low,0.6604605913162231,p23,0.279464,rejected
6,/home/tahmid/crops/p04/p04_mask_sunglass_low_013.jpg,p04,mask_sunglass,low,0.523941159248352,p28,0.279319,rejected
6,/home/tahmid/crops/p04/p04_mask_sunglass_low_014.jpg,p04,mask_sunglass,low,0.4783274531364441,p28,0.283730,rejected
6,/home/tahmid/crops/p04/p04_mask_sunglass_low_015.jpg,p04,mask_sunglass,low,0.4678686559200287,p28,0.279898,rejected
6,/home/tahmid/crops/p04/p04_mask_sunglass_regular_001.jpg,p04,mask_sunglass,regular,0.7837597131729126,p13,0.243327,rejected
6,/home/tahmid/crops/p04/p04_mask_sunglass_regular_002.jpg,p04,mask_sunglass,regular,0.7729748487472534,p12,0.263637,rejected
6,/home/tahmid/crops/p04/p04_mask_sunglass_regular_003.jpg,p04,mask_sunglass,regular,0.8035072088241577,p30,0.286552,rejected
6,/home/tahmid/crops/p04/p04_mask_sunglass_regular_004.jpg,p04,mask_sunglass,regular,0.8208627700805664,p04,0.291448,rejected
6,/home/tahmid/crops/p04/p04_mask_sunglass_regular_005.jpg,p04,mask_sunglass,regular,0.8015947341918945,p04,0.319975,correct
6,/home/tahmid/crops/p04/p04_mask_sunglass_regular_006.jpg,p04,mask_sunglass,regular,0.710316002368927,p12,0.313415,misidentified
6,/home/tahmid/crops/p04/p04_mask_sunglass_regular_007.jpg,p04,mask_sunglass,regular,0.6796594858169556,p12,0.301970,misidentified
6,/home/tahmid/crops/p04/p04_mask_sunglass_regular_008.jpg,p04,mask_sunglass,regular,0.7270612716674805,p12,0.310623,misidentified
6,/home/tahmid/crops/p04/p04_mask_sunglass_regular_009.jpg,p04,mask_sunglass,regular,0.740404486656189,p18,0.275051,rejected
6,/home/tahmid/crops/p04/p04_mask_sunglass_regular_010.jpg,p04,mask_sunglass,regular,0.7661093473434448,p23,0.273436,rejected
6,/home/tahmid/crops/p04/p04_mask_sunglass_regular_011.jpg,p04,mask_sunglass,regular,0.770371675491333,p30,0.277881,rejected
6,/home/tahmid/crops/p04/p04_mask_sunglass_regular_012.jpg,p04,mask_sunglass,regular,0.7217739224433899,p28,0.285437,rejected
6,/home/tahmid/crops/p04/p04_mask_sunglass_regular_013.jpg,p04,mask_sunglass,regular,0.6948050856590271,p28,0.318217,misidentified
6,/home/tahmid/crops/p04/p04_mask_sunglass_regular_014.jpg,p04,mask_sunglass,regular,0.6573868989944458,p07,0.285544,rejected
6,/home/tahmid/crops/p04/p04_none_low_001.jpg,p04,none,low,0.8482310771942139,p04,0.549990,correct
6,/home/tahmid/crops/p04/p04_none_low_002.jpg,p04,none,low,0.7722844481468201,p04,0.471274,correct
6,/home/tahmid/crops/p04/p04_none_low_003.jpg,p04,none,low,0.8194465637207031,p04,0.480458,correct
6,/home/tahmid/crops/p04/p04_none_low_004.jpg,p04,none,low,0.8194465637207031,p04,0.480458,correct
6,/home/tahmid/crops/p04/p04_none_low_005.jpg,p04,none,low,0.794704258441925,p04,0.488165,correct
6,/home/tahmid/crops/p04/p04_none_low_006.jpg,p04,none,low,0.794704258441925,p04,0.488165,correct
6,/home/tahmid/crops/p04/p04_none_low_007.jpg,p04,none,low,0.7027374505996704,p04,0.591041,correct
6,/home/tahmid/crops/p04/p04_none_low_008.jpg,p04,none,low,0.7354367971420288,p04,0.424083,correct
6,/home/tahmid/crops/p04/p04_none_low_009.jpg,p04,none,low,0.7354367971420288,p04,0.424083,correct
6,/home/tahmid/crops/p04/p04_none_low_010.jpg,p04,none,low,0.733945369720459,p04,0.421637,correct
6,/home/tahmid/crops/p04/p04_none_low_011.jpg,p04,none,low,0.733945369720459,p04,0.421637,correct
6,/home/tahmid/crops/p04/p04_none_low_012.jpg,p04,none,low,0.7227660417556763,p04,0.426220,correct
6,/home/tahmid/crops/p04/p04_none_low_013.jpg,p04,none,low,0.712605357170105,p04,0.455457,correct
6,/home/tahmid/crops/p04/p04_none_low_014.jpg,p04,none,low,0.712605357170105,p04,0.455457,correct
6,/home/tahmid/crops/p04/p04_none_low_015.jpg,p04,none,low,0.7050891518592834,p04,0.458511,correct
6,/home/tahmid/crops/p04/p04_none_low_016.jpg,p04,none,low,0.7050891518592834,p04,0.458511,correct
6,/home/tahmid/crops/p04/p04_none_regular_004.jpg,p04,none,regular,0.8482990860939026,p04,0.566494,correct
6,/home/tahmid/crops/p04/p04_none_regular_005.jpg,p04,none,regular,0.8482990860939026,p04,0.566494,correct
6,/home/tahmid/crops/p04/p04_none_regular_006.jpg,p04,none,regular,0.8684037327766418,p04,0.526368,correct
6,/home/tahmid/crops/p04/p04_none_regular_007.jpg,p04,none,regular,0.8754615783691406,p04,0.549956,correct
6,/home/tahmid/crops/p04/p04_none_regular_008.jpg,p04,none,regular,0.8754615783691406,p04,0.549956,correct
6,/home/tahmid/crops/p04/p04_none_regular_009.jpg,p04,none,regular,0.7722844481468201,p04,0.471274,correct
6,/home/tahmid/crops/p04/p04_none_regular_010.jpg,p04,none,regular,0.8239644765853882,p04,0.605405,correct
6,/home/tahmid/crops/p04/p04_none_regular_011.jpg,p04,none,regular,0.8362464904785156,p04,0.585436,correct
6,/home/tahmid/crops/p04/p04_none_regular_012.jpg,p04,none,regular,0.8216917514801025,p04,0.594090,correct
6,/home/tahmid/crops/p04/p04_none_regular_013.jpg,p04,none,regular,0.7410532236099243,p04,0.426439,correct
6,/home/tahmid/crops/p04/p04_none_regular_014.jpg,p04,none,regular,0.7130531668663025,p04,0.436862,correct
6,/home/tahmid/crops/p04/p04_none_regular_015.jpg,p04,none,regular,0.6784380674362183,p04,0.412381,correct
6,/home/tahmid/crops/p04/p04_none_regular_016.jpg,p04,none,regular,0.6784380674362183,p04,0.412381,correct
6,/home/tahmid/crops/p04/p04_sunglass_low_001.jpg,p04,sunglass,low,0.794040322303772,p30,0.362132,misidentified
6,/home/tahmid/crops/p04/p04_sunglass_regular_001.jpg,p04,sunglass,regular,0.8800128698348999,p04,0.501164,correct
6,/home/tahmid/crops/p04/p04_sunglass_regular_002.jpg,p04,sunglass,regular,0.8846349716186523,p04,0.499888,correct
6,/home/tahmid/crops/p04/p04_sunglass_regular_003.jpg,p04,sunglass,regular,0.8145008087158203,p04,0.449600,correct
6,/home/tahmid/crops/p04/p04_sunglass_regular_004.jpg,p04,sunglass,regular,0.8262060284614563,p04,0.475745,correct
6,/home/tahmid/crops/p04/p04_sunglass_regular_005.jpg,p04,sunglass,regular,0.7904154062271118,p04,0.455470,correct
6,/home/tahmid/crops/p04/p04_sunglass_regular_006.jpg,p04,sunglass,regular,0.809933066368103,p04,0.418409,correct
6,/home/tahmid/crops/p04/p04_sunglass_regular_007.jpg,p04,sunglass,regular,0.8455657958984375,p04,0.488935,correct
6,/home/tahmid/crops/p04/p04_sunglass_regular_008.jpg,p04,sunglass,regular,0.8652704954147339,p04,0.489771,correct
6,/home/tahmid/crops/p04/p04_sunglass_regular_009.jpg,p04,sunglass,regular,0.8430725336074829,p04,0.475164,correct
6,/home/tahmid/crops/p04/p04_sunglass_regular_010.jpg,p04,sunglass,regular,0.8415942192077637,p04,0.468134,correct
6,/home/tahmid/crops/p04/p04_sunglass_regular_011.jpg,p04,sunglass,regular,0.852339506149292,p04,0.479984,correct
6,/home/tahmid/crops/p04/p04_sunglass_regular_012.jpg,p04,sunglass,regular,0.8151004314422607,p30,0.389546,misidentified
6,/home/tahmid/crops/p04/p04_sunglass_regular_013.jpg,p04,sunglass,regular,0.7733553647994995,p30,0.417479,misidentified
6,/home/tahmid/crops/p04/p04_sunglass_regular_014.jpg,p04,sunglass,regular,0.8053122758865356,p30,0.406678,misidentified
6,/home/tahmid/crops/p04/p04_sunglass_regular_015.jpg,p04,sunglass,regular,0.8102346062660217,p30,0.355543,misidentified
6,/home/tahmid/crops/p04/p04_sunglass_regular_016.jpg,p04,sunglass,regular,0.8111071586608887,p30,0.364291,misidentified
6,/home/tahmid/crops/p04/p04_sunglass_regular_017.jpg,p04,sunglass,regular,0.7679101228713989,p30,0.363485,misidentified
6,/home/tahmid/crops/p09/p09_cap_low_001.jpg,p09,cap,low,0.8267397880554199,p09,0.588449,correct
6,/home/tahmid/crops/p09/p09_cap_low_002.jpg,p09,cap,low,0.8175759315490723,p09,0.590012,correct
6,/home/tahmid/crops/p09/p09_cap_low_003.jpg,p09,cap,low,0.8126024007797241,p09,0.547046,correct
6,/home/tahmid/crops/p09/p09_cap_low_004.jpg,p09,cap,low,0.799024760723114,p09,0.551853,correct
6,/home/tahmid/crops/p09/p09_cap_low_005.jpg,p09,cap,low,0.7993377447128296,p09,0.542710,correct
6,/home/tahmid/crops/p09/p09_cap_low_006.jpg,p09,cap,low,0.7952083349227905,p09,0.535395,correct
6,/home/tahmid/crops/p09/p09_cap_low_007.jpg,p09,cap,low,0.7010605335235596,p09,0.528459,correct
6,/home/tahmid/crops/p09/p09_cap_low_008.jpg,p09,cap,low,0.6631414890289307,p09,0.512308,correct
6,/home/tahmid/crops/p09/p09_cap_low_009.jpg,p09,cap,low,0.6993374228477478,p09,0.587224,correct
6,/home/tahmid/crops/p09/p09_cap_low_010.jpg,p09,cap,low,0.7285650968551636,p09,0.569757,correct
6,/home/tahmid/crops/p09/p09_cap_regular_001.jpg,p09,cap,regular,0.8063911199569702,p09,0.572337,correct
6,/home/tahmid/crops/p09/p09_cap_regular_002.jpg,p09,cap,regular,0.7937085032463074,p09,0.578094,correct
6,/home/tahmid/crops/p09/p09_cap_regular_003.jpg,p09,cap,regular,0.7636041641235352,p09,0.540835,correct
6,/home/tahmid/crops/p09/p09_cap_regular_004.jpg,p09,cap,regular,0.7824205160140991,p09,0.524768,correct
6,/home/tahmid/crops/p09/p09_cap_regular_005.jpg,p09,cap,regular,0.7446703314781189,p09,0.496808,correct
6,/home/tahmid/crops/p09/p09_cap_regular_006.jpg,p09,cap,regular,0.7603951692581177,p09,0.492111,correct
6,/home/tahmid/crops/p09/p09_cap_regular_007.jpg,p09,cap,regular,0.692724883556366,p09,0.498467,correct
6,/home/tahmid/crops/p09/p09_cap_regular_008.jpg,p09,cap,regular,0.7349753379821777,p09,0.503989,correct
6,/home/tahmid/crops/p09/p09_cap_regular_009.jpg,p09,cap,regular,0.7263133525848389,p09,0.592946,correct
6,/home/tahmid/crops/p09/p09_cap_regular_010.jpg,p09,cap,regular,0.698983907699585,p09,0.583285,correct
6,/home/tahmid/crops/p09/p09_clearglass_low_001.jpg,p09,clearglass,low,0.8941422700881958,p09,0.556614,correct
6,/home/tahmid/crops/p09/p09_clearglass_low_002.jpg,p09,clearglass,low,0.879779040813446,p09,0.543463,correct
6,/home/tahmid/crops/p09/p09_clearglass_low_003.jpg,p09,clearglass,low,0.834691047668457,p09,0.505750,correct
6,/home/tahmid/crops/p09/p09_clearglass_low_004.jpg,p09,clearglass,low,0.8696088790893555,p09,0.507400,correct
6,/home/tahmid/crops/p09/p09_clearglass_low_005.jpg,p09,clearglass,low,0.8622982501983643,p09,0.528981,correct
6,/home/tahmid/crops/p09/p09_clearglass_low_006.jpg,p09,clearglass,low,0.8494744896888733,p09,0.542431,correct
6,/home/tahmid/crops/p09/p09_clearglass_low_007.jpg,p09,clearglass,low,0.7585276365280151,p09,0.495072,correct
6,/home/tahmid/crops/p09/p09_clearglass_low_008.jpg,p09,clearglass,low,0.7437070608139038,p09,0.500841,correct
6,/home/tahmid/crops/p09/p09_clearglass_low_009.jpg,p09,clearglass,low,0.8071959614753723,p09,0.516568,correct
6,/home/tahmid/crops/p09/p09_clearglass_low_010.jpg,p09,clearglass,low,0.8153669834136963,p09,0.503858,correct
6,/home/tahmid/crops/p09/p09_clearglass_regular_001.jpg,p09,clearglass,regular,0.8691145181655884,p09,0.548204,correct
6,/home/tahmid/crops/p09/p09_clearglass_regular_002.jpg,p09,clearglass,regular,0.8697142601013184,p09,0.529421,correct
6,/home/tahmid/crops/p09/p09_clearglass_regular_003.jpg,p09,clearglass,regular,0.8572036027908325,p09,0.536178,correct
6,/home/tahmid/crops/p09/p09_clearglass_regular_004.jpg,p09,clearglass,regular,0.8394445776939392,p09,0.546232,correct
6,/home/tahmid/crops/p09/p09_clearglass_regular_005.jpg,p09,clearglass,regular,0.7940715551376343,p09,0.475759,correct
6,/home/tahmid/crops/p09/p09_clearglass_regular_006.jpg,p09,clearglass,regular,0.7954796552658081,p09,0.473908,correct
6,/home/tahmid/crops/p09/p09_clearglass_regular_007.jpg,p09,clearglass,regular,0.823417067527771,p09,0.541669,correct
6,/home/tahmid/crops/p09/p09_clearglass_regular_008.jpg,p09,clearglass,regular,0.8182359933853149,p09,0.523247,correct
6,/home/tahmid/crops/p09/p09_clearglass_regular_009.jpg,p09,clearglass,regular,0.7775471806526184,p09,0.526937,correct
6,/home/tahmid/crops/p09/p09_clearglass_regular_010.jpg,p09,clearglass,regular,0.7905335426330566,p09,0.499968,correct
6,/home/tahmid/crops/p09/p09_mask_clearglass_low_001.jpg,p09,mask_clearglass,low,0.8117048740386963,p09,0.423408,correct
6,/home/tahmid/crops/p09/p09_mask_clearglass_low_002.jpg,p09,mask_clearglass,low,0.7967290878295898,p09,0.405470,correct
6,/home/tahmid/crops/p09/p09_mask_clearglass_low_003.jpg,p09,mask_clearglass,low,0.8165919184684753,p09,0.443076,correct
6,/home/tahmid/crops/p09/p09_mask_clearglass_low_004.jpg,p09,mask_clearglass,low,0.8457068204879761,p09,0.475122,correct
6,/home/tahmid/crops/p09/p09_mask_clearglass_low_005.jpg,p09,mask_clearglass,low,0.7501140832901001,p09,0.394309,correct
6,/home/tahmid/crops/p09/p09_mask_clearglass_low_006.jpg,p09,mask_clearglass,low,0.7460286617279053,p09,0.396492,correct
6,/home/tahmid/crops/p09/p09_mask_clearglass_low_007.jpg,p09,mask_clearglass,low,0.7703373432159424,p09,0.404762,correct
6,/home/tahmid/crops/p09/p09_mask_clearglass_low_008.jpg,p09,mask_clearglass,low,0.7820632457733154,p09,0.427133,correct
6,/home/tahmid/crops/p09/p09_mask_clearglass_low_009.jpg,p09,mask_clearglass,low,0.7991926670074463,p09,0.369591,correct
6,/home/tahmid/crops/p09/p09_mask_clearglass_low_010.jpg,p09,mask_clearglass,low,0.7792352437973022,p09,0.321436,correct
6,/home/tahmid/crops/p09/p09_mask_clearglass_regular_001.jpg,p09,mask_clearglass,regular,0.8006269931793213,p09,0.456030,correct
6,/home/tahmid/crops/p09/p09_mask_clearglass_regular_002.jpg,p09,mask_clearglass,regular,0.8241691589355469,p09,0.454440,correct
6,/home/tahmid/crops/p09/p09_mask_clearglass_regular_003.jpg,p09,mask_clearglass,regular,0.8563755750656128,p09,0.450988,correct
6,/home/tahmid/crops/p09/p09_mask_clearglass_regular_004.jpg,p09,mask_clearglass,regular,0.8484731316566467,p09,0.437558,correct
6,/home/tahmid/crops/p09/p09_mask_clearglass_regular_005.jpg,p09,mask_clearglass,regular,0.7823312282562256,p09,0.427276,correct
6,/home/tahmid/crops/p09/p09_mask_clearglass_regular_006.jpg,p09,mask_clearglass,regular,0.7886925935745239,p09,0.438532,correct
6,/home/tahmid/crops/p09/p09_mask_clearglass_regular_007.jpg,p09,mask_clearglass,regular,0.699552059173584,p09,0.399731,correct
6,/home/tahmid/crops/p09/p09_mask_clearglass_regular_008.jpg,p09,mask_clearglass,regular,0.7173505425453186,p09,0.410240,correct
6,/home/tahmid/crops/p09/p09_mask_clearglass_regular_009.jpg,p09,mask_clearglass,regular,0.8199471235275269,p09,0.412039,correct
6,/home/tahmid/crops/p09/p09_mask_clearglass_regular_010.jpg,p09,mask_clearglass,regular,0.7898861169815063,p09,0.367608,correct
6,/home/tahmid/crops/p09/p09_mask_low_001.jpg,p09,mask,low,0.8381991386413574,p09,0.504888,correct
6,/home/tahmid/crops/p09/p09_mask_low_002.jpg,p09,mask,low,0.816534161567688,p09,0.491622,correct
6,/home/tahmid/crops/p09/p09_mask_low_003.jpg,p09,mask,low,0.8081029057502747,p09,0.515218,correct
6,/home/tahmid/crops/p09/p09_mask_low_004.jpg,p09,mask,low,0.7766793370246887,p09,0.506707,correct
6,/home/tahmid/crops/p09/p09_mask_low_005.jpg,p09,mask,low,0.8018955588340759,p09,0.494683,correct
6,/home/tahmid/crops/p09/p09_mask_low_006.jpg,p09,mask,low,0.7938082218170166,p09,0.519005,correct
6,/home/tahmid/crops/p09/p09_mask_low_007.jpg,p09,mask,low,0.8403432965278625,p09,0.486434,correct
6,/home/tahmid/crops/p09/p09_mask_low_008.jpg,p09,mask,low,0.8163431286811829,p09,0.464505,correct
6,/home/tahmid/crops/p09/p09_mask_low_009.jpg,p09,mask,low,0.801844596862793,p09,0.463908,correct
6,/home/tahmid/crops/p09/p09_mask_low_010.jpg,p09,mask,low,0.8079755306243896,p09,0.476883,correct
6,/home/tahmid/crops/p09/p09_mask_low_011.jpg,p09,mask,low,0.8016266226768494,p09,0.479901,correct
6,/home/tahmid/crops/p09/p09_mask_low_012.jpg,p09,mask,low,0.7930209636688232,p09,0.466271,correct
6,/home/tahmid/crops/p09/p09_mask_low_013.jpg,p09,mask,low,0.7864335775375366,p09,0.412498,correct
6,/home/tahmid/crops/p09/p09_mask_low_014.jpg,p09,mask,low,0.7894636392593384,p09,0.421521,correct
6,/home/tahmid/crops/p09/p09_mask_low_015.jpg,p09,mask,low,0.7946820855140686,p09,0.430946,correct
6,/home/tahmid/crops/p09/p09_mask_regular_001.jpg,p09,mask,regular,0.8078560829162598,p09,0.518230,correct
6,/home/tahmid/crops/p09/p09_mask_regular_002.jpg,p09,mask,regular,0.8200088143348694,p09,0.508992,correct
6,/home/tahmid/crops/p09/p09_mask_regular_003.jpg,p09,mask,regular,0.8119900226593018,p09,0.523184,correct
6,/home/tahmid/crops/p09/p09_mask_regular_004.jpg,p09,mask,regular,0.8437848091125488,p09,0.507589,correct
6,/home/tahmid/crops/p09/p09_mask_regular_005.jpg,p09,mask,regular,0.8388069868087769,p09,0.498438,correct
6,/home/tahmid/crops/p09/p09_mask_regular_006.jpg,p09,mask,regular,0.8178186416625977,p09,0.501803,correct
6,/home/tahmid/crops/p09/p09_mask_regular_007.jpg,p09,mask,regular,0.8219527006149292,p09,0.467932,correct
6,/home/tahmid/crops/p09/p09_mask_regular_008.jpg,p09,mask,regular,0.8459801077842712,p09,0.452232,correct
6,/home/tahmid/crops/p09/p09_mask_regular_009.jpg,p09,mask,regular,0.8339645266532898,p09,0.444569,correct
6,/home/tahmid/crops/p09/p09_mask_regular_010.jpg,p09,mask,regular,0.7424615621566772,p09,0.480724,correct
6,/home/tahmid/crops/p09/p09_mask_regular_011.jpg,p09,mask,regular,0.7491532564163208,p09,0.466956,correct
6,/home/tahmid/crops/p09/p09_mask_regular_012.jpg,p09,mask,regular,0.7554745674133301,p09,0.431471,correct
6,/home/tahmid/crops/p09/p09_mask_regular_013.jpg,p09,mask,regular,0.8168378472328186,p09,0.466799,correct
6,/home/tahmid/crops/p09/p09_mask_regular_014.jpg,p09,mask,regular,0.8264011144638062,p09,0.462479,correct
6,/home/tahmid/crops/p09/p09_mask_regular_015.jpg,p09,mask,regular,0.806390643119812,p09,0.473786,correct
6,/home/tahmid/crops/p09/p09_mask_sunglass_low_001.jpg,p09,mask_sunglass,low,0.7456668615341187,p09,0.333589,correct
6,/home/tahmid/crops/p09/p09_mask_sunglass_low_002.jpg,p09,mask_sunglass,low,0.7536105513572693,p09,0.345393,correct
6,/home/tahmid/crops/p09/p09_mask_sunglass_low_003.jpg,p09,mask_sunglass,low,0.7559998035430908,p09,0.311988,correct
6,/home/tahmid/crops/p09/p09_mask_sunglass_low_004.jpg,p09,mask_sunglass,low,0.6911272406578064,p09,0.365241,correct
6,/home/tahmid/crops/p09/p09_mask_sunglass_low_005.jpg,p09,mask_sunglass,low,0.6786488890647888,p09,0.371533,correct
6,/home/tahmid/crops/p09/p09_mask_sunglass_low_006.jpg,p09,mask_sunglass,low,0.5951324105262756,p09,0.371795,correct
6,/home/tahmid/crops/p09/p09_mask_sunglass_low_007.jpg,p09,mask_sunglass,low,0.6724849939346313,p09,0.338089,correct
6,/home/tahmid/crops/p09/p09_mask_sunglass_low_008.jpg,p09,mask_sunglass,low,0.701273500919342,p09,0.344920,correct
6,/home/tahmid/crops/p09/p09_mask_sunglass_low_009.jpg,p09,mask_sunglass,low,0.6652019619941711,p09,0.364862,correct
6,/home/tahmid/crops/p09/p09_mask_sunglass_low_010.jpg,p09,mask_sunglass,low,0.650568962097168,p09,0.317173,correct
6,/home/tahmid/crops/p09/p09_mask_sunglass_low_011.jpg,p09,mask_sunglass,low,0.6310261487960815,p09,0.331466,correct
6,/home/tahmid/crops/p09/p09_mask_sunglass_low_012.jpg,p09,mask_sunglass,low,0.6600121259689331,p09,0.319310,correct
6,/home/tahmid/crops/p09/p09_mask_sunglass_low_013.jpg,p09,mask_sunglass,low,0.7400668859481812,p10,0.283362,rejected
6,/home/tahmid/crops/p09/p09_mask_sunglass_low_014.jpg,p09,mask_sunglass,low,0.8324240446090698,p10,0.317137,misidentified
6,/home/tahmid/crops/p09/p09_mask_sunglass_low_015.jpg,p09,mask_sunglass,low,0.7876923084259033,p09,0.287887,rejected
6,/home/tahmid/crops/p09/p09_mask_sunglass_regular_001.jpg,p09,mask_sunglass,regular,0.7686772346496582,p09,0.320476,correct
6,/home/tahmid/crops/p09/p09_mask_sunglass_regular_002.jpg,p09,mask_sunglass,regular,0.76602703332901,p09,0.331000,correct
6,/home/tahmid/crops/p09/p09_mask_sunglass_regular_003.jpg,p09,mask_sunglass,regular,0.7849127650260925,p09,0.331926,correct
6,/home/tahmid/crops/p09/p09_mask_sunglass_regular_004.jpg,p09,mask_sunglass,regular,0.5916941165924072,p09,0.307849,correct
6,/home/tahmid/crops/p09/p09_mask_sunglass_regular_005.jpg,p09,mask_sunglass,regular,0.7373688220977783,p09,0.310606,correct
6,/home/tahmid/crops/p09/p09_mask_sunglass_regular_006.jpg,p09,mask_sunglass,regular,0.6488277912139893,p09,0.304633,correct
6,/home/tahmid/crops/p09/p09_mask_sunglass_regular_007.jpg,p09,mask_sunglass,regular,0.7879573106765747,p09,0.315187,correct
6,/home/tahmid/crops/p09/p09_mask_sunglass_regular_008.jpg,p09,mask_sunglass,regular,0.8317117691040039,p09,0.272225,rejected
6,/home/tahmid/crops/p09/p09_mask_sunglass_regular_009.jpg,p09,mask_sunglass,regular,0.837346076965332,p09,0.274665,rejected
6,/home/tahmid/crops/p09/p09_mask_sunglass_regular_010.jpg,p09,mask_sunglass,regular,0.6606992483139038,p09,0.337460,correct
6,/home/tahmid/crops/p09/p09_mask_sunglass_regular_011.jpg,p09,mask_sunglass,regular,0.6671696305274963,p09,0.320833,correct
6,/home/tahmid/crops/p09/p09_mask_sunglass_regular_012.jpg,p09,mask_sunglass,regular,0.7020259499549866,p09,0.327115,correct
6,/home/tahmid/crops/p09/p09_mask_sunglass_regular_013.jpg,p09,mask_sunglass,regular,0.7800571918487549,p09,0.273042,rejected
6,/home/tahmid/crops/p09/p09_mask_sunglass_regular_014.jpg,p09,mask_sunglass,regular,0.7402760982513428,p10,0.275496,rejected
6,/home/tahmid/crops/p09/p09_mask_sunglass_regular_015.jpg,p09,mask_sunglass,regular,0.7698147892951965,p10,0.276901,rejected
6,/home/tahmid/crops/p09/p09_none_low_001.jpg,p09,none,low,0.8916637897491455,p09,0.603570,correct
6,/home/tahmid/crops/p09/p09_none_low_002.jpg,p09,none,low,0.8954182863235474,p09,0.603310,correct
6,/home/tahmid/crops/p09/p09_none_low_003.jpg,p09,none,low,0.8488591909408569,p09,0.596436,correct
6,/home/tahmid/crops/p09/p09_none_low_004.jpg,p09,none,low,0.8509756922721863,p09,0.559419,correct
6,/home/tahmid/crops/p09/p09_none_low_005.jpg,p09,none,low,0.8202574253082275,p09,0.561868,correct
6,/home/tahmid/crops/p09/p09_none_low_006.jpg,p09,none,low,0.855320394039154,p09,0.550826,correct
6,/home/tahmid/crops/p09/p09_none_low_007.jpg,p09,none,low,0.8591158986091614,p09,0.550305,correct
6,/home/tahmid/crops/p09/p09_none_low_008.jpg,p09,none,low,0.8549423813819885,p09,0.552435,correct
6,/home/tahmid/crops/p09/p09_none_low_009.jpg,p09,none,low,0.8720308542251587,p09,0.546133,correct
6,/home/tahmid/crops/p09/p09_none_low_010.jpg,p09,none,low,0.8359731435775757,p09,0.538162,correct
6,/home/tahmid/crops/p09/p09_none_low_011.jpg,p09,none,low,0.8200219869613647,p09,0.544458,correct
6,/home/tahmid/crops/p09/p09_none_low_012.jpg,p09,none,low,0.8490139245986938,p09,0.546663,correct
6,/home/tahmid/crops/p09/p09_none_low_013.jpg,p09,none,low,0.8535739183425903,p09,0.573826,correct
6,/home/tahmid/crops/p09/p09_none_low_014.jpg,p09,none,low,0.8405985832214355,p09,0.585974,correct
6,/home/tahmid/crops/p09/p09_none_low_015.jpg,p09,none,low,0.8335424661636353,p09,0.580121,correct
6,/home/tahmid/crops/p09/p09_none_regular_007.jpg,p09,none,regular,0.8407257199287415,p09,0.509017,correct
6,/home/tahmid/crops/p09/p09_none_regular_008.jpg,p09,none,regular,0.8249025940895081,p09,0.515736,correct
6,/home/tahmid/crops/p09/p09_none_regular_009.jpg,p09,none,regular,0.8668167591094971,p09,0.515992,correct
6,/home/tahmid/crops/p09/p09_none_regular_010.jpg,p09,none,regular,0.8474900722503662,p09,0.578146,correct
6,/home/tahmid/crops/p09/p09_none_regular_011.jpg,p09,none,regular,0.8459433913230896,p09,0.571918,correct
6,/home/tahmid/crops/p09/p09_none_regular_012.jpg,p09,none,regular,0.8413885235786438,p09,0.576979,correct
6,/home/tahmid/crops/p09/p09_none_regular_013.jpg,p09,none,regular,0.761877715587616,p09,0.564341,correct
6,/home/tahmid/crops/p09/p09_none_regular_014.jpg,p09,none,regular,0.7485781908035278,p09,0.571171,correct
6,/home/tahmid/crops/p09/p09_none_regular_015.jpg,p09,none,regular,0.7782469987869263,p09,0.572392,correct
6,/home/tahmid/crops/p09/p09_scarf_low_001.jpg,p09,scarf,low,0.8066415786743164,p09,0.464954,correct
6,/home/tahmid/crops/p09/p09_scarf_low_002.jpg,p09,scarf,low,0.7838274836540222,p09,0.473947,correct
6,/home/tahmid/crops/p09/p09_scarf_low_003.jpg,p09,scarf,low,0.6917092800140381,p09,0.480308,correct
6,/home/tahmid/crops/p09/p09_scarf_low_004.jpg,p09,scarf,low,0.6656464338302612,p09,0.463212,correct
6,/home/tahmid/crops/p09/p09_scarf_low_005.jpg,p09,scarf,low,0.6746992468833923,p09,0.395476,correct
6,/home/tahmid/crops/p09/p09_scarf_low_006.jpg,p09,scarf,low,0.6451321840286255,p09,0.411478,correct
6,/home/tahmid/crops/p09/p09_scarf_low_007.jpg,p09,scarf,low,0.6856266260147095,p09,0.475540,correct
6,/home/tahmid/crops/p09/p09_scarf_low_008.jpg,p09,scarf,low,0.6401764154434204,p09,0.437092,correct
6,/home/tahmid/crops/p09/p09_scarf_low_009.jpg,p09,scarf,low,0.6844909191131592,p09,0.424401,correct
6,/home/tahmid/crops/p09/p09_scarf_low_010.jpg,p09,scarf,low,0.6883589029312134,p09,0.444859,correct
6,/home/tahmid/crops/p09/p09_scarf_regular_001.jpg,p09,scarf,regular,0.7739838361740112,p09,0.520132,correct
6,/home/tahmid/crops/p09/p09_scarf_regular_002.jpg,p09,scarf,regular,0.7723733186721802,p09,0.512195,correct
6,/home/tahmid/crops/p09/p09_scarf_regular_003.jpg,p09,scarf,regular,0.6626478433609009,p09,0.475409,correct
6,/home/tahmid/crops/p09/p09_scarf_regular_004.jpg,p09,scarf,regular,0.6515778303146362,p09,0.472938,correct
6,/home/tahmid/crops/p09/p09_scarf_regular_005.jpg,p09,scarf,regular,0.727060079574585,p09,0.419895,correct
6,/home/tahmid/crops/p09/p09_scarf_regular_006.jpg,p09,scarf,regular,0.7521867752075195,p09,0.414061,correct
6,/home/tahmid/crops/p09/p09_scarf_regular_007.jpg,p09,scarf,regular,0.7143847346305847,p09,0.467001,correct
6,/home/tahmid/crops/p09/p09_scarf_regular_008.jpg,p09,scarf,regular,0.729493260383606,p09,0.456603,correct
6,/home/tahmid/crops/p09/p09_scarf_regular_009.jpg,p09,scarf,regular,0.7560771703720093,p09,0.445965,correct
6,/home/tahmid/crops/p09/p09_scarf_regular_010.jpg,p09,scarf,regular,0.7251945734024048,p09,0.449237,correct
6,/home/tahmid/crops/p09/p09_sunglass_low_001.jpg,p09,sunglass,low,0.9003400802612305,p09,0.533333,correct
6,/home/tahmid/crops/p09/p09_sunglass_low_002.jpg,p09,sunglass,low,0.8933095932006836,p09,0.537139,correct
6,/home/tahmid/crops/p09/p09_sunglass_low_003.jpg,p09,sunglass,low,0.8912379741668701,p09,0.534712,correct
6,/home/tahmid/crops/p09/p09_sunglass_low_004.jpg,p09,sunglass,low,0.8471405506134033,p09,0.473644,correct
6,/home/tahmid/crops/p09/p09_sunglass_low_005.jpg,p09,sunglass,low,0.8507465124130249,p09,0.492322,correct
6,/home/tahmid/crops/p09/p09_sunglass_low_006.jpg,p09,sunglass,low,0.8355441093444824,p09,0.514523,correct
6,/home/tahmid/crops/p09/p09_sunglass_low_007.jpg,p09,sunglass,low,0.8372936248779297,p09,0.509190,correct
6,/home/tahmid/crops/p09/p09_sunglass_low_008.jpg,p09,sunglass,low,0.8360850811004639,p09,0.506795,correct
6,/home/tahmid/crops/p09/p09_sunglass_low_009.jpg,p09,sunglass,low,0.8578119277954102,p09,0.499339,correct
6,/home/tahmid/crops/p09/p09_sunglass_low_010.jpg,p09,sunglass,low,0.843636691570282,p09,0.490607,correct
6,/home/tahmid/crops/p09/p09_sunglass_low_011.jpg,p09,sunglass,low,0.8456346988677979,p09,0.498006,correct
6,/home/tahmid/crops/p09/p09_sunglass_low_012.jpg,p09,sunglass,low,0.8520961999893188,p09,0.505893,correct
6,/home/tahmid/crops/p09/p09_sunglass_low_013.jpg,p09,sunglass,low,0.8269016742706299,p09,0.521989,correct
6,/home/tahmid/crops/p09/p09_sunglass_low_014.jpg,p09,sunglass,low,0.833270788192749,p09,0.538753,correct
6,/home/tahmid/crops/p09/p09_sunglass_low_015.jpg,p09,sunglass,low,0.8289226293563843,p09,0.531231,correct
6,/home/tahmid/crops/p09/p09_sunglass_regular_001.jpg,p09,sunglass,regular,0.8598016500473022,p09,0.550733,correct
6,/home/tahmid/crops/p09/p09_sunglass_regular_002.jpg,p09,sunglass,regular,0.8626418113708496,p09,0.537818,correct
6,/home/tahmid/crops/p09/p09_sunglass_regular_003.jpg,p09,sunglass,regular,0.8218882083892822,p09,0.534971,correct
6,/home/tahmid/crops/p09/p09_sunglass_regular_004.jpg,p09,sunglass,regular,0.7883427143096924,p09,0.537533,correct
6,/home/tahmid/crops/p09/p09_sunglass_regular_005.jpg,p09,sunglass,regular,0.8154352307319641,p09,0.532169,correct
6,/home/tahmid/crops/p09/p09_sunglass_regular_006.jpg,p09,sunglass,regular,0.8223922848701477,p09,0.519183,correct
6,/home/tahmid/crops/p09/p09_sunglass_regular_007.jpg,p09,sunglass,regular,0.8158074021339417,p09,0.459817,correct
6,/home/tahmid/crops/p09/p09_sunglass_regular_008.jpg,p09,sunglass,regular,0.812474250793457,p09,0.451733,correct
6,/home/tahmid/crops/p09/p09_sunglass_regular_009.jpg,p09,sunglass,regular,0.7907840013504028,p09,0.461190,correct
6,/home/tahmid/crops/p09/p09_sunglass_regular_010.jpg,p09,sunglass,regular,0.7949228286743164,p09,0.539682,correct
6,/home/tahmid/crops/p09/p09_sunglass_regular_011.jpg,p09,sunglass,regular,0.7929377555847168,p09,0.520443,correct
6,/home/tahmid/crops/p09/p09_sunglass_regular_012.jpg,p09,sunglass,regular,0.7889125347137451,p09,0.525827,correct
6,/home/tahmid/crops/p09/p09_sunglass_regular_013.jpg,p09,sunglass,regular,0.7779831886291504,p09,0.519121,correct
6,/home/tahmid/crops/p09/p09_sunglass_regular_014.jpg,p09,sunglass,regular,0.7871106863021851,p09,0.519204,correct
6,/home/tahmid/crops/p09/p09_sunglass_regular_015.jpg,p09,sunglass,regular,0.8117377758026123,p09,0.523188,correct
6,/home/tahmid/crops/p21/p21_cap_low_001.jpg,p21,cap,low,0.7831422090530396,p21,0.652214,correct
6,/home/tahmid/crops/p21/p21_cap_low_002.jpg,p21,cap,low,0.7945040464401245,p21,0.639566,correct
6,/home/tahmid/crops/p21/p21_cap_low_003.jpg,p21,cap,low,0.6976995468139648,p21,0.571386,correct
6,/home/tahmid/crops/p21/p21_cap_low_004.jpg,p21,cap,low,0.7471847534179688,p21,0.579320,correct
6,/home/tahmid/crops/p21/p21_cap_low_005.jpg,p21,cap,low,0.7991760969161987,p21,0.605932,correct
6,/home/tahmid/crops/p21/p21_cap_low_006.jpg,p21,cap,low,0.8316274881362915,p21,0.613630,correct
6,/home/tahmid/crops/p21/p21_cap_low_007.jpg,p21,cap,low,0.7465168237686157,p21,0.589452,correct
6,/home/tahmid/crops/p21/p21_cap_low_008.jpg,p21,cap,low,0.729661226272583,p21,0.580849,correct
6,/home/tahmid/crops/p21/p21_cap_low_009.jpg,p21,cap,low,0.7831422090530396,p21,0.652214,correct
6,/home/tahmid/crops/p21/p21_cap_low_010.jpg,p21,cap,low,0.6976995468139648,p21,0.571386,correct
6,/home/tahmid/crops/p21/p21_cap_low_011.jpg,p21,cap,low,0.7471847534179688,p21,0.579320,correct
6,/home/tahmid/crops/p21/p21_cap_low_012.jpg,p21,cap,low,0.8306398391723633,p21,0.655783,correct
6,/home/tahmid/crops/p21/p21_cap_low_013.jpg,p21,cap,low,0.7991760969161987,p21,0.605932,correct
6,/home/tahmid/crops/p21/p21_cap_low_014.jpg,p21,cap,low,0.8316274881362915,p21,0.613630,correct
6,/home/tahmid/crops/p21/p21_cap_regular_001.jpg,p21,cap,regular,0.8036200404167175,p21,0.636339,correct
6,/home/tahmid/crops/p21/p21_cap_regular_002.jpg,p21,cap,regular,0.7065079808235168,p21,0.571998,correct
6,/home/tahmid/crops/p21/p21_cap_regular_003.jpg,p21,cap,regular,0.7658834457397461,p21,0.571483,correct
6,/home/tahmid/crops/p21/p21_cap_regular_004.jpg,p21,cap,regular,0.8296680450439453,p21,0.656293,correct
6,/home/tahmid/crops/p21/p21_cap_regular_005.jpg,p21,cap,regular,0.7289298176765442,p21,0.660239,correct
6,/home/tahmid/crops/p21/p21_cap_regular_006.jpg,p21,cap,regular,0.8060363531112671,p21,0.613999,correct
6,/home/tahmid/crops/p21/p21_cap_regular_007.jpg,p21,cap,regular,0.8382415175437927,p21,0.617023,correct
6,/home/tahmid/crops/p21/p21_cap_regular_008.jpg,p21,cap,regular,0.7532461881637573,p21,0.583446,correct
6,/home/tahmid/crops/p21/p21_cap_regular_009.jpg,p21,cap,regular,0.7658834457397461,p21,0.571483,correct
6,/home/tahmid/crops/p21/p21_cap_regular_010.jpg,p21,cap,regular,0.8296680450439453,p21,0.656293,correct
6,/home/tahmid/crops/p21/p21_cap_regular_011.jpg,p21,cap,regular,0.7289298176765442,p21,0.660239,correct
6,/home/tahmid/crops/p21/p21_cap_regular_012.jpg,p21,cap,regular,0.8060363531112671,p21,0.613999,correct
6,/home/tahmid/crops/p21/p21_cap_regular_013.jpg,p21,cap,regular,0.8382415175437927,p21,0.617023,correct
6,/home/tahmid/crops/p21/p21_cap_regular_014.jpg,p21,cap,regular,0.7314904928207397,p21,0.577284,correct
6,/home/tahmid/crops/p21/p21_clearglass_low_001.jpg,p21,clearglass,low,0.8011627197265625,p21,0.643382,correct
6,/home/tahmid/crops/p21/p21_clearglass_low_002.jpg,p21,clearglass,low,0.7646223306655884,p21,0.590446,correct
6,/home/tahmid/crops/p21/p21_clearglass_low_003.jpg,p21,clearglass,low,0.7571277618408203,p21,0.600399,correct
6,/home/tahmid/crops/p21/p21_clearglass_low_004.jpg,p21,clearglass,low,0.7248071432113647,p21,0.602773,correct
6,/home/tahmid/crops/p21/p21_clearglass_low_005.jpg,p21,clearglass,low,0.7451668977737427,p21,0.606201,correct
6,/home/tahmid/crops/p21/p21_clearglass_low_006.jpg,p21,clearglass,low,0.8148747682571411,p21,0.601009,correct
6,/home/tahmid/crops/p21/p21_clearglass_low_007.jpg,p21,clearglass,low,0.8424689769744873,p21,0.597952,correct
6,/home/tahmid/crops/p21/p21_clearglass_low_008.jpg,p21,clearglass,low,0.7464041709899902,p21,0.566896,correct
6,/home/tahmid/crops/p21/p21_clearglass_low_009.jpg,p21,clearglass,low,0.7953265309333801,p21,0.643515,correct
6,/home/tahmid/crops/p21/p21_clearglass_low_010.jpg,p21,clearglass,low,0.8542932271957397,p21,0.632555,correct
6,/home/tahmid/crops/p21/p21_clearglass_low_011.jpg,p21,clearglass,low,0.7646223306655884,p21,0.590446,correct
6,/home/tahmid/crops/p21/p21_clearglass_low_012.jpg,p21,clearglass,low,0.7571277618408203,p21,0.600399,correct
6,/home/tahmid/crops/p21/p21_clearglass_low_013.jpg,p21,clearglass,low,0.770363450050354,p21,0.583661,correct
6,/home/tahmid/crops/p21/p21_clearglass_low_014.jpg,p21,clearglass,low,0.7464041709899902,p21,0.566896,correct
6,/home/tahmid/crops/p21/p21_clearglass_regular_001.jpg,p21,clearglass,regular,0.7642102837562561,p21,0.590589,correct
6,/home/tahmid/crops/p21/p21_clearglass_regular_002.jpg,p21,clearglass,regular,0.7534632682800293,p21,0.593485,correct
6,/home/tahmid/crops/p21/p21_clearglass_regular_003.jpg,p21,clearglass,regular,0.7364629507064819,p21,0.605874,correct
6,/home/tahmid/crops/p21/p21_clearglass_regular_004.jpg,p21,clearglass,regular,0.7499918937683105,p21,0.605527,correct
6,/home/tahmid/crops/p21/p21_clearglass_regular_005.jpg,p21,clearglass,regular,0.8139489889144897,p21,0.596055,correct
6,/home/tahmid/crops/p21/p21_clearglass_regular_006.jpg,p21,clearglass,regular,0.8433852195739746,p21,0.591136,correct
6,/home/tahmid/crops/p21/p21_clearglass_regular_007.jpg,p21,clearglass,regular,0.7801170349121094,p21,0.582124,correct
6,/home/tahmid/crops/p21/p21_clearglass_regular_008.jpg,p21,clearglass,regular,0.747931718826294,p21,0.558023,correct
6,/home/tahmid/crops/p21/p21_clearglass_regular_009.jpg,p21,clearglass,regular,0.7642102837562561,p21,0.590589,correct
6,/home/tahmid/crops/p21/p21_clearglass_regular_010.jpg,p21,clearglass,regular,0.7534632682800293,p21,0.593485,correct
6,/home/tahmid/crops/p21/p21_clearglass_regular_011.jpg,p21,clearglass,regular,0.7499918937683105,p21,0.605527,correct
6,/home/tahmid/crops/p21/p21_clearglass_regular_012.jpg,p21,clearglass,regular,0.8433852195739746,p21,0.591136,correct
6,/home/tahmid/crops/p21/p21_clearglass_regular_013.jpg,p21,clearglass,regular,0.7801170349121094,p21,0.582124,correct
6,/home/tahmid/crops/p21/p21_clearglass_regular_014.jpg,p21,clearglass,regular,0.747931718826294,p21,0.558023,correct
6,/home/tahmid/crops/p21/p21_mask_clearglass_low_001.jpg,p21,mask_clearglass,low,0.7196343541145325,p21,0.540596,correct
6,/home/tahmid/crops/p21/p21_mask_clearglass_low_002.jpg,p21,mask_clearglass,low,0.7151614427566528,p21,0.429848,correct
6,/home/tahmid/crops/p21/p21_mask_clearglass_low_003.jpg,p21,mask_clearglass,low,0.7301658391952515,p21,0.464647,correct
6,/home/tahmid/crops/p21/p21_mask_clearglass_low_004.jpg,p21,mask_clearglass,low,0.8127771615982056,p21,0.475923,correct
6,/home/tahmid/crops/p21/p21_mask_clearglass_low_005.jpg,p21,mask_clearglass,low,0.8068034648895264,p21,0.463831,correct
6,/home/tahmid/crops/p21/p21_mask_clearglass_low_006.jpg,p21,mask_clearglass,low,0.7634751796722412,p21,0.447727,correct
6,/home/tahmid/crops/p21/p21_mask_clearglass_low_007.jpg,p21,mask_clearglass,low,0.7522945404052734,p21,0.434329,correct
6,/home/tahmid/crops/p21/p21_mask_clearglass_low_008.jpg,p21,mask_clearglass,low,0.7316766381263733,p21,0.521172,correct
6,/home/tahmid/crops/p21/p21_mask_clearglass_low_009.jpg,p21,mask_clearglass,low,0.7423087954521179,p21,0.542296,correct
6,/home/tahmid/crops/p21/p21_mask_clearglass_low_010.jpg,p21,mask_clearglass,low,0.7151614427566528,p21,0.429848,correct
6,/home/tahmid/crops/p21/p21_mask_clearglass_low_011.jpg,p21,mask_clearglass,low,0.7301658391952515,p21,0.464647,correct
6,/home/tahmid/crops/p21/p21_mask_clearglass_low_012.jpg,p21,mask_clearglass,low,0.8068034648895264,p21,0.463831,correct
6,/home/tahmid/crops/p21/p21_mask_clearglass_low_013.jpg,p21,mask_clearglass,low,0.7243081331253052,p21,0.457596,correct
6,/home/tahmid/crops/p21/p21_mask_clearglass_low_014.jpg,p21,mask_clearglass,low,0.7522945404052734,p21,0.434329,correct
6,/home/tahmid/crops/p21/p21_mask_clearglass_regular_001.jpg,p21,mask_clearglass,regular,0.714763343334198,p21,0.421967,correct
6,/home/tahmid/crops/p21/p21_mask_clearglass_regular_002.jpg,p21,mask_clearglass,regular,0.7438419461250305,p21,0.430435,correct
6,/home/tahmid/crops/p21/p21_mask_clearglass_regular_003.jpg,p21,mask_clearglass,regular,0.7850441932678223,p21,0.457927,correct
6,/home/tahmid/crops/p21/p21_mask_clearglass_regular_004.jpg,p21,mask_clearglass,regular,0.7162860631942749,p21,0.446403,correct
6,/home/tahmid/crops/p21/p21_mask_clearglass_regular_005.jpg,p21,mask_clearglass,regular,0.7167608141899109,p21,0.395825,correct
6,/home/tahmid/crops/p21/p21_mask_clearglass_regular_006.jpg,p21,mask_clearglass,regular,0.7476954460144043,p21,0.530548,correct
6,/home/tahmid/crops/p21/p21_mask_clearglass_regular_007.jpg,p21,mask_clearglass,regular,0.7434777617454529,p21,0.531402,correct
6,/home/tahmid/crops/p21/p21_mask_clearglass_regular_008.jpg,p21,mask_clearglass,regular,0.714763343334198,p21,0.421967,correct
6,/home/tahmid/crops/p21/p21_mask_clearglass_regular_009.jpg,p21,mask_clearglass,regular,0.7986434698104858,p21,0.406705,correct
6,/home/tahmid/crops/p21/p21_mask_clearglass_regular_010.jpg,p21,mask_clearglass,regular,0.7438419461250305,p21,0.430435,correct
6,/home/tahmid/crops/p21/p21_mask_clearglass_regular_011.jpg,p21,mask_clearglass,regular,0.8088490962982178,p21,0.448504,correct
6,/home/tahmid/crops/p21/p21_mask_clearglass_regular_012.jpg,p21,mask_clearglass,regular,0.7850441932678223,p21,0.457927,correct
6,/home/tahmid/crops/p21/p21_mask_clearglass_regular_013.jpg,p21,mask_clearglass,regular,0.7733994126319885,p21,0.443185,correct
6,/home/tahmid/crops/p21/p21_mask_clearglass_regular_014.jpg,p21,mask_clearglass,regular,0.7167608141899109,p21,0.395825,correct
6,/home/tahmid/crops/p21/p21_mask_low_001.jpg,p21,mask,low,0.7551938891410828,p21,0.586352,correct
6,/home/tahmid/crops/p21/p21_mask_low_002.jpg,p21,mask,low,0.715345561504364,p21,0.567090,correct
6,/home/tahmid/crops/p21/p21_mask_low_003.jpg,p21,mask,low,0.7477570176124573,p21,0.560134,correct
6,/home/tahmid/crops/p21/p21_mask_low_004.jpg,p21,mask,low,0.7401602268218994,p21,0.547286,correct
6,/home/tahmid/crops/p21/p21_mask_low_005.jpg,p21,mask,low,0.7590774893760681,p21,0.549229,correct
6,/home/tahmid/crops/p21/p21_mask_low_006.jpg,p21,mask,low,0.7751604318618774,p21,0.529388,correct
6,/home/tahmid/crops/p21/p21_mask_low_007.jpg,p21,mask,low,0.8187428712844849,p21,0.588592,correct
6,/home/tahmid/crops/p21/p21_mask_low_008.jpg,p21,mask,low,0.7434297204017639,p21,0.520667,correct
6,/home/tahmid/crops/p21/p21_mask_low_009.jpg,p21,mask,low,0.715345561504364,p21,0.567090,correct
6,/home/tahmid/crops/p21/p21_mask_low_010.jpg,p21,mask,low,0.7453986406326294,p21,0.552413,correct
6,/home/tahmid/crops/p21/p21_mask_low_011.jpg,p21,mask,low,0.7477570176124573,p21,0.560134,correct
6,/home/tahmid/crops/p21/p21_mask_low_012.jpg,p21,mask,low,0.7401602268218994,p21,0.547286,correct
6,/home/tahmid/crops/p21/p21_mask_low_013.jpg,p21,mask,low,0.7590774893760681,p21,0.549229,correct
6,/home/tahmid/crops/p21/p21_mask_low_014.jpg,p21,mask,low,0.7751604318618774,p21,0.529388,correct
6,/home/tahmid/crops/p21/p21_mask_regular_001.jpg,p21,mask,regular,0.7602525949478149,p21,0.582836,correct
6,/home/tahmid/crops/p21/p21_mask_regular_002.jpg,p21,mask,regular,0.8302979469299316,p21,0.586985,correct
6,/home/tahmid/crops/p21/p21_mask_regular_003.jpg,p21,mask,regular,0.7227550745010376,p21,0.516281,correct
6,/home/tahmid/crops/p21/p21_mask_regular_004.jpg,p21,mask,regular,0.7168449759483337,p21,0.524438,correct
6,/home/tahmid/crops/p21/p21_mask_regular_005.jpg,p21,mask,regular,0.7287042140960693,p21,0.575564,correct
6,/home/tahmid/crops/p21/p21_mask_regular_006.jpg,p21,mask,regular,0.7527885437011719,p21,0.561293,correct
6,/home/tahmid/crops/p21/p21_mask_regular_007.jpg,p21,mask,regular,0.7764813899993896,p21,0.548920,correct
6,/home/tahmid/crops/p21/p21_mask_regular_008.jpg,p21,mask,regular,0.7602525949478149,p21,0.582836,correct
6,/home/tahmid/crops/p21/p21_mask_regular_009.jpg,p21,mask,regular,0.8302979469299316,p21,0.586985,correct
6,/home/tahmid/crops/p21/p21_mask_regular_010.jpg,p21,mask,regular,0.7168449759483337,p21,0.524438,correct
6,/home/tahmid/crops/p21/p21_mask_regular_011.jpg,p21,mask,regular,0.7287042140960693,p21,0.575564,correct
6,/home/tahmid/crops/p21/p21_mask_regular_012.jpg,p21,mask,regular,0.7546850442886353,p21,0.559562,correct
6,/home/tahmid/crops/p21/p21_mask_regular_013.jpg,p21,mask,regular,0.7425410747528076,p21,0.514673,correct
6,/home/tahmid/crops/p21/p21_mask_regular_014.jpg,p21,mask,regular,0.7764813899993896,p21,0.548920,correct
6,/home/tahmid/crops/p21/p21_mask_sunglass_low_001.jpg,p21,mask_sunglass,low,0.8036842346191406,p21,0.404278,correct
6,/home/tahmid/crops/p21/p21_mask_sunglass_low_002.jpg,p21,mask_sunglass,low,0.8070937395095825,p21,0.396695,correct
6,/home/tahmid/crops/p21/p21_mask_sunglass_low_003.jpg,p21,mask_sunglass,low,0.7833071947097778,p21,0.335668,correct
6,/home/tahmid/crops/p21/p21_mask_sunglass_low_004.jpg,p21,mask_sunglass,low,0.841550886631012,p21,0.341300,correct
6,/home/tahmid/crops/p21/p21_mask_sunglass_low_005.jpg,p21,mask_sunglass,low,0.7504684925079346,p21,0.371582,correct
6,/home/tahmid/crops/p21/p21_mask_sunglass_low_006.jpg,p21,mask_sunglass,low,0.7110845446586609,p10,0.361218,misidentified
6,/home/tahmid/crops/p21/p21_mask_sunglass_low_007.jpg,p21,mask_sunglass,low,0.8070937395095825,p21,0.396695,correct
6,/home/tahmid/crops/p21/p21_mask_sunglass_low_008.jpg,p21,mask_sunglass,low,0.744442343711853,p21,0.350286,correct
6,/home/tahmid/crops/p21/p21_mask_sunglass_low_009.jpg,p21,mask_sunglass,low,0.783698558807373,p21,0.370905,correct
6,/home/tahmid/crops/p21/p21_mask_sunglass_low_010.jpg,p21,mask_sunglass,low,0.7318176031112671,p21,0.341487,correct
6,/home/tahmid/crops/p21/p21_mask_sunglass_low_011.jpg,p21,mask_sunglass,low,0.7833071947097778,p21,0.335668,correct
6,/home/tahmid/crops/p21/p21_mask_sunglass_low_012.jpg,p21,mask_sunglass,low,0.841550886631012,p21,0.341300,correct
6,/home/tahmid/crops/p21/p21_mask_sunglass_low_013.jpg,p21,mask_sunglass,low,0.8136350512504578,p21,0.381226,correct
6,/home/tahmid/crops/p21/p21_mask_sunglass_low_014.jpg,p21,mask_sunglass,low,0.7110845446586609,p10,0.361218,misidentified
6,/home/tahmid/crops/p21/p21_mask_sunglass_regular_001.jpg,p21,mask_sunglass,regular,0.8030543923377991,p21,0.384881,correct
6,/home/tahmid/crops/p21/p21_mask_sunglass_regular_002.jpg,p21,mask_sunglass,regular,0.7895190715789795,p21,0.355973,correct
6,/home/tahmid/crops/p21/p21_mask_sunglass_regular_003.jpg,p21,mask_sunglass,regular,0.7318671941757202,p21,0.359499,correct
6,/home/tahmid/crops/p21/p21_mask_sunglass_regular_004.jpg,p21,mask_sunglass,regular,0.840849757194519,p21,0.338033,correct
6,/home/tahmid/crops/p21/p21_mask_sunglass_regular_005.jpg,p21,mask_sunglass,regular,0.8175399303436279,p21,0.372463,correct
6,/home/tahmid/crops/p21/p21_mask_sunglass_regular_006.jpg,p21,mask_sunglass,regular,0.8347312211990356,p21,0.367239,correct
6,/home/tahmid/crops/p21/p21_mask_sunglass_regular_007.jpg,p21,mask_sunglass,regular,0.7541340589523315,p21,0.380293,correct
6,/home/tahmid/crops/p21/p21_mask_sunglass_regular_008.jpg,p21,mask_sunglass,regular,0.7312926650047302,p21,0.341500,correct
6,/home/tahmid/crops/p21/p21_mask_sunglass_regular_009.jpg,p21,mask_sunglass,regular,0.7318671941757202,p21,0.359499,correct
6,/home/tahmid/crops/p21/p21_mask_sunglass_regular_010.jpg,p21,mask_sunglass,regular,0.7855164408683777,p21,0.326931,correct
6,/home/tahmid/crops/p21/p21_mask_sunglass_regular_011.jpg,p21,mask_sunglass,regular,0.8175399303436279,p21,0.372463,correct
6,/home/tahmid/crops/p21/p21_mask_sunglass_regular_012.jpg,p21,mask_sunglass,regular,0.8347312211990356,p21,0.367239,correct
6,/home/tahmid/crops/p21/p21_mask_sunglass_regular_013.jpg,p21,mask_sunglass,regular,0.7541340589523315,p21,0.380293,correct
6,/home/tahmid/crops/p21/p21_mask_sunglass_regular_014.jpg,p21,mask_sunglass,regular,0.6954081058502197,p21,0.340050,correct
6,/home/tahmid/crops/p21/p21_none_low_005.jpg,p21,none,low,0.8196247220039368,p21,0.673994,correct
6,/home/tahmid/crops/p21/p21_none_low_006.jpg,p21,none,low,0.783280074596405,p21,0.639737,correct
6,/home/tahmid/crops/p21/p21_none_low_007.jpg,p21,none,low,0.8643293380737305,p21,0.635193,correct
6,/home/tahmid/crops/p21/p21_none_low_012.jpg,p21,none,low,0.8036021590232849,p21,0.673829,correct
6,/home/tahmid/crops/p21/p21_none_low_013.jpg,p21,none,low,0.8196247220039368,p21,0.673994,correct
6,/home/tahmid/crops/p21/p21_none_low_014.jpg,p21,none,low,0.783280074596405,p21,0.639737,correct
6,/home/tahmid/crops/p21/p21_none_low_015.jpg,p21,none,low,0.8643293380737305,p21,0.635193,correct
6,/home/tahmid/crops/p21/p21_none_regular_005.jpg,p21,none,regular,0.8193619251251221,p21,0.677346,correct
6,/home/tahmid/crops/p21/p21_none_regular_006.jpg,p21,none,regular,0.8232040405273438,p21,0.674625,correct
6,/home/tahmid/crops/p21/p21_none_regular_007.jpg,p21,none,regular,0.7901841998100281,p21,0.637758,correct
6,/home/tahmid/crops/p21/p21_none_regular_008.jpg,p21,none,regular,0.8666352033615112,p21,0.638819,correct
6,/home/tahmid/crops/p21/p21_none_regular_009.jpg,p21,none,regular,0.7613048553466797,p21,0.633198,correct
6,/home/tahmid/crops/p21/p21_none_regular_010.jpg,p21,none,regular,0.7923680543899536,p21,0.615762,correct
6,/home/tahmid/crops/p21/p21_none_regular_014.jpg,p21,none,regular,0.8193619251251221,p21,0.677346,correct
6,/home/tahmid/crops/p21/p21_none_regular_015.jpg,p21,none,regular,0.8666352033615112,p21,0.638819,correct
6,/home/tahmid/crops/p21/p21_sunglass_low_001.jpg,p21,sunglass,low,0.8320863246917725,p21,0.579109,correct
6,/home/tahmid/crops/p21/p21_sunglass_low_002.jpg,p21,sunglass,low,0.8667618036270142,p21,0.587137,correct
6,/home/tahmid/crops/p21/p21_sunglass_low_003.jpg,p21,sunglass,low,0.8040347099304199,p21,0.546371,correct
6,/home/tahmid/crops/p21/p21_sunglass_low_004.jpg,p21,sunglass,low,0.7338063716888428,p21,0.528040,correct
6,/home/tahmid/crops/p21/p21_sunglass_low_005.jpg,p21,sunglass,low,0.80424565076828,p21,0.549554,correct
6,/home/tahmid/crops/p21/p21_sunglass_low_006.jpg,p21,sunglass,low,0.6776872277259827,p21,0.545557,correct
6,/home/tahmid/crops/p21/p21_sunglass_low_007.jpg,p21,sunglass,low,0.7383313775062561,p21,0.531183,correct
6,/home/tahmid/crops/p21/p21_sunglass_low_008.jpg,p21,sunglass,low,0.8493976593017578,p21,0.563580,correct
6,/home/tahmid/crops/p21/p21_sunglass_low_009.jpg,p21,sunglass,low,0.8426437377929688,p21,0.556598,correct
6,/home/tahmid/crops/p21/p21_sunglass_low_010.jpg,p21,sunglass,low,0.8336628675460815,p21,0.584475,correct
6,/home/tahmid/crops/p21/p21_sunglass_low_011.jpg,p21,sunglass,low,0.8040347099304199,p21,0.546371,correct
6,/home/tahmid/crops/p21/p21_sunglass_low_012.jpg,p21,sunglass,low,0.7338063716888428,p21,0.528040,correct
6,/home/tahmid/crops/p21/p21_sunglass_low_013.jpg,p21,sunglass,low,0.6776872277259827,p21,0.545557,correct
6,/home/tahmid/crops/p21/p21_sunglass_low_014.jpg,p21,sunglass,low,0.7383313775062561,p21,0.531183,correct
6,/home/tahmid/crops/p21/p21_sunglass_low_015.jpg,p21,sunglass,low,0.8493976593017578,p21,0.563580,correct
6,/home/tahmid/crops/p21/p21_sunglass_regular_001.jpg,p21,sunglass,regular,0.8291416168212891,p21,0.581213,correct
6,/home/tahmid/crops/p21/p21_sunglass_regular_002.jpg,p21,sunglass,regular,0.8683111071586609,p21,0.588332,correct
6,/home/tahmid/crops/p21/p21_sunglass_regular_003.jpg,p21,sunglass,regular,0.8148825168609619,p21,0.553196,correct
6,/home/tahmid/crops/p21/p21_sunglass_regular_004.jpg,p21,sunglass,regular,0.8016139268875122,p21,0.553062,correct
6,/home/tahmid/crops/p21/p21_sunglass_regular_005.jpg,p21,sunglass,regular,0.8005329370498657,p21,0.551974,correct
6,/home/tahmid/crops/p21/p21_sunglass_regular_006.jpg,p21,sunglass,regular,0.6705861687660217,p21,0.550704,correct
6,/home/tahmid/crops/p21/p21_sunglass_regular_007.jpg,p21,sunglass,regular,0.8549885153770447,p21,0.565298,correct
6,/home/tahmid/crops/p21/p21_sunglass_regular_008.jpg,p21,sunglass,regular,0.8374311327934265,p21,0.557505,correct
6,/home/tahmid/crops/p21/p21_sunglass_regular_009.jpg,p21,sunglass,regular,0.8291416168212891,p21,0.581213,correct
6,/home/tahmid/crops/p21/p21_sunglass_regular_010.jpg,p21,sunglass,regular,0.8683111071586609,p21,0.588332,correct
6,/home/tahmid/crops/p21/p21_sunglass_regular_011.jpg,p21,sunglass,regular,0.8148825168609619,p21,0.553196,correct
6,/home/tahmid/crops/p21/p21_sunglass_regular_012.jpg,p21,sunglass,regular,0.7119174003601074,p21,0.547036,correct
6,/home/tahmid/crops/p21/p21_sunglass_regular_013.jpg,p21,sunglass,regular,0.6705861687660217,p21,0.550704,correct
6,/home/tahmid/crops/p21/p21_sunglass_regular_014.jpg,p21,sunglass,regular,0.8549885153770447,p21,0.565298,correct
6,/home/tahmid/crops/p21/p21_sunglass_regular_015.jpg,p21,sunglass,regular,0.8374311327934265,p21,0.557505,correct
6,/home/tahmid/crops/p24/p24_cap_low_001.jpg,p24,cap,low,0.719250500202179,p24,0.569563,correct
6,/home/tahmid/crops/p24/p24_cap_low_002.jpg,p24,cap,low,0.6905834674835205,p24,0.560842,correct
6,/home/tahmid/crops/p24/p24_cap_low_003.jpg,p24,cap,low,0.6083148121833801,p24,0.346643,correct
6,/home/tahmid/crops/p24/p24_cap_low_004.jpg,p24,cap,low,0.5925657153129578,p24,0.370005,correct
6,/home/tahmid/crops/p24/p24_cap_low_005.jpg,p24,cap,low,0.7735073566436768,p24,0.570439,correct
6,/home/tahmid/crops/p24/p24_cap_low_006.jpg,p24,cap,low,0.7402403950691223,p24,0.544455,correct
6,/home/tahmid/crops/p24/p24_cap_low_007.jpg,p24,cap,low,0.7277963757514954,p24,0.550879,correct
6,/home/tahmid/crops/p24/p24_cap_low_008.jpg,p24,cap,low,0.6905834674835205,p24,0.560842,correct
6,/home/tahmid/crops/p24/p24_cap_low_009.jpg,p24,cap,low,0.6083148121833801,p24,0.346643,correct
6,/home/tahmid/crops/p24/p24_cap_low_010.jpg,p24,cap,low,0.5925657153129578,p24,0.370005,correct
6,/home/tahmid/crops/p24/p24_cap_low_011.jpg,p24,cap,low,0.670654296875,p24,0.566950,correct
6,/home/tahmid/crops/p24/p24_cap_low_012.jpg,p24,cap,low,0.7735073566436768,p24,0.570439,correct
6,/home/tahmid/crops/p24/p24_cap_low_013.jpg,p24,cap,low,0.6437112092971802,p24,0.488494,correct
6,/home/tahmid/crops/p24/p24_cap_low_014.jpg,p24,cap,low,0.6375287175178528,p24,0.454385,correct
6,/home/tahmid/crops/p24/p24_cap_regular_001.jpg,p24,cap,regular,0.7253609299659729,p24,0.582529,correct
6,/home/tahmid/crops/p24/p24_cap_regular_002.jpg,p24,cap,regular,0.6977669596672058,p24,0.570434,correct
6,/home/tahmid/crops/p24/p24_cap_regular_003.jpg,p24,cap,regular,0.5790266990661621,p24,0.376400,correct
6,/home/tahmid/crops/p24/p24_cap_regular_004.jpg,p24,cap,regular,0.6765015125274658,p24,0.564339,correct
6,/home/tahmid/crops/p24/p24_cap_regular_005.jpg,p24,cap,regular,0.771209716796875,p24,0.577703,correct
6,/home/tahmid/crops/p24/p24_cap_regular_006.jpg,p24,cap,regular,0.7437224984169006,p24,0.527043,correct
6,/home/tahmid/crops/p24/p24_cap_regular_007.jpg,p24,cap,regular,0.7330183386802673,p24,0.530412,correct
6,/home/tahmid/crops/p24/p24_cap_regular_008.jpg,p24,cap,regular,0.6493649482727051,p24,0.493781,correct
6,/home/tahmid/crops/p24/p24_cap_regular_009.jpg,p24,cap,regular,0.633630633354187,p24,0.446697,correct
6,/home/tahmid/crops/p24/p24_cap_regular_010.jpg,p24,cap,regular,0.7253609299659729,p24,0.582529,correct
6,/home/tahmid/crops/p24/p24_cap_regular_011.jpg,p24,cap,regular,0.5790266990661621,p24,0.376400,correct
6,/home/tahmid/crops/p24/p24_cap_regular_012.jpg,p24,cap,regular,0.6765015125274658,p24,0.564339,correct
6,/home/tahmid/crops/p24/p24_cap_regular_013.jpg,p24,cap,regular,0.7437224984169006,p24,0.527043,correct
6,/home/tahmid/crops/p24/p24_cap_regular_014.jpg,p24,cap,regular,0.7330183386802673,p24,0.530412,correct
6,/home/tahmid/crops/p24/p24_clearglass_low_001.jpg,p24,clearglass,low,0.8012171983718872,p24,0.595336,correct
6,/home/tahmid/crops/p24/p24_clearglass_low_002.jpg,p24,clearglass,low,0.8211584091186523,p24,0.606779,correct
6,/home/tahmid/crops/p24/p24_clearglass_low_003.jpg,p24,clearglass,low,0.7537933588027954,p24,0.551070,correct
6,/home/tahmid/crops/p24/p24_clearglass_low_004.jpg,p24,clearglass,low,0.8014992475509644,p24,0.551638,correct
6,/home/tahmid/crops/p24/p24_clearglass_low_005.jpg,p24,clearglass,low,0.6910918354988098,p24,0.500057,correct
6,/home/tahmid/crops/p24/p24_clearglass_low_006.jpg,p24,clearglass,low,0.7084600329399109,p24,0.492520,correct
6,/home/tahmid/crops/p24/p24_clearglass_low_007.jpg,p24,clearglass,low,0.8012171983718872,p24,0.595336,correct
6,/home/tahmid/crops/p24/p24_clearglass_low_008.jpg,p24,clearglass,low,0.8211584091186523,p24,0.606779,correct
6,/home/tahmid/crops/p24/p24_clearglass_low_009.jpg,p24,clearglass,low,0.7177978157997131,p24,0.491084,correct
6,/home/tahmid/crops/p24/p24_clearglass_low_010.jpg,p24,clearglass,low,0.7293847799301147,p24,0.495348,correct
6,/home/tahmid/crops/p24/p24_clearglass_low_011.jpg,p24,clearglass,low,0.7537933588027954,p24,0.551070,correct
6,/home/tahmid/crops/p24/p24_clearglass_low_012.jpg,p24,clearglass,low,0.6876706480979919,p24,0.498001,correct
6,/home/tahmid/crops/p24/p24_clearglass_low_013.jpg,p24,clearglass,low,0.6910918354988098,p24,0.500057,correct
6,/home/tahmid/crops/p24/p24_clearglass_low_014.jpg,p24,clearglass,low,0.7084600329399109,p24,0.492520,correct
6,/home/tahmid/crops/p24/p24_clearglass_regular_001.jpg,p24,clearglass,regular,0.818045973777771,p24,0.615729,correct
6,/home/tahmid/crops/p24/p24_clearglass_regular_002.jpg,p24,clearglass,regular,0.717886745929718,p24,0.481836,correct
6,/home/tahmid/crops/p24/p24_clearglass_regular_003.jpg,p24,clearglass,regular,0.7378005981445312,p24,0.503713,correct
6,/home/tahmid/crops/p24/p24_clearglass_regular_004.jpg,p24,clearglass,regular,0.7524622678756714,p24,0.538090,correct
6,/home/tahmid/crops/p24/p24_clearglass_regular_005.jpg,p24,clearglass,regular,0.7995544672012329,p24,0.536372,correct
6,/home/tahmid/crops/p24/p24_clearglass_regular_006.jpg,p24,clearglass,regular,0.673267126083374,p24,0.495588,correct
6,/home/tahmid/crops/p24/p24_clearglass_regular_007.jpg,p24,clearglass,regular,0.6870372891426086,p24,0.494516,correct
6,/home/tahmid/crops/p24/p24_clearglass_regular_008.jpg,p24,clearglass,regular,0.7399667501449585,p24,0.502577,correct
6,/home/tahmid/crops/p24/p24_clearglass_regular_009.jpg,p24,clearglass,regular,0.6926597356796265,p24,0.508864,correct
6,/home/tahmid/crops/p24/p24_clearglass_regular_010.jpg,p24,clearglass,regular,0.717886745929718,p24,0.481836,correct
6,/home/tahmid/crops/p24/p24_clearglass_regular_011.jpg,p24,clearglass,regular,0.7378005981445312,p24,0.503713,correct
6,/home/tahmid/crops/p24/p24_clearglass_regular_012.jpg,p24,clearglass,regular,0.7524622678756714,p24,0.538090,correct
6,/home/tahmid/crops/p24/p24_clearglass_regular_013.jpg,p24,clearglass,regular,0.7995544672012329,p24,0.536372,correct
6,/home/tahmid/crops/p24/p24_clearglass_regular_014.jpg,p24,clearglass,regular,0.673267126083374,p24,0.495588,correct
6,/home/tahmid/crops/p24/p24_mask_clearglass_low_001.jpg,p24,mask_clearglass,low,0.7491856813430786,p24,0.486060,correct
6,/home/tahmid/crops/p24/p24_mask_clearglass_low_002.jpg,p24,mask_clearglass,low,0.7358481884002686,p24,0.463575,correct
6,/home/tahmid/crops/p24/p24_mask_clearglass_low_003.jpg,p24,mask_clearglass,low,0.7149376273155212,p24,0.442420,correct
6,/home/tahmid/crops/p24/p24_mask_clearglass_low_004.jpg,p24,mask_clearglass,low,0.7767496109008789,p24,0.340268,correct
6,/home/tahmid/crops/p24/p24_mask_clearglass_low_005.jpg,p24,mask_clearglass,low,0.7312231063842773,p24,0.336681,correct
6,/home/tahmid/crops/p24/p24_mask_clearglass_low_006.jpg,p24,mask_clearglass,low,0.6712393760681152,p24,0.309734,correct
6,/home/tahmid/crops/p24/p24_mask_clearglass_low_007.jpg,p24,mask_clearglass,low,0.6342867016792297,p24,0.406791,correct
6,/home/tahmid/crops/p24/p24_mask_clearglass_low_008.jpg,p24,mask_clearglass,low,0.6242882013320923,p24,0.404842,correct
6,/home/tahmid/crops/p24/p24_mask_clearglass_low_009.jpg,p24,mask_clearglass,low,0.7149376273155212,p24,0.442420,correct
6,/home/tahmid/crops/p24/p24_mask_clearglass_low_010.jpg,p24,mask_clearglass,low,0.803112268447876,p24,0.325552,correct
6,/home/tahmid/crops/p24/p24_mask_clearglass_low_011.jpg,p24,mask_clearglass,low,0.7767496109008789,p24,0.340268,correct
6,/home/tahmid/crops/p24/p24_mask_clearglass_low_012.jpg,p24,mask_clearglass,low,0.7312231063842773,p24,0.336681,correct
6,/home/tahmid/crops/p24/p24_mask_clearglass_low_013.jpg,p24,mask_clearglass,low,0.6712393760681152,p24,0.309734,correct
6,/home/tahmid/crops/p24/p24_mask_clearglass_low_014.jpg,p24,mask_clearglass,low,0.6342867016792297,p24,0.406791,correct
6,/home/tahmid/crops/p24/p24_mask_clearglass_regular_001.jpg,p24,mask_clearglass,regular,0.7326309084892273,p24,0.469691,correct
6,/home/tahmid/crops/p24/p24_mask_clearglass_regular_002.jpg,p24,mask_clearglass,regular,0.7390068769454956,p24,0.468248,correct
6,/home/tahmid/crops/p24/p24_mask_clearglass_regular_003.jpg,p24,mask_clearglass,regular,0.6641554236412048,p24,0.437488,correct
6,/home/tahmid/crops/p24/p24_mask_clearglass_regular_004.jpg,p24,mask_clearglass,regular,0.7663407325744629,p24,0.325961,correct
6,/home/tahmid/crops/p24/p24_mask_clearglass_regular_005.jpg,p24,mask_clearglass,regular,0.7438965439796448,p24,0.347608,correct
6,/home/tahmid/crops/p24/p24_mask_clearglass_regular_006.jpg,p24,mask_clearglass,regular,0.7254140973091125,p24,0.320737,correct
6,/home/tahmid/crops/p24/p24_mask_clearglass_regular_007.jpg,p24,mask_clearglass,regular,0.6554710865020752,p24,0.319926,correct
6,/home/tahmid/crops/p24/p24_mask_clearglass_regular_008.jpg,p24,mask_clearglass,regular,0.6269292235374451,p24,0.430008,correct
6,/home/tahmid/crops/p24/p24_mask_clearglass_regular_009.jpg,p24,mask_clearglass,regular,0.7390068769454956,p24,0.468248,correct
6,/home/tahmid/crops/p24/p24_mask_clearglass_regular_010.jpg,p24,mask_clearglass,regular,0.7092698812484741,p24,0.449288,correct
6,/home/tahmid/crops/p24/p24_mask_clearglass_regular_011.jpg,p24,mask_clearglass,regular,0.7663407325744629,p24,0.325961,correct
6,/home/tahmid/crops/p24/p24_mask_clearglass_regular_012.jpg,p24,mask_clearglass,regular,0.7438965439796448,p24,0.347608,correct
6,/home/tahmid/crops/p24/p24_mask_clearglass_regular_013.jpg,p24,mask_clearglass,regular,0.6554710865020752,p24,0.319926,correct
6,/home/tahmid/crops/p24/p24_mask_clearglass_regular_014.jpg,p24,mask_clearglass,regular,0.6269292235374451,p24,0.430008,correct
6,/home/tahmid/crops/p24/p24_mask_low_001.jpg,p24,mask,low,0.7682241201400757,p24,0.513977,correct
6,/home/tahmid/crops/p24/p24_mask_low_002.jpg,p24,mask,low,0.8290153741836548,p24,0.477803,correct
6,/home/tahmid/crops/p24/p24_mask_low_003.jpg,p24,mask,low,0.7872222661972046,p24,0.479927,correct
6,/home/tahmid/crops/p24/p24_mask_low_004.jpg,p24,mask,low,0.7317637205123901,p24,0.386591,correct
6,/home/tahmid/crops/p24/p24_mask_low_005.jpg,p24,mask,low,0.6694672107696533,p24,0.350534,correct
6,/home/tahmid/crops/p24/p24_mask_low_006.jpg,p24,mask,low,0.6327787637710571,p24,0.476645,correct
6,/home/tahmid/crops/p24/p24_mask_low_007.jpg,p24,mask,low,0.8501101732254028,p24,0.509959,correct
6,/home/tahmid/crops/p24/p24_mask_low_008.jpg,p24,mask,low,0.7682241201400757,p24,0.513977,correct
6,/home/tahmid/crops/p24/p24_mask_low_009.jpg,p24,mask,low,0.7317637205123901,p24,0.386591,correct
6,/home/tahmid/crops/p24/p24_mask_low_010.jpg,p24,mask,low,0.751155436038971,p24,0.347525,correct
6,/home/tahmid/crops/p24/p24_mask_low_011.jpg,p24,mask,low,0.6694672107696533,p24,0.350535,correct
6,/home/tahmid/crops/p24/p24_mask_low_012.jpg,p24,mask,low,0.7056247591972351,p24,0.356411,correct
6,/home/tahmid/crops/p24/p24_mask_low_013.jpg,p24,mask,low,0.7077454924583435,p24,0.465167,correct
6,/home/tahmid/crops/p24/p24_mask_low_014.jpg,p24,mask,low,0.6327787637710571,p24,0.476645,correct
6,/home/tahmid/crops/p24/p24_mask_regular_001.jpg,p24,mask,regular,0.8419128656387329,p24,0.515560,correct
6,/home/tahmid/crops/p24/p24_mask_regular_002.jpg,p24,mask,regular,0.8354436159133911,p24,0.491554,correct
6,/home/tahmid/crops/p24/p24_mask_regular_003.jpg,p24,mask,regular,0.7911971807479858,p24,0.498532,correct
6,/home/tahmid/crops/p24/p24_mask_regular_004.jpg,p24,mask,regular,0.7308096885681152,p24,0.388221,correct
6,/home/tahmid/crops/p24/p24_mask_regular_005.jpg,p24,mask,regular,0.7498903274536133,p24,0.317102,correct
6,/home/tahmid/crops/p24/p24_mask_regular_006.jpg,p24,mask,regular,0.6553725004196167,p24,0.330613,correct
6,/home/tahmid/crops/p24/p24_mask_regular_007.jpg,p24,mask,regular,0.706246018409729,p24,0.463597,correct
6,/home/tahmid/crops/p24/p24_mask_regular_008.jpg,p24,mask,regular,0.8419128656387329,p24,0.515560,correct
6,/home/tahmid/crops/p24/p24_mask_regular_009.jpg,p24,mask,regular,0.7620846033096313,p24,0.516283,correct
6,/home/tahmid/crops/p24/p24_mask_regular_010.jpg,p24,mask,regular,0.8354436159133911,p24,0.491554,correct
6,/home/tahmid/crops/p24/p24_mask_regular_011.jpg,p24,mask,regular,0.7911971807479858,p24,0.498532,correct
6,/home/tahmid/crops/p24/p24_mask_regular_012.jpg,p24,mask,regular,0.6553725004196167,p24,0.330613,correct
6,/home/tahmid/crops/p24/p24_mask_regular_013.jpg,p24,mask,regular,0.6950923204421997,p24,0.334655,correct
6,/home/tahmid/crops/p24/p24_mask_regular_014.jpg,p24,mask,regular,0.706246018409729,p24,0.463597,correct
6,/home/tahmid/crops/p24/p24_mask_sunglass_low_001.jpg,p24,mask_sunglass,low,0.8040729761123657,p24,0.361028,correct
6,/home/tahmid/crops/p24/p24_mask_sunglass_low_002.jpg,p24,mask_sunglass,low,0.7815420031547546,p24,0.389844,correct
6,/home/tahmid/crops/p24/p24_mask_sunglass_low_003.jpg,p24,mask_sunglass,low,0.8119202852249146,p24,0.378958,correct
6,/home/tahmid/crops/p24/p24_mask_sunglass_low_004.jpg,p24,mask_sunglass,low,0.7004226446151733,p24,0.323614,correct
6,/home/tahmid/crops/p24/p24_mask_sunglass_low_005.jpg,p24,mask_sunglass,low,0.7937989830970764,p24,0.334929,correct
6,/home/tahmid/crops/p24/p24_mask_sunglass_low_006.jpg,p24,mask_sunglass,low,0.7369312644004822,p24,0.333025,correct
6,/home/tahmid/crops/p24/p24_mask_sunglass_low_007.jpg,p24,mask_sunglass,low,0.683504581451416,p24,0.388665,correct
6,/home/tahmid/crops/p24/p24_mask_sunglass_low_008.jpg,p24,mask_sunglass,low,0.7815420031547546,p24,0.389844,correct
6,/home/tahmid/crops/p24/p24_mask_sunglass_low_009.jpg,p24,mask_sunglass,low,0.8119202852249146,p24,0.378958,correct
6,/home/tahmid/crops/p24/p24_mask_sunglass_low_010.jpg,p24,mask_sunglass,low,0.7011860609054565,p24,0.320152,correct
6,/home/tahmid/crops/p24/p24_mask_sunglass_low_011.jpg,p24,mask_sunglass,low,0.79921954870224,p28,0.308802,misidentified
6,/home/tahmid/crops/p24/p24_mask_sunglass_low_012.jpg,p24,mask_sunglass,low,0.8068321943283081,p28,0.277426,rejected
6,/home/tahmid/crops/p24/p24_mask_sunglass_low_013.jpg,p24,mask_sunglass,low,0.7369312644004822,p24,0.333025,correct
6,/home/tahmid/crops/p24/p24_mask_sunglass_low_014.jpg,p24,mask_sunglass,low,0.6418255567550659,p24,0.410251,correct
6,/home/tahmid/crops/p24/p24_mask_sunglass_regular_001.jpg,p24,mask_sunglass,regular,0.7805217504501343,p24,0.378745,correct
6,/home/tahmid/crops/p24/p24_mask_sunglass_regular_002.jpg,p24,mask_sunglass,regular,0.6942784786224365,p24,0.308953,correct
6,/home/tahmid/crops/p24/p24_mask_sunglass_regular_003.jpg,p24,mask_sunglass,regular,0.8025469183921814,p28,0.313737,misidentified
6,/home/tahmid/crops/p24/p24_mask_sunglass_regular_004.jpg,p24,mask_sunglass,regular,0.8103768229484558,p22,0.264031,rejected
6,/home/tahmid/crops/p24/p24_mask_sunglass_regular_005.jpg,p24,mask_sunglass,regular,0.7377626895904541,p24,0.366405,correct
6,/home/tahmid/crops/p24/p24_mask_sunglass_regular_006.jpg,p24,mask_sunglass,regular,0.6372856497764587,p24,0.399130,correct
6,/home/tahmid/crops/p24/p24_mask_sunglass_regular_007.jpg,p24,mask_sunglass,regular,0.6792292594909668,p24,0.390278,correct
6,/home/tahmid/crops/p24/p24_mask_sunglass_regular_008.jpg,p24,mask_sunglass,regular,0.7805217504501343,p24,0.378745,correct
6,/home/tahmid/crops/p24/p24_mask_sunglass_regular_009.jpg,p24,mask_sunglass,regular,0.6942784786224365,p24,0.308953,correct
6,/home/tahmid/crops/p24/p24_mask_sunglass_regular_010.jpg,p24,mask_sunglass,regular,0.6975691318511963,p24,0.336789,correct
6,/home/tahmid/crops/p24/p24_mask_sunglass_regular_011.jpg,p24,mask_sunglass,regular,0.8025469183921814,p28,0.313737,misidentified
6,/home/tahmid/crops/p24/p24_mask_sunglass_regular_012.jpg,p24,mask_sunglass,regular,0.8103768229484558,p22,0.264031,rejected
6,/home/tahmid/crops/p24/p24_mask_sunglass_regular_013.jpg,p24,mask_sunglass,regular,0.7377626895904541,p24,0.366405,correct
6,/home/tahmid/crops/p24/p24_mask_sunglass_regular_014.jpg,p24,mask_sunglass,regular,0.6792292594909668,p24,0.390278,correct
6,/home/tahmid/crops/p24/p24_none_low_004.jpg,p24,none,low,0.7728843688964844,p24,0.612870,correct
6,/home/tahmid/crops/p24/p24_none_low_005.jpg,p24,none,low,0.7372277975082397,p24,0.556360,correct
6,/home/tahmid/crops/p24/p24_none_low_006.jpg,p24,none,low,0.7656841278076172,p24,0.565063,correct
6,/home/tahmid/crops/p24/p24_none_low_007.jpg,p24,none,low,0.6949275135993958,p24,0.560484,correct
6,/home/tahmid/crops/p24/p24_none_low_008.jpg,p24,none,low,0.7230839729309082,p24,0.580541,correct
6,/home/tahmid/crops/p24/p24_none_low_012.jpg,p24,none,low,0.7728843688964844,p24,0.612870,correct
6,/home/tahmid/crops/p24/p24_none_low_013.jpg,p24,none,low,0.8146108388900757,p24,0.617141,correct
6,/home/tahmid/crops/p24/p24_none_low_014.jpg,p24,none,low,0.7372277975082397,p24,0.556360,correct
6,/home/tahmid/crops/p24/p24_none_low_015.jpg,p24,none,low,0.6949275135993958,p24,0.560484,correct
6,/home/tahmid/crops/p24/p24_none_regular_005.jpg,p24,none,regular,0.7812004089355469,p24,0.610290,correct
6,/home/tahmid/crops/p24/p24_none_regular_006.jpg,p24,none,regular,0.8141198754310608,p24,0.622518,correct
6,/home/tahmid/crops/p24/p24_none_regular_007.jpg,p24,none,regular,0.7368853688240051,p24,0.543581,correct
6,/home/tahmid/crops/p24/p24_none_regular_008.jpg,p24,none,regular,0.7579455375671387,p24,0.547629,correct
6,/home/tahmid/crops/p24/p24_none_regular_012.jpg,p24,none,regular,0.7812004089355469,p24,0.610290,correct
6,/home/tahmid/crops/p24/p24_none_regular_013.jpg,p24,none,regular,0.7368853688240051,p24,0.543581,correct
6,/home/tahmid/crops/p24/p24_none_regular_014.jpg,p24,none,regular,0.689826488494873,p24,0.572606,correct
6,/home/tahmid/crops/p24/p24_none_regular_015.jpg,p24,none,regular,0.7165634632110596,p24,0.567078,correct
6,/home/tahmid/crops/p24/p24_sunglass_low_001.jpg,p24,sunglass,low,0.7865579128265381,p24,0.568347,correct
6,/home/tahmid/crops/p24/p24_sunglass_low_002.jpg,p24,sunglass,low,0.7894564270973206,p24,0.567361,correct
6,/home/tahmid/crops/p24/p24_sunglass_low_003.jpg,p24,sunglass,low,0.7736635804176331,p24,0.591534,correct
6,/home/tahmid/crops/p24/p24_sunglass_low_004.jpg,p24,sunglass,low,0.6798879504203796,p24,0.502702,correct
6,/home/tahmid/crops/p24/p24_sunglass_low_005.jpg,p24,sunglass,low,0.71759033203125,p24,0.508386,correct
6,/home/tahmid/crops/p24/p24_sunglass_low_006.jpg,p24,sunglass,low,0.7792174220085144,p24,0.470625,correct
6,/home/tahmid/crops/p24/p24_sunglass_low_007.jpg,p24,sunglass,low,0.6800854206085205,p24,0.505575,correct
6,/home/tahmid/crops/p24/p24_sunglass_low_008.jpg,p24,sunglass,low,0.7214992046356201,p24,0.520952,correct
6,/home/tahmid/crops/p24/p24_sunglass_low_009.jpg,p24,sunglass,low,0.7736635804176331,p24,0.591534,correct
6,/home/tahmid/crops/p24/p24_sunglass_low_010.jpg,p24,sunglass,low,0.6798879504203796,p24,0.502702,correct
6,/home/tahmid/crops/p24/p24_sunglass_low_011.jpg,p24,sunglass,low,0.7833988666534424,p24,0.526517,correct
6,/home/tahmid/crops/p24/p24_sunglass_low_012.jpg,p24,sunglass,low,0.7552036046981812,p24,0.512402,correct
6,/home/tahmid/crops/p24/p24_sunglass_low_013.jpg,p24,sunglass,low,0.7302082180976868,p24,0.464582,correct
6,/home/tahmid/crops/p24/p24_sunglass_low_014.jpg,p24,sunglass,low,0.6800854206085205,p24,0.505575,correct
6,/home/tahmid/crops/p24/p24_sunglass_low_015.jpg,p24,sunglass,low,0.7214992046356201,p24,0.520952,correct
6,/home/tahmid/crops/p24/p24_sunglass_regular_001.jpg,p24,sunglass,regular,0.7792963981628418,p24,0.565215,correct
6,/home/tahmid/crops/p24/p24_sunglass_regular_002.jpg,p24,sunglass,regular,0.7651910185813904,p24,0.587911,correct
6,/home/tahmid/crops/p24/p24_sunglass_regular_003.jpg,p24,sunglass,regular,0.6665433645248413,p24,0.516466,correct
6,/home/tahmid/crops/p24/p24_sunglass_regular_004.jpg,p24,sunglass,regular,0.7084611654281616,p24,0.524491,correct
6,/home/tahmid/crops/p24/p24_sunglass_regular_005.jpg,p24,sunglass,regular,0.7818171977996826,p24,0.513112,correct
6,/home/tahmid/crops/p24/p24_sunglass_regular_006.jpg,p24,sunglass,regular,0.7792311906814575,p24,0.478069,correct
6,/home/tahmid/crops/p24/p24_sunglass_regular_007.jpg,p24,sunglass,regular,0.7277122735977173,p24,0.469251,correct
6,/home/tahmid/crops/p24/p24_sunglass_regular_008.jpg,p24,sunglass,regular,0.7213810086250305,p24,0.527106,correct
6,/home/tahmid/crops/p24/p24_sunglass_regular_009.jpg,p24,sunglass,regular,0.7651910185813904,p24,0.587911,correct
6,/home/tahmid/crops/p24/p24_sunglass_regular_010.jpg,p24,sunglass,regular,0.6665433645248413,p24,0.516466,correct
6,/home/tahmid/crops/p24/p24_sunglass_regular_011.jpg,p24,sunglass,regular,0.7818171977996826,p24,0.513112,correct
6,/home/tahmid/crops/p24/p24_sunglass_regular_012.jpg,p24,sunglass,regular,0.7537637948989868,p24,0.504079,correct
6,/home/tahmid/crops/p24/p24_sunglass_regular_013.jpg,p24,sunglass,regular,0.7277122735977173,p24,0.469251,correct
6,/home/tahmid/crops/p24/p24_sunglass_regular_014.jpg,p24,sunglass,regular,0.6957907676696777,p24,0.525152,correct
6,/home/tahmid/crops/p24/p24_sunglass_regular_015.jpg,p24,sunglass,regular,0.7213810086250305,p24,0.527106,correct
